[
  {
    "id": 1,
    "username": "MaksimHR",
    "password": "5cf101120e99d53570511b81f9e7c1916684201ab1df4668c461bbed59f37a3caba4d8778339d6f499a2b312e944192edc357421ad2c2d72ea1599cc40405691.c471b13138deee427db96178aa30fdf4",
    "is_regulator": false,
    "regulator_balance": "0",
    "last_nft_generation": null,
    "nft_generation_count": 0
  },
  {
    "id": 6,
    "username": "Kich9999",
    "password": "28d98fdaa7be8a875d10a9b62314f6c43126397d9f564d8768a11a7e03edcdce2b56b4b63a6ce28633a045afb5df6daaf416c3a50a7a602a6fff22f50b283ee7.bb3487721834f95a60a70623f2df1bcd",
    "is_regulator": false,
    "regulator_balance": "0",
    "last_nft_generation": null,
    "nft_generation_count": 0
  },
  {
    "id": 7,
    "username": "Denchik",
    "password": "31eb00c952c85d35395cafb4efbdf80a7ecab427db7885a21d50de1ef282f642c53318264e44cef77fe95e81170904751463d65e162993a90883eb345d7f0dfa.32dc555cc4a9cfec73b6cbde27e1272a",
    "is_regulator": false,
    "regulator_balance": "0",
    "last_nft_generation": null,
    "nft_generation_count": 0
  },
  {
    "id": 8,
    "username": "hdfhdsfesh3",
    "password": "17123f90398670982b5b83ac0364d0fe956f0d0b153089b4ac4b6c0a966adc8957d33c898fd32baeee173905264360996184f962025d872367b73cfe7645acce.c0c099827ee77df9c0d8a41867cb3c79",
    "is_regulator": false,
    "regulator_balance": "0",
    "last_nft_generation": null,
    "nft_generation_count": 0
  },
  {
    "id": 9,
    "username": "ytjfgjrtdt6",
    "password": "d4ffb48f086edfe45f97d52f16d329694170989d64e226ddd89ce6cabe42da9d0c15697a743a0c048e286d6edb06bb12da03be41829a23c6d2cec1295d529459.a8b0e69a20d59423f4e3be1aaa8911a2",
    "is_regulator": false,
    "regulator_balance": "0",
    "last_nft_generation": null,
    "nft_generation_count": 0
  },
  {
    "id": 10,
    "username": "Kich",
    "password": "093b56f4be1b8af7d10d9d09cb750fbbf015e9af2ae1169aa76615f633472b35f9fccd625b1e1b89c11ecf4e3497ac814f5c9fbdc95909cb5903e207c49b5837.a12556a6a7730847363f333ae4aa597c",
    "is_regulator": false,
    "regulator_balance": "0",
    "last_nft_generation": null,
    "nft_generation_count": 0
  },
  {
    "id": 11,
    "username": "Tod_Kolins",
    "password": "01b423385563d013d8f3594bba7e9b6133cfe55c3d9f418ce61ac4789e5590de51c3260dce1a9a4271428da22e3308f3fa87e48ecc117cbd9c54afce70112fb7.39831d0654fbd13c70b0f2c173a6c794",
    "is_regulator": false,
    "regulator_balance": "0",
    "last_nft_generation": null,
    "nft_generation_count": 0
  },
  {
    "id": 12,
    "username": "Kich7777",
    "password": "2d1a1cf8606bd38e6a279c7dc91a04d56bb38051941fd42d4b387abca152eb1c6096ffb5b4d7119d775362d959e57d59b3071fbe14ca29dab1bb2e30953ef7c6.cf302d101af46eff3e48cc033a22c80e",
    "is_regulator": false,
    "regulator_balance": "0",
    "last_nft_generation": null,
    "nft_generation_count": 0
  },
  {
    "id": 13,
    "username": "Tod_Kolinsk",
    "password": "acd77b3d18e9566c6da7f3e0ee1518fd4a167344206c28f3e296a098ff2e4057660a9f6a18ea234eb0bbb1e1f18f0df5db569bf522b42f6d54085eff96816b23.1befeb491aef8daaecdb9200c4271ecb",
    "is_regulator": false,
    "regulator_balance": "0",
    "last_nft_generation": null,
    "nft_generation_count": 0
  },
  {
    "id": 14,
    "username": "Anatoliy",
    "password": "UMXWT3vudaiwt8H",
    "is_regulator": false,
    "regulator_balance": "0",
    "last_nft_generation": null,
    "nft_generation_count": 0
  },
  {
    "id": 17,
    "username": "Oleg",
    "password": "uhdkdn66",
    "is_regulator": false,
    "regulator_balance": "0",
    "last_nft_generation": null,
    "nft_generation_count": 0
  },
  {
    "id": 18,
    "username": "KICH",
    "password": "o!EkVPTG1$hdTZG",
    "is_regulator": false,
    "regulator_balance": "0",
    "last_nft_generation": null,
    "nft_generation_count": 0
  },
  {
    "id": 19,
    "username": "vitaminOlef",
    "password": "Gjdnd d7268",
    "is_regulator": false,
    "regulator_balance": "0",
    "last_nft_generation": null,
    "nft_generation_count": 0
  },
  {
    "id": 5,
    "username": "admin",
    "password": "admin123",
    "is_regulator": true,
    "regulator_balance": "10000000.07770849",
    "last_nft_generation": "2025-03-28T23:13:20.995Z",
    "nft_generation_count": 67
  },
  {
    "id": 2,
    "username": "regulator",
    "password": "$2b$10$pvacunM0bEDs8FAM2Pro/uD6.WF28c3RHBNs3hCFo9MVxgBAAqs4G",
    "is_regulator": true,
    "regulator_balance": "1000000.42764381",
    "last_nft_generation": null,
    "nft_generation_count": 0
  }
]