[
  {
    "id": 8,
    "userId": 3,
    "type": "usd",
    "number": "4112515352138401",
    "expiry": "03/28",
    "cvv": "545",
    "balance": "0.00000000",
    "btcBalance": "0.00000000",
    "ethBalance": "0.00000000",
    "btcAddress": null,
    "ethAddress": null
  },
  {
    "id": 9,
    "userId": 3,
    "type": "uah",
    "number": "4113450932368131",
    "expiry": "03/28",
    "cvv": "263",
    "balance": "0.00000000",
    "btcBalance": "0.00000000",
    "ethBalance": "0.00000000",
    "btcAddress": null,
    "ethAddress": null
  },
  {
    "id": 1,
    "userId": 1,
    "type": "crypto",
    "number": "4000000000000000",
    "expiry": "01/28",
    "cvv": "170",
    "balance": "0.00000000",
    "btcBalance": "987324.82630000",
    "ethBalance": "789932.02847000",
    "btcAddress": "3D2oetdNuZUqQHPJmcMDDHYoqkyNVsFk9r",
    "ethAddress": "0x71C7656EC7ab88b098defB751B7401B5f6d8976F"
  },
  {
    "id": 22,
    "userId": 8,
    "type": "crypto",
    "number": "4111749773029110",
    "expiry": "03/28",
    "cvv": "603",
    "balance": "0.00000000",
    "btcBalance": "66.88000000",
    "ethBalance": "0.00000000",
    "btcAddress": "3ETUmNhL2JuCFFVNQq5j4zLrKVMTbYe6YR",
    "ethAddress": "0x2B5634C42055806a59e9107ED44D43c426E58258"
  },
  {
    "id": 19,
    "userId": 7,
    "type": "crypto",
    "number": "4111718116071665",
    "expiry": "03/28",
    "cvv": "580",
    "balance": "0.00000000",
    "btcBalance": "13.32373625",
    "ethBalance": "0.00000000",
    "btcAddress": "3BZj8Xf72guNcHCvaTCyhJqzyKhNJZuSUK",
    "ethAddress": "0x3f5CE5FBFe3E9af3971dD833D26bA9b5C936f0bE"
  },
  {
    "id": 25,
    "userId": 9,
    "type": "crypto",
    "number": "4111632844510907",
    "expiry": "03/28",
    "cvv": "214",
    "balance": "0.00000000",
    "btcBalance": "0.00000000",
    "ethBalance": "0.00000000",
    "btcAddress": "3NDT7xrvvj9Yuhkq4ST53SHXJRQEuZ7KyN",
    "ethAddress": "0x71C7656EC7ab88b098defB751B7401B5f6d8976F"
  },
  {
    "id": 7,
    "userId": 3,
    "type": "crypto",
    "number": "4111884974782522",
    "expiry": "03/28",
    "cvv": "277",
    "balance": "0.00000000",
    "btcBalance": "0.00000000",
    "ethBalance": "0.00000000",
    "btcAddress": "3MbYQMMmSkC3AgWkj9FMo5LsPTW1zBTwXL",
    "ethAddress": "0x3d918f04F0D0fe2475F6001543439a1dc48302D1"
  },
  {
    "id": 13,
    "userId": 5,
    "type": "crypto",
    "number": "4111225714515166",
    "expiry": "03/28",
    "cvv": "302",
    "balance": "0.00000000",
    "btcBalance": "0.00000000",
    "ethBalance": "0.00000000",
    "btcAddress": "3KsGkKymfZ8xUwfEi8AxYdmJz5ZEVnhcfr",
    "ethAddress": "0x9A0CAb6E761e6fbA18D196343fd761Aacd95C4b6"
  },
  {
    "id": 14,
    "userId": 5,
    "type": "usd",
    "number": "4112033874553949",
    "expiry": "03/28",
    "cvv": "257",
    "balance": "0.00000000",
    "btcBalance": "0.00000000",
    "ethBalance": "0.00000000",
    "btcAddress": null,
    "ethAddress": null
  },
  {
    "id": 15,
    "userId": 5,
    "type": "uah",
    "number": "4113899877125688",
    "expiry": "03/28",
    "cvv": "363",
    "balance": "0.00000000",
    "btcBalance": "0.00000000",
    "ethBalance": "0.00000000",
    "btcAddress": null,
    "ethAddress": null
  },
  {
    "id": 26,
    "userId": 9,
    "type": "usd",
    "number": "4112243266280940",
    "expiry": "03/28",
    "cvv": "788",
    "balance": "0.00000000",
    "btcBalance": "0.00000000",
    "ethBalance": "0.00000000",
    "btcAddress": null,
    "ethAddress": null
  },
  {
    "id": 27,
    "userId": 9,
    "type": "uah",
    "number": "4113235315258477",
    "expiry": "03/28",
    "cvv": "513",
    "balance": "0.00000000",
    "btcBalance": "0.00000000",
    "ethBalance": "0.00000000",
    "btcAddress": null,
    "ethAddress": null
  },
  {
    "id": 5,
    "userId": 2,
    "type": "usd",
    "number": "4000000000000005",
    "expiry": "09/28",
    "cvv": "271",
    "balance": "1000.00000000",
    "btcBalance": "0.00000000",
    "ethBalance": "0.00000000",
    "btcAddress": null,
    "ethAddress": null
  },
  {
    "id": 6,
    "userId": 2,
    "type": "uah",
    "number": "4000000000000006",
    "expiry": "03/28",
    "cvv": "112",
    "balance": "40000.00000000",
    "btcBalance": "0.00000000",
    "ethBalance": "0.00000000",
    "btcAddress": null,
    "ethAddress": null
  },
  {
    "id": 16,
    "userId": 6,
    "type": "crypto",
    "number": "4111484423633696",
    "expiry": "03/28",
    "cvv": "428",
    "balance": "0.00000000",
    "btcBalance": "0.00000000",
    "ethBalance": "0.00000000",
    "btcAddress": "3HSMPBUuAPQf6CU5B3qa6fALmtYYuJiwqk",
    "ethAddress": "0x9d8A62f656a8d1AEB388b9Bb6b757E3598772520"
  },
  {
    "id": 17,
    "userId": 6,
    "type": "usd",
    "number": "4112049340908831",
    "expiry": "03/28",
    "cvv": "307",
    "balance": "0.00000000",
    "btcBalance": "0.00000000",
    "ethBalance": "0.00000000",
    "btcAddress": null,
    "ethAddress": null
  },
  {
    "id": 18,
    "userId": 6,
    "type": "uah",
    "number": "4113607704487451",
    "expiry": "03/28",
    "cvv": "254",
    "balance": "0.00000000",
    "btcBalance": "0.00000000",
    "ethBalance": "0.00000000",
    "btcAddress": null,
    "ethAddress": null
  },
  {
    "id": 2,
    "userId": 1,
    "type": "usd",
    "number": "4000000000000001",
    "expiry": "07/28",
    "cvv": "581",
    "balance": "200000000.00000000",
    "btcBalance": "0.00000000",
    "ethBalance": "0.00000000",
    "btcAddress": null,
    "ethAddress": null
  },
  {
    "id": 3,
    "userId": 1,
    "type": "uah",
    "number": "4000000000000002",
    "expiry": "06/28",
    "cvv": "884",
    "balance": "400000000.00000000",
    "btcBalance": "0.00000000",
    "ethBalance": "0.00000000",
    "btcAddress": null,
    "ethAddress": null
  },
  {
    "id": 21,
    "userId": 7,
    "type": "uah",
    "number": "4113190797798001",
    "expiry": "03/28",
    "cvv": "403",
    "balance": "0.00000000",
    "btcBalance": "0.00000000",
    "ethBalance": "0.00000000",
    "btcAddress": null,
    "ethAddress": null
  },
  {
    "id": 20,
    "userId": 7,
    "type": "usd",
    "number": "4112422858332202",
    "expiry": "03/28",
    "cvv": "985",
    "balance": "1834221.00000000",
    "btcBalance": "0.00000000",
    "ethBalance": "0.00000000",
    "btcAddress": null,
    "ethAddress": null
  },
  {
    "id": 4,
    "userId": 2,
    "type": "crypto",
    "number": "4000000000000004",
    "expiry": "12/28",
    "cvv": "702",
    "balance": "0.00000000",
    "btcBalance": "124.00100000",
    "ethBalance": "0.01000000",
    "btcAddress": "3BZj8Xf72guNcHCvaTCyhJqzyKhNJZuSUK",
    "ethAddress": "0x88dD15CeAeBc7CdB6C4e1F4E64f085e55f6d8976F"
  },
  {
    "id": 23,
    "userId": 8,
    "type": "usd",
    "number": "4112260057022550",
    "expiry": "03/28",
    "cvv": "490",
    "balance": "0.00000000",
    "btcBalance": "0.00000000",
    "ethBalance": "0.00000000",
    "btcAddress": null,
    "ethAddress": null
  },
  {
    "id": 24,
    "userId": 8,
    "type": "uah",
    "number": "4113865912257356",
    "expiry": "03/28",
    "cvv": "117",
    "balance": "0.00000000",
    "btcBalance": "0.00000000",
    "ethBalance": "0.00000000",
    "btcAddress": null,
    "ethAddress": null
  }
]