[
  {
    "id": 1,
    "usdToUah": "41.22",
    "btcToUsd": "84811.00",
    "ethToUsd": "2141.72",
    "updatedAt": "2025-03-09T11:32:05.579Z"
  },
  {
    "id": 2,
    "usdToUah": "41.22",
    "btcToUsd": "84748.00",
    "ethToUsd": "2140.67",
    "updatedAt": "2025-03-09T11:32:19.795Z"
  },
  {
    "id": 3,
    "usdToUah": "41.22",
    "btcToUsd": "84748.00",
    "ethToUsd": "2140.67",
    "updatedAt": "2025-03-09T11:32:49.198Z"
  },
  {
    "id": 4,
    "usdToUah": "41.22",
    "btcToUsd": "84748.00",
    "ethToUsd": "2140.67",
    "updatedAt": "2025-03-09T11:33:16.017Z"
  },
  {
    "id": 5,
    "usdToUah": "41.22",
    "btcToUsd": "84748.00",
    "ethToUsd": "2140.67",
    "updatedAt": "2025-03-09T11:33:45.567Z"
  },
  {
    "id": 6,
    "usdToUah": "41.22",
    "btcToUsd": "84748.00",
    "ethToUsd": "2140.67",
    "updatedAt": "2025-03-09T11:34:15.568Z"
  },
  {
    "id": 7,
    "usdToUah": "41.22",
    "btcToUsd": "84748.00",
    "ethToUsd": "2140.67",
    "updatedAt": "2025-03-09T11:34:45.569Z"
  },
  {
    "id": 8,
    "usdToUah": "41.22",
    "btcToUsd": "84817.00",
    "ethToUsd": "2143.28",
    "updatedAt": "2025-03-09T11:35:17.990Z"
  },
  {
    "id": 9,
    "usdToUah": "41.22",
    "btcToUsd": "84817.00",
    "ethToUsd": "2143.28",
    "updatedAt": "2025-03-09T11:35:47.473Z"
  },
  {
    "id": 10,
    "usdToUah": "41.22",
    "btcToUsd": "84817.00",
    "ethToUsd": "2143.28",
    "updatedAt": "2025-03-09T11:36:17.475Z"
  },
  {
    "id": 11,
    "usdToUah": "41.22",
    "btcToUsd": "84817.00",
    "ethToUsd": "2143.28",
    "updatedAt": "2025-03-09T11:36:47.475Z"
  },
  {
    "id": 12,
    "usdToUah": "41.22",
    "btcToUsd": "84817.00",
    "ethToUsd": "2143.28",
    "updatedAt": "2025-03-09T11:37:17.476Z"
  },
  {
    "id": 13,
    "usdToUah": "41.22",
    "btcToUsd": "84817.00",
    "ethToUsd": "2143.28",
    "updatedAt": "2025-03-09T11:37:47.476Z"
  },
  {
    "id": 14,
    "usdToUah": "41.22",
    "btcToUsd": "84817.00",
    "ethToUsd": "2143.28",
    "updatedAt": "2025-03-09T11:38:17.476Z"
  },
  {
    "id": 15,
    "usdToUah": "41.22",
    "btcToUsd": "84817.00",
    "ethToUsd": "2143.28",
    "updatedAt": "2025-03-09T11:38:47.477Z"
  },
  {
    "id": 16,
    "usdToUah": "41.22",
    "btcToUsd": "84817.00",
    "ethToUsd": "2143.28",
    "updatedAt": "2025-03-09T11:39:17.477Z"
  },
  {
    "id": 17,
    "usdToUah": "41.22",
    "btcToUsd": "84817.00",
    "ethToUsd": "2143.28",
    "updatedAt": "2025-03-09T11:39:47.477Z"
  },
  {
    "id": 18,
    "usdToUah": "41.22",
    "btcToUsd": "84817.00",
    "ethToUsd": "2143.28",
    "updatedAt": "2025-03-09T11:40:17.477Z"
  },
  {
    "id": 19,
    "usdToUah": "41.22",
    "btcToUsd": "84775.00",
    "ethToUsd": "2142.46",
    "updatedAt": "2025-03-09T11:40:47.679Z"
  },
  {
    "id": 20,
    "usdToUah": "41.22",
    "btcToUsd": "84775.00",
    "ethToUsd": "2142.46",
    "updatedAt": "2025-03-09T11:41:17.478Z"
  },
  {
    "id": 21,
    "usdToUah": "41.22",
    "btcToUsd": "84775.00",
    "ethToUsd": "2142.46",
    "updatedAt": "2025-03-09T11:41:47.479Z"
  },
  {
    "id": 22,
    "usdToUah": "41.22",
    "btcToUsd": "84775.00",
    "ethToUsd": "2142.46",
    "updatedAt": "2025-03-09T11:42:17.480Z"
  },
  {
    "id": 23,
    "usdToUah": "41.22",
    "btcToUsd": "84775.00",
    "ethToUsd": "2142.46",
    "updatedAt": "2025-03-09T11:42:47.480Z"
  },
  {
    "id": 24,
    "usdToUah": "41.22",
    "btcToUsd": "84775.00",
    "ethToUsd": "2142.46",
    "updatedAt": "2025-03-09T11:43:17.480Z"
  },
  {
    "id": 25,
    "usdToUah": "41.22",
    "btcToUsd": "84775.00",
    "ethToUsd": "2142.46",
    "updatedAt": "2025-03-09T11:43:47.480Z"
  },
  {
    "id": 26,
    "usdToUah": "41.22",
    "btcToUsd": "84847.00",
    "ethToUsd": "2143.50",
    "updatedAt": "2025-03-09T11:43:53.899Z"
  },
  {
    "id": 27,
    "usdToUah": "41.22",
    "btcToUsd": "84775.00",
    "ethToUsd": "2142.46",
    "updatedAt": "2025-03-09T11:44:17.481Z"
  },
  {
    "id": 28,
    "usdToUah": "41.22",
    "btcToUsd": "84847.00",
    "ethToUsd": "2143.50",
    "updatedAt": "2025-03-09T11:44:19.473Z"
  },
  {
    "id": 29,
    "usdToUah": "41.22",
    "btcToUsd": "84775.00",
    "ethToUsd": "2142.46",
    "updatedAt": "2025-03-09T11:44:47.482Z"
  },
  {
    "id": 30,
    "usdToUah": "41.22",
    "btcToUsd": "84847.00",
    "ethToUsd": "2143.50",
    "updatedAt": "2025-03-09T11:44:48.626Z"
  },
  {
    "id": 31,
    "usdToUah": "41.22",
    "btcToUsd": "84775.00",
    "ethToUsd": "2142.46",
    "updatedAt": "2025-03-09T11:45:17.482Z"
  },
  {
    "id": 32,
    "usdToUah": "41.22",
    "btcToUsd": "84847.00",
    "ethToUsd": "2143.50",
    "updatedAt": "2025-03-09T11:45:18.627Z"
  },
  {
    "id": 33,
    "usdToUah": "41.22",
    "btcToUsd": "84775.00",
    "ethToUsd": "2142.46",
    "updatedAt": "2025-03-09T11:45:47.482Z"
  },
  {
    "id": 34,
    "usdToUah": "41.22",
    "btcToUsd": "84847.00",
    "ethToUsd": "2143.50",
    "updatedAt": "2025-03-09T11:45:48.627Z"
  },
  {
    "id": 35,
    "usdToUah": "41.22",
    "btcToUsd": "84890.00",
    "ethToUsd": "2144.98",
    "updatedAt": "2025-03-09T11:46:17.658Z"
  },
  {
    "id": 36,
    "usdToUah": "41.22",
    "btcToUsd": "84847.00",
    "ethToUsd": "2143.50",
    "updatedAt": "2025-03-09T11:46:18.627Z"
  },
  {
    "id": 37,
    "usdToUah": "41.22",
    "btcToUsd": "84890.00",
    "ethToUsd": "2144.98",
    "updatedAt": "2025-03-09T11:46:47.482Z"
  },
  {
    "id": 38,
    "usdToUah": "41.22",
    "btcToUsd": "84847.00",
    "ethToUsd": "2143.50",
    "updatedAt": "2025-03-09T11:46:48.629Z"
  },
  {
    "id": 39,
    "usdToUah": "41.22",
    "btcToUsd": "84890.00",
    "ethToUsd": "2144.98",
    "updatedAt": "2025-03-09T11:47:17.482Z"
  },
  {
    "id": 40,
    "usdToUah": "41.22",
    "btcToUsd": "84847.00",
    "ethToUsd": "2143.50",
    "updatedAt": "2025-03-09T11:47:18.629Z"
  },
  {
    "id": 41,
    "usdToUah": "41.22",
    "btcToUsd": "84890.00",
    "ethToUsd": "2144.98",
    "updatedAt": "2025-03-09T11:47:47.482Z"
  },
  {
    "id": 42,
    "usdToUah": "41.22",
    "btcToUsd": "84847.00",
    "ethToUsd": "2143.50",
    "updatedAt": "2025-03-09T11:47:48.630Z"
  },
  {
    "id": 43,
    "usdToUah": "41.22",
    "btcToUsd": "84890.00",
    "ethToUsd": "2144.98",
    "updatedAt": "2025-03-09T11:48:17.482Z"
  },
  {
    "id": 44,
    "usdToUah": "41.22",
    "btcToUsd": "84847.00",
    "ethToUsd": "2143.50",
    "updatedAt": "2025-03-09T11:48:18.630Z"
  },
  {
    "id": 45,
    "usdToUah": "41.22",
    "btcToUsd": "84890.00",
    "ethToUsd": "2144.98",
    "updatedAt": "2025-03-09T11:48:47.482Z"
  },
  {
    "id": 46,
    "usdToUah": "41.22",
    "btcToUsd": "84847.00",
    "ethToUsd": "2143.50",
    "updatedAt": "2025-03-09T11:48:48.631Z"
  },
  {
    "id": 47,
    "usdToUah": "41.22",
    "btcToUsd": "84890.00",
    "ethToUsd": "2144.98",
    "updatedAt": "2025-03-09T11:49:17.482Z"
  },
  {
    "id": 48,
    "usdToUah": "41.22",
    "btcToUsd": "84847.00",
    "ethToUsd": "2143.50",
    "updatedAt": "2025-03-09T11:49:18.630Z"
  },
  {
    "id": 49,
    "usdToUah": "41.22",
    "btcToUsd": "84934.00",
    "ethToUsd": "2145.68",
    "updatedAt": "2025-03-09T11:49:32.856Z"
  },
  {
    "id": 50,
    "usdToUah": "41.22",
    "btcToUsd": "84890.00",
    "ethToUsd": "2144.98",
    "updatedAt": "2025-03-09T11:49:47.482Z"
  },
  {
    "id": 51,
    "usdToUah": "41.22",
    "btcToUsd": "84934.00",
    "ethToUsd": "2145.68",
    "updatedAt": "2025-03-09T11:50:01.971Z"
  },
  {
    "id": 52,
    "usdToUah": "41.22",
    "btcToUsd": "84890.00",
    "ethToUsd": "2144.98",
    "updatedAt": "2025-03-09T11:50:17.482Z"
  },
  {
    "id": 53,
    "usdToUah": "41.22",
    "btcToUsd": "84934.00",
    "ethToUsd": "2145.68",
    "updatedAt": "2025-03-09T11:50:31.972Z"
  },
  {
    "id": 54,
    "usdToUah": "41.22",
    "btcToUsd": "84890.00",
    "ethToUsd": "2144.98",
    "updatedAt": "2025-03-09T11:50:47.483Z"
  },
  {
    "id": 55,
    "usdToUah": "41.22",
    "btcToUsd": "84934.00",
    "ethToUsd": "2145.68",
    "updatedAt": "2025-03-09T11:51:01.971Z"
  },
  {
    "id": 56,
    "usdToUah": "41.22",
    "btcToUsd": "84890.00",
    "ethToUsd": "2144.98",
    "updatedAt": "2025-03-09T11:51:17.484Z"
  },
  {
    "id": 57,
    "usdToUah": "41.22",
    "btcToUsd": "84918.00",
    "ethToUsd": "2145.14",
    "updatedAt": "2025-03-09T11:51:33.343Z"
  },
  {
    "id": 58,
    "usdToUah": "41.22",
    "btcToUsd": "84918.00",
    "ethToUsd": "2145.14",
    "updatedAt": "2025-03-09T11:51:47.663Z"
  },
  {
    "id": 59,
    "usdToUah": "41.22",
    "btcToUsd": "84918.00",
    "ethToUsd": "2145.14",
    "updatedAt": "2025-03-09T11:52:02.804Z"
  },
  {
    "id": 60,
    "usdToUah": "41.22",
    "btcToUsd": "84918.00",
    "ethToUsd": "2145.14",
    "updatedAt": "2025-03-09T11:52:17.485Z"
  },
  {
    "id": 61,
    "usdToUah": "41.22",
    "btcToUsd": "84918.00",
    "ethToUsd": "2145.14",
    "updatedAt": "2025-03-09T11:52:32.805Z"
  },
  {
    "id": 62,
    "usdToUah": "41.22",
    "btcToUsd": "84918.00",
    "ethToUsd": "2145.14",
    "updatedAt": "2025-03-09T11:52:47.486Z"
  },
  {
    "id": 63,
    "usdToUah": "41.22",
    "btcToUsd": "84918.00",
    "ethToUsd": "2145.14",
    "updatedAt": "2025-03-09T11:53:02.805Z"
  },
  {
    "id": 64,
    "usdToUah": "41.22",
    "btcToUsd": "84918.00",
    "ethToUsd": "2145.14",
    "updatedAt": "2025-03-09T11:53:17.487Z"
  },
  {
    "id": 65,
    "usdToUah": "41.22",
    "btcToUsd": "84918.00",
    "ethToUsd": "2145.14",
    "updatedAt": "2025-03-09T11:53:32.805Z"
  },
  {
    "id": 66,
    "usdToUah": "41.22",
    "btcToUsd": "84918.00",
    "ethToUsd": "2145.14",
    "updatedAt": "2025-03-09T11:53:47.488Z"
  },
  {
    "id": 67,
    "usdToUah": "41.22",
    "btcToUsd": "84918.00",
    "ethToUsd": "2145.14",
    "updatedAt": "2025-03-09T11:54:02.806Z"
  },
  {
    "id": 68,
    "usdToUah": "41.22",
    "btcToUsd": "84918.00",
    "ethToUsd": "2145.14",
    "updatedAt": "2025-03-09T11:54:17.489Z"
  },
  {
    "id": 69,
    "usdToUah": "41.22",
    "btcToUsd": "84918.00",
    "ethToUsd": "2145.14",
    "updatedAt": "2025-03-09T11:54:32.806Z"
  },
  {
    "id": 70,
    "usdToUah": "41.22",
    "btcToUsd": "84918.00",
    "ethToUsd": "2145.14",
    "updatedAt": "2025-03-09T11:54:47.490Z"
  },
  {
    "id": 71,
    "usdToUah": "41.22",
    "btcToUsd": "84918.00",
    "ethToUsd": "2145.14",
    "updatedAt": "2025-03-09T11:55:02.806Z"
  },
  {
    "id": 72,
    "usdToUah": "41.22",
    "btcToUsd": "84918.00",
    "ethToUsd": "2145.14",
    "updatedAt": "2025-03-09T11:55:17.491Z"
  },
  {
    "id": 73,
    "usdToUah": "41.22",
    "btcToUsd": "84918.00",
    "ethToUsd": "2145.14",
    "updatedAt": "2025-03-09T11:55:32.807Z"
  },
  {
    "id": 74,
    "usdToUah": "41.22",
    "btcToUsd": "84918.00",
    "ethToUsd": "2145.14",
    "updatedAt": "2025-03-09T11:55:47.492Z"
  },
  {
    "id": 75,
    "usdToUah": "41.22",
    "btcToUsd": "84918.00",
    "ethToUsd": "2145.14",
    "updatedAt": "2025-03-09T11:56:02.807Z"
  },
  {
    "id": 76,
    "usdToUah": "41.22",
    "btcToUsd": "84918.00",
    "ethToUsd": "2145.14",
    "updatedAt": "2025-03-09T11:56:17.492Z"
  },
  {
    "id": 77,
    "usdToUah": "41.22",
    "btcToUsd": "84918.00",
    "ethToUsd": "2145.14",
    "updatedAt": "2025-03-09T11:56:32.807Z"
  },
  {
    "id": 78,
    "usdToUah": "41.22",
    "btcToUsd": "84918.00",
    "ethToUsd": "2145.14",
    "updatedAt": "2025-03-09T11:56:47.492Z"
  },
  {
    "id": 79,
    "usdToUah": "41.22",
    "btcToUsd": "84960.00",
    "ethToUsd": "2146.00",
    "updatedAt": "2025-03-09T11:57:03.003Z"
  },
  {
    "id": 80,
    "usdToUah": "41.22",
    "btcToUsd": "84960.00",
    "ethToUsd": "2146.00",
    "updatedAt": "2025-03-09T11:57:17.673Z"
  },
  {
    "id": 81,
    "usdToUah": "41.22",
    "btcToUsd": "84960.00",
    "ethToUsd": "2146.00",
    "updatedAt": "2025-03-09T11:57:24.563Z"
  },
  {
    "id": 82,
    "usdToUah": "41.22",
    "btcToUsd": "84960.00",
    "ethToUsd": "2146.00",
    "updatedAt": "2025-03-09T11:57:47.493Z"
  },
  {
    "id": 83,
    "usdToUah": "41.22",
    "btcToUsd": "84960.00",
    "ethToUsd": "2146.00",
    "updatedAt": "2025-03-09T11:57:53.663Z"
  },
  {
    "id": 84,
    "usdToUah": "41.22",
    "btcToUsd": "84960.00",
    "ethToUsd": "2146.00",
    "updatedAt": "2025-03-09T11:58:17.494Z"
  },
  {
    "id": 85,
    "usdToUah": "41.22",
    "btcToUsd": "84960.00",
    "ethToUsd": "2146.00",
    "updatedAt": "2025-03-09T11:58:23.664Z"
  },
  {
    "id": 86,
    "usdToUah": "41.22",
    "btcToUsd": "84960.00",
    "ethToUsd": "2146.00",
    "updatedAt": "2025-03-09T11:58:47.495Z"
  },
  {
    "id": 87,
    "usdToUah": "41.22",
    "btcToUsd": "84960.00",
    "ethToUsd": "2146.00",
    "updatedAt": "2025-03-09T11:58:53.665Z"
  },
  {
    "id": 88,
    "usdToUah": "41.22",
    "btcToUsd": "84960.00",
    "ethToUsd": "2146.00",
    "updatedAt": "2025-03-09T11:59:17.495Z"
  },
  {
    "id": 89,
    "usdToUah": "41.22",
    "btcToUsd": "84960.00",
    "ethToUsd": "2146.00",
    "updatedAt": "2025-03-09T11:59:23.666Z"
  },
  {
    "id": 90,
    "usdToUah": "41.22",
    "btcToUsd": "84960.00",
    "ethToUsd": "2146.00",
    "updatedAt": "2025-03-09T11:59:47.495Z"
  },
  {
    "id": 91,
    "usdToUah": "41.22",
    "btcToUsd": "84960.00",
    "ethToUsd": "2146.00",
    "updatedAt": "2025-03-09T11:59:53.666Z"
  },
  {
    "id": 92,
    "usdToUah": "41.22",
    "btcToUsd": "84960.00",
    "ethToUsd": "2146.00",
    "updatedAt": "2025-03-09T12:00:17.494Z"
  },
  {
    "id": 93,
    "usdToUah": "41.22",
    "btcToUsd": "84960.00",
    "ethToUsd": "2146.00",
    "updatedAt": "2025-03-09T12:00:23.667Z"
  },
  {
    "id": 94,
    "usdToUah": "41.22",
    "btcToUsd": "85046.00",
    "ethToUsd": "2148.19",
    "updatedAt": "2025-03-09T12:00:39.584Z"
  },
  {
    "id": 95,
    "usdToUah": "41.22",
    "btcToUsd": "84960.00",
    "ethToUsd": "2146.00",
    "updatedAt": "2025-03-09T12:00:47.495Z"
  },
  {
    "id": 96,
    "usdToUah": "41.22",
    "btcToUsd": "85046.00",
    "ethToUsd": "2148.19",
    "updatedAt": "2025-03-09T12:01:08.560Z"
  },
  {
    "id": 97,
    "usdToUah": "41.22",
    "btcToUsd": "84960.00",
    "ethToUsd": "2146.00",
    "updatedAt": "2025-03-09T12:01:17.494Z"
  },
  {
    "id": 98,
    "usdToUah": "41.22",
    "btcToUsd": "85046.00",
    "ethToUsd": "2148.19",
    "updatedAt": "2025-03-09T12:01:23.181Z"
  },
  {
    "id": 99,
    "usdToUah": "41.22",
    "btcToUsd": "84960.00",
    "ethToUsd": "2146.00",
    "updatedAt": "2025-03-09T12:01:47.495Z"
  },
  {
    "id": 100,
    "usdToUah": "41.22",
    "btcToUsd": "85046.00",
    "ethToUsd": "2148.19",
    "updatedAt": "2025-03-09T12:01:52.404Z"
  },
  {
    "id": 101,
    "usdToUah": "41.22",
    "btcToUsd": "85019.00",
    "ethToUsd": "2147.28",
    "updatedAt": "2025-03-09T12:02:03.744Z"
  },
  {
    "id": 102,
    "usdToUah": "41.22",
    "btcToUsd": "84960.00",
    "ethToUsd": "2146.00",
    "updatedAt": "2025-03-09T12:02:17.495Z"
  },
  {
    "id": 103,
    "usdToUah": "41.22",
    "btcToUsd": "85019.00",
    "ethToUsd": "2147.28",
    "updatedAt": "2025-03-09T12:02:32.941Z"
  },
  {
    "id": 104,
    "usdToUah": "41.22",
    "btcToUsd": "85019.00",
    "ethToUsd": "2147.28",
    "updatedAt": "2025-03-09T12:02:45.360Z"
  },
  {
    "id": 105,
    "usdToUah": "41.22",
    "btcToUsd": "85019.00",
    "ethToUsd": "2147.28",
    "updatedAt": "2025-03-09T12:02:47.677Z"
  },
  {
    "id": 106,
    "usdToUah": "41.22",
    "btcToUsd": "85019.00",
    "ethToUsd": "2147.28",
    "updatedAt": "2025-03-09T12:03:14.682Z"
  },
  {
    "id": 107,
    "usdToUah": "41.22",
    "btcToUsd": "85019.00",
    "ethToUsd": "2147.28",
    "updatedAt": "2025-03-09T12:03:17.495Z"
  },
  {
    "id": 108,
    "usdToUah": "41.22",
    "btcToUsd": "84978.00",
    "ethToUsd": "2146.30",
    "updatedAt": "2025-03-09T12:03:33.333Z"
  },
  {
    "id": 109,
    "usdToUah": "41.22",
    "btcToUsd": "85019.00",
    "ethToUsd": "2147.28",
    "updatedAt": "2025-03-09T12:03:47.495Z"
  },
  {
    "id": 110,
    "usdToUah": "41.22",
    "btcToUsd": "84978.00",
    "ethToUsd": "2146.30",
    "updatedAt": "2025-03-09T12:04:02.369Z"
  },
  {
    "id": 111,
    "usdToUah": "41.22",
    "btcToUsd": "85019.00",
    "ethToUsd": "2147.28",
    "updatedAt": "2025-03-09T12:04:17.495Z"
  },
  {
    "id": 112,
    "usdToUah": "41.22",
    "btcToUsd": "84978.00",
    "ethToUsd": "2146.30",
    "updatedAt": "2025-03-09T12:04:32.369Z"
  },
  {
    "id": 113,
    "usdToUah": "41.22",
    "btcToUsd": "85019.00",
    "ethToUsd": "2147.28",
    "updatedAt": "2025-03-09T12:04:47.495Z"
  },
  {
    "id": 114,
    "usdToUah": "41.22",
    "btcToUsd": "84978.00",
    "ethToUsd": "2146.30",
    "updatedAt": "2025-03-09T12:05:02.370Z"
  },
  {
    "id": 115,
    "usdToUah": "41.22",
    "btcToUsd": "85019.00",
    "ethToUsd": "2147.28",
    "updatedAt": "2025-03-09T12:05:17.495Z"
  },
  {
    "id": 116,
    "usdToUah": "41.22",
    "btcToUsd": "84978.00",
    "ethToUsd": "2146.30",
    "updatedAt": "2025-03-09T12:05:32.371Z"
  },
  {
    "id": 117,
    "usdToUah": "41.22",
    "btcToUsd": "85019.00",
    "ethToUsd": "2147.28",
    "updatedAt": "2025-03-09T12:05:47.494Z"
  },
  {
    "id": 118,
    "usdToUah": "41.22",
    "btcToUsd": "84978.00",
    "ethToUsd": "2146.30",
    "updatedAt": "2025-03-09T12:06:02.370Z"
  },
  {
    "id": 119,
    "usdToUah": "41.22",
    "btcToUsd": "85019.00",
    "ethToUsd": "2147.28",
    "updatedAt": "2025-03-09T12:06:17.494Z"
  },
  {
    "id": 120,
    "usdToUah": "41.22",
    "btcToUsd": "84978.00",
    "ethToUsd": "2146.30",
    "updatedAt": "2025-03-09T12:06:32.372Z"
  },
  {
    "id": 121,
    "usdToUah": "41.22",
    "btcToUsd": "85019.00",
    "ethToUsd": "2147.28",
    "updatedAt": "2025-03-09T12:06:47.494Z"
  },
  {
    "id": 122,
    "usdToUah": "41.22",
    "btcToUsd": "84978.00",
    "ethToUsd": "2146.30",
    "updatedAt": "2025-03-09T12:07:02.373Z"
  },
  {
    "id": 123,
    "usdToUah": "41.22",
    "btcToUsd": "85019.00",
    "ethToUsd": "2147.28",
    "updatedAt": "2025-03-09T12:07:17.495Z"
  },
  {
    "id": 125,
    "usdToUah": "41.22",
    "btcToUsd": "85019.00",
    "ethToUsd": "2147.28",
    "updatedAt": "2025-03-09T12:07:47.496Z"
  },
  {
    "id": 124,
    "usdToUah": "41.22",
    "btcToUsd": "84978.00",
    "ethToUsd": "2146.30",
    "updatedAt": "2025-03-09T12:07:32.374Z"
  },
  {
    "id": 126,
    "usdToUah": "41.22",
    "btcToUsd": "84978.00",
    "ethToUsd": "2146.30",
    "updatedAt": "2025-03-09T12:08:02.374Z"
  },
  {
    "id": 127,
    "usdToUah": "41.22",
    "btcToUsd": "84478.00",
    "ethToUsd": "2135.46",
    "updatedAt": "2025-03-09T12:08:17.667Z"
  },
  {
    "id": 128,
    "usdToUah": "41.22",
    "btcToUsd": "84978.00",
    "ethToUsd": "2146.30",
    "updatedAt": "2025-03-09T12:08:32.375Z"
  },
  {
    "id": 129,
    "usdToUah": "41.22",
    "btcToUsd": "84478.00",
    "ethToUsd": "2135.46",
    "updatedAt": "2025-03-09T12:08:47.498Z"
  },
  {
    "id": 130,
    "usdToUah": "41.22",
    "btcToUsd": "84478.00",
    "ethToUsd": "2135.46",
    "updatedAt": "2025-03-09T12:09:02.536Z"
  },
  {
    "id": 131,
    "usdToUah": "41.22",
    "btcToUsd": "84478.00",
    "ethToUsd": "2135.46",
    "updatedAt": "2025-03-09T12:09:17.499Z"
  },
  {
    "id": 132,
    "usdToUah": "41.22",
    "btcToUsd": "84478.00",
    "ethToUsd": "2135.46",
    "updatedAt": "2025-03-09T12:09:32.376Z"
  },
  {
    "id": 133,
    "usdToUah": "41.22",
    "btcToUsd": "84478.00",
    "ethToUsd": "2135.46",
    "updatedAt": "2025-03-09T12:09:47.500Z"
  },
  {
    "id": 134,
    "usdToUah": "41.22",
    "btcToUsd": "84478.00",
    "ethToUsd": "2135.46",
    "updatedAt": "2025-03-09T12:10:02.376Z"
  },
  {
    "id": 135,
    "usdToUah": "41.22",
    "btcToUsd": "84478.00",
    "ethToUsd": "2135.46",
    "updatedAt": "2025-03-09T12:10:17.501Z"
  },
  {
    "id": 136,
    "usdToUah": "41.22",
    "btcToUsd": "84478.00",
    "ethToUsd": "2135.46",
    "updatedAt": "2025-03-09T12:10:32.376Z"
  },
  {
    "id": 137,
    "usdToUah": "41.22",
    "btcToUsd": "84478.00",
    "ethToUsd": "2135.46",
    "updatedAt": "2025-03-09T12:10:47.502Z"
  },
  {
    "id": 138,
    "usdToUah": "41.22",
    "btcToUsd": "84478.00",
    "ethToUsd": "2135.46",
    "updatedAt": "2025-03-09T12:11:02.376Z"
  },
  {
    "id": 139,
    "usdToUah": "41.22",
    "btcToUsd": "84478.00",
    "ethToUsd": "2135.46",
    "updatedAt": "2025-03-09T12:11:17.503Z"
  },
  {
    "id": 140,
    "usdToUah": "41.22",
    "btcToUsd": "84478.00",
    "ethToUsd": "2135.46",
    "updatedAt": "2025-03-09T12:11:32.376Z"
  },
  {
    "id": 141,
    "usdToUah": "41.22",
    "btcToUsd": "84478.00",
    "ethToUsd": "2135.46",
    "updatedAt": "2025-03-09T12:11:47.503Z"
  },
  {
    "id": 142,
    "usdToUah": "41.22",
    "btcToUsd": "84478.00",
    "ethToUsd": "2135.46",
    "updatedAt": "2025-03-09T12:12:02.376Z"
  },
  {
    "id": 143,
    "usdToUah": "41.22",
    "btcToUsd": "84478.00",
    "ethToUsd": "2135.46",
    "updatedAt": "2025-03-09T12:12:17.503Z"
  },
  {
    "id": 144,
    "usdToUah": "41.22",
    "btcToUsd": "84261.00",
    "ethToUsd": "2133.13",
    "updatedAt": "2025-03-09T12:12:17.864Z"
  },
  {
    "id": 145,
    "usdToUah": "41.22",
    "btcToUsd": "84261.00",
    "ethToUsd": "2133.13",
    "updatedAt": "2025-03-09T12:12:46.502Z"
  },
  {
    "id": 146,
    "usdToUah": "41.22",
    "btcToUsd": "84478.00",
    "ethToUsd": "2135.46",
    "updatedAt": "2025-03-09T12:12:47.504Z"
  },
  {
    "id": 147,
    "usdToUah": "41.22",
    "btcToUsd": "84261.00",
    "ethToUsd": "2133.13",
    "updatedAt": "2025-03-09T12:13:10.643Z"
  },
  {
    "id": 148,
    "usdToUah": "41.22",
    "btcToUsd": "84478.00",
    "ethToUsd": "2135.46",
    "updatedAt": "2025-03-09T12:13:17.504Z"
  },
  {
    "id": 149,
    "usdToUah": "41.22",
    "btcToUsd": "84261.00",
    "ethToUsd": "2133.13",
    "updatedAt": "2025-03-09T12:13:40.023Z"
  },
  {
    "id": 150,
    "usdToUah": "41.22",
    "btcToUsd": "84300.00",
    "ethToUsd": "2134.42",
    "updatedAt": "2025-03-09T12:13:47.617Z"
  },
  {
    "id": 151,
    "usdToUah": "41.22",
    "btcToUsd": "84261.00",
    "ethToUsd": "2133.13",
    "updatedAt": "2025-03-09T12:14:10.026Z"
  },
  {
    "id": 152,
    "usdToUah": "41.22",
    "btcToUsd": "84300.00",
    "ethToUsd": "2134.42",
    "updatedAt": "2025-03-09T12:14:17.505Z"
  },
  {
    "id": 153,
    "usdToUah": "41.22",
    "btcToUsd": "84261.00",
    "ethToUsd": "2133.13",
    "updatedAt": "2025-03-09T12:14:40.025Z"
  },
  {
    "id": 154,
    "usdToUah": "41.22",
    "btcToUsd": "84300.00",
    "ethToUsd": "2134.42",
    "updatedAt": "2025-03-09T12:14:47.505Z"
  },
  {
    "id": 155,
    "usdToUah": "41.22",
    "btcToUsd": "84261.00",
    "ethToUsd": "2133.13",
    "updatedAt": "2025-03-09T12:15:10.025Z"
  },
  {
    "id": 156,
    "usdToUah": "41.22",
    "btcToUsd": "84300.00",
    "ethToUsd": "2134.42",
    "updatedAt": "2025-03-09T12:15:17.506Z"
  },
  {
    "id": 157,
    "usdToUah": "41.22",
    "btcToUsd": "84261.00",
    "ethToUsd": "2133.13",
    "updatedAt": "2025-03-09T12:15:40.025Z"
  },
  {
    "id": 158,
    "usdToUah": "41.22",
    "btcToUsd": "84300.00",
    "ethToUsd": "2134.42",
    "updatedAt": "2025-03-09T12:15:47.506Z"
  },
  {
    "id": 159,
    "usdToUah": "41.22",
    "btcToUsd": "84261.00",
    "ethToUsd": "2133.13",
    "updatedAt": "2025-03-09T12:16:10.026Z"
  },
  {
    "id": 160,
    "usdToUah": "41.22",
    "btcToUsd": "84300.00",
    "ethToUsd": "2134.42",
    "updatedAt": "2025-03-09T12:16:17.506Z"
  },
  {
    "id": 161,
    "usdToUah": "41.22",
    "btcToUsd": "84261.00",
    "ethToUsd": "2133.13",
    "updatedAt": "2025-03-09T12:16:40.027Z"
  },
  {
    "id": 162,
    "usdToUah": "41.22",
    "btcToUsd": "84300.00",
    "ethToUsd": "2134.42",
    "updatedAt": "2025-03-09T12:16:47.506Z"
  },
  {
    "id": 163,
    "usdToUah": "41.22",
    "btcToUsd": "84261.00",
    "ethToUsd": "2133.13",
    "updatedAt": "2025-03-09T12:17:10.027Z"
  },
  {
    "id": 164,
    "usdToUah": "41.22",
    "btcToUsd": "84300.00",
    "ethToUsd": "2134.42",
    "updatedAt": "2025-03-09T12:17:17.506Z"
  },
  {
    "id": 165,
    "usdToUah": "41.22",
    "btcToUsd": "84261.00",
    "ethToUsd": "2133.13",
    "updatedAt": "2025-03-09T12:17:40.028Z"
  },
  {
    "id": 166,
    "usdToUah": "41.22",
    "btcToUsd": "84300.00",
    "ethToUsd": "2134.42",
    "updatedAt": "2025-03-09T12:17:47.507Z"
  },
  {
    "id": 167,
    "usdToUah": "41.22",
    "btcToUsd": "84261.00",
    "ethToUsd": "2133.13",
    "updatedAt": "2025-03-09T12:18:10.029Z"
  },
  {
    "id": 168,
    "usdToUah": "41.22",
    "btcToUsd": "84300.00",
    "ethToUsd": "2134.42",
    "updatedAt": "2025-03-09T12:18:17.507Z"
  },
  {
    "id": 169,
    "usdToUah": "41.22",
    "btcToUsd": "84488.00",
    "ethToUsd": "2139.32",
    "updatedAt": "2025-03-09T12:18:40.232Z"
  },
  {
    "id": 170,
    "usdToUah": "41.22",
    "btcToUsd": "84300.00",
    "ethToUsd": "2134.42",
    "updatedAt": "2025-03-09T12:18:47.507Z"
  },
  {
    "id": 171,
    "usdToUah": "41.22",
    "btcToUsd": "84488.00",
    "ethToUsd": "2139.32",
    "updatedAt": "2025-03-09T12:19:10.029Z"
  },
  {
    "id": 172,
    "usdToUah": "41.22",
    "btcToUsd": "84488.00",
    "ethToUsd": "2139.32",
    "updatedAt": "2025-03-09T12:19:17.708Z"
  },
  {
    "id": 173,
    "usdToUah": "41.22",
    "btcToUsd": "84488.00",
    "ethToUsd": "2139.32",
    "updatedAt": "2025-03-09T12:19:40.031Z"
  },
  {
    "id": 174,
    "usdToUah": "41.22",
    "btcToUsd": "84488.00",
    "ethToUsd": "2139.32",
    "updatedAt": "2025-03-09T12:19:47.507Z"
  },
  {
    "id": 175,
    "usdToUah": "41.22",
    "btcToUsd": "84488.00",
    "ethToUsd": "2139.32",
    "updatedAt": "2025-03-09T12:20:10.031Z"
  },
  {
    "id": 176,
    "usdToUah": "41.22",
    "btcToUsd": "84488.00",
    "ethToUsd": "2139.32",
    "updatedAt": "2025-03-09T12:20:17.507Z"
  },
  {
    "id": 177,
    "usdToUah": "41.22",
    "btcToUsd": "84488.00",
    "ethToUsd": "2139.32",
    "updatedAt": "2025-03-09T12:20:40.032Z"
  },
  {
    "id": 178,
    "usdToUah": "41.22",
    "btcToUsd": "84488.00",
    "ethToUsd": "2139.32",
    "updatedAt": "2025-03-09T12:20:47.507Z"
  },
  {
    "id": 179,
    "usdToUah": "41.22",
    "btcToUsd": "84488.00",
    "ethToUsd": "2139.32",
    "updatedAt": "2025-03-09T12:21:10.033Z"
  },
  {
    "id": 180,
    "usdToUah": "41.22",
    "btcToUsd": "84488.00",
    "ethToUsd": "2139.32",
    "updatedAt": "2025-03-09T12:21:17.507Z"
  },
  {
    "id": 181,
    "usdToUah": "41.22",
    "btcToUsd": "84563.00",
    "ethToUsd": "2141.93",
    "updatedAt": "2025-03-09T12:21:47.019Z"
  },
  {
    "id": 182,
    "usdToUah": "41.22",
    "btcToUsd": "84488.00",
    "ethToUsd": "2139.32",
    "updatedAt": "2025-03-09T12:21:47.507Z"
  },
  {
    "id": 183,
    "usdToUah": "41.22",
    "btcToUsd": "84563.00",
    "ethToUsd": "2141.93",
    "updatedAt": "2025-03-09T12:22:15.622Z"
  },
  {
    "id": 184,
    "usdToUah": "41.22",
    "btcToUsd": "84488.00",
    "ethToUsd": "2139.32",
    "updatedAt": "2025-03-09T12:22:17.507Z"
  },
  {
    "id": 185,
    "usdToUah": "41.22",
    "btcToUsd": "84563.00",
    "ethToUsd": "2141.93",
    "updatedAt": "2025-03-09T12:22:45.622Z"
  },
  {
    "id": 186,
    "usdToUah": "41.22",
    "btcToUsd": "84488.00",
    "ethToUsd": "2139.32",
    "updatedAt": "2025-03-09T12:22:47.507Z"
  },
  {
    "id": 187,
    "usdToUah": "41.22",
    "btcToUsd": "84563.00",
    "ethToUsd": "2141.93",
    "updatedAt": "2025-03-09T12:23:15.622Z"
  },
  {
    "id": 188,
    "usdToUah": "41.22",
    "btcToUsd": "84488.00",
    "ethToUsd": "2139.32",
    "updatedAt": "2025-03-09T12:23:17.506Z"
  },
  {
    "id": 189,
    "usdToUah": "41.22",
    "btcToUsd": "84624.00",
    "ethToUsd": "2144.08",
    "updatedAt": "2025-03-09T12:23:29.681Z"
  },
  {
    "id": 190,
    "usdToUah": "41.22",
    "btcToUsd": "84488.00",
    "ethToUsd": "2139.32",
    "updatedAt": "2025-03-09T12:23:47.507Z"
  },
  {
    "id": 191,
    "usdToUah": "41.22",
    "btcToUsd": "84624.00",
    "ethToUsd": "2144.08",
    "updatedAt": "2025-03-09T12:23:58.487Z"
  },
  {
    "id": 192,
    "usdToUah": "41.22",
    "btcToUsd": "84488.00",
    "ethToUsd": "2139.32",
    "updatedAt": "2025-03-09T12:24:17.508Z"
  },
  {
    "id": 193,
    "usdToUah": "41.22",
    "btcToUsd": "84624.00",
    "ethToUsd": "2144.08",
    "updatedAt": "2025-03-09T12:24:28.487Z"
  },
  {
    "id": 194,
    "usdToUah": "41.22",
    "btcToUsd": "84667.00",
    "ethToUsd": "2144.91",
    "updatedAt": "2025-03-09T12:24:47.686Z"
  },
  {
    "id": 195,
    "usdToUah": "41.22",
    "btcToUsd": "84624.00",
    "ethToUsd": "2144.08",
    "updatedAt": "2025-03-09T12:24:58.488Z"
  },
  {
    "id": 196,
    "usdToUah": "41.22",
    "btcToUsd": "84667.00",
    "ethToUsd": "2144.91",
    "updatedAt": "2025-03-09T12:25:17.510Z"
  },
  {
    "id": 197,
    "usdToUah": "41.22",
    "btcToUsd": "84624.00",
    "ethToUsd": "2144.08",
    "updatedAt": "2025-03-09T12:25:28.488Z"
  },
  {
    "id": 198,
    "usdToUah": "41.22",
    "btcToUsd": "84667.00",
    "ethToUsd": "2144.91",
    "updatedAt": "2025-03-09T12:25:47.512Z"
  },
  {
    "id": 199,
    "usdToUah": "41.22",
    "btcToUsd": "84624.00",
    "ethToUsd": "2144.08",
    "updatedAt": "2025-03-09T12:25:58.489Z"
  },
  {
    "id": 200,
    "usdToUah": "41.22",
    "btcToUsd": "84667.00",
    "ethToUsd": "2144.91",
    "updatedAt": "2025-03-09T12:26:17.512Z"
  },
  {
    "id": 201,
    "usdToUah": "41.22",
    "btcToUsd": "84624.00",
    "ethToUsd": "2144.08",
    "updatedAt": "2025-03-09T12:26:28.489Z"
  },
  {
    "id": 202,
    "usdToUah": "41.22",
    "btcToUsd": "84667.00",
    "ethToUsd": "2144.91",
    "updatedAt": "2025-03-09T12:26:47.513Z"
  },
  {
    "id": 203,
    "usdToUah": "41.22",
    "btcToUsd": "84624.00",
    "ethToUsd": "2144.08",
    "updatedAt": "2025-03-09T12:26:58.491Z"
  },
  {
    "id": 204,
    "usdToUah": "41.22",
    "btcToUsd": "84667.00",
    "ethToUsd": "2144.91",
    "updatedAt": "2025-03-09T12:27:17.514Z"
  },
  {
    "id": 205,
    "usdToUah": "41.22",
    "btcToUsd": "84624.00",
    "ethToUsd": "2144.08",
    "updatedAt": "2025-03-09T12:27:28.491Z"
  },
  {
    "id": 206,
    "usdToUah": "41.22",
    "btcToUsd": "84667.00",
    "ethToUsd": "2144.91",
    "updatedAt": "2025-03-09T12:27:47.515Z"
  },
  {
    "id": 207,
    "usdToUah": "41.22",
    "btcToUsd": "84624.00",
    "ethToUsd": "2144.08",
    "updatedAt": "2025-03-09T12:27:58.491Z"
  },
  {
    "id": 208,
    "usdToUah": "41.22",
    "btcToUsd": "84667.00",
    "ethToUsd": "2144.91",
    "updatedAt": "2025-03-09T12:28:17.516Z"
  },
  {
    "id": 209,
    "usdToUah": "41.22",
    "btcToUsd": "84624.00",
    "ethToUsd": "2144.08",
    "updatedAt": "2025-03-09T12:28:28.491Z"
  },
  {
    "id": 210,
    "usdToUah": "41.22",
    "btcToUsd": "84667.00",
    "ethToUsd": "2144.91",
    "updatedAt": "2025-03-09T12:28:47.517Z"
  },
  {
    "id": 211,
    "usdToUah": "41.22",
    "btcToUsd": "84609.00",
    "ethToUsd": "2143.86",
    "updatedAt": "2025-03-09T12:28:58.702Z"
  },
  {
    "id": 212,
    "usdToUah": "41.22",
    "btcToUsd": "84667.00",
    "ethToUsd": "2144.91",
    "updatedAt": "2025-03-09T12:29:17.518Z"
  },
  {
    "id": 213,
    "usdToUah": "41.22",
    "btcToUsd": "84609.00",
    "ethToUsd": "2143.86",
    "updatedAt": "2025-03-09T12:29:28.491Z"
  },
  {
    "id": 214,
    "usdToUah": "41.22",
    "btcToUsd": "84667.00",
    "ethToUsd": "2144.91",
    "updatedAt": "2025-03-09T12:29:47.518Z"
  },
  {
    "id": 215,
    "usdToUah": "41.22",
    "btcToUsd": "84609.00",
    "ethToUsd": "2143.86",
    "updatedAt": "2025-03-09T12:29:58.493Z"
  },
  {
    "id": 216,
    "usdToUah": "41.22",
    "btcToUsd": "84594.00",
    "ethToUsd": "2143.12",
    "updatedAt": "2025-03-09T12:30:17.724Z"
  },
  {
    "id": 217,
    "usdToUah": "41.22",
    "btcToUsd": "84609.00",
    "ethToUsd": "2143.86",
    "updatedAt": "2025-03-09T12:30:28.494Z"
  },
  {
    "id": 218,
    "usdToUah": "41.22",
    "btcToUsd": "84594.00",
    "ethToUsd": "2143.12",
    "updatedAt": "2025-03-09T12:30:47.520Z"
  },
  {
    "id": 219,
    "usdToUah": "41.22",
    "btcToUsd": "84609.00",
    "ethToUsd": "2143.86",
    "updatedAt": "2025-03-09T12:30:58.495Z"
  },
  {
    "id": 220,
    "usdToUah": "41.22",
    "btcToUsd": "84594.00",
    "ethToUsd": "2143.12",
    "updatedAt": "2025-03-09T12:31:17.520Z"
  },
  {
    "id": 221,
    "usdToUah": "41.22",
    "btcToUsd": "84609.00",
    "ethToUsd": "2143.86",
    "updatedAt": "2025-03-09T12:31:28.496Z"
  },
  {
    "id": 222,
    "usdToUah": "41.22",
    "btcToUsd": "84594.00",
    "ethToUsd": "2143.12",
    "updatedAt": "2025-03-09T12:31:47.521Z"
  },
  {
    "id": 223,
    "usdToUah": "41.22",
    "btcToUsd": "84609.00",
    "ethToUsd": "2143.86",
    "updatedAt": "2025-03-09T12:31:58.495Z"
  },
  {
    "id": 224,
    "usdToUah": "41.22",
    "btcToUsd": "84594.00",
    "ethToUsd": "2143.12",
    "updatedAt": "2025-03-09T12:32:17.521Z"
  },
  {
    "id": 225,
    "usdToUah": "41.22",
    "btcToUsd": "84609.00",
    "ethToUsd": "2143.86",
    "updatedAt": "2025-03-09T12:32:28.495Z"
  },
  {
    "id": 226,
    "usdToUah": "41.22",
    "btcToUsd": "84594.00",
    "ethToUsd": "2143.12",
    "updatedAt": "2025-03-09T12:32:47.522Z"
  },
  {
    "id": 227,
    "usdToUah": "41.22",
    "btcToUsd": "84609.00",
    "ethToUsd": "2143.86",
    "updatedAt": "2025-03-09T12:32:58.496Z"
  },
  {
    "id": 228,
    "usdToUah": "41.22",
    "btcToUsd": "84594.00",
    "ethToUsd": "2143.12",
    "updatedAt": "2025-03-09T12:33:17.522Z"
  },
  {
    "id": 229,
    "usdToUah": "41.22",
    "btcToUsd": "84609.00",
    "ethToUsd": "2143.86",
    "updatedAt": "2025-03-09T12:33:28.497Z"
  },
  {
    "id": 230,
    "usdToUah": "41.22",
    "btcToUsd": "84594.00",
    "ethToUsd": "2143.12",
    "updatedAt": "2025-03-09T12:33:47.522Z"
  },
  {
    "id": 231,
    "usdToUah": "41.22",
    "btcToUsd": "84609.00",
    "ethToUsd": "2143.86",
    "updatedAt": "2025-03-09T12:33:58.498Z"
  },
  {
    "id": 232,
    "usdToUah": "41.22",
    "btcToUsd": "84594.00",
    "ethToUsd": "2143.12",
    "updatedAt": "2025-03-09T12:34:17.523Z"
  },
  {
    "id": 233,
    "usdToUah": "41.22",
    "btcToUsd": "84478.00",
    "ethToUsd": "2140.53",
    "updatedAt": "2025-03-09T12:34:28.740Z"
  },
  {
    "id": 234,
    "usdToUah": "41.22",
    "btcToUsd": "84594.00",
    "ethToUsd": "2143.12",
    "updatedAt": "2025-03-09T12:34:47.523Z"
  },
  {
    "id": 235,
    "usdToUah": "41.22",
    "btcToUsd": "84478.00",
    "ethToUsd": "2140.53",
    "updatedAt": "2025-03-09T12:34:58.500Z"
  },
  {
    "id": 236,
    "usdToUah": "41.22",
    "btcToUsd": "84594.00",
    "ethToUsd": "2143.12",
    "updatedAt": "2025-03-09T12:35:17.523Z"
  },
  {
    "id": 237,
    "usdToUah": "41.22",
    "btcToUsd": "84485.00",
    "ethToUsd": "2140.34",
    "updatedAt": "2025-03-09T12:35:33.571Z"
  },
  {
    "id": 238,
    "usdToUah": "41.22",
    "btcToUsd": "84485.00",
    "ethToUsd": "2140.34",
    "updatedAt": "2025-03-09T12:35:47.699Z"
  },
  {
    "id": 239,
    "usdToUah": "41.22",
    "btcToUsd": "84485.00",
    "ethToUsd": "2140.34",
    "updatedAt": "2025-03-09T12:36:02.386Z"
  },
  {
    "id": 240,
    "usdToUah": "41.22",
    "btcToUsd": "84485.00",
    "ethToUsd": "2140.34",
    "updatedAt": "2025-03-09T12:36:17.523Z"
  },
  {
    "id": 241,
    "usdToUah": "41.22",
    "btcToUsd": "84485.00",
    "ethToUsd": "2140.34",
    "updatedAt": "2025-03-09T12:36:32.386Z"
  },
  {
    "id": 242,
    "usdToUah": "41.22",
    "btcToUsd": "84485.00",
    "ethToUsd": "2140.34",
    "updatedAt": "2025-03-09T12:36:47.523Z"
  },
  {
    "id": 243,
    "usdToUah": "41.22",
    "btcToUsd": "84485.00",
    "ethToUsd": "2140.34",
    "updatedAt": "2025-03-09T12:37:02.386Z"
  },
  {
    "id": 244,
    "usdToUah": "41.22",
    "btcToUsd": "84485.00",
    "ethToUsd": "2140.34",
    "updatedAt": "2025-03-09T12:37:17.523Z"
  },
  {
    "id": 245,
    "usdToUah": "41.22",
    "btcToUsd": "84485.00",
    "ethToUsd": "2140.34",
    "updatedAt": "2025-03-09T12:37:32.387Z"
  },
  {
    "id": 246,
    "usdToUah": "41.22",
    "btcToUsd": "84485.00",
    "ethToUsd": "2140.34",
    "updatedAt": "2025-03-09T12:37:47.523Z"
  },
  {
    "id": 247,
    "usdToUah": "41.22",
    "btcToUsd": "84485.00",
    "ethToUsd": "2140.34",
    "updatedAt": "2025-03-09T12:38:02.387Z"
  },
  {
    "id": 248,
    "usdToUah": "41.22",
    "btcToUsd": "84485.00",
    "ethToUsd": "2140.34",
    "updatedAt": "2025-03-09T12:38:17.523Z"
  },
  {
    "id": 249,
    "usdToUah": "41.22",
    "btcToUsd": "84485.00",
    "ethToUsd": "2140.34",
    "updatedAt": "2025-03-09T12:38:32.388Z"
  },
  {
    "id": 250,
    "usdToUah": "41.22",
    "btcToUsd": "84485.00",
    "ethToUsd": "2140.34",
    "updatedAt": "2025-03-09T12:38:47.523Z"
  },
  {
    "id": 251,
    "usdToUah": "41.22",
    "btcToUsd": "84485.00",
    "ethToUsd": "2140.34",
    "updatedAt": "2025-03-09T12:39:02.388Z"
  },
  {
    "id": 252,
    "usdToUah": "41.22",
    "btcToUsd": "84485.00",
    "ethToUsd": "2140.34",
    "updatedAt": "2025-03-09T12:39:17.523Z"
  },
  {
    "id": 253,
    "usdToUah": "41.22",
    "btcToUsd": "84485.00",
    "ethToUsd": "2140.34",
    "updatedAt": "2025-03-09T12:39:32.389Z"
  },
  {
    "id": 254,
    "usdToUah": "41.22",
    "btcToUsd": "84485.00",
    "ethToUsd": "2140.34",
    "updatedAt": "2025-03-09T12:39:47.523Z"
  },
  {
    "id": 255,
    "usdToUah": "41.22",
    "btcToUsd": "84485.00",
    "ethToUsd": "2140.34",
    "updatedAt": "2025-03-09T12:40:02.390Z"
  },
  {
    "id": 256,
    "usdToUah": "41.22",
    "btcToUsd": "84485.00",
    "ethToUsd": "2140.34",
    "updatedAt": "2025-03-09T12:40:17.522Z"
  },
  {
    "id": 257,
    "usdToUah": "41.22",
    "btcToUsd": "84485.00",
    "ethToUsd": "2140.34",
    "updatedAt": "2025-03-09T12:40:32.391Z"
  },
  {
    "id": 258,
    "usdToUah": "41.22",
    "btcToUsd": "84485.00",
    "ethToUsd": "2140.34",
    "updatedAt": "2025-03-09T12:40:47.523Z"
  },
  {
    "id": 259,
    "usdToUah": "41.22",
    "btcToUsd": "84655.00",
    "ethToUsd": "2145.21",
    "updatedAt": "2025-03-09T12:41:02.635Z"
  },
  {
    "id": 260,
    "usdToUah": "41.22",
    "btcToUsd": "84737.00",
    "ethToUsd": "2146.82",
    "updatedAt": "2025-03-09T12:41:17.693Z"
  },
  {
    "id": 261,
    "usdToUah": "41.22",
    "btcToUsd": "84655.00",
    "ethToUsd": "2145.21",
    "updatedAt": "2025-03-09T12:41:32.391Z"
  },
  {
    "id": 262,
    "usdToUah": "41.22",
    "btcToUsd": "84737.00",
    "ethToUsd": "2146.82",
    "updatedAt": "2025-03-09T12:41:47.525Z"
  },
  {
    "id": 263,
    "usdToUah": "41.22",
    "btcToUsd": "84655.00",
    "ethToUsd": "2145.21",
    "updatedAt": "2025-03-09T12:42:02.394Z"
  },
  {
    "id": 264,
    "usdToUah": "41.22",
    "btcToUsd": "84737.00",
    "ethToUsd": "2146.82",
    "updatedAt": "2025-03-09T12:42:17.526Z"
  },
  {
    "id": 265,
    "usdToUah": "41.22",
    "btcToUsd": "84655.00",
    "ethToUsd": "2145.21",
    "updatedAt": "2025-03-09T12:42:32.394Z"
  },
  {
    "id": 266,
    "usdToUah": "41.22",
    "btcToUsd": "84737.00",
    "ethToUsd": "2146.82",
    "updatedAt": "2025-03-09T12:42:47.527Z"
  },
  {
    "id": 267,
    "usdToUah": "41.22",
    "btcToUsd": "84655.00",
    "ethToUsd": "2145.21",
    "updatedAt": "2025-03-09T12:43:02.395Z"
  },
  {
    "id": 268,
    "usdToUah": "41.22",
    "btcToUsd": "84737.00",
    "ethToUsd": "2146.82",
    "updatedAt": "2025-03-09T12:43:17.528Z"
  },
  {
    "id": 269,
    "usdToUah": "41.22",
    "btcToUsd": "84655.00",
    "ethToUsd": "2145.21",
    "updatedAt": "2025-03-09T12:43:32.395Z"
  },
  {
    "id": 270,
    "usdToUah": "41.22",
    "btcToUsd": "84737.00",
    "ethToUsd": "2146.82",
    "updatedAt": "2025-03-09T12:43:47.529Z"
  },
  {
    "id": 271,
    "usdToUah": "41.22",
    "btcToUsd": "84655.00",
    "ethToUsd": "2145.21",
    "updatedAt": "2025-03-09T12:44:02.396Z"
  },
  {
    "id": 272,
    "usdToUah": "41.22",
    "btcToUsd": "84737.00",
    "ethToUsd": "2146.82",
    "updatedAt": "2025-03-09T12:44:17.530Z"
  },
  {
    "id": 273,
    "usdToUah": "41.22",
    "btcToUsd": "84655.00",
    "ethToUsd": "2145.21",
    "updatedAt": "2025-03-09T12:44:32.395Z"
  },
  {
    "id": 274,
    "usdToUah": "41.22",
    "btcToUsd": "84737.00",
    "ethToUsd": "2146.82",
    "updatedAt": "2025-03-09T12:44:47.531Z"
  },
  {
    "id": 275,
    "usdToUah": "41.22",
    "btcToUsd": "84655.00",
    "ethToUsd": "2145.21",
    "updatedAt": "2025-03-09T12:45:02.396Z"
  },
  {
    "id": 276,
    "usdToUah": "41.22",
    "btcToUsd": "84737.00",
    "ethToUsd": "2146.82",
    "updatedAt": "2025-03-09T12:45:17.532Z"
  },
  {
    "id": 277,
    "usdToUah": "41.22",
    "btcToUsd": "84655.00",
    "ethToUsd": "2145.21",
    "updatedAt": "2025-03-09T12:45:32.397Z"
  },
  {
    "id": 278,
    "usdToUah": "41.22",
    "btcToUsd": "84737.00",
    "ethToUsd": "2146.82",
    "updatedAt": "2025-03-09T12:45:47.533Z"
  },
  {
    "id": 279,
    "usdToUah": "41.22",
    "btcToUsd": "84655.00",
    "ethToUsd": "2145.21",
    "updatedAt": "2025-03-09T12:46:02.398Z"
  },
  {
    "id": 280,
    "usdToUah": "41.22",
    "btcToUsd": "84737.00",
    "ethToUsd": "2146.82",
    "updatedAt": "2025-03-09T12:46:17.534Z"
  },
  {
    "id": 281,
    "usdToUah": "41.22",
    "btcToUsd": "84785.00",
    "ethToUsd": "2146.51",
    "updatedAt": "2025-03-09T12:46:32.560Z"
  },
  {
    "id": 282,
    "usdToUah": "41.22",
    "btcToUsd": "84729.00",
    "ethToUsd": "2144.85",
    "updatedAt": "2025-03-09T12:46:47.703Z"
  },
  {
    "id": 283,
    "usdToUah": "41.22",
    "btcToUsd": "84785.00",
    "ethToUsd": "2146.51",
    "updatedAt": "2025-03-09T12:47:02.400Z"
  },
  {
    "id": 284,
    "usdToUah": "41.22",
    "btcToUsd": "84729.00",
    "ethToUsd": "2144.85",
    "updatedAt": "2025-03-09T12:47:17.535Z"
  },
  {
    "id": 285,
    "usdToUah": "41.22",
    "btcToUsd": "84785.00",
    "ethToUsd": "2146.51",
    "updatedAt": "2025-03-09T12:47:32.401Z"
  },
  {
    "id": 286,
    "usdToUah": "41.22",
    "btcToUsd": "84729.00",
    "ethToUsd": "2144.85",
    "updatedAt": "2025-03-09T12:47:47.536Z"
  },
  {
    "id": 287,
    "usdToUah": "41.22",
    "btcToUsd": "84785.00",
    "ethToUsd": "2146.51",
    "updatedAt": "2025-03-09T12:48:02.401Z"
  },
  {
    "id": 288,
    "usdToUah": "41.22",
    "btcToUsd": "84729.00",
    "ethToUsd": "2144.85",
    "updatedAt": "2025-03-09T12:48:17.536Z"
  },
  {
    "id": 289,
    "usdToUah": "41.22",
    "btcToUsd": "84785.00",
    "ethToUsd": "2146.51",
    "updatedAt": "2025-03-09T12:48:32.401Z"
  },
  {
    "id": 290,
    "usdToUah": "41.22",
    "btcToUsd": "84729.00",
    "ethToUsd": "2144.85",
    "updatedAt": "2025-03-09T12:48:47.536Z"
  },
  {
    "id": 291,
    "usdToUah": "41.22",
    "btcToUsd": "84785.00",
    "ethToUsd": "2146.51",
    "updatedAt": "2025-03-09T12:49:02.402Z"
  },
  {
    "id": 292,
    "usdToUah": "41.22",
    "btcToUsd": "84729.00",
    "ethToUsd": "2144.85",
    "updatedAt": "2025-03-09T12:49:17.536Z"
  },
  {
    "id": 293,
    "usdToUah": "41.22",
    "btcToUsd": "84785.00",
    "ethToUsd": "2146.51",
    "updatedAt": "2025-03-09T12:49:32.403Z"
  },
  {
    "id": 294,
    "usdToUah": "41.22",
    "btcToUsd": "84729.00",
    "ethToUsd": "2144.85",
    "updatedAt": "2025-03-09T12:49:47.536Z"
  },
  {
    "id": 295,
    "usdToUah": "41.22",
    "btcToUsd": "84785.00",
    "ethToUsd": "2146.51",
    "updatedAt": "2025-03-09T12:50:02.404Z"
  },
  {
    "id": 296,
    "usdToUah": "41.22",
    "btcToUsd": "84729.00",
    "ethToUsd": "2144.85",
    "updatedAt": "2025-03-09T12:50:17.536Z"
  },
  {
    "id": 297,
    "usdToUah": "41.22",
    "btcToUsd": "84785.00",
    "ethToUsd": "2146.51",
    "updatedAt": "2025-03-09T12:50:32.405Z"
  },
  {
    "id": 298,
    "usdToUah": "41.22",
    "btcToUsd": "84729.00",
    "ethToUsd": "2144.85",
    "updatedAt": "2025-03-09T12:50:47.537Z"
  },
  {
    "id": 299,
    "usdToUah": "41.22",
    "btcToUsd": "84785.00",
    "ethToUsd": "2146.51",
    "updatedAt": "2025-03-09T12:51:02.405Z"
  },
  {
    "id": 300,
    "usdToUah": "41.22",
    "btcToUsd": "84729.00",
    "ethToUsd": "2144.85",
    "updatedAt": "2025-03-09T12:51:17.537Z"
  },
  {
    "id": 301,
    "usdToUah": "41.22",
    "btcToUsd": "84785.00",
    "ethToUsd": "2146.51",
    "updatedAt": "2025-03-09T12:51:32.405Z"
  },
  {
    "id": 302,
    "usdToUah": "41.22",
    "btcToUsd": "84729.00",
    "ethToUsd": "2144.85",
    "updatedAt": "2025-03-09T12:51:47.538Z"
  },
  {
    "id": 303,
    "usdToUah": "41.22",
    "btcToUsd": "84655.00",
    "ethToUsd": "2142.98",
    "updatedAt": "2025-03-09T12:52:02.608Z"
  },
  {
    "id": 304,
    "usdToUah": "41.22",
    "btcToUsd": "84655.00",
    "ethToUsd": "2142.98",
    "updatedAt": "2025-03-09T12:52:17.744Z"
  },
  {
    "id": 305,
    "usdToUah": "41.22",
    "btcToUsd": "84655.00",
    "ethToUsd": "2142.98",
    "updatedAt": "2025-03-09T12:52:32.407Z"
  },
  {
    "id": 306,
    "usdToUah": "41.22",
    "btcToUsd": "84655.00",
    "ethToUsd": "2142.98",
    "updatedAt": "2025-03-09T12:52:47.538Z"
  },
  {
    "id": 307,
    "usdToUah": "41.22",
    "btcToUsd": "84655.00",
    "ethToUsd": "2142.98",
    "updatedAt": "2025-03-09T12:53:02.408Z"
  },
  {
    "id": 308,
    "usdToUah": "41.22",
    "btcToUsd": "84655.00",
    "ethToUsd": "2142.98",
    "updatedAt": "2025-03-09T12:53:17.539Z"
  },
  {
    "id": 309,
    "usdToUah": "41.22",
    "btcToUsd": "84655.00",
    "ethToUsd": "2142.98",
    "updatedAt": "2025-03-09T12:53:32.408Z"
  },
  {
    "id": 310,
    "usdToUah": "41.22",
    "btcToUsd": "84655.00",
    "ethToUsd": "2142.98",
    "updatedAt": "2025-03-09T12:53:47.539Z"
  },
  {
    "id": 311,
    "usdToUah": "41.22",
    "btcToUsd": "84655.00",
    "ethToUsd": "2142.98",
    "updatedAt": "2025-03-09T12:54:02.409Z"
  },
  {
    "id": 312,
    "usdToUah": "41.22",
    "btcToUsd": "84655.00",
    "ethToUsd": "2142.98",
    "updatedAt": "2025-03-09T12:54:17.538Z"
  },
  {
    "id": 313,
    "usdToUah": "41.22",
    "btcToUsd": "84655.00",
    "ethToUsd": "2142.98",
    "updatedAt": "2025-03-09T12:54:32.409Z"
  },
  {
    "id": 314,
    "usdToUah": "41.22",
    "btcToUsd": "84655.00",
    "ethToUsd": "2142.98",
    "updatedAt": "2025-03-09T12:54:47.539Z"
  },
  {
    "id": 315,
    "usdToUah": "41.22",
    "btcToUsd": "84655.00",
    "ethToUsd": "2142.98",
    "updatedAt": "2025-03-09T12:55:02.409Z"
  },
  {
    "id": 316,
    "usdToUah": "41.22",
    "btcToUsd": "84655.00",
    "ethToUsd": "2142.98",
    "updatedAt": "2025-03-09T12:55:17.539Z"
  },
  {
    "id": 317,
    "usdToUah": "41.22",
    "btcToUsd": "84655.00",
    "ethToUsd": "2142.98",
    "updatedAt": "2025-03-09T12:55:32.409Z"
  },
  {
    "id": 318,
    "usdToUah": "41.22",
    "btcToUsd": "84655.00",
    "ethToUsd": "2142.98",
    "updatedAt": "2025-03-09T12:55:47.539Z"
  },
  {
    "id": 319,
    "usdToUah": "41.22",
    "btcToUsd": "84655.00",
    "ethToUsd": "2142.98",
    "updatedAt": "2025-03-09T12:56:02.409Z"
  },
  {
    "id": 320,
    "usdToUah": "41.22",
    "btcToUsd": "84655.00",
    "ethToUsd": "2142.98",
    "updatedAt": "2025-03-09T12:56:17.539Z"
  },
  {
    "id": 321,
    "usdToUah": "41.22",
    "btcToUsd": "84655.00",
    "ethToUsd": "2142.98",
    "updatedAt": "2025-03-09T12:56:32.409Z"
  },
  {
    "id": 322,
    "usdToUah": "41.22",
    "btcToUsd": "84655.00",
    "ethToUsd": "2142.98",
    "updatedAt": "2025-03-09T12:56:47.539Z"
  },
  {
    "id": 323,
    "usdToUah": "41.22",
    "btcToUsd": "84655.00",
    "ethToUsd": "2142.98",
    "updatedAt": "2025-03-09T12:57:02.410Z"
  },
  {
    "id": 324,
    "usdToUah": "41.22",
    "btcToUsd": "84655.00",
    "ethToUsd": "2142.98",
    "updatedAt": "2025-03-09T12:57:17.539Z"
  },
  {
    "id": 325,
    "usdToUah": "41.22",
    "btcToUsd": "84529.00",
    "ethToUsd": "2140.19",
    "updatedAt": "2025-03-09T12:57:32.594Z"
  },
  {
    "id": 326,
    "usdToUah": "41.22",
    "btcToUsd": "84529.00",
    "ethToUsd": "2140.19",
    "updatedAt": "2025-03-09T12:57:47.669Z"
  },
  {
    "id": 327,
    "usdToUah": "41.22",
    "btcToUsd": "84529.00",
    "ethToUsd": "2140.19",
    "updatedAt": "2025-03-09T12:58:02.411Z"
  },
  {
    "id": 328,
    "usdToUah": "41.22",
    "btcToUsd": "84529.00",
    "ethToUsd": "2140.19",
    "updatedAt": "2025-03-09T12:58:17.539Z"
  },
  {
    "id": 329,
    "usdToUah": "41.22",
    "btcToUsd": "84529.00",
    "ethToUsd": "2140.19",
    "updatedAt": "2025-03-09T12:58:32.411Z"
  },
  {
    "id": 330,
    "usdToUah": "41.22",
    "btcToUsd": "84529.00",
    "ethToUsd": "2140.19",
    "updatedAt": "2025-03-09T12:58:47.541Z"
  },
  {
    "id": 331,
    "usdToUah": "41.22",
    "btcToUsd": "84529.00",
    "ethToUsd": "2140.19",
    "updatedAt": "2025-03-09T12:59:02.412Z"
  },
  {
    "id": 332,
    "usdToUah": "41.22",
    "btcToUsd": "84529.00",
    "ethToUsd": "2140.19",
    "updatedAt": "2025-03-09T12:59:17.541Z"
  },
  {
    "id": 333,
    "usdToUah": "41.22",
    "btcToUsd": "84529.00",
    "ethToUsd": "2140.19",
    "updatedAt": "2025-03-09T12:59:32.412Z"
  },
  {
    "id": 334,
    "usdToUah": "41.22",
    "btcToUsd": "84529.00",
    "ethToUsd": "2140.19",
    "updatedAt": "2025-03-09T12:59:47.542Z"
  },
  {
    "id": 335,
    "usdToUah": "41.22",
    "btcToUsd": "84529.00",
    "ethToUsd": "2140.19",
    "updatedAt": "2025-03-09T13:00:02.413Z"
  },
  {
    "id": 336,
    "usdToUah": "41.22",
    "btcToUsd": "84529.00",
    "ethToUsd": "2140.19",
    "updatedAt": "2025-03-09T13:00:17.544Z"
  },
  {
    "id": 337,
    "usdToUah": "41.22",
    "btcToUsd": "84529.00",
    "ethToUsd": "2140.19",
    "updatedAt": "2025-03-09T13:00:32.414Z"
  },
  {
    "id": 338,
    "usdToUah": "41.22",
    "btcToUsd": "84529.00",
    "ethToUsd": "2140.19",
    "updatedAt": "2025-03-09T13:00:47.544Z"
  },
  {
    "id": 339,
    "usdToUah": "41.22",
    "btcToUsd": "84529.00",
    "ethToUsd": "2140.19",
    "updatedAt": "2025-03-09T13:01:02.415Z"
  },
  {
    "id": 340,
    "usdToUah": "41.22",
    "btcToUsd": "84529.00",
    "ethToUsd": "2140.19",
    "updatedAt": "2025-03-09T13:01:17.545Z"
  },
  {
    "id": 341,
    "usdToUah": "41.22",
    "btcToUsd": "84529.00",
    "ethToUsd": "2140.19",
    "updatedAt": "2025-03-09T13:01:32.416Z"
  },
  {
    "id": 342,
    "usdToUah": "41.22",
    "btcToUsd": "84529.00",
    "ethToUsd": "2140.19",
    "updatedAt": "2025-03-09T13:01:47.546Z"
  },
  {
    "id": 343,
    "usdToUah": "41.22",
    "btcToUsd": "84529.00",
    "ethToUsd": "2140.19",
    "updatedAt": "2025-03-09T13:02:02.416Z"
  },
  {
    "id": 344,
    "usdToUah": "41.22",
    "btcToUsd": "84529.00",
    "ethToUsd": "2140.19",
    "updatedAt": "2025-03-09T13:02:17.547Z"
  },
  {
    "id": 345,
    "usdToUah": "41.22",
    "btcToUsd": "84529.00",
    "ethToUsd": "2140.19",
    "updatedAt": "2025-03-09T13:02:32.417Z"
  },
  {
    "id": 346,
    "usdToUah": "41.22",
    "btcToUsd": "84529.00",
    "ethToUsd": "2140.19",
    "updatedAt": "2025-03-09T13:02:47.548Z"
  },
  {
    "id": 347,
    "usdToUah": "41.22",
    "btcToUsd": "84559.00",
    "ethToUsd": "2140.19",
    "updatedAt": "2025-03-09T13:03:02.615Z"
  },
  {
    "id": 348,
    "usdToUah": "41.22",
    "btcToUsd": "84559.00",
    "ethToUsd": "2140.19",
    "updatedAt": "2025-03-09T13:03:17.733Z"
  },
  {
    "id": 349,
    "usdToUah": "41.22",
    "btcToUsd": "84559.00",
    "ethToUsd": "2140.19",
    "updatedAt": "2025-03-09T13:03:32.419Z"
  },
  {
    "id": 350,
    "usdToUah": "41.22",
    "btcToUsd": "84559.00",
    "ethToUsd": "2140.19",
    "updatedAt": "2025-03-09T13:03:47.550Z"
  },
  {
    "id": 351,
    "usdToUah": "41.22",
    "btcToUsd": "84559.00",
    "ethToUsd": "2140.19",
    "updatedAt": "2025-03-09T13:04:02.420Z"
  },
  {
    "id": 352,
    "usdToUah": "41.22",
    "btcToUsd": "84559.00",
    "ethToUsd": "2140.19",
    "updatedAt": "2025-03-09T13:04:17.551Z"
  },
  {
    "id": 353,
    "usdToUah": "41.22",
    "btcToUsd": "84559.00",
    "ethToUsd": "2140.19",
    "updatedAt": "2025-03-09T13:04:32.421Z"
  },
  {
    "id": 354,
    "usdToUah": "41.22",
    "btcToUsd": "84559.00",
    "ethToUsd": "2140.19",
    "updatedAt": "2025-03-09T13:04:47.552Z"
  },
  {
    "id": 355,
    "usdToUah": "41.22",
    "btcToUsd": "84559.00",
    "ethToUsd": "2140.19",
    "updatedAt": "2025-03-09T13:05:02.422Z"
  },
  {
    "id": 356,
    "usdToUah": "41.22",
    "btcToUsd": "84559.00",
    "ethToUsd": "2140.19",
    "updatedAt": "2025-03-09T13:05:17.552Z"
  },
  {
    "id": 357,
    "usdToUah": "41.22",
    "btcToUsd": "84559.00",
    "ethToUsd": "2140.19",
    "updatedAt": "2025-03-09T13:05:32.423Z"
  },
  {
    "id": 358,
    "usdToUah": "41.22",
    "btcToUsd": "84559.00",
    "ethToUsd": "2140.19",
    "updatedAt": "2025-03-09T13:05:47.551Z"
  },
  {
    "id": 359,
    "usdToUah": "41.22",
    "btcToUsd": "84559.00",
    "ethToUsd": "2140.19",
    "updatedAt": "2025-03-09T13:06:02.423Z"
  },
  {
    "id": 360,
    "usdToUah": "41.22",
    "btcToUsd": "84559.00",
    "ethToUsd": "2140.19",
    "updatedAt": "2025-03-09T13:06:17.552Z"
  },
  {
    "id": 361,
    "usdToUah": "41.22",
    "btcToUsd": "84559.00",
    "ethToUsd": "2140.19",
    "updatedAt": "2025-03-09T13:06:32.424Z"
  },
  {
    "id": 362,
    "usdToUah": "41.22",
    "btcToUsd": "84559.00",
    "ethToUsd": "2140.19",
    "updatedAt": "2025-03-09T13:06:47.552Z"
  },
  {
    "id": 363,
    "usdToUah": "41.22",
    "btcToUsd": "84559.00",
    "ethToUsd": "2140.19",
    "updatedAt": "2025-03-09T13:07:02.424Z"
  },
  {
    "id": 364,
    "usdToUah": "41.22",
    "btcToUsd": "84559.00",
    "ethToUsd": "2140.19",
    "updatedAt": "2025-03-09T13:07:17.553Z"
  },
  {
    "id": 365,
    "usdToUah": "41.22",
    "btcToUsd": "84559.00",
    "ethToUsd": "2140.19",
    "updatedAt": "2025-03-09T13:07:32.425Z"
  },
  {
    "id": 367,
    "usdToUah": "41.22",
    "btcToUsd": "84559.00",
    "ethToUsd": "2140.19",
    "updatedAt": "2025-03-09T13:08:02.425Z"
  },
  {
    "id": 366,
    "usdToUah": "41.22",
    "btcToUsd": "84559.00",
    "ethToUsd": "2140.19",
    "updatedAt": "2025-03-09T13:07:47.553Z"
  },
  {
    "id": 368,
    "usdToUah": "41.22",
    "btcToUsd": "84559.00",
    "ethToUsd": "2140.19",
    "updatedAt": "2025-03-09T13:08:17.553Z"
  },
  {
    "id": 369,
    "usdToUah": "41.22",
    "btcToUsd": "84636.00",
    "ethToUsd": "2142.16",
    "updatedAt": "2025-03-09T13:08:32.631Z"
  },
  {
    "id": 370,
    "usdToUah": "41.22",
    "btcToUsd": "84636.00",
    "ethToUsd": "2142.16",
    "updatedAt": "2025-03-09T13:08:47.725Z"
  },
  {
    "id": 371,
    "usdToUah": "41.22",
    "btcToUsd": "84636.00",
    "ethToUsd": "2142.16",
    "updatedAt": "2025-03-09T13:09:02.425Z"
  },
  {
    "id": 372,
    "usdToUah": "41.22",
    "btcToUsd": "84636.00",
    "ethToUsd": "2142.16",
    "updatedAt": "2025-03-09T13:09:17.552Z"
  },
  {
    "id": 373,
    "usdToUah": "41.22",
    "btcToUsd": "84636.00",
    "ethToUsd": "2142.16",
    "updatedAt": "2025-03-09T13:09:32.426Z"
  },
  {
    "id": 374,
    "usdToUah": "41.22",
    "btcToUsd": "84636.00",
    "ethToUsd": "2142.16",
    "updatedAt": "2025-03-09T13:09:47.552Z"
  },
  {
    "id": 375,
    "usdToUah": "41.22",
    "btcToUsd": "84636.00",
    "ethToUsd": "2142.16",
    "updatedAt": "2025-03-09T13:10:02.426Z"
  },
  {
    "id": 376,
    "usdToUah": "41.22",
    "btcToUsd": "84636.00",
    "ethToUsd": "2142.16",
    "updatedAt": "2025-03-09T13:10:17.553Z"
  },
  {
    "id": 377,
    "usdToUah": "41.22",
    "btcToUsd": "84636.00",
    "ethToUsd": "2142.16",
    "updatedAt": "2025-03-09T13:10:32.427Z"
  },
  {
    "id": 378,
    "usdToUah": "41.22",
    "btcToUsd": "84636.00",
    "ethToUsd": "2142.16",
    "updatedAt": "2025-03-09T13:10:47.553Z"
  },
  {
    "id": 379,
    "usdToUah": "41.22",
    "btcToUsd": "84636.00",
    "ethToUsd": "2142.16",
    "updatedAt": "2025-03-09T13:11:02.428Z"
  },
  {
    "id": 380,
    "usdToUah": "41.22",
    "btcToUsd": "84636.00",
    "ethToUsd": "2142.16",
    "updatedAt": "2025-03-09T13:11:17.553Z"
  },
  {
    "id": 381,
    "usdToUah": "41.22",
    "btcToUsd": "84636.00",
    "ethToUsd": "2142.16",
    "updatedAt": "2025-03-09T13:11:32.428Z"
  },
  {
    "id": 382,
    "usdToUah": "41.22",
    "btcToUsd": "84636.00",
    "ethToUsd": "2142.16",
    "updatedAt": "2025-03-09T13:11:47.554Z"
  },
  {
    "id": 383,
    "usdToUah": "41.22",
    "btcToUsd": "84636.00",
    "ethToUsd": "2142.16",
    "updatedAt": "2025-03-09T13:12:02.429Z"
  },
  {
    "id": 384,
    "usdToUah": "41.22",
    "btcToUsd": "84636.00",
    "ethToUsd": "2142.16",
    "updatedAt": "2025-03-09T13:12:17.553Z"
  },
  {
    "id": 385,
    "usdToUah": "41.22",
    "btcToUsd": "84636.00",
    "ethToUsd": "2142.16",
    "updatedAt": "2025-03-09T13:12:32.429Z"
  },
  {
    "id": 386,
    "usdToUah": "41.22",
    "btcToUsd": "84636.00",
    "ethToUsd": "2142.16",
    "updatedAt": "2025-03-09T13:12:47.554Z"
  },
  {
    "id": 387,
    "usdToUah": "41.22",
    "btcToUsd": "84636.00",
    "ethToUsd": "2142.16",
    "updatedAt": "2025-03-09T13:13:02.429Z"
  },
  {
    "id": 388,
    "usdToUah": "41.22",
    "btcToUsd": "84636.00",
    "ethToUsd": "2142.16",
    "updatedAt": "2025-03-09T13:13:17.554Z"
  },
  {
    "id": 389,
    "usdToUah": "41.22",
    "btcToUsd": "84636.00",
    "ethToUsd": "2142.16",
    "updatedAt": "2025-03-09T13:13:32.430Z"
  },
  {
    "id": 390,
    "usdToUah": "41.22",
    "btcToUsd": "84636.00",
    "ethToUsd": "2142.16",
    "updatedAt": "2025-03-09T13:13:47.554Z"
  },
  {
    "id": 391,
    "usdToUah": "41.22",
    "btcToUsd": "84530.00",
    "ethToUsd": "2139.88",
    "updatedAt": "2025-03-09T13:14:02.650Z"
  },
  {
    "id": 392,
    "usdToUah": "41.22",
    "btcToUsd": "84500.00",
    "ethToUsd": "2139.52",
    "updatedAt": "2025-03-09T13:14:17.725Z"
  },
  {
    "id": 393,
    "usdToUah": "41.22",
    "btcToUsd": "84530.00",
    "ethToUsd": "2139.88",
    "updatedAt": "2025-03-09T13:14:32.431Z"
  },
  {
    "id": 394,
    "usdToUah": "41.22",
    "btcToUsd": "84500.00",
    "ethToUsd": "2139.52",
    "updatedAt": "2025-03-09T13:14:47.554Z"
  },
  {
    "id": 395,
    "usdToUah": "41.22",
    "btcToUsd": "84530.00",
    "ethToUsd": "2139.88",
    "updatedAt": "2025-03-09T13:15:02.433Z"
  },
  {
    "id": 396,
    "usdToUah": "41.22",
    "btcToUsd": "84500.00",
    "ethToUsd": "2139.52",
    "updatedAt": "2025-03-09T13:15:17.555Z"
  },
  {
    "id": 397,
    "usdToUah": "41.22",
    "btcToUsd": "84530.00",
    "ethToUsd": "2139.88",
    "updatedAt": "2025-03-09T13:15:32.434Z"
  },
  {
    "id": 398,
    "usdToUah": "41.22",
    "btcToUsd": "84500.00",
    "ethToUsd": "2139.52",
    "updatedAt": "2025-03-09T13:15:47.556Z"
  },
  {
    "id": 399,
    "usdToUah": "41.22",
    "btcToUsd": "84530.00",
    "ethToUsd": "2139.88",
    "updatedAt": "2025-03-09T13:16:02.435Z"
  },
  {
    "id": 400,
    "usdToUah": "41.22",
    "btcToUsd": "84500.00",
    "ethToUsd": "2139.52",
    "updatedAt": "2025-03-09T13:16:17.556Z"
  },
  {
    "id": 401,
    "usdToUah": "41.22",
    "btcToUsd": "84530.00",
    "ethToUsd": "2139.88",
    "updatedAt": "2025-03-09T13:16:32.437Z"
  },
  {
    "id": 402,
    "usdToUah": "41.22",
    "btcToUsd": "84500.00",
    "ethToUsd": "2139.52",
    "updatedAt": "2025-03-09T13:16:47.557Z"
  },
  {
    "id": 403,
    "usdToUah": "41.22",
    "btcToUsd": "84530.00",
    "ethToUsd": "2139.88",
    "updatedAt": "2025-03-09T13:17:02.439Z"
  },
  {
    "id": 404,
    "usdToUah": "41.22",
    "btcToUsd": "84500.00",
    "ethToUsd": "2139.52",
    "updatedAt": "2025-03-09T13:17:17.557Z"
  },
  {
    "id": 405,
    "usdToUah": "41.22",
    "btcToUsd": "84530.00",
    "ethToUsd": "2139.88",
    "updatedAt": "2025-03-09T13:17:32.440Z"
  },
  {
    "id": 406,
    "usdToUah": "41.22",
    "btcToUsd": "84500.00",
    "ethToUsd": "2139.52",
    "updatedAt": "2025-03-09T13:17:47.558Z"
  },
  {
    "id": 407,
    "usdToUah": "41.22",
    "btcToUsd": "84530.00",
    "ethToUsd": "2139.88",
    "updatedAt": "2025-03-09T13:18:02.441Z"
  },
  {
    "id": 408,
    "usdToUah": "41.22",
    "btcToUsd": "84500.00",
    "ethToUsd": "2139.52",
    "updatedAt": "2025-03-09T13:18:17.559Z"
  },
  {
    "id": 409,
    "usdToUah": "41.22",
    "btcToUsd": "84530.00",
    "ethToUsd": "2139.88",
    "updatedAt": "2025-03-09T13:18:32.442Z"
  },
  {
    "id": 410,
    "usdToUah": "41.22",
    "btcToUsd": "84500.00",
    "ethToUsd": "2139.52",
    "updatedAt": "2025-03-09T13:18:47.560Z"
  },
  {
    "id": 411,
    "usdToUah": "41.22",
    "btcToUsd": "84530.00",
    "ethToUsd": "2139.88",
    "updatedAt": "2025-03-09T13:19:02.442Z"
  },
  {
    "id": 412,
    "usdToUah": "41.22",
    "btcToUsd": "84500.00",
    "ethToUsd": "2139.52",
    "updatedAt": "2025-03-09T13:19:17.562Z"
  },
  {
    "id": 413,
    "usdToUah": "41.22",
    "btcToUsd": "84359.00",
    "ethToUsd": "2136.55",
    "updatedAt": "2025-03-09T13:19:32.631Z"
  },
  {
    "id": 414,
    "usdToUah": "41.22",
    "btcToUsd": "84381.00",
    "ethToUsd": "2137.10",
    "updatedAt": "2025-03-09T13:19:47.746Z"
  },
  {
    "id": 415,
    "usdToUah": "41.22",
    "btcToUsd": "84359.00",
    "ethToUsd": "2136.55",
    "updatedAt": "2025-03-09T13:20:02.444Z"
  },
  {
    "id": 416,
    "usdToUah": "41.22",
    "btcToUsd": "84381.00",
    "ethToUsd": "2137.10",
    "updatedAt": "2025-03-09T13:20:17.563Z"
  },
  {
    "id": 417,
    "usdToUah": "41.22",
    "btcToUsd": "84359.00",
    "ethToUsd": "2136.55",
    "updatedAt": "2025-03-09T13:20:32.444Z"
  },
  {
    "id": 418,
    "usdToUah": "41.22",
    "btcToUsd": "84381.00",
    "ethToUsd": "2137.10",
    "updatedAt": "2025-03-09T13:20:47.563Z"
  },
  {
    "id": 419,
    "usdToUah": "41.22",
    "btcToUsd": "84359.00",
    "ethToUsd": "2136.55",
    "updatedAt": "2025-03-09T13:21:02.444Z"
  },
  {
    "id": 420,
    "usdToUah": "41.22",
    "btcToUsd": "84381.00",
    "ethToUsd": "2137.10",
    "updatedAt": "2025-03-09T13:21:17.564Z"
  },
  {
    "id": 421,
    "usdToUah": "41.22",
    "btcToUsd": "84359.00",
    "ethToUsd": "2136.55",
    "updatedAt": "2025-03-09T13:21:32.444Z"
  },
  {
    "id": 422,
    "usdToUah": "41.22",
    "btcToUsd": "84318.00",
    "ethToUsd": "2135.56",
    "updatedAt": "2025-03-09T13:21:46.913Z"
  },
  {
    "id": 423,
    "usdToUah": "41.22",
    "btcToUsd": "84359.00",
    "ethToUsd": "2136.55",
    "updatedAt": "2025-03-09T13:22:02.445Z"
  },
  {
    "id": 424,
    "usdToUah": "41.22",
    "btcToUsd": "84318.00",
    "ethToUsd": "2135.56",
    "updatedAt": "2025-03-09T13:22:15.730Z"
  },
  {
    "id": 425,
    "usdToUah": "41.22",
    "btcToUsd": "84359.00",
    "ethToUsd": "2136.55",
    "updatedAt": "2025-03-09T13:22:32.445Z"
  },
  {
    "id": 426,
    "usdToUah": "41.22",
    "btcToUsd": "84318.00",
    "ethToUsd": "2135.56",
    "updatedAt": "2025-03-09T13:22:45.729Z"
  },
  {
    "id": 427,
    "usdToUah": "41.22",
    "btcToUsd": "84359.00",
    "ethToUsd": "2136.55",
    "updatedAt": "2025-03-09T13:23:02.445Z"
  },
  {
    "id": 428,
    "usdToUah": "41.22",
    "btcToUsd": "84318.00",
    "ethToUsd": "2135.56",
    "updatedAt": "2025-03-09T13:23:15.730Z"
  },
  {
    "id": 429,
    "usdToUah": "41.22",
    "btcToUsd": "84359.00",
    "ethToUsd": "2136.55",
    "updatedAt": "2025-03-09T13:23:32.445Z"
  },
  {
    "id": 430,
    "usdToUah": "41.22",
    "btcToUsd": "84318.00",
    "ethToUsd": "2135.56",
    "updatedAt": "2025-03-09T13:23:45.731Z"
  },
  {
    "id": 431,
    "usdToUah": "41.22",
    "btcToUsd": "84359.00",
    "ethToUsd": "2136.55",
    "updatedAt": "2025-03-09T13:24:02.445Z"
  },
  {
    "id": 432,
    "usdToUah": "41.22",
    "btcToUsd": "84318.00",
    "ethToUsd": "2135.56",
    "updatedAt": "2025-03-09T13:24:15.732Z"
  },
  {
    "id": 433,
    "usdToUah": "41.22",
    "btcToUsd": "84359.00",
    "ethToUsd": "2136.55",
    "updatedAt": "2025-03-09T13:24:32.445Z"
  },
  {
    "id": 434,
    "usdToUah": "41.22",
    "btcToUsd": "84318.00",
    "ethToUsd": "2135.56",
    "updatedAt": "2025-03-09T13:24:45.734Z"
  },
  {
    "id": 435,
    "usdToUah": "41.22",
    "btcToUsd": "84297.00",
    "ethToUsd": "2134.85",
    "updatedAt": "2025-03-09T13:25:02.647Z"
  },
  {
    "id": 436,
    "usdToUah": "41.22",
    "btcToUsd": "84318.00",
    "ethToUsd": "2135.56",
    "updatedAt": "2025-03-09T13:25:15.735Z"
  },
  {
    "id": 437,
    "usdToUah": "41.22",
    "btcToUsd": "84297.00",
    "ethToUsd": "2134.85",
    "updatedAt": "2025-03-09T13:25:32.445Z"
  },
  {
    "id": 438,
    "usdToUah": "41.22",
    "btcToUsd": "84318.00",
    "ethToUsd": "2135.56",
    "updatedAt": "2025-03-09T13:25:45.734Z"
  },
  {
    "id": 439,
    "usdToUah": "41.22",
    "btcToUsd": "84297.00",
    "ethToUsd": "2134.85",
    "updatedAt": "2025-03-09T13:26:02.445Z"
  },
  {
    "id": 440,
    "usdToUah": "41.22",
    "btcToUsd": "84318.00",
    "ethToUsd": "2135.56",
    "updatedAt": "2025-03-09T13:26:15.735Z"
  },
  {
    "id": 441,
    "usdToUah": "41.22",
    "btcToUsd": "84297.00",
    "ethToUsd": "2134.85",
    "updatedAt": "2025-03-09T13:26:32.445Z"
  },
  {
    "id": 442,
    "usdToUah": "41.22",
    "btcToUsd": "84318.00",
    "ethToUsd": "2135.56",
    "updatedAt": "2025-03-09T13:26:45.736Z"
  },
  {
    "id": 443,
    "usdToUah": "41.22",
    "btcToUsd": "84297.00",
    "ethToUsd": "2134.85",
    "updatedAt": "2025-03-09T13:27:02.445Z"
  },
  {
    "id": 444,
    "usdToUah": "41.22",
    "btcToUsd": "84320.00",
    "ethToUsd": "2136.49",
    "updatedAt": "2025-03-09T13:27:15.925Z"
  },
  {
    "id": 445,
    "usdToUah": "41.22",
    "btcToUsd": "84297.00",
    "ethToUsd": "2134.85",
    "updatedAt": "2025-03-09T13:27:32.445Z"
  },
  {
    "id": 446,
    "usdToUah": "41.22",
    "btcToUsd": "84320.00",
    "ethToUsd": "2136.49",
    "updatedAt": "2025-03-09T13:27:45.738Z"
  },
  {
    "id": 447,
    "usdToUah": "41.22",
    "btcToUsd": "84297.00",
    "ethToUsd": "2134.85",
    "updatedAt": "2025-03-09T13:28:02.446Z"
  },
  {
    "id": 448,
    "usdToUah": "41.22",
    "btcToUsd": "84320.00",
    "ethToUsd": "2136.49",
    "updatedAt": "2025-03-09T13:28:15.739Z"
  },
  {
    "id": 449,
    "usdToUah": "41.22",
    "btcToUsd": "84297.00",
    "ethToUsd": "2134.85",
    "updatedAt": "2025-03-09T13:28:32.447Z"
  },
  {
    "id": 450,
    "usdToUah": "41.22",
    "btcToUsd": "84320.00",
    "ethToUsd": "2136.49",
    "updatedAt": "2025-03-09T13:28:45.740Z"
  },
  {
    "id": 451,
    "usdToUah": "41.22",
    "btcToUsd": "84297.00",
    "ethToUsd": "2134.85",
    "updatedAt": "2025-03-09T13:29:02.451Z"
  },
  {
    "id": 452,
    "usdToUah": "41.22",
    "btcToUsd": "84320.00",
    "ethToUsd": "2136.49",
    "updatedAt": "2025-03-09T13:29:15.741Z"
  },
  {
    "id": 453,
    "usdToUah": "41.22",
    "btcToUsd": "84297.00",
    "ethToUsd": "2134.85",
    "updatedAt": "2025-03-09T13:29:32.451Z"
  },
  {
    "id": 454,
    "usdToUah": "41.22",
    "btcToUsd": "84320.00",
    "ethToUsd": "2136.49",
    "updatedAt": "2025-03-09T13:29:45.741Z"
  },
  {
    "id": 455,
    "usdToUah": "41.22",
    "btcToUsd": "84297.00",
    "ethToUsd": "2134.85",
    "updatedAt": "2025-03-09T13:30:02.451Z"
  },
  {
    "id": 456,
    "usdToUah": "41.22",
    "btcToUsd": "84320.00",
    "ethToUsd": "2136.49",
    "updatedAt": "2025-03-09T13:30:15.741Z"
  },
  {
    "id": 457,
    "usdToUah": "41.22",
    "btcToUsd": "84512.00",
    "ethToUsd": "2141.42",
    "updatedAt": "2025-03-09T13:30:32.642Z"
  },
  {
    "id": 458,
    "usdToUah": "41.22",
    "btcToUsd": "84320.00",
    "ethToUsd": "2136.49",
    "updatedAt": "2025-03-09T13:30:45.742Z"
  },
  {
    "id": 459,
    "usdToUah": "41.22",
    "btcToUsd": "84512.00",
    "ethToUsd": "2141.42",
    "updatedAt": "2025-03-09T13:31:02.452Z"
  },
  {
    "id": 460,
    "usdToUah": "41.22",
    "btcToUsd": "84320.00",
    "ethToUsd": "2136.49",
    "updatedAt": "2025-03-09T13:31:15.742Z"
  },
  {
    "id": 461,
    "usdToUah": "41.22",
    "btcToUsd": "84512.00",
    "ethToUsd": "2141.42",
    "updatedAt": "2025-03-09T13:31:32.453Z"
  },
  {
    "id": 462,
    "usdToUah": "41.22",
    "btcToUsd": "84320.00",
    "ethToUsd": "2136.49",
    "updatedAt": "2025-03-09T13:31:45.743Z"
  },
  {
    "id": 463,
    "usdToUah": "41.22",
    "btcToUsd": "84512.00",
    "ethToUsd": "2141.42",
    "updatedAt": "2025-03-09T13:32:02.454Z"
  },
  {
    "id": 464,
    "usdToUah": "41.22",
    "btcToUsd": "84320.00",
    "ethToUsd": "2136.49",
    "updatedAt": "2025-03-09T13:32:15.743Z"
  },
  {
    "id": 465,
    "usdToUah": "41.22",
    "btcToUsd": "84512.00",
    "ethToUsd": "2141.42",
    "updatedAt": "2025-03-09T13:32:32.456Z"
  },
  {
    "id": 466,
    "usdToUah": "41.22",
    "btcToUsd": "84500.00",
    "ethToUsd": "2141.40",
    "updatedAt": "2025-03-09T13:32:45.910Z"
  },
  {
    "id": 467,
    "usdToUah": "41.22",
    "btcToUsd": "84512.00",
    "ethToUsd": "2141.42",
    "updatedAt": "2025-03-09T13:33:02.457Z"
  },
  {
    "id": 468,
    "usdToUah": "41.22",
    "btcToUsd": "84500.00",
    "ethToUsd": "2141.40",
    "updatedAt": "2025-03-09T13:33:15.744Z"
  },
  {
    "id": 469,
    "usdToUah": "41.22",
    "btcToUsd": "84512.00",
    "ethToUsd": "2141.42",
    "updatedAt": "2025-03-09T13:33:32.458Z"
  },
  {
    "id": 470,
    "usdToUah": "41.22",
    "btcToUsd": "84500.00",
    "ethToUsd": "2141.40",
    "updatedAt": "2025-03-09T13:33:45.744Z"
  },
  {
    "id": 471,
    "usdToUah": "41.22",
    "btcToUsd": "84512.00",
    "ethToUsd": "2141.42",
    "updatedAt": "2025-03-09T13:34:02.458Z"
  },
  {
    "id": 472,
    "usdToUah": "41.22",
    "btcToUsd": "84500.00",
    "ethToUsd": "2141.40",
    "updatedAt": "2025-03-09T13:34:15.744Z"
  },
  {
    "id": 473,
    "usdToUah": "41.22",
    "btcToUsd": "84512.00",
    "ethToUsd": "2141.42",
    "updatedAt": "2025-03-09T13:34:32.459Z"
  },
  {
    "id": 474,
    "usdToUah": "41.22",
    "btcToUsd": "84500.00",
    "ethToUsd": "2141.40",
    "updatedAt": "2025-03-09T13:34:45.745Z"
  },
  {
    "id": 475,
    "usdToUah": "41.22",
    "btcToUsd": "84512.00",
    "ethToUsd": "2141.42",
    "updatedAt": "2025-03-09T13:35:02.460Z"
  },
  {
    "id": 476,
    "usdToUah": "41.22",
    "btcToUsd": "84500.00",
    "ethToUsd": "2141.40",
    "updatedAt": "2025-03-09T13:35:15.746Z"
  },
  {
    "id": 477,
    "usdToUah": "41.22",
    "btcToUsd": "84512.00",
    "ethToUsd": "2141.42",
    "updatedAt": "2025-03-09T13:35:32.460Z"
  },
  {
    "id": 478,
    "usdToUah": "41.22",
    "btcToUsd": "84500.00",
    "ethToUsd": "2141.40",
    "updatedAt": "2025-03-09T13:35:45.746Z"
  },
  {
    "id": 479,
    "usdToUah": "41.22",
    "btcToUsd": "84500.00",
    "ethToUsd": "2141.40",
    "updatedAt": "2025-03-09T13:36:15.746Z"
  },
  {
    "id": 480,
    "usdToUah": "41.22",
    "btcToUsd": "84500.00",
    "ethToUsd": "2141.40",
    "updatedAt": "2025-03-09T13:36:45.746Z"
  },
  {
    "id": 481,
    "usdToUah": "41.22",
    "btcToUsd": "84500.00",
    "ethToUsd": "2141.40",
    "updatedAt": "2025-03-09T13:37:15.746Z"
  },
  {
    "id": 482,
    "usdToUah": "41.22",
    "btcToUsd": "84500.00",
    "ethToUsd": "2141.40",
    "updatedAt": "2025-03-09T13:37:45.746Z"
  },
  {
    "id": 483,
    "usdToUah": "41.22",
    "btcToUsd": "84272.00",
    "ethToUsd": "2135.65",
    "updatedAt": "2025-03-09T13:38:15.917Z"
  },
  {
    "id": 484,
    "usdToUah": "41.22",
    "btcToUsd": "84272.00",
    "ethToUsd": "2135.65",
    "updatedAt": "2025-03-09T13:38:45.746Z"
  },
  {
    "id": 485,
    "usdToUah": "41.22",
    "btcToUsd": "84272.00",
    "ethToUsd": "2135.65",
    "updatedAt": "2025-03-09T13:39:15.747Z"
  },
  {
    "id": 486,
    "usdToUah": "41.22",
    "btcToUsd": "84272.00",
    "ethToUsd": "2135.65",
    "updatedAt": "2025-03-09T13:39:45.747Z"
  },
  {
    "id": 487,
    "usdToUah": "41.22",
    "btcToUsd": "84272.00",
    "ethToUsd": "2135.65",
    "updatedAt": "2025-03-09T13:40:15.748Z"
  },
  {
    "id": 488,
    "usdToUah": "41.22",
    "btcToUsd": "84272.00",
    "ethToUsd": "2135.65",
    "updatedAt": "2025-03-09T13:40:45.749Z"
  },
  {
    "id": 489,
    "usdToUah": "41.22",
    "btcToUsd": "84272.00",
    "ethToUsd": "2135.65",
    "updatedAt": "2025-03-09T13:41:15.750Z"
  },
  {
    "id": 490,
    "usdToUah": "41.22",
    "btcToUsd": "84272.00",
    "ethToUsd": "2135.65",
    "updatedAt": "2025-03-09T13:41:45.751Z"
  },
  {
    "id": 491,
    "usdToUah": "41.22",
    "btcToUsd": "84272.00",
    "ethToUsd": "2135.65",
    "updatedAt": "2025-03-09T13:42:15.752Z"
  },
  {
    "id": 492,
    "usdToUah": "41.22",
    "btcToUsd": "84272.00",
    "ethToUsd": "2135.65",
    "updatedAt": "2025-03-09T13:42:45.753Z"
  },
  {
    "id": 493,
    "usdToUah": "41.22",
    "btcToUsd": "84272.00",
    "ethToUsd": "2135.65",
    "updatedAt": "2025-03-09T13:43:15.754Z"
  },
  {
    "id": 494,
    "usdToUah": "41.22",
    "btcToUsd": "84263.00",
    "ethToUsd": "2134.74",
    "updatedAt": "2025-03-09T13:43:45.947Z"
  },
  {
    "id": 495,
    "usdToUah": "41.22",
    "btcToUsd": "84263.00",
    "ethToUsd": "2134.74",
    "updatedAt": "2025-03-09T13:44:15.756Z"
  },
  {
    "id": 496,
    "usdToUah": "41.22",
    "btcToUsd": "84263.00",
    "ethToUsd": "2134.74",
    "updatedAt": "2025-03-09T13:44:45.758Z"
  },
  {
    "id": 497,
    "usdToUah": "41.22",
    "btcToUsd": "84263.00",
    "ethToUsd": "2134.74",
    "updatedAt": "2025-03-09T13:45:15.759Z"
  },
  {
    "id": 498,
    "usdToUah": "41.22",
    "btcToUsd": "84263.00",
    "ethToUsd": "2134.74",
    "updatedAt": "2025-03-09T13:45:45.760Z"
  },
  {
    "id": 499,
    "usdToUah": "41.22",
    "btcToUsd": "84263.00",
    "ethToUsd": "2134.74",
    "updatedAt": "2025-03-09T13:46:15.761Z"
  },
  {
    "id": 500,
    "usdToUah": "41.22",
    "btcToUsd": "84263.00",
    "ethToUsd": "2134.74",
    "updatedAt": "2025-03-09T13:46:45.760Z"
  },
  {
    "id": 501,
    "usdToUah": "41.22",
    "btcToUsd": "84263.00",
    "ethToUsd": "2134.74",
    "updatedAt": "2025-03-09T13:47:15.761Z"
  },
  {
    "id": 502,
    "usdToUah": "41.22",
    "btcToUsd": "84263.00",
    "ethToUsd": "2134.74",
    "updatedAt": "2025-03-09T13:47:45.763Z"
  },
  {
    "id": 503,
    "usdToUah": "41.22",
    "btcToUsd": "84263.00",
    "ethToUsd": "2134.74",
    "updatedAt": "2025-03-09T13:48:15.764Z"
  },
  {
    "id": 504,
    "usdToUah": "41.22",
    "btcToUsd": "84263.00",
    "ethToUsd": "2134.74",
    "updatedAt": "2025-03-09T13:48:45.765Z"
  },
  {
    "id": 505,
    "usdToUah": "41.22",
    "btcToUsd": "84219.00",
    "ethToUsd": "2132.56",
    "updatedAt": "2025-03-09T13:49:15.952Z"
  },
  {
    "id": 506,
    "usdToUah": "41.22",
    "btcToUsd": "84219.00",
    "ethToUsd": "2132.56",
    "updatedAt": "2025-03-09T13:49:45.767Z"
  },
  {
    "id": 507,
    "usdToUah": "41.22",
    "btcToUsd": "84219.00",
    "ethToUsd": "2132.56",
    "updatedAt": "2025-03-09T13:50:15.768Z"
  },
  {
    "id": 508,
    "usdToUah": "41.22",
    "btcToUsd": "84219.00",
    "ethToUsd": "2132.56",
    "updatedAt": "2025-03-09T13:50:45.768Z"
  },
  {
    "id": 509,
    "usdToUah": "41.22",
    "btcToUsd": "84219.00",
    "ethToUsd": "2132.56",
    "updatedAt": "2025-03-09T13:51:15.768Z"
  }
]