[
  {
    "id": 1,
    "fromCardId": 1,
    "toCardId": 4,
    "amount": "90.00000000",
    "convertedAmount": "90.00000000",
    "type": "transfer",
    "wallet": null,
    "status": "completed",
    "createdAt": "2025-03-09T12:27:08.064Z",
    "description": "Перевод 90.00000000 BTC на адрес 3BZj8Xf72guNcHCvaTCyhJqzyKhNJZuSUK",
    "fromCardNumber": "4000000000000000",
    "toCardNumber": "4000000000000004"
  },
  {
    "id": 2,
    "fromCardId": 1,
    "toCardId": 1,
    "amount": "0.90000000",
    "convertedAmount": "0.90000000",
    "type": "commission",
    "wallet": null,
    "status": "completed",
    "createdAt": "2025-03-09T12:27:08.142Z",
    "description": "Комиссия за перевод (0.90000000 BTC)",
    "fromCardNumber": "4000000000000000",
    "toCardNumber": "REGULATOR"
  },
  {
    "id": 3,
    "fromCardId": 1,
    "toCardId": 20,
    "amount": "23.00000000",
    "convertedAmount": "1947341.00000000",
    "type": "transfer",
    "wallet": null,
    "status": "completed",
    "createdAt": "2025-03-09T12:28:27.382Z",
    "description": "Перевод 23.00000000 CRYPTO → 1947341.00 USD (курс: 84667.00)",
    "fromCardNumber": "4000000000000000",
    "toCardNumber": "4112422858332202"
  },
  {
    "id": 4,
    "fromCardId": 1,
    "toCardId": 1,
    "amount": "0.23000000",
    "convertedAmount": "0.00000272",
    "type": "commission",
    "wallet": null,
    "status": "completed",
    "createdAt": "2025-03-09T12:28:27.458Z",
    "description": "Комиссия за перевод (0.00000272 BTC)",
    "fromCardNumber": "4000000000000000",
    "toCardNumber": "REGULATOR"
  },
  {
    "id": 5,
    "fromCardId": 20,
    "toCardId": 19,
    "amount": "112000.00000000",
    "convertedAmount": "1.32373625",
    "type": "transfer",
    "wallet": null,
    "status": "completed",
    "createdAt": "2025-03-09T12:29:03.078Z",
    "description": "Перевод 112000.00 USD (1.32373625 BTC) на адрес 3BZj8Xf72guNcHCvaTCyhJqzyKhNJZuSUK",
    "fromCardNumber": "4112422858332202",
    "toCardNumber": "4111718116071665"
  },
  {
    "id": 6,
    "fromCardId": 20,
    "toCardId": 1,
    "amount": "1120.00000000",
    "convertedAmount": "0.01323736",
    "type": "commission",
    "wallet": null,
    "status": "completed",
    "createdAt": "2025-03-09T12:29:03.157Z",
    "description": "Комиссия за перевод 1120.00 USD (0.01323736 BTC)",
    "fromCardNumber": "4112422858332202",
    "toCardNumber": "REGULATOR"
  },
  {
    "id": 7,
    "fromCardId": 1,
    "toCardId": 4,
    "amount": "34.00000000",
    "convertedAmount": "34.00000000",
    "type": "transfer",
    "wallet": null,
    "status": "completed",
    "createdAt": "2025-03-09T12:30:05.314Z",
    "description": "Перевод 34.00000000 BTC на адрес 3BZj8Xf72guNcHCvaTCyhJqzyKhNJZuSUK",
    "fromCardNumber": "4000000000000000",
    "toCardNumber": "4000000000000004"
  },
  {
    "id": 8,
    "fromCardId": 1,
    "toCardId": 1,
    "amount": "0.34000000",
    "convertedAmount": "0.34000000",
    "type": "commission",
    "wallet": null,
    "status": "completed",
    "createdAt": "2025-03-09T12:30:05.388Z",
    "description": "Комиссия за перевод (0.34000000 BTC)",
    "fromCardNumber": "4000000000000000",
    "toCardNumber": "REGULATOR"
  },
  {
    "id": 9,
    "fromCardId": 1,
    "toCardId": 22,
    "amount": "1.00000000",
    "convertedAmount": "1.00000000",
    "type": "transfer",
    "wallet": null,
    "status": "completed",
    "createdAt": "2025-03-09T12:32:06.074Z",
    "description": "Перевод 1.00000000 BTC на адрес 3ETUmNhL2JuCFFVNQq5j4zLrKVMTbYe6YR",
    "fromCardNumber": "4000000000000000",
    "toCardNumber": "4111749773029110"
  },
  {
    "id": 10,
    "fromCardId": 1,
    "toCardId": 1,
    "amount": "0.01000000",
    "convertedAmount": "0.01000000",
    "type": "commission",
    "wallet": null,
    "status": "completed",
    "createdAt": "2025-03-09T12:32:06.159Z",
    "description": "Комиссия за перевод (0.01000000 BTC)",
    "fromCardNumber": "4000000000000000",
    "toCardNumber": "REGULATOR"
  },
  {
    "id": 11,
    "fromCardId": 1,
    "toCardId": 22,
    "amount": "78.00000000",
    "convertedAmount": "78.00000000",
    "type": "transfer",
    "wallet": null,
    "status": "completed",
    "createdAt": "2025-03-09T12:32:34.160Z",
    "description": "Перевод 78.00000000 BTC на адрес 3ETUmNhL2JuCFFVNQq5j4zLrKVMTbYe6YR",
    "fromCardNumber": "4000000000000000",
    "toCardNumber": "4111749773029110"
  },
  {
    "id": 12,
    "fromCardId": 1,
    "toCardId": 1,
    "amount": "0.78000000",
    "convertedAmount": "0.78000000",
    "type": "commission",
    "wallet": null,
    "status": "completed",
    "createdAt": "2025-03-09T12:32:34.235Z",
    "description": "Комиссия за перевод (0.78000000 BTC)",
    "fromCardNumber": "4000000000000000",
    "toCardNumber": "REGULATOR"
  },
  {
    "id": 13,
    "fromCardId": 22,
    "toCardId": 19,
    "amount": "12.00000000",
    "convertedAmount": "12.00000000",
    "type": "transfer",
    "wallet": null,
    "status": "completed",
    "createdAt": "2025-03-09T12:32:59.359Z",
    "description": "Перевод 12.00000000 BTC на адрес 3BZj8Xf72guNcHCvaTCyhJqzyKhNJZuSUK",
    "fromCardNumber": "4111749773029110",
    "toCardNumber": "4111718116071665"
  },
  {
    "id": 14,
    "fromCardId": 22,
    "toCardId": 1,
    "amount": "0.12000000",
    "convertedAmount": "0.12000000",
    "type": "commission",
    "wallet": null,
    "status": "completed",
    "createdAt": "2025-03-09T12:32:59.434Z",
    "description": "Комиссия за перевод (0.12000000 BTC)",
    "fromCardNumber": "4111749773029110",
    "toCardNumber": "REGULATOR"
  }
]