[
  {
    "id": 2,
    "username": "user1",
    "password": "$2b$10$OrQfQretBbMb.95zopjteOIzvsEvLiY0TI3tM.T/CAO1vJRPBWI4K",
    "is_regulator": false,
    "regulator_balance": "0.00000000",
    "last_nft_generation": null,
    "nft_generation_count": 0
  },
  {
    "id": 3,
    "username": "hjjjjkk",
    "password": "$2b$10$T.9eaGSHg2C6phB7AiIFEOpYVEVg5GmrnJ1eK9k91sSuMBbLK.Af6",
    "is_regulator": false,
    "regulator_balance": "0.00000000",
    "last_nft_generation": null,
    "nft_generation_count": 0
  },
  {
    "id": 5,
    "username": "hjjjjkk4",
    "password": "$2b$10$ggUvkVVgXesR3Ct3CdnDMeV5KrK0ZKgfp.nsCH3OMcJ/raD9.T6My",
    "is_regulator": false,
    "regulator_balance": "0.00000000",
    "last_nft_generation": null,
    "nft_generation_count": 0
  },
  {
    "id": 6,
    "username": "1mxcmm",
    "password": "$2b$10$.S97ZaXQF5jqOT/yjFqZV.UuEnzlD4A./9.RsB8zgusPhBrZ/WJ2W",
    "is_regulator": false,
    "regulator_balance": "0.00000000",
    "last_nft_generation": null,
    "nft_generation_count": 0
  },
  {
    "id": 7,
    "username": "BOGDANKICH",
    "password": "$2b$10$ZMw8sK3JmsYNtsBWdurhdesOFkLPbU3wNZqe1jC3RYPvXOV5WQIm6",
    "is_regulator": false,
    "regulator_balance": "0.00000000",
    "last_nft_generation": null,
    "nft_generation_count": 0
  },
  {
    "id": 8,
    "username": "oleksandr",
    "password": "$2b$10$hDjUrsJGIu3bVX9Pi9sDn.63WM1HQGo0g8m2GVoedv8q4f11.Og..",
    "is_regulator": false,
    "regulator_balance": "0.00000000",
    "last_nft_generation": null,
    "nft_generation_count": 0
  },
  {
    "id": 1,
    "username": "admin",
    "password": "$2b$10$zPlHbd826q6nwzPdfJYET.DHEx.vvLkcb1nLsgMTKBx9QFs9UqG2S",
    "is_regulator": true,
    "regulator_balance": "1000002.16324008",
    "last_nft_generation": null,
    "nft_generation_count": 0
  },
  {
    "id": 9,
    "username": "yakic",
    "password": "$2b$10$tL0Pc727yzHCRlspVn9Ky.wf7DDlIcIxiosootZaC3HgUCcyj2tAS",
    "is_regulator": false,
    "regulator_balance": "0.00000000",
    "last_nft_generation": null,
    "nft_generation_count": 0
  }
]