[
  {
    "id": 6,
    "fromCardId": 13,
    "toCardId": null,
    "amount": "614.84",
    "convertedAmount": "614.84",
    "type": "deposit",
    "wallet": "0xB7E8f8D7a7671FA8f368EE771cd4BC02f51679c7",
    "status": "completed",
    "createdAt": null,
    "description": "Пополнение счета",
    "fromCardNumber": "40006734456250066",
    "toCardNumber": ""
  },
  {
    "id": 7,
    "fromCardId": 14,
    "toCardId": null,
    "amount": "236.11",
    "convertedAmount": "236.11",
    "type": "deposit",
    "wallet": "1BTC000005a32156854a20c050b4da58",
    "status": "completed",
    "createdAt": null,
    "description": "Пополнение счета",
    "fromCardNumber": "4111437867524511",
    "toCardNumber": ""
  },
  {
    "id": 8,
    "fromCardId": 14,
    "toCardId": null,
    "amount": "525.05",
    "convertedAmount": "525.05",
    "type": "withdrawal",
    "wallet": "1BTC000005d48db8d26641337e6a7f3e",
    "status": "pending",
    "createdAt": null,
    "description": "Снятие средств",
    "fromCardNumber": "4111437867524511",
    "toCardNumber": ""
  },
  {
    "id": 9,
    "fromCardId": 13,
    "toCardId": null,
    "amount": "164.85",
    "convertedAmount": "164.85",
    "type": "withdrawal",
    "wallet": "1BTC000005c76e03739156312f66b7d3",
    "status": "pending",
    "createdAt": null,
    "description": "Снятие средств",
    "fromCardNumber": "40006734456250066",
    "toCardNumber": ""
  },
  {
    "id": 10,
    "fromCardId": 15,
    "toCardId": null,
    "amount": "692.03",
    "convertedAmount": "28546.24",
    "type": "exchange",
    "wallet": null,
    "status": "completed",
    "createdAt": null,
    "description": "Обмен валюты",
    "fromCardNumber": "55555175370227243",
    "toCardNumber": ""
  },
  {
    "id": 11,
    "fromCardId": 13,
    "toCardId": 34,
    "amount": "34",
    "convertedAmount": "34",
    "type": "crypto_transfer",
    "wallet": "1L3g4xY6XV1F5YZXt5Qyrc8fiPh1w9eu3y",
    "status": "completed",
    "createdAt": "2025-03-11T18:53:32.000Z",
    "description": "Отправка 34.00000000 BTC на 1L3g4xY6XV1F5YZXt5Qyrc8fiPh1w9eu3y",
    "fromCardNumber": "4000101461947771",
    "toCardNumber": "4111608844434692"
  },
  {
    "id": 12,
    "fromCardId": 13,
    "toCardId": 2,
    "amount": "0.34",
    "convertedAmount": "0.34",
    "type": "commission",
    "wallet": null,
    "status": "completed",
    "createdAt": "2025-03-11T18:53:32.000Z",
    "description": "Комиссия за перевод криптовалюты (0.34000000 BTC)",
    "fromCardNumber": "4000101461947771",
    "toCardNumber": "REGULATOR"
  },
  {
    "id": 13,
    "fromCardId": 34,
    "toCardId": 35,
    "amount": "1",
    "convertedAmount": "83167",
    "type": "transfer",
    "wallet": null,
    "status": "completed",
    "createdAt": "2025-03-11T18:54:31.000Z",
    "description": "Перевод 1.00000000 CRYPTO → 83167.00 USD (курс: 83167.00)",
    "fromCardNumber": "4111608844434692",
    "toCardNumber": "4112387550332652"
  },
  {
    "id": 14,
    "fromCardId": 34,
    "toCardId": 2,
    "amount": "0.01",
    "convertedAmount": "1.2023999903808e-7",
    "type": "commission",
    "wallet": null,
    "status": "completed",
    "createdAt": "2025-03-11T18:54:31.000Z",
    "description": "Комиссия за перевод (0.00000012 BTC)",
    "fromCardNumber": "4111608844434692",
    "toCardNumber": "REGULATOR"
  },
  {
    "id": 15,
    "fromCardId": 35,
    "toCardId": 36,
    "amount": "1000",
    "convertedAmount": "41312.231",
    "type": "transfer",
    "wallet": null,
    "status": "completed",
    "createdAt": "2025-03-11T18:55:49.000Z",
    "description": "Перевод 1000.00 USD → 41312.23 UAH (курс: 41.31)",
    "fromCardNumber": "4112387550332652",
    "toCardNumber": "4113824144390954"
  },
  {
    "id": 16,
    "fromCardId": 35,
    "toCardId": 2,
    "amount": "10",
    "convertedAmount": "0.00012023999903808",
    "type": "commission",
    "wallet": null,
    "status": "completed",
    "createdAt": "2025-03-11T18:55:49.000Z",
    "description": "Комиссия за перевод (0.00012024 BTC)",
    "fromCardNumber": "4112387550332652",
    "toCardNumber": "REGULATOR"
  },
  {
    "id": 17,
    "fromCardId": 34,
    "toCardId": 36,
    "amount": "1",
    "convertedAmount": "3435814.315577",
    "type": "transfer",
    "wallet": null,
    "status": "completed",
    "createdAt": "2025-03-11T18:56:02.000Z",
    "description": "Перевод 1.00000000 CRYPTO → 3435814.32 UAH (курс: 3435814.32)",
    "fromCardNumber": "4111608844434692",
    "toCardNumber": "4113824144390954"
  },
  {
    "id": 18,
    "fromCardId": 34,
    "toCardId": 2,
    "amount": "0.01",
    "convertedAmount": "1.2023999903808e-7",
    "type": "commission",
    "wallet": null,
    "status": "completed",
    "createdAt": "2025-03-11T18:56:02.000Z",
    "description": "Комиссия за перевод (0.00000012 BTC)",
    "fromCardNumber": "4111608844434692",
    "toCardNumber": "REGULATOR"
  },
  {
    "id": 19,
    "fromCardId": 36,
    "toCardId": 34,
    "amount": "10000",
    "convertedAmount": "0.002910518171678504",
    "type": "crypto_transfer",
    "wallet": "1L3g4xY6XV1F5YZXt5Qyrc8fiPh1w9eu3y",
    "status": "completed",
    "createdAt": "2025-03-11T18:56:33.000Z",
    "description": "Конвертация 10000.00 UAH → 0.00291052 BTC и отправка на 1L3g4xY6XV1F5YZXt5Qyrc8fiPh1w9eu3y",
    "fromCardNumber": "4113824144390954",
    "toCardNumber": "4111608844434692"
  },
  {
    "id": 20,
    "fromCardId": 36,
    "toCardId": 2,
    "amount": "100",
    "convertedAmount": "0.000029105181716785042",
    "type": "commission",
    "wallet": null,
    "status": "completed",
    "createdAt": "2025-03-11T18:56:33.000Z",
    "description": "Комиссия за перевод криптовалюты (0.00002911 BTC)",
    "fromCardNumber": "4113824144390954",
    "toCardNumber": "REGULATOR"
  }
]