{
  "users": [
    {
      "id": 1,
      "username": "regulator",
      "password": "$2b$10$r3Ui7Wor6G7b2cGHEsrrNetitTiaXGfsqNcaMa/s3tkBPgMDn.7h2",
      "is_regulator": true,
      "regulator_balance": "1000000.00000000",
      "last_nft_generation": null,
      "nft_generation_count": 0
    },
    {
      "id": 2,
      "username": "user1",
      "password": "$2b$10$o5n6DfN.bW3OHOPNDD08cu0iY.FbvYBFz0fr8P.T/JTjsFyUSGdL2",
      "is_regulator": false,
      "regulator_balance": "0.00000000",
      "last_nft_generation": null,
      "nft_generation_count": 0
    }
  ],
  "cards": [
    {
      "id": 1,
      "userId": 1,
      "type": "crypto",
      "number": "40008886447333329",
      "expiry": "01/28",
      "cvv": "170",
      "balance": "0.00000000",
      "btcBalance": "0.00100000",
      "ethBalance": "0.01000000",
      "btcAddress": "1CounterpartyXXXXXXXXXXXXXXXUWLpVr",
      "ethAddress": "0xeBA5958D6C99f64dBd002b91D72423338402D903"
    },
    {
      "id": 2,
      "userId": 1,
      "type": "usd",
      "number": "41118694404182549",
      "expiry": "07/28",
      "cvv": "581",
      "balance": "1000.00000000",
      "btcBalance": "0.00000000",
      "ethBalance": "0.00000000",
      "btcAddress": null,
      "ethAddress": null
    },
    {
      "id": 3,
      "userId": 1,
      "type": "uah",
      "number": "55554834015910619",
      "expiry": "06/28",
      "cvv": "884",
      "balance": "40000.00000000",
      "btcBalance": "0.00000000",
      "ethBalance": "0.00000000",
      "btcAddress": null,
      "ethAddress": null
    },
    {
      "id": 4,
      "userId": 2,
      "type": "crypto",
      "number": "40001291745348822",
      "expiry": "12/28",
      "cvv": "702",
      "balance": "0.00000000",
      "btcBalance": "0.00100000",
      "ethBalance": "0.01000000",
      "btcAddress": "1BitcoinEaterAddressDontSendf59kuE",
      "ethAddress": "0x0BE46E41DAe1a8179c5CAcff127C52eeDB9dA444"
    },
    {
      "id": 5,
      "userId": 2,
      "type": "usd",
      "number": "41114259491253544",
      "expiry": "09/28",
      "cvv": "271",
      "balance": "1000.00000000",
      "btcBalance": "0.00000000",
      "ethBalance": "0.00000000",
      "btcAddress": null,
      "ethAddress": null
    },
    {
      "id": 6,
      "userId": 2,
      "type": "uah",
      "number": "55554221079290175",
      "expiry": "03/28",
      "cvv": "112",
      "balance": "40000.00000000",
      "btcBalance": "0.00000000",
      "ethBalance": "0.00000000",
      "btcAddress": null,
      "ethAddress": null
    }
  ],
  "transactions": [],
  "rates": [
    {
      "id": 1,
      "usdToUah": "41.22",
      "btcToUsd": "84811.00",
      "ethToUsd": "2141.72",
      "updatedAt": "2025-03-09T11:32:05.579Z"
    },
    {
      "id": 2,
      "usdToUah": "41.22",
      "btcToUsd": "84748.00",
      "ethToUsd": "2140.67",
      "updatedAt": "2025-03-09T11:32:19.795Z"
    },
    {
      "id": 3,
      "usdToUah": "41.22",
      "btcToUsd": "84748.00",
      "ethToUsd": "2140.67",
      "updatedAt": "2025-03-09T11:32:49.198Z"
    },
    {
      "id": 4,
      "usdToUah": "41.22",
      "btcToUsd": "84748.00",
      "ethToUsd": "2140.67",
      "updatedAt": "2025-03-09T11:33:16.017Z"
    },
    {
      "id": 5,
      "usdToUah": "41.22",
      "btcToUsd": "84748.00",
      "ethToUsd": "2140.67",
      "updatedAt": "2025-03-09T11:33:45.567Z"
    },
    {
      "id": 6,
      "usdToUah": "41.22",
      "btcToUsd": "84748.00",
      "ethToUsd": "2140.67",
      "updatedAt": "2025-03-09T11:34:15.568Z"
    },
    {
      "id": 7,
      "usdToUah": "41.22",
      "btcToUsd": "84748.00",
      "ethToUsd": "2140.67",
      "updatedAt": "2025-03-09T11:34:45.569Z"
    }
  ],
  "backupDate": "2025-03-09T11-35-18-313Z",
  "version": "1.0"
}