[
  {
    "id": 1,
    "usdToUah": "41.22",
    "btcToUsd": "84811.00",
    "ethToUsd": "2141.72",
    "updatedAt": "2025-03-09T11:32:05.579Z"
  },
  {
    "id": 2,
    "usdToUah": "41.22",
    "btcToUsd": "84748.00",
    "ethToUsd": "2140.67",
    "updatedAt": "2025-03-09T11:32:19.795Z"
  },
  {
    "id": 3,
    "usdToUah": "41.22",
    "btcToUsd": "84748.00",
    "ethToUsd": "2140.67",
    "updatedAt": "2025-03-09T11:32:49.198Z"
  },
  {
    "id": 4,
    "usdToUah": "41.22",
    "btcToUsd": "84748.00",
    "ethToUsd": "2140.67",
    "updatedAt": "2025-03-09T11:33:16.017Z"
  },
  {
    "id": 5,
    "usdToUah": "41.22",
    "btcToUsd": "84748.00",
    "ethToUsd": "2140.67",
    "updatedAt": "2025-03-09T11:33:45.567Z"
  },
  {
    "id": 6,
    "usdToUah": "41.22",
    "btcToUsd": "84748.00",
    "ethToUsd": "2140.67",
    "updatedAt": "2025-03-09T11:34:15.568Z"
  },
  {
    "id": 7,
    "usdToUah": "41.22",
    "btcToUsd": "84748.00",
    "ethToUsd": "2140.67",
    "updatedAt": "2025-03-09T11:34:45.569Z"
  }
]