[
  {
    "id": 1,
    "fromCardId": 1,
    "toCardId": 7,
    "amount": "2648.00000000",
    "convertedAmount": "2648.00000000",
    "type": "transfer",
    "wallet": null,
    "status": "completed",
    "createdAt": "2025-02-22T17:39:00.658Z",
    "description": "Transfer from card 4686080646631828 to 4279465421080570",
    "fromCardNumber": "4686080646631828",
    "toCardNumber": "4279465421080570"
  },
  {
    "id": 2,
    "fromCardId": 3,
    "toCardId": 9,
    "amount": "64507.00000000",
    "convertedAmount": "64507.00000000",
    "type": "transfer",
    "wallet": null,
    "status": "completed",
    "createdAt": "2025-02-22T18:08:31.659Z",
    "description": "Transfer from card 4763950103360695 to 4199184831816278",
    "fromCardNumber": "4763950103360695",
    "toCardNumber": "4199184831816278"
  },
  {
    "id": 3,
    "fromCardId": 9,
    "toCardId": 8,
    "amount": "1000.00000000",
    "convertedAmount": "1000.00000000",
    "type": "transfer",
    "wallet": null,
    "status": "completed",
    "createdAt": "2025-02-22T18:12:00.555Z",
    "description": "Transfer from card 4199184831816278 to 4823612607289428",
    "fromCardNumber": "4199184831816278",
    "toCardNumber": "4823612607289428"
  },
  {
    "id": 4,
    "fromCardId": 9,
    "toCardId": 8,
    "amount": "60000.00000000",
    "convertedAmount": "60000.00000000",
    "type": "transfer",
    "wallet": null,
    "status": "completed",
    "createdAt": "2025-02-22T18:13:30.817Z",
    "description": "Transfer from card 4199184831816278 to 4823612607289428",
    "fromCardNumber": "4199184831816278",
    "toCardNumber": "4823612607289428"
  },
  {
    "id": 5,
    "fromCardId": 1,
    "toCardId": 7,
    "amount": "56067.00000000",
    "convertedAmount": "56067.00000000",
    "type": "transfer",
    "wallet": null,
    "status": "completed",
    "createdAt": "2025-02-22T18:21:36.282Z",
    "description": "Transfer from card 4686080646631828 to 4279465421080570",
    "fromCardNumber": "4686080646631828",
    "toCardNumber": "4279465421080570"
  },
  {
    "id": 6,
    "fromCardId": 9,
    "toCardId": 8,
    "amount": "10000000.00000000",
    "convertedAmount": "240153.70000000",
    "type": "transfer",
    "wallet": null,
    "status": "completed",
    "createdAt": "2025-02-22T19:22:59.996Z",
    "description": "Transfer from 4199184831816278 to 4823612607289428",
    "fromCardNumber": "4199184831816278",
    "toCardNumber": "4823612607289428"
  },
  {
    "id": 7,
    "fromCardId": 2,
    "toCardId": 3,
    "amount": "1000.00000000",
    "convertedAmount": "41640.00000000",
    "type": "transfer",
    "wallet": null,
    "status": "completed",
    "createdAt": "2025-02-22T21:01:47.364Z",
    "description": "Transfer from 4593125478989946 to 4763950103360695",
    "fromCardNumber": "4593125478989946",
    "toCardNumber": "4763950103360695"
  },
  {
    "id": 8,
    "fromCardId": 1,
    "toCardId": 2,
    "amount": "362.00000000",
    "convertedAmount": "34999246.00000000",
    "type": "transfer",
    "wallet": null,
    "status": "completed",
    "createdAt": "2025-02-23T06:12:52.883Z",
    "description": "Transfer from 4686080646631828 to 4593125478989946",
    "fromCardNumber": "4686080646631828",
    "toCardNumber": "4593125478989946"
  },
  {
    "id": 9,
    "fromCardId": 1,
    "toCardId": 2,
    "amount": "15.00000000",
    "convertedAmount": "1450245.00000000",
    "type": "transfer",
    "wallet": null,
    "status": "completed",
    "createdAt": "2025-02-23T06:16:56.005Z",
    "description": "Transfer from 4686080646631828 to 4593125478989946",
    "fromCardNumber": "4686080646631828",
    "toCardNumber": "4593125478989946"
  },
  {
    "id": 10,
    "fromCardId": 1,
    "toCardId": 2,
    "amount": "400.00000000",
    "convertedAmount": "38673200.00000000",
    "type": "transfer",
    "wallet": null,
    "status": "completed",
    "createdAt": "2025-02-23T06:26:11.711Z",
    "description": "Transfer from 4686080646631828 to 4593125478989946",
    "fromCardNumber": "4686080646631828",
    "toCardNumber": "4593125478989946"
  },
  {
    "id": 11,
    "fromCardId": 1,
    "toCardId": 2,
    "amount": "701.00000000",
    "convertedAmount": "67774783.00000000",
    "type": "transfer",
    "wallet": null,
    "status": "completed",
    "createdAt": "2025-02-23T06:32:38.251Z",
    "description": "Transfer from 4686080646631828 to 4593125478989946",
    "fromCardNumber": "4686080646631828",
    "toCardNumber": "4593125478989946"
  },
  {
    "id": 12,
    "fromCardId": 1,
    "toCardId": 2,
    "amount": "2.00000000",
    "convertedAmount": "193366.00000000",
    "type": "transfer",
    "wallet": null,
    "status": "completed",
    "createdAt": "2025-02-23T06:39:23.534Z",
    "description": "Transfer from 4686080646631828 to 4593125478989946",
    "fromCardNumber": "4686080646631828",
    "toCardNumber": "4593125478989946"
  },
  {
    "id": 13,
    "fromCardId": 1,
    "toCardId": 2,
    "amount": "13.00000000",
    "convertedAmount": "1256879.00000000",
    "type": "transfer",
    "wallet": null,
    "status": "completed",
    "createdAt": "2025-02-23T06:42:41.933Z",
    "description": "Transfer from 4686080646631828 to 4593125478989946",
    "fromCardNumber": "4686080646631828",
    "toCardNumber": "4593125478989946"
  },
  {
    "id": 14,
    "fromCardId": 1,
    "toCardId": 2,
    "amount": "13.00000000",
    "convertedAmount": "1256879.00000000",
    "type": "transfer",
    "wallet": null,
    "status": "completed",
    "createdAt": "2025-02-23T06:45:40.036Z",
    "description": "Transfer from 4686080646631828 to 4593125478989946",
    "fromCardNumber": "4686080646631828",
    "toCardNumber": "4593125478989946"
  },
  {
    "id": 15,
    "fromCardId": 1,
    "toCardId": 2,
    "amount": "0.00000000",
    "convertedAmount": "1.00000000",
    "type": "transfer",
    "wallet": "btc",
    "status": "completed",
    "createdAt": "2025-02-23T06:48:29.449Z",
    "description": "Transfer from 4686080646631828 to 4593125478989946",
    "fromCardNumber": "4686080646631828",
    "toCardNumber": "4593125478989946"
  },
  {
    "id": 16,
    "fromCardId": 2,
    "toCardId": 1,
    "amount": "250.00000000",
    "convertedAmount": "0.00259735",
    "type": "transfer",
    "wallet": "btc",
    "status": "completed",
    "createdAt": "2025-02-23T10:17:47.481Z",
    "description": "Convert 250 USD to 0.00259735 BTC",
    "fromCardNumber": "4593125478989946",
    "toCardNumber": "4686080646631828"
  },
  {
    "id": 17,
    "fromCardId": 2,
    "toCardId": 19,
    "amount": "2656.00000000",
    "convertedAmount": "2656.00000000",
    "type": "transfer",
    "wallet": null,
    "status": "completed",
    "createdAt": "2025-02-23T15:41:49.097Z",
    "description": "Перевод 2656.00 USD",
    "fromCardNumber": "4593125478989946",
    "toCardNumber": "4699878420571000"
  },
  {
    "id": 18,
    "fromCardId": 19,
    "toCardId": 8,
    "amount": "565.00000000",
    "convertedAmount": "565.00000000",
    "type": "transfer",
    "wallet": null,
    "status": "completed",
    "createdAt": "2025-02-23T15:49:01.514Z",
    "description": "Перевод 565.00 USD",
    "fromCardNumber": "4699878420571000",
    "toCardNumber": "4823612607289428"
  },
  {
    "id": 19,
    "fromCardId": 19,
    "toCardId": 8,
    "amount": "57.00000000",
    "convertedAmount": "57.00000000",
    "type": "transfer",
    "wallet": null,
    "status": "completed",
    "createdAt": "2025-02-23T15:50:51.773Z",
    "description": "Перевод 57.00 USD",
    "fromCardNumber": "4699878420571000",
    "toCardNumber": "4823612607289428"
  },
  {
    "id": 20,
    "fromCardId": 1,
    "toCardId": 1,
    "amount": "555.00000000",
    "convertedAmount": "555.00000000",
    "type": "transfer",
    "wallet": "12M4YnqbpEEGDdk78p83yj9TZRvxGevUEd",
    "status": "completed",
    "createdAt": "2025-02-23T15:58:02.955Z",
    "description": "Перевод 555.00000000 BTC на адрес 12M4YnqbpEEGDdk78p83yj9TZRvxGevUEd",
    "fromCardNumber": "4686080646631828",
    "toCardNumber": "4686080646631828"
  },
  {
    "id": 21,
    "fromCardId": 1,
    "toCardId": 20,
    "amount": "223.00000000",
    "convertedAmount": "223.00000000",
    "type": "transfer",
    "wallet": "12M4YnqbpEEGDdk78p83yj9TZRvxGevUEd",
    "status": "completed",
    "createdAt": "2025-02-23T16:06:33.937Z",
    "description": "Перевод 223.00000000 BTC на карту 12M4YnqbpEEGDdk78p83yj9TZRvxGevUEd",
    "fromCardNumber": "4686080646631828",
    "toCardNumber": "4822340036956025"
  },
  {
    "id": 22,
    "fromCardId": 19,
    "toCardId": 21,
    "amount": "1000.00000000",
    "convertedAmount": "38500.00000000",
    "type": "transfer",
    "wallet": null,
    "status": "completed",
    "createdAt": "2025-02-23T16:07:45.864Z",
    "description": "Перевод 1000.00 USD -> 38500.00 UAH",
    "fromCardNumber": "4699878420571000",
    "toCardNumber": "4502993597804046"
  },
  {
    "id": 23,
    "fromCardId": 1,
    "toCardId": 2,
    "amount": "1.00000000",
    "convertedAmount": "95652.99000000",
    "type": "transfer",
    "wallet": null,
    "status": "completed",
    "createdAt": "2025-02-23T16:39:34.764Z",
    "description": "Перевод 1.00000000 CRYPTO -> 95652.99000000 USD",
    "fromCardNumber": "4686080646631828",
    "toCardNumber": "4593125478989946"
  },
  {
    "id": 24,
    "fromCardId": 1,
    "toCardId": 20,
    "amount": "12.00000000",
    "convertedAmount": "12.00000000",
    "type": "transfer",
    "wallet": "12M4YnqbpEEGDdk78p83yj9TZRvxGevUEd",
    "status": "completed",
    "createdAt": "2025-02-23T16:47:53.889Z",
    "description": "Перевод 12.00000000 BTC на карту 12M4YnqbpEEGDdk78p83yj9TZRvxGevUEd",
    "fromCardNumber": "4686080646631828",
    "toCardNumber": "4822340036956025"
  },
  {
    "id": 25,
    "fromCardId": 20,
    "toCardId": 19,
    "amount": "1.00000000",
    "convertedAmount": "95652.99000000",
    "type": "transfer",
    "wallet": null,
    "status": "completed",
    "createdAt": "2025-02-23T17:11:02.081Z",
    "description": "Перевод 1.00000000 CRYPTO -> 95652.99000000 USD",
    "fromCardNumber": "4822340036956025",
    "toCardNumber": "4699878420571000"
  },
  {
    "id": 26,
    "fromCardId": 19,
    "toCardId": 21,
    "amount": "1147.00000000",
    "convertedAmount": "47761.08000000",
    "type": "transfer",
    "wallet": null,
    "status": "completed",
    "createdAt": "2025-02-23T17:11:58.373Z",
    "description": "Перевод 1147.00000000 USD -> 47761.08000000 UAH",
    "fromCardNumber": "4699878420571000",
    "toCardNumber": "4502993597804046"
  },
  {
    "id": 27,
    "fromCardId": 1,
    "toCardId": 20,
    "amount": "5.00000000",
    "convertedAmount": "5.00000000",
    "type": "transfer",
    "wallet": "12M4YnqbpEEGDdk78p83yj9TZRvxGevUEd",
    "status": "completed",
    "createdAt": "2025-02-23T19:59:50.278Z",
    "description": "Перевод 5.00000000 BTC на карту 12M4YnqbpEEGDdk78p83yj9TZRvxGevUEd",
    "fromCardNumber": "4686080646631828",
    "toCardNumber": "4822340036956025"
  },
  {
    "id": 28,
    "fromCardId": 19,
    "toCardId": 21,
    "amount": "1.00000000",
    "convertedAmount": "41.64000000",
    "type": "transfer",
    "wallet": null,
    "status": "completed",
    "createdAt": "2025-02-23T20:12:13.467Z",
    "description": "Перевод 1.00000000 USD -> 41.64000000 UAH",
    "fromCardNumber": "4699878420571000",
    "toCardNumber": "4502993597804046"
  },
  {
    "id": 29,
    "fromCardId": 19,
    "toCardId": 21,
    "amount": "0.01000000",
    "convertedAmount": "0.00000010",
    "type": "commission",
    "wallet": null,
    "status": "completed",
    "createdAt": "2025-02-23T20:12:13.543Z",
    "description": "Комиссия 1% (0.00000010 BTC)",
    "fromCardNumber": "4699878420571000",
    "toCardNumber": "4502993597804046"
  },
  {
    "id": 30,
    "fromCardId": 19,
    "toCardId": 21,
    "amount": "1000.00000000",
    "convertedAmount": "41580.00000000",
    "type": "transfer",
    "wallet": null,
    "status": "completed",
    "createdAt": "2025-02-23T20:30:16.793Z",
    "description": "Перевод 1000.00000000 USD -> 41580.00000000 UAH",
    "fromCardNumber": "4699878420571000",
    "toCardNumber": "4502993597804046"
  },
  {
    "id": 31,
    "fromCardId": 19,
    "toCardId": 1,
    "amount": "10.00000000",
    "convertedAmount": "0.00010445",
    "type": "commission",
    "wallet": null,
    "status": "completed",
    "createdAt": "2025-02-23T20:30:16.825Z",
    "description": "Комиссия 1% от перевода с карты 4699878420571000 на карту 4502993597804046 (0.00010445 BTC)",
    "fromCardNumber": "4699878420571000",
    "toCardNumber": "REGULATOR"
  },
  {
    "id": 32,
    "fromCardId": 19,
    "toCardId": 21,
    "amount": "1000.00000000",
    "convertedAmount": "41580.00000000",
    "type": "exchange",
    "wallet": null,
    "status": "completed",
    "createdAt": "2025-02-23T20:45:34.365Z",
    "description": "Обмен 1000.00 USD → 41580.00 UAH",
    "fromCardNumber": "4699878420571000",
    "toCardNumber": "4502993597804046"
  },
  {
    "id": 33,
    "fromCardId": 19,
    "toCardId": 1,
    "amount": "10.00000000",
    "convertedAmount": "0.00010443",
    "type": "commission",
    "wallet": null,
    "status": "completed",
    "createdAt": "2025-02-23T20:45:34.397Z",
    "description": "💰 Комиссия за обмен 1000.00 USD (0.00010443 BTC)",
    "fromCardNumber": "4699878420571000",
    "toCardNumber": "REGULATOR"
  },
  {
    "id": 34,
    "fromCardId": 2,
    "toCardId": 3,
    "amount": "1206.00000000",
    "convertedAmount": "50145.48000000",
    "type": "exchange",
    "wallet": null,
    "status": "completed",
    "createdAt": "2025-02-23T23:17:38.127Z",
    "description": "Обмен 1206.00 USD → 50145.48 UAH",
    "fromCardNumber": "4593125478989946",
    "toCardNumber": "4763950103360695"
  },
  {
    "id": 35,
    "fromCardId": 2,
    "toCardId": 1,
    "amount": "12.06000000",
    "convertedAmount": "0.00012557",
    "type": "commission",
    "wallet": null,
    "status": "completed",
    "createdAt": "2025-02-23T23:17:38.197Z",
    "description": "💰 Комиссия за обмен 1206.00 USD (0.00012557 BTC)",
    "fromCardNumber": "4593125478989946",
    "toCardNumber": "REGULATOR"
  },
  {
    "id": 36,
    "fromCardId": 1,
    "toCardId": 28,
    "amount": "0.20000000",
    "convertedAmount": "0.20000000",
    "type": "transfer",
    "wallet": null,
    "status": "completed",
    "createdAt": "2025-02-24T14:04:27.093Z",
    "description": "Перевод 0.20 CRYPTO",
    "fromCardNumber": "4686080646631828",
    "toCardNumber": "5946327404556138"
  },
  {
    "id": 37,
    "fromCardId": 2,
    "toCardId": 28,
    "amount": "260.00000000",
    "convertedAmount": "260.00000000",
    "type": "transfer",
    "wallet": null,
    "status": "completed",
    "createdAt": "2025-02-24T14:05:34.113Z",
    "description": "Перевод 260.00 USD",
    "fromCardNumber": "4593125478989946",
    "toCardNumber": "5946327404556138"
  },
  {
    "id": 38,
    "fromCardId": 1,
    "toCardId": 28,
    "amount": "0.20000000",
    "convertedAmount": "0.20000000",
    "type": "transfer",
    "wallet": null,
    "status": "completed",
    "createdAt": "2025-02-24T14:14:42.055Z",
    "description": "Перевод 0.20 CRYPTO",
    "fromCardNumber": "4686080646631828",
    "toCardNumber": "5946327404556138"
  },
  {
    "id": 39,
    "fromCardId": 1,
    "toCardId": 28,
    "amount": "0.20000000",
    "convertedAmount": "0.20000000",
    "type": "transfer",
    "wallet": null,
    "status": "completed",
    "createdAt": "2025-02-24T14:17:32.333Z",
    "description": "Перевод 0.20 CRYPTO",
    "fromCardNumber": "4686080646631828",
    "toCardNumber": "5946327404556138"
  },
  {
    "id": 40,
    "fromCardId": 1,
    "toCardId": 28,
    "amount": "50.00000000",
    "convertedAmount": "50.00000000",
    "type": "transfer",
    "wallet": null,
    "status": "completed",
    "createdAt": "2025-02-24T14:43:47.370Z",
    "description": "Перевод 50.00 CRYPTO",
    "fromCardNumber": "4686080646631828",
    "toCardNumber": "5946327404556138"
  },
  {
    "id": 41,
    "fromCardId": 28,
    "toCardId": 26,
    "amount": "150.00000000",
    "convertedAmount": "150.00000000",
    "type": "transfer",
    "wallet": null,
    "status": "completed",
    "createdAt": "2025-02-24T14:49:47.770Z",
    "description": "Перевод 150.00 USD",
    "fromCardNumber": "5946327404556138",
    "toCardNumber": "7336737187794917"
  },
  {
    "id": 42,
    "fromCardId": 28,
    "toCardId": 29,
    "amount": "160.00000000",
    "convertedAmount": "160.00000000",
    "type": "transfer",
    "wallet": null,
    "status": "completed",
    "createdAt": "2025-02-24T14:51:15.610Z",
    "description": "Перевод 160.00 USD",
    "fromCardNumber": "5946327404556138",
    "toCardNumber": "7012919897050653"
  },
  {
    "id": 43,
    "fromCardId": 2,
    "toCardId": 3,
    "amount": "1569.00000000",
    "convertedAmount": "65239.02000000",
    "type": "transfer",
    "wallet": null,
    "status": "completed",
    "createdAt": "2025-02-24T15:57:25.712Z",
    "description": "Перевод 1569.00 USD → 65239.02 UAH",
    "fromCardNumber": "4593125478989946",
    "toCardNumber": "4763950103360695"
  },
  {
    "id": 44,
    "fromCardId": 2,
    "toCardId": 1,
    "amount": "15.69000000",
    "convertedAmount": "15.69000000",
    "type": "commission",
    "wallet": null,
    "status": "completed",
    "createdAt": "2025-02-24T15:57:25.788Z",
    "description": "Комиссия 1% за перевод (15.69000000 BTC)",
    "fromCardNumber": "4593125478989946",
    "toCardNumber": "REGULATOR"
  },
  {
    "id": 45,
    "fromCardId": 2,
    "toCardId": 28,
    "amount": "60000.00000000",
    "convertedAmount": "60000.00000000",
    "type": "transfer",
    "wallet": null,
    "status": "completed",
    "createdAt": "2025-02-24T16:47:33.199Z",
    "description": "Перевод 60000.00 USD",
    "fromCardNumber": "4593125478989946",
    "toCardNumber": "5946327404556138"
  },
  {
    "id": 96,
    "fromCardId": 28,
    "toCardId": 1,
    "amount": "0.50000000",
    "convertedAmount": "0.00000532",
    "type": "commission",
    "wallet": null,
    "status": "completed",
    "createdAt": "2025-02-24T19:47:25.938Z",
    "description": "Комиссия 1% (0.00000532 BTC)",
    "fromCardNumber": "5946327404556138",
    "toCardNumber": "REGULATOR"
  },
  {
    "id": 97,
    "fromCardId": 1,
    "toCardId": null,
    "amount": "244140.00000000",
    "convertedAmount": "2.60000000",
    "type": "transfer",
    "wallet": "13Nvkm3KU2ac4SHFGn4rMaCRRkZbVw4tc6",
    "status": "completed",
    "createdAt": "2025-02-24T19:51:41.027Z",
    "description": "Перевод 2.60000000 BTC на адрес 13Nvkm3KU2ac4SHFGn4rMaCRRkZbVw4tc6",
    "fromCardNumber": "4686080646631828",
    "toCardNumber": null
  },
  {
    "id": 98,
    "fromCardId": 1,
    "toCardId": 1,
    "amount": "2441.40000000",
    "convertedAmount": "0.02600000",
    "type": "commission",
    "wallet": null,
    "status": "completed",
    "createdAt": "2025-02-24T19:51:41.056Z",
    "description": "Комиссия 1% (0.02600000 BTC)",
    "fromCardNumber": "4686080646631828",
    "toCardNumber": "REGULATOR"
  },
  {
    "id": 99,
    "fromCardId": 28,
    "toCardId": 29,
    "amount": "300.00000000",
    "convertedAmount": "12474.00000000",
    "type": "transfer",
    "wallet": null,
    "status": "completed",
    "createdAt": "2025-02-24T20:04:29.941Z",
    "description": "Перевод 300.00 USD → 12474.00 UAH",
    "fromCardNumber": "5946327404556138",
    "toCardNumber": "7012919897050653"
  },
  {
    "id": 100,
    "fromCardId": 28,
    "toCardId": 1,
    "amount": "3.00000000",
    "convertedAmount": "3.00000000",
    "type": "commission",
    "wallet": null,
    "status": "completed",
    "createdAt": "2025-02-24T20:04:29.983Z",
    "description": "Комиссия 1% (3.00000000 BTC)",
    "fromCardNumber": "5946327404556138",
    "toCardNumber": "REGULATOR"
  },
  {
    "id": 101,
    "fromCardId": 29,
    "toCardId": 28,
    "amount": "25550.00000000",
    "convertedAmount": "614.47811448",
    "type": "transfer",
    "wallet": null,
    "status": "completed",
    "createdAt": "2025-02-24T20:05:31.563Z",
    "description": "Перевод 25550.00 UAH → 614.48 USD",
    "fromCardNumber": "7012919897050653",
    "toCardNumber": "5946327404556138"
  },
  {
    "id": 102,
    "fromCardId": 29,
    "toCardId": 1,
    "amount": "255.50000000",
    "convertedAmount": "255.50000000",
    "type": "commission",
    "wallet": null,
    "status": "completed",
    "createdAt": "2025-02-24T20:05:31.594Z",
    "description": "Комиссия 1% (255.50000000 BTC)",
    "fromCardNumber": "7012919897050653",
    "toCardNumber": "REGULATOR"
  },
  {
    "id": 103,
    "fromCardId": 29,
    "toCardId": null,
    "amount": "200.00000000",
    "convertedAmount": "0.07555952",
    "type": "transfer",
    "wallet": "0x6B2527441FCd1db9c183397A5C7e9044B61FD236",
    "status": "completed",
    "createdAt": "2025-02-24T20:07:40.581Z",
    "description": "Перевод 200.00 UAH (0.07555952 ETH) на адрес 0x6B2527441FCd1db9c183397A5C7e9044B61FD236",
    "fromCardNumber": "7012919897050653",
    "toCardNumber": null
  },
  {
    "id": 104,
    "fromCardId": 29,
    "toCardId": 1,
    "amount": "2.00000000",
    "convertedAmount": "0.00002125",
    "type": "commission",
    "wallet": null,
    "status": "completed",
    "createdAt": "2025-02-24T20:07:40.612Z",
    "description": "Комиссия 1% (0.00002125 BTC)",
    "fromCardNumber": "7012919897050653",
    "toCardNumber": "REGULATOR"
  },
  {
    "id": 105,
    "fromCardId": 29,
    "toCardId": 28,
    "amount": "200000.00000000",
    "convertedAmount": "4810.00481000",
    "type": "transfer",
    "wallet": null,
    "status": "completed",
    "createdAt": "2025-02-24T20:08:52.548Z",
    "description": "Перевод 200000.00 UAH → 4810.00 USD",
    "fromCardNumber": "7012919897050653",
    "toCardNumber": "5946327404556138"
  },
  {
    "id": 106,
    "fromCardId": 29,
    "toCardId": 1,
    "amount": "2000.00000000",
    "convertedAmount": "2000.00000000",
    "type": "commission",
    "wallet": null,
    "status": "completed",
    "createdAt": "2025-02-24T20:08:52.579Z",
    "description": "Комиссия 1% (2000.00000000 BTC)",
    "fromCardNumber": "7012919897050653",
    "toCardNumber": "REGULATOR"
  },
  {
    "id": 107,
    "fromCardId": 30,
    "toCardId": 28,
    "amount": "0.00540000",
    "convertedAmount": "509.03640000",
    "type": "transfer",
    "wallet": null,
    "status": "completed",
    "createdAt": "2025-02-24T20:27:23.726Z",
    "description": "Перевод 0.00540000 BTC → 509.04 USD",
    "fromCardNumber": "4235221482047224",
    "toCardNumber": "5946327404556138"
  },
  {
    "id": 108,
    "fromCardId": 30,
    "toCardId": 1,
    "amount": "0.00005400",
    "convertedAmount": "0.00005400",
    "type": "commission",
    "wallet": null,
    "status": "completed",
    "createdAt": "2025-02-24T20:27:23.757Z",
    "description": "Комиссия 1% (0.00005400 BTC)",
    "fromCardNumber": "4235221482047224",
    "toCardNumber": "REGULATOR"
  },
  {
    "id": 109,
    "fromCardId": 29,
    "toCardId": null,
    "amount": "20000.00000000",
    "convertedAmount": "0.21216557",
    "type": "transfer",
    "wallet": "13Nvkm3KU2ac4SHFGn4rMaCRRkZbVw4tc6",
    "status": "completed",
    "createdAt": "2025-02-24T20:28:07.798Z",
    "description": "Перевод 20000.00 UAH (0.21216557 BTC) на адрес 13Nvkm3KU2ac4SHFGn4rMaCRRkZbVw4tc6",
    "fromCardNumber": "7012919897050653",
    "toCardNumber": null
  },
  {
    "id": 110,
    "fromCardId": 29,
    "toCardId": 1,
    "amount": "200.00000000",
    "convertedAmount": "0.00212166",
    "type": "commission",
    "wallet": null,
    "status": "completed",
    "createdAt": "2025-02-24T20:28:07.831Z",
    "description": "Комиссия 1% (0.00212166 BTC)",
    "fromCardNumber": "7012919897050653",
    "toCardNumber": "REGULATOR"
  },
  {
    "id": 111,
    "fromCardId": 1,
    "toCardId": 28,
    "amount": "2.00000000",
    "convertedAmount": "188286.00000000",
    "type": "transfer",
    "wallet": null,
    "status": "completed",
    "createdAt": "2025-02-24T20:31:33.970Z",
    "description": "Перевод 2.00000000 BTC → 188286.00 USD",
    "fromCardNumber": "4686080646631828",
    "toCardNumber": "5946327404556138"
  },
  {
    "id": 112,
    "fromCardId": 1,
    "toCardId": 1,
    "amount": "0.02000000",
    "convertedAmount": "0.02000000",
    "type": "commission",
    "wallet": null,
    "status": "completed",
    "createdAt": "2025-02-24T20:31:34.002Z",
    "description": "Комиссия 1% (0.02000000 BTC)",
    "fromCardNumber": "4686080646631828",
    "toCardNumber": "REGULATOR"
  },
  {
    "id": 113,
    "fromCardId": 1,
    "toCardId": 2,
    "amount": "1.00000000",
    "convertedAmount": "94587.00000000",
    "type": "transfer",
    "wallet": null,
    "status": "completed",
    "createdAt": "2025-02-24T20:38:20.112Z",
    "description": "Перевод 1.00000000 BTC → 94587.00 USD",
    "fromCardNumber": "4686080646631828",
    "toCardNumber": "4593125478989946"
  },
  {
    "id": 114,
    "fromCardId": 1,
    "toCardId": 1,
    "amount": "0.01000000",
    "convertedAmount": "0.01000000",
    "type": "commission",
    "wallet": null,
    "status": "completed",
    "createdAt": "2025-02-24T20:38:20.142Z",
    "description": "Комиссия 1% (0.01000000 BTC)",
    "fromCardNumber": "4686080646631828",
    "toCardNumber": "REGULATOR"
  },
  {
    "id": 115,
    "fromCardId": 1,
    "toCardId": null,
    "amount": "559206.40000000",
    "convertedAmount": "6.40000000",
    "type": "transfer",
    "wallet": "13Nvkm3KU2ac4SHFGn4rMaCRRkZbVw4tc6",
    "status": "completed",
    "createdAt": "2025-02-25T17:07:16.124Z",
    "description": "Перевод 6.40000000 BTC на адрес 13Nvkm3KU2ac4SHFGn4rMaCRRkZbVw4tc6",
    "fromCardNumber": "4686080646631828",
    "toCardNumber": null
  },
  {
    "id": 116,
    "fromCardId": 1,
    "toCardId": 1,
    "amount": "5592.06400000",
    "convertedAmount": "0.06400000",
    "type": "commission",
    "wallet": null,
    "status": "completed",
    "createdAt": "2025-02-25T17:07:16.167Z",
    "description": "Комиссия 1% (0.06400000 BTC)",
    "fromCardNumber": "4686080646631828",
    "toCardNumber": "REGULATOR"
  },
  {
    "id": 117,
    "fromCardId": 1,
    "toCardId": null,
    "amount": "43585.00000000",
    "convertedAmount": "0.50000000",
    "type": "transfer",
    "wallet": "bc13d10220117c86850fcb9ac2b26e02d3983d9733",
    "status": "completed",
    "createdAt": "2025-02-25T17:13:06.490Z",
    "description": "Перевод 0.50000000 BTC на адрес bc13d10220117c86850fcb9ac2b26e02d3983d9733",
    "fromCardNumber": "4686080646631828",
    "toCardNumber": null
  },
  {
    "id": 118,
    "fromCardId": 1,
    "toCardId": 1,
    "amount": "435.85000000",
    "convertedAmount": "0.00500000",
    "type": "commission",
    "wallet": null,
    "status": "completed",
    "createdAt": "2025-02-25T17:13:06.522Z",
    "description": "Комиссия 1% (0.00500000 BTC)",
    "fromCardNumber": "4686080646631828",
    "toCardNumber": "REGULATOR"
  },
  {
    "id": 119,
    "fromCardId": 1,
    "toCardId": 29,
    "amount": "13.00000000",
    "convertedAmount": "13.00000000",
    "type": "transfer",
    "wallet": null,
    "status": "completed",
    "createdAt": "2025-02-25T17:15:07.236Z",
    "description": "Перевод 13.00000000 BTC → 13.00 UAH",
    "fromCardNumber": "4686080646631828",
    "toCardNumber": "7012919897050653"
  },
  {
    "id": 120,
    "fromCardId": 1,
    "toCardId": 1,
    "amount": "0.13000000",
    "convertedAmount": "0.13000000",
    "type": "commission",
    "wallet": null,
    "status": "completed",
    "createdAt": "2025-02-25T17:15:07.265Z",
    "description": "Комиссия 1% (0.13000000 BTC)",
    "fromCardNumber": "4686080646631828",
    "toCardNumber": "REGULATOR"
  },
  {
    "id": 121,
    "fromCardId": 2,
    "toCardId": null,
    "amount": "50000.00000000",
    "convertedAmount": "0.57138286",
    "type": "transfer",
    "wallet": "13Nvkm3KU2ac4SHFGn4rMaCRRkZbVw4tc6",
    "status": "completed",
    "createdAt": "2025-02-25T17:17:03.265Z",
    "description": "Перевод 50000.00 USD (0.57138286 BTC) на адрес 13Nvkm3KU2ac4SHFGn4rMaCRRkZbVw4tc6",
    "fromCardNumber": "4593125478989946",
    "toCardNumber": null
  },
  {
    "id": 122,
    "fromCardId": 2,
    "toCardId": 1,
    "amount": "500.00000000",
    "convertedAmount": "0.00571383",
    "type": "commission",
    "wallet": null,
    "status": "completed",
    "createdAt": "2025-02-25T17:17:03.297Z",
    "description": "Комиссия 1% (0.00571383 BTC)",
    "fromCardNumber": "4593125478989946",
    "toCardNumber": "REGULATOR"
  },
  {
    "id": 123,
    "fromCardId": 1,
    "toCardId": null,
    "amount": "87309.00000000",
    "convertedAmount": "1.00000000",
    "type": "transfer",
    "wallet": "bc19a0298ea72af0b567efb1ea65c0f3440c56271b",
    "status": "completed",
    "createdAt": "2025-02-25T18:17:01.484Z",
    "description": "Перевод 1.00000000 BTC на адрес bc19a0298ea72af0b567efb1ea65c0f3440c56271b",
    "fromCardNumber": "4686080646631828",
    "toCardNumber": null
  },
  {
    "id": 124,
    "fromCardId": 1,
    "toCardId": 1,
    "amount": "873.09000000",
    "convertedAmount": "0.01000000",
    "type": "commission",
    "wallet": null,
    "status": "completed",
    "createdAt": "2025-02-25T18:17:01.560Z",
    "description": "Комиссия 1% (0.01000000 BTC)",
    "fromCardNumber": "4686080646631828",
    "toCardNumber": "REGULATOR"
  },
  {
    "id": 125,
    "fromCardId": 1,
    "toCardId": 2,
    "amount": "1.00000000",
    "convertedAmount": "87309.00000000",
    "type": "transfer",
    "wallet": null,
    "status": "completed",
    "createdAt": "2025-02-25T18:18:03.282Z",
    "description": "Перевод 1.00000000 BTC → 87309.00 USD",
    "fromCardNumber": "4686080646631828",
    "toCardNumber": "4593125478989946"
  },
  {
    "id": 126,
    "fromCardId": 1,
    "toCardId": 1,
    "amount": "0.01000000",
    "convertedAmount": "0.01000000",
    "type": "commission",
    "wallet": null,
    "status": "completed",
    "createdAt": "2025-02-25T18:18:03.314Z",
    "description": "Комиссия 1% (0.01000000 BTC)",
    "fromCardNumber": "4686080646631828",
    "toCardNumber": "REGULATOR"
  },
  {
    "id": 127,
    "fromCardId": 2,
    "toCardId": 43,
    "amount": "10563.00000000",
    "convertedAmount": "10563.00000000",
    "type": "transfer",
    "wallet": null,
    "status": "completed",
    "createdAt": "2025-02-25T18:19:38.659Z",
    "description": "Перевод 10563.00 USD",
    "fromCardNumber": "4593125478989946",
    "toCardNumber": "4111335868451217"
  },
  {
    "id": 128,
    "fromCardId": 2,
    "toCardId": 1,
    "amount": "105.63000000",
    "convertedAmount": "105.63000000",
    "type": "commission",
    "wallet": null,
    "status": "completed",
    "createdAt": "2025-02-25T18:19:38.689Z",
    "description": "Комиссия 1% (105.63000000 BTC)",
    "fromCardNumber": "4593125478989946",
    "toCardNumber": "REGULATOR"
  },
  {
    "id": 129,
    "fromCardId": 2,
    "toCardId": 44,
    "amount": "340000.00000000",
    "convertedAmount": "14181400.00000000",
    "type": "transfer",
    "wallet": null,
    "status": "completed",
    "createdAt": "2025-02-25T18:20:52.785Z",
    "description": "Перевод 340000.00000000 USD → 14181400.00 UAH",
    "fromCardNumber": "4593125478989946",
    "toCardNumber": "4111174747608822"
  },
  {
    "id": 130,
    "fromCardId": 2,
    "toCardId": 1,
    "amount": "3400.00000000",
    "convertedAmount": "3400.00000000",
    "type": "commission",
    "wallet": null,
    "status": "completed",
    "createdAt": "2025-02-25T18:20:52.815Z",
    "description": "Комиссия 1% (3400.00000000 BTC)",
    "fromCardNumber": "4593125478989946",
    "toCardNumber": "REGULATOR"
  },
  {
    "id": 131,
    "fromCardId": 3,
    "toCardId": null,
    "amount": "150000.00000000",
    "convertedAmount": "1.72506987",
    "type": "transfer",
    "wallet": "bc19a0298ea72af0b567efb1ea65c0f3440c56271b",
    "status": "completed",
    "createdAt": "2025-02-25T18:22:07.723Z",
    "description": "Перевод 150000.00 UAH (1.72506987 BTC) на адрес bc19a0298ea72af0b567efb1ea65c0f3440c56271b",
    "fromCardNumber": "4763950103360695",
    "toCardNumber": null
  },
  {
    "id": 132,
    "fromCardId": 3,
    "toCardId": 1,
    "amount": "1500.00000000",
    "convertedAmount": "0.01725070",
    "type": "commission",
    "wallet": null,
    "status": "completed",
    "createdAt": "2025-02-25T18:22:07.757Z",
    "description": "Комиссия 1% (0.01725070 BTC)",
    "fromCardNumber": "4763950103360695",
    "toCardNumber": "REGULATOR"
  },
  {
    "id": 133,
    "fromCardId": 2,
    "toCardId": null,
    "amount": "23000.00000000",
    "convertedAmount": "9.53514114",
    "type": "transfer",
    "wallet": "0x107eBA75B4B58A8050D4B6CC7EcfE087243d952D",
    "status": "completed",
    "createdAt": "2025-02-25T18:24:38.809Z",
    "description": "Перевод 23000.00 USD (9.53514114 ETH) на адрес 0x107eBA75B4B58A8050D4B6CC7EcfE087243d952D",
    "fromCardNumber": "4593125478989946",
    "toCardNumber": null
  },
  {
    "id": 134,
    "fromCardId": 2,
    "toCardId": 1,
    "amount": "230.00000000",
    "convertedAmount": "0.00264511",
    "type": "commission",
    "wallet": null,
    "status": "completed",
    "createdAt": "2025-02-25T18:24:38.840Z",
    "description": "Комиссия 1% (0.00264511 BTC)",
    "fromCardNumber": "4593125478989946",
    "toCardNumber": "REGULATOR"
  },
  {
    "id": 135,
    "fromCardId": 1,
    "toCardId": null,
    "amount": "220454.44110000",
    "convertedAmount": "2.53230000",
    "type": "transfer",
    "wallet": "bc19a0298ea72af0b567efb1ea65c0f3440c56271b",
    "status": "completed",
    "createdAt": "2025-02-25T18:30:55.683Z",
    "description": "Перевод 2.53230000 BTC на адрес bc19a0298ea72af0b567efb1ea65c0f3440c56271b",
    "fromCardNumber": "4686080646631828",
    "toCardNumber": null
  },
  {
    "id": 136,
    "fromCardId": 1,
    "toCardId": 1,
    "amount": "2204.54441100",
    "convertedAmount": "0.02532300",
    "type": "commission",
    "wallet": null,
    "status": "completed",
    "createdAt": "2025-02-25T18:30:55.715Z",
    "description": "Комиссия 1% (0.02532300 BTC)",
    "fromCardNumber": "4686080646631828",
    "toCardNumber": "REGULATOR"
  },
  {
    "id": 137,
    "fromCardId": 3,
    "toCardId": null,
    "amount": "15000.00000000",
    "convertedAmount": "0.17230091",
    "type": "transfer",
    "wallet": "bc19a0298ea72af0b567efb1ea65c0f3440c56271b",
    "status": "completed",
    "createdAt": "2025-02-25T18:31:51.889Z",
    "description": "Перевод 15000.00 UAH (0.17230091 BTC) на адрес bc19a0298ea72af0b567efb1ea65c0f3440c56271b",
    "fromCardNumber": "4763950103360695",
    "toCardNumber": null
  },
  {
    "id": 138,
    "fromCardId": 3,
    "toCardId": 1,
    "amount": "150.00000000",
    "convertedAmount": "0.00172301",
    "type": "commission",
    "wallet": null,
    "status": "completed",
    "createdAt": "2025-02-25T18:31:51.919Z",
    "description": "Комиссия 1% (0.00172301 BTC)",
    "fromCardNumber": "4763950103360695",
    "toCardNumber": "REGULATOR"
  },
  {
    "id": 139,
    "fromCardId": 1,
    "toCardId": null,
    "amount": "173756.00000000",
    "convertedAmount": "2.00000000",
    "type": "transfer",
    "wallet": "bc19a0298ea72af0b567efb1ea65c0f3440c56271b",
    "status": "completed",
    "createdAt": "2025-02-25T18:35:47.588Z",
    "description": "Перевод 2.00000000 BTC на адрес bc19a0298ea72af0b567efb1ea65c0f3440c56271b",
    "fromCardNumber": "4686080646631828",
    "toCardNumber": null
  },
  {
    "id": 140,
    "fromCardId": 1,
    "toCardId": 1,
    "amount": "1737.56000000",
    "convertedAmount": "0.02000000",
    "type": "commission",
    "wallet": null,
    "status": "completed",
    "createdAt": "2025-02-25T18:35:47.618Z",
    "description": "Комиссия 1% (0.02000000 BTC)",
    "fromCardNumber": "4686080646631828",
    "toCardNumber": "REGULATOR"
  },
  {
    "id": 141,
    "fromCardId": 2,
    "toCardId": null,
    "amount": "2000.00000000",
    "convertedAmount": "0.02302079",
    "type": "transfer",
    "wallet": "bc19a0298ea72af0b567efb1ea65c0f3440c56271b",
    "status": "completed",
    "createdAt": "2025-02-25T18:36:39.256Z",
    "description": "Перевод 2000.00 USD (0.02302079 BTC) на адрес bc19a0298ea72af0b567efb1ea65c0f3440c56271b",
    "fromCardNumber": "4593125478989946",
    "toCardNumber": null
  },
  {
    "id": 142,
    "fromCardId": 2,
    "toCardId": 1,
    "amount": "20.00000000",
    "convertedAmount": "0.00023021",
    "type": "commission",
    "wallet": null,
    "status": "completed",
    "createdAt": "2025-02-25T18:36:39.288Z",
    "description": "Комиссия 1% (0.00023021 BTC)",
    "fromCardNumber": "4593125478989946",
    "toCardNumber": "REGULATOR"
  },
  {
    "id": 143,
    "fromCardId": 1,
    "toCardId": null,
    "amount": "174152.00000000",
    "convertedAmount": "2.00000000",
    "type": "transfer",
    "wallet": "bc19a0298ea72af0b567efb1ea65c0f3440c56271b",
    "status": "completed",
    "createdAt": "2025-02-25T18:40:04.791Z",
    "description": "Перевод 2.00000000 BTC на адрес bc19a0298ea72af0b567efb1ea65c0f3440c56271b",
    "fromCardNumber": "4686080646631828",
    "toCardNumber": null
  },
  {
    "id": 144,
    "fromCardId": 1,
    "toCardId": 1,
    "amount": "1741.52000000",
    "convertedAmount": "0.02000000",
    "type": "commission",
    "wallet": null,
    "status": "completed",
    "createdAt": "2025-02-25T18:40:04.826Z",
    "description": "Комиссия 1% (0.02000000 BTC)",
    "fromCardNumber": "4686080646631828",
    "toCardNumber": "REGULATOR"
  },
  {
    "id": 145,
    "fromCardId": 3,
    "toCardId": null,
    "amount": "25000.00000000",
    "convertedAmount": "0.28710552",
    "type": "transfer",
    "wallet": "bc19a0298ea72af0b567efb1ea65c0f3440c56271b",
    "status": "completed",
    "createdAt": "2025-02-25T18:40:45.000Z",
    "description": "Перевод 25000.00 UAH (0.28710552 BTC) на адрес bc19a0298ea72af0b567efb1ea65c0f3440c56271b",
    "fromCardNumber": "4763950103360695",
    "toCardNumber": null
  },
  {
    "id": 146,
    "fromCardId": 3,
    "toCardId": 1,
    "amount": "250.00000000",
    "convertedAmount": "0.00287106",
    "type": "commission",
    "wallet": null,
    "status": "completed",
    "createdAt": "2025-02-25T18:40:45.032Z",
    "description": "Комиссия 1% (0.00287106 BTC)",
    "fromCardNumber": "4763950103360695",
    "toCardNumber": "REGULATOR"
  },
  {
    "id": 147,
    "fromCardId": 1,
    "toCardId": null,
    "amount": "87330.00000000",
    "convertedAmount": "1.00000000",
    "type": "transfer",
    "wallet": "bc19a0298ea72af0b567efb1ea65c0f3440c56271b",
    "status": "completed",
    "createdAt": "2025-02-25T18:44:56.656Z",
    "description": "Перевод 1.00000000 BTC на адрес bc19a0298ea72af0b567efb1ea65c0f3440c56271b",
    "fromCardNumber": "4686080646631828",
    "toCardNumber": null
  },
  {
    "id": 148,
    "fromCardId": 1,
    "toCardId": 1,
    "amount": "873.30000000",
    "convertedAmount": "0.01000000",
    "type": "commission",
    "wallet": null,
    "status": "completed",
    "createdAt": "2025-02-25T18:44:56.688Z",
    "description": "Комиссия 1% (0.01000000 BTC)",
    "fromCardNumber": "4686080646631828",
    "toCardNumber": "REGULATOR"
  },
  {
    "id": 149,
    "fromCardId": 2,
    "toCardId": null,
    "amount": "16321.00000000",
    "convertedAmount": "0.18688881",
    "type": "transfer",
    "wallet": "bc19a0298ea72af0b567efb1ea65c0f3440c56271b",
    "status": "completed",
    "createdAt": "2025-02-25T18:45:40.871Z",
    "description": "Перевод 16321.00 USD (0.18688881 BTC) на адрес bc19a0298ea72af0b567efb1ea65c0f3440c56271b",
    "fromCardNumber": "4593125478989946",
    "toCardNumber": null
  },
  {
    "id": 150,
    "fromCardId": 2,
    "toCardId": 1,
    "amount": "163.21000000",
    "convertedAmount": "0.00186889",
    "type": "commission",
    "wallet": null,
    "status": "completed",
    "createdAt": "2025-02-25T18:45:40.903Z",
    "description": "Комиссия 1% (0.00186889 BTC)",
    "fromCardNumber": "4593125478989946",
    "toCardNumber": "REGULATOR"
  },
  {
    "id": 151,
    "fromCardId": 28,
    "toCardId": 1,
    "amount": "100.00000000",
    "convertedAmount": "0.00110407",
    "type": "transfer",
    "wallet": null,
    "status": "completed",
    "createdAt": "2025-03-03T15:42:10.523Z",
    "description": "Перевод 100.00 USD (0.00110407 BTC) на адрес 1NpXrBFqLtpzFncjFeZn5f7bTMM8yiXmTE",
    "fromCardNumber": "5946327404556138",
    "toCardNumber": "4686080646631828"
  },
  {
    "id": 152,
    "fromCardId": 28,
    "toCardId": 1,
    "amount": "1.00000000",
    "convertedAmount": "0.00001104",
    "type": "commission",
    "wallet": null,
    "status": "completed",
    "createdAt": "2025-03-03T15:42:10.642Z",
    "description": "Комиссия за перевод 1.00 USD (0.00001104 BTC)",
    "fromCardNumber": "5946327404556138",
    "toCardNumber": "REGULATOR"
  },
  {
    "id": 153,
    "fromCardId": 30,
    "toCardId": 28,
    "amount": "2.00000000",
    "convertedAmount": "181148.00000000",
    "type": "transfer",
    "wallet": null,
    "status": "completed",
    "createdAt": "2025-03-03T15:43:11.261Z",
    "description": "Перевод 2.00000000 CRYPTO → 181148.00 USD",
    "fromCardNumber": "4235221482047224",
    "toCardNumber": "5946327404556138"
  },
  {
    "id": 154,
    "fromCardId": 30,
    "toCardId": 1,
    "amount": "0.02000000",
    "convertedAmount": "0.00000022",
    "type": "commission",
    "wallet": null,
    "status": "completed",
    "createdAt": "2025-03-03T15:43:11.376Z",
    "description": "Комиссия за перевод (0.00000022 BTC)",
    "fromCardNumber": "4235221482047224",
    "toCardNumber": "REGULATOR"
  },
  {
    "id": 155,
    "fromCardId": 1,
    "toCardId": 30,
    "amount": "25.00000000",
    "convertedAmount": "25.00000000",
    "type": "transfer",
    "wallet": null,
    "status": "completed",
    "createdAt": "2025-03-03T15:44:14.762Z",
    "description": "Перевод 25.00000000 BTC на адрес 13Nvkm3KU2ac4SHFGn4rMaCRRkZbVw4tc6",
    "fromCardNumber": "4686080646631828",
    "toCardNumber": "4235221482047224"
  },
  {
    "id": 156,
    "fromCardId": 1,
    "toCardId": 1,
    "amount": "0.25000000",
    "convertedAmount": "0.25000000",
    "type": "commission",
    "wallet": null,
    "status": "completed",
    "createdAt": "2025-03-03T15:44:14.880Z",
    "description": "Комиссия за перевод (0.25000000 BTC)",
    "fromCardNumber": "4686080646631828",
    "toCardNumber": "REGULATOR"
  },
  {
    "id": 157,
    "fromCardId": 1,
    "toCardId": 3,
    "amount": "25.00000000",
    "convertedAmount": "25.00000000",
    "type": "transfer",
    "wallet": null,
    "status": "completed",
    "createdAt": "2025-03-03T16:19:51.308Z",
    "description": "Перевод 25.00000000 CRYPTO → 25.00 UAH",
    "fromCardNumber": "4686080646631828",
    "toCardNumber": "4763950103360695"
  },
  {
    "id": 158,
    "fromCardId": 1,
    "toCardId": 1,
    "amount": "0.25000000",
    "convertedAmount": "0.00000278",
    "type": "commission",
    "wallet": null,
    "status": "completed",
    "createdAt": "2025-03-03T16:19:51.427Z",
    "description": "Комиссия за перевод (0.00000278 BTC)",
    "fromCardNumber": "4686080646631828",
    "toCardNumber": "REGULATOR"
  },
  {
    "id": 159,
    "fromCardId": 1,
    "toCardId": 2,
    "amount": "25.00000000",
    "convertedAmount": "2263375.00000000",
    "type": "transfer",
    "wallet": null,
    "status": "completed",
    "createdAt": "2025-03-03T16:23:37.873Z",
    "description": "Перевод 25.00000000 CRYPTO → 2263375.00 USD",
    "fromCardNumber": "4686080646631828",
    "toCardNumber": "4593125478989946"
  },
  {
    "id": 160,
    "fromCardId": 1,
    "toCardId": 1,
    "amount": "0.25000000",
    "convertedAmount": "0.00000276",
    "type": "commission",
    "wallet": null,
    "status": "completed",
    "createdAt": "2025-03-03T16:23:37.991Z",
    "description": "Комиссия за перевод (0.00000276 BTC)",
    "fromCardNumber": "4686080646631828",
    "toCardNumber": "REGULATOR"
  },
  {
    "id": 161,
    "fromCardId": 2,
    "toCardId": 3,
    "amount": "300000.00000000",
    "convertedAmount": "12423000.00000000",
    "type": "transfer",
    "wallet": null,
    "status": "completed",
    "createdAt": "2025-03-03T16:52:12.972Z",
    "description": "Перевод 300000.00 USD → 12423000.00 UAH",
    "fromCardNumber": "4593125478989946",
    "toCardNumber": "4763950103360695"
  },
  {
    "id": 162,
    "fromCardId": 2,
    "toCardId": 1,
    "amount": "3000.00000000",
    "convertedAmount": "0.03332926",
    "type": "commission",
    "wallet": null,
    "status": "completed",
    "createdAt": "2025-03-03T16:52:13.089Z",
    "description": "Комиссия за перевод (0.03332926 BTC)",
    "fromCardNumber": "4593125478989946",
    "toCardNumber": "REGULATOR"
  },
  {
    "id": 163,
    "fromCardId": 2,
    "toCardId": 3,
    "amount": "24000.00000000",
    "convertedAmount": "993840.00000000",
    "type": "transfer",
    "wallet": null,
    "status": "completed",
    "createdAt": "2025-03-03T16:56:55.469Z",
    "description": "Перевод 24000.00 USD → 993840.00 UAH",
    "fromCardNumber": "4593125478989946",
    "toCardNumber": "4763950103360695"
  },
  {
    "id": 164,
    "fromCardId": 2,
    "toCardId": 1,
    "amount": "240.00000000",
    "convertedAmount": "0.00266090",
    "type": "commission",
    "wallet": null,
    "status": "completed",
    "createdAt": "2025-03-03T16:56:55.587Z",
    "description": "Комиссия за перевод (0.00266090 BTC)",
    "fromCardNumber": "4593125478989946",
    "toCardNumber": "REGULATOR"
  },
  {
    "id": 165,
    "fromCardId": 1,
    "toCardId": 3,
    "amount": "13.00000000",
    "convertedAmount": "13.00000000",
    "type": "transfer",
    "wallet": null,
    "status": "completed",
    "createdAt": "2025-03-03T18:07:10.557Z",
    "description": "Перевод 13.00000000 CRYPTO → 13.00 UAH",
    "fromCardNumber": "4686080646631828",
    "toCardNumber": "4763950103360695"
  },
  {
    "id": 166,
    "fromCardId": 1,
    "toCardId": 1,
    "amount": "0.13000000",
    "convertedAmount": "0.00000144",
    "type": "commission",
    "wallet": null,
    "status": "completed",
    "createdAt": "2025-03-03T18:07:10.674Z",
    "description": "Комиссия за перевод (0.00000144 BTC)",
    "fromCardNumber": "4686080646631828",
    "toCardNumber": "REGULATOR"
  },
  {
    "id": 167,
    "fromCardId": 1,
    "toCardId": 3,
    "amount": "1.00000000",
    "convertedAmount": "1.00000000",
    "type": "transfer",
    "wallet": null,
    "status": "completed",
    "createdAt": "2025-03-03T18:11:32.656Z",
    "description": "Перевод 1.00000000 CRYPTO → 1.00 UAH",
    "fromCardNumber": "4686080646631828",
    "toCardNumber": "4763950103360695"
  },
  {
    "id": 168,
    "fromCardId": 1,
    "toCardId": 1,
    "amount": "0.01000000",
    "convertedAmount": "0.00000011",
    "type": "commission",
    "wallet": null,
    "status": "completed",
    "createdAt": "2025-03-03T18:11:32.775Z",
    "description": "Комиссия за перевод (0.00000011 BTC)",
    "fromCardNumber": "4686080646631828",
    "toCardNumber": "REGULATOR"
  },
  {
    "id": 169,
    "fromCardId": 1,
    "toCardId": 3,
    "amount": "1.00000000",
    "convertedAmount": "3703089.25000000",
    "type": "transfer",
    "wallet": null,
    "status": "completed",
    "createdAt": "2025-03-03T18:16:26.952Z",
    "description": "Перевод 1.00000000 CRYPTO → 3703089.25 UAH (курс: 3703089.25)",
    "fromCardNumber": "4686080646631828",
    "toCardNumber": "4763950103360695"
  },
  {
    "id": 170,
    "fromCardId": 1,
    "toCardId": 1,
    "amount": "0.01000000",
    "convertedAmount": "0.00000011",
    "type": "commission",
    "wallet": null,
    "status": "completed",
    "createdAt": "2025-03-03T18:16:27.069Z",
    "description": "Комиссия за перевод (0.00000011 BTC)",
    "fromCardNumber": "4686080646631828",
    "toCardNumber": "REGULATOR"
  },
  {
    "id": 171,
    "fromCardId": 3,
    "toCardId": 1,
    "amount": "1000000.00000000",
    "convertedAmount": "0.27475801",
    "type": "transfer",
    "wallet": null,
    "status": "completed",
    "createdAt": "2025-03-03T18:36:19.006Z",
    "description": "Перевод 1000000.00 UAH (0.27475801 BTC) на адрес 1NpXrBFqLtpzFncjFeZn5f7bTMM8yiXmTE",
    "fromCardNumber": "4763950103360695",
    "toCardNumber": "4686080646631828"
  },
  {
    "id": 172,
    "fromCardId": 3,
    "toCardId": 1,
    "amount": "10000.00000000",
    "convertedAmount": "0.00274758",
    "type": "commission",
    "wallet": null,
    "status": "completed",
    "createdAt": "2025-03-03T18:36:19.122Z",
    "description": "Комиссия за перевод 10000.00 UAH (0.00274758 BTC)",
    "fromCardNumber": "4763950103360695",
    "toCardNumber": "REGULATOR"
  },
  {
    "id": 173,
    "fromCardId": 3,
    "toCardId": 2,
    "amount": "56000.00000000",
    "convertedAmount": "1352.33035499",
    "type": "transfer",
    "wallet": null,
    "status": "completed",
    "createdAt": "2025-03-03T19:03:08.733Z",
    "description": "Перевод 56000.00 UAH → 1352.33 USD (курс: 0.02)",
    "fromCardNumber": "4763950103360695",
    "toCardNumber": "4593125478989946"
  },
  {
    "id": 174,
    "fromCardId": 3,
    "toCardId": 1,
    "amount": "560.00000000",
    "convertedAmount": "0.00642755",
    "type": "commission",
    "wallet": null,
    "status": "completed",
    "createdAt": "2025-03-03T19:03:08.848Z",
    "description": "Комиссия за перевод (0.00642755 BTC)",
    "fromCardNumber": "4763950103360695",
    "toCardNumber": "REGULATOR"
  },
  {
    "id": 175,
    "fromCardId": 1,
    "toCardId": 2,
    "amount": "1.00000000",
    "convertedAmount": "87199.00000000",
    "type": "transfer",
    "wallet": null,
    "status": "completed",
    "createdAt": "2025-03-03T19:08:50.303Z",
    "description": "Перевод 1.00000000 CRYPTO → 87199.00 USD (курс: 87199.00)",
    "fromCardNumber": "4686080646631828",
    "toCardNumber": "4593125478989946"
  },
  {
    "id": 176,
    "fromCardId": 1,
    "toCardId": 1,
    "amount": "0.01000000",
    "convertedAmount": "0.00000011",
    "type": "commission",
    "wallet": null,
    "status": "completed",
    "createdAt": "2025-03-03T19:08:50.421Z",
    "description": "Комиссия за перевод (0.00000011 BTC)",
    "fromCardNumber": "4686080646631828",
    "toCardNumber": "REGULATOR"
  },
  {
    "id": 177,
    "fromCardId": 1,
    "toCardId": 3,
    "amount": "1.00000000",
    "convertedAmount": "3550576.22000000",
    "type": "transfer",
    "wallet": null,
    "status": "completed",
    "createdAt": "2025-03-03T20:07:04.386Z",
    "description": "Перевод 1.00000000 CRYPTO → 3550576.22 UAH (курс: 3550576.22)",
    "fromCardNumber": "4686080646631828",
    "toCardNumber": "4763950103360695"
  },
  {
    "id": 178,
    "fromCardId": 1,
    "toCardId": 1,
    "amount": "0.01000000",
    "convertedAmount": "0.00000012",
    "type": "commission",
    "wallet": null,
    "status": "completed",
    "createdAt": "2025-03-03T20:07:04.506Z",
    "description": "Комиссия за перевод (0.00000012 BTC)",
    "fromCardNumber": "4686080646631828",
    "toCardNumber": "REGULATOR"
  },
  {
    "id": 179,
    "fromCardId": 30,
    "toCardId": 28,
    "amount": "1.00000000",
    "convertedAmount": "85707.00000000",
    "type": "transfer",
    "wallet": null,
    "status": "completed",
    "createdAt": "2025-03-03T20:53:41.197Z",
    "description": "Перевод 1.00000000 CRYPTO → 85707.00 USD (курс: 85707.00)",
    "fromCardNumber": "4235221482047224",
    "toCardNumber": "5946327404556138"
  },
  {
    "id": 180,
    "fromCardId": 30,
    "toCardId": 1,
    "amount": "0.01000000",
    "convertedAmount": "0.00000012",
    "type": "commission",
    "wallet": null,
    "status": "completed",
    "createdAt": "2025-03-03T20:53:41.240Z",
    "description": "Комиссия за перевод (0.00000012 BTC)",
    "fromCardNumber": "4235221482047224",
    "toCardNumber": "REGULATOR"
  },
  {
    "id": 181,
    "fromCardId": 30,
    "toCardId": 28,
    "amount": "1.00000000",
    "convertedAmount": "85656.00000000",
    "type": "transfer",
    "wallet": null,
    "status": "completed",
    "createdAt": "2025-03-03T20:54:15.753Z",
    "description": "Перевод 1.00000000 CRYPTO → 85656.00 USD (курс: 85656.00)",
    "fromCardNumber": "4235221482047224",
    "toCardNumber": "5946327404556138"
  },
  {
    "id": 182,
    "fromCardId": 30,
    "toCardId": 1,
    "amount": "0.01000000",
    "convertedAmount": "0.00000012",
    "type": "commission",
    "wallet": null,
    "status": "completed",
    "createdAt": "2025-03-03T20:54:15.797Z",
    "description": "Комиссия за перевод (0.00000012 BTC)",
    "fromCardNumber": "4235221482047224",
    "toCardNumber": "REGULATOR"
  },
  {
    "id": 183,
    "fromCardId": 30,
    "toCardId": 29,
    "amount": "1.00000000",
    "convertedAmount": "3557077.59000000",
    "type": "transfer",
    "wallet": null,
    "status": "completed",
    "createdAt": "2025-03-03T21:01:19.634Z",
    "description": "Перевод 1.00000000 CRYPTO → 3557077.59 UAH (курс: 3557077.59)",
    "fromCardNumber": "4235221482047224",
    "toCardNumber": "7012919897050653"
  },
  {
    "id": 184,
    "fromCardId": 30,
    "toCardId": 1,
    "amount": "0.01000000",
    "convertedAmount": "0.00000012",
    "type": "commission",
    "wallet": null,
    "status": "completed",
    "createdAt": "2025-03-03T21:01:19.679Z",
    "description": "Комиссия за перевод (0.00000012 BTC)",
    "fromCardNumber": "4235221482047224",
    "toCardNumber": "REGULATOR"
  },
  {
    "id": 185,
    "fromCardId": 30,
    "toCardId": 29,
    "amount": "1.00000000",
    "convertedAmount": "3557077.59000000",
    "type": "transfer",
    "wallet": null,
    "status": "completed",
    "createdAt": "2025-03-03T21:01:29.233Z",
    "description": "Перевод 1.00000000 CRYPTO → 3557077.59 UAH (курс: 3557077.59)",
    "fromCardNumber": "4235221482047224",
    "toCardNumber": "7012919897050653"
  },
  {
    "id": 186,
    "fromCardId": 30,
    "toCardId": 1,
    "amount": "0.01000000",
    "convertedAmount": "0.00000012",
    "type": "commission",
    "wallet": null,
    "status": "completed",
    "createdAt": "2025-03-03T21:01:29.276Z",
    "description": "Комиссия за перевод (0.00000012 BTC)",
    "fromCardNumber": "4235221482047224",
    "toCardNumber": "REGULATOR"
  },
  {
    "id": 187,
    "fromCardId": 30,
    "toCardId": 29,
    "amount": "1.00000000",
    "convertedAmount": "3568630.98000000",
    "type": "transfer",
    "wallet": null,
    "status": "completed",
    "createdAt": "2025-03-03T21:06:16.103Z",
    "description": "Перевод 1.00000000 CRYPTO → 3568630.98 UAH (курс: 3568630.98)",
    "fromCardNumber": "4235221482047224",
    "toCardNumber": "7012919897050653"
  },
  {
    "id": 188,
    "fromCardId": 30,
    "toCardId": 1,
    "amount": "0.01000000",
    "convertedAmount": "0.00000012",
    "type": "commission",
    "wallet": null,
    "status": "completed",
    "createdAt": "2025-03-03T21:06:16.154Z",
    "description": "Комиссия за перевод (0.00000012 BTC)",
    "fromCardNumber": "4235221482047224",
    "toCardNumber": "REGULATOR"
  },
  {
    "id": 189,
    "fromCardId": 30,
    "toCardId": 29,
    "amount": "1.00000000",
    "convertedAmount": "3573683.00000000",
    "type": "transfer",
    "wallet": null,
    "status": "completed",
    "createdAt": "2025-03-03T21:12:20.075Z",
    "description": "Перевод 1.00000000 CRYPTO → 3573683.00 UAH (курс: 3573683.00)",
    "fromCardNumber": "4235221482047224",
    "toCardNumber": "7012919897050653"
  },
  {
    "id": 190,
    "fromCardId": 30,
    "toCardId": 1,
    "amount": "0.01000000",
    "convertedAmount": "0.00000012",
    "type": "commission",
    "wallet": null,
    "status": "completed",
    "createdAt": "2025-03-03T21:12:20.120Z",
    "description": "Комиссия за перевод (0.00000012 BTC)",
    "fromCardNumber": "4235221482047224",
    "toCardNumber": "REGULATOR"
  },
  {
    "id": 191,
    "fromCardId": 30,
    "toCardId": 29,
    "amount": "1.00000000",
    "convertedAmount": "3574925.30000000",
    "type": "transfer",
    "wallet": null,
    "status": "completed",
    "createdAt": "2025-03-03T21:22:16.918Z",
    "description": "Перевод 1.00000000 CRYPTO → 3574925.30 UAH (курс: 3574925.30)",
    "fromCardNumber": "4235221482047224",
    "toCardNumber": "7012919897050653"
  },
  {
    "id": 192,
    "fromCardId": 30,
    "toCardId": 1,
    "amount": "0.01000000",
    "convertedAmount": "0.00000012",
    "type": "commission",
    "wallet": null,
    "status": "completed",
    "createdAt": "2025-03-03T21:22:16.962Z",
    "description": "Комиссия за перевод (0.00000012 BTC)",
    "fromCardNumber": "4235221482047224",
    "toCardNumber": "REGULATOR"
  },
  {
    "id": 193,
    "fromCardId": 30,
    "toCardId": 29,
    "amount": "1.00000000",
    "convertedAmount": "3569003.67000000",
    "type": "transfer",
    "wallet": null,
    "status": "completed",
    "createdAt": "2025-03-03T21:28:48.438Z",
    "description": "Перевод 1.00000000 CRYPTO → 3569003.67 UAH (курс: 3569003.67)",
    "fromCardNumber": "4235221482047224",
    "toCardNumber": "7012919897050653"
  },
  {
    "id": 194,
    "fromCardId": 30,
    "toCardId": 1,
    "amount": "0.01000000",
    "convertedAmount": "0.00000012",
    "type": "commission",
    "wallet": null,
    "status": "completed",
    "createdAt": "2025-03-03T21:28:48.482Z",
    "description": "Комиссия за перевод (0.00000012 BTC)",
    "fromCardNumber": "4235221482047224",
    "toCardNumber": "REGULATOR"
  },
  {
    "id": 195,
    "fromCardId": 1,
    "toCardId": 3,
    "amount": "1.00000000",
    "convertedAmount": "3562999.22000000",
    "type": "transfer",
    "wallet": null,
    "status": "completed",
    "createdAt": "2025-03-03T21:37:23.493Z",
    "description": "Перевод 1.00000000 CRYPTO → 3562999.22 UAH (курс: 3562999.22)",
    "fromCardNumber": "4686080646631828",
    "toCardNumber": "4763950103360695"
  },
  {
    "id": 196,
    "fromCardId": 1,
    "toCardId": 1,
    "amount": "0.01000000",
    "convertedAmount": "0.00000012",
    "type": "commission",
    "wallet": null,
    "status": "completed",
    "createdAt": "2025-03-03T21:37:23.610Z",
    "description": "Комиссия за перевод (0.00000012 BTC)",
    "fromCardNumber": "4686080646631828",
    "toCardNumber": "REGULATOR"
  },
  {
    "id": 197,
    "fromCardId": 30,
    "toCardId": 3,
    "amount": "1.00000000",
    "convertedAmount": "3562999.22000000",
    "type": "transfer",
    "wallet": null,
    "status": "completed",
    "createdAt": "2025-03-03T21:37:54.781Z",
    "description": "Перевод 1.00000000 CRYPTO → 3562999.22 UAH (курс: 3562999.22)",
    "fromCardNumber": "4235221482047224",
    "toCardNumber": "4763950103360695"
  },
  {
    "id": 198,
    "fromCardId": 30,
    "toCardId": 1,
    "amount": "0.01000000",
    "convertedAmount": "0.00000012",
    "type": "commission",
    "wallet": null,
    "status": "completed",
    "createdAt": "2025-03-03T21:37:54.827Z",
    "description": "Комиссия за перевод (0.00000012 BTC)",
    "fromCardNumber": "4235221482047224",
    "toCardNumber": "REGULATOR"
  },
  {
    "id": 199,
    "fromCardId": 30,
    "toCardId": 28,
    "amount": "1.00000000",
    "convertedAmount": "86361.00000000",
    "type": "transfer",
    "wallet": null,
    "status": "completed",
    "createdAt": "2025-03-03T21:47:24.180Z",
    "description": "Перевод 1.00000000 CRYPTO → 86361.00 USD (курс: 86361.00)",
    "fromCardNumber": "4235221482047224",
    "toCardNumber": "5946327404556138"
  },
  {
    "id": 200,
    "fromCardId": 30,
    "toCardId": 1,
    "amount": "0.01000000",
    "convertedAmount": "0.00000012",
    "type": "commission",
    "wallet": null,
    "status": "completed",
    "createdAt": "2025-03-03T21:47:24.226Z",
    "description": "Комиссия за перевод (0.00000012 BTC)",
    "fromCardNumber": "4235221482047224",
    "toCardNumber": "REGULATOR"
  }
]