[
  {
    "id": 1,
    "userId": 1,
    "type": "crypto",
    "number": "4686080646631828",
    "expiry": "02/29",
    "cvv": "505",
    "balance": "4883.31000000",
    "btcBalance": "4785.58671423",
    "ethBalance": "12814.94137800",
    "btcAddress": "1NpXrBFqLtpzFncjFeZn5f7bTMM8yiXmTE",
    "ethAddress": "0xe4d787118bfdf3fe7099351946eb4ea14e965a91"
  },
  {
    "id": 2,
    "userId": 1,
    "type": "usd",
    "number": "4593125478989946",
    "expiry": "01/25",
    "cvv": "483",
    "balance": "174638938.98000000",
    "btcBalance": "0.00000000",
    "ethBalance": "0.00000000",
    "btcAddress": null,
    "ethAddress": null
  },
  {
    "id": 3,
    "userId": 1,
    "type": "uah",
    "number": "4763950103360695",
    "expiry": "12/28",
    "cvv": "808",
    "balance": "24900625.10000000",
    "btcBalance": "0.00000000",
    "ethBalance": "0.00000000",
    "btcAddress": null,
    "ethAddress": null
  },
  {
    "id": 4,
    "userId": 5,
    "type": "crypto",
    "number": "4705253597553356",
    "expiry": "08/27",
    "cvv": "734",
    "balance": "26930.00000000",
    "btcBalance": "0.00000000",
    "ethBalance": "0.00000000",
    "btcAddress": "1e99e3cb491521598822e872e9a693f979",
    "ethAddress": "0xcee3853a474711b2f9205306252dce9f14d3899a"
  },
  {
    "id": 5,
    "userId": 5,
    "type": "usd",
    "number": "4283764713218456",
    "expiry": "12/25",
    "cvv": "981",
    "balance": "0.00000000",
    "btcBalance": "0.00000000",
    "ethBalance": "0.00000000",
    "btcAddress": null,
    "ethAddress": null
  },
  {
    "id": 6,
    "userId": 5,
    "type": "uah",
    "number": "4496364436548156",
    "expiry": "02/29",
    "cvv": "238",
    "balance": "0.00000000",
    "btcBalance": "0.00000000",
    "ethBalance": "0.00000000",
    "btcAddress": null,
    "ethAddress": null
  },
  {
    "id": 7,
    "userId": 6,
    "type": "crypto",
    "number": "4279465421080570",
    "expiry": "12/28",
    "cvv": "984",
    "balance": "60221.00000000",
    "btcBalance": "0.00000000",
    "ethBalance": "0.00000000",
    "btcAddress": "1fc33b32ca73fedaa9ef71134271df2a39",
    "ethAddress": "0x727df8b4df41b43210a7fda97e11e0c497bec4e3"
  },
  {
    "id": 8,
    "userId": 6,
    "type": "usd",
    "number": "4823612607289428",
    "expiry": "10/27",
    "cvv": "624",
    "balance": "296219.35000000",
    "btcBalance": "0.00000000",
    "ethBalance": "0.00000000",
    "btcAddress": null,
    "ethAddress": null
  },
  {
    "id": 9,
    "userId": 6,
    "type": "uah",
    "number": "4199184831816278",
    "expiry": "06/29",
    "cvv": "344",
    "balance": "3122361347.00000000",
    "btcBalance": "0.00000000",
    "ethBalance": "0.00000000",
    "btcAddress": null,
    "ethAddress": null
  },
  {
    "id": 10,
    "userId": 2,
    "type": "crypto",
    "number": "2.79227346618239",
    "expiry": "03/29",
    "cvv": "463",
    "balance": "0.00000000",
    "btcBalance": "0.00000000",
    "ethBalance": "0.00000000",
    "btcAddress": "bc1e324eac5b0b425b5e0f7117ef0e665f247b51b5",
    "ethAddress": "0xe324eac5b0b425b5e0f7117ef0e665f247b51b5c"
  },
  {
    "id": 11,
    "userId": 2,
    "type": "uah",
    "number": "9.63504001580842",
    "expiry": "03/29",
    "cvv": "204",
    "balance": "0.00000000",
    "btcBalance": "0.00000000",
    "ethBalance": "0.00000000",
    "btcAddress": null,
    "ethAddress": null
  },
  {
    "id": 12,
    "userId": 2,
    "type": "usd",
    "number": "6.39322484664130",
    "expiry": "03/29",
    "cvv": "791",
    "balance": "0.00000000",
    "btcBalance": "0.00000000",
    "ethBalance": "0.00000000",
    "btcAddress": null,
    "ethAddress": null
  },
  {
    "id": 13,
    "userId": 7,
    "type": "crypto",
    "number": "7.68226693125626",
    "expiry": "03/29",
    "cvv": "048",
    "balance": "0.00000000",
    "btcBalance": "0.00000000",
    "ethBalance": "0.00000000",
    "btcAddress": "bc1724b893e4dd2c6d98818df7bd2112890c69c03b",
    "ethAddress": "0x724b893e4dd2c6d98818df7bd2112890c69c03bd"
  },
  {
    "id": 14,
    "userId": 7,
    "type": "uah",
    "number": "5.16493278862033",
    "expiry": "03/29",
    "cvv": "055",
    "balance": "0.00000000",
    "btcBalance": "0.00000000",
    "ethBalance": "0.00000000",
    "btcAddress": null,
    "ethAddress": null
  },
  {
    "id": 15,
    "userId": 7,
    "type": "usd",
    "number": "2.93310796977809",
    "expiry": "03/29",
    "cvv": "704",
    "balance": "0.00000000",
    "btcBalance": "0.00000000",
    "ethBalance": "0.00000000",
    "btcAddress": null,
    "ethAddress": null
  },
  {
    "id": 16,
    "userId": 8,
    "type": "crypto",
    "number": "5.16823276623542",
    "expiry": "03/29",
    "cvv": "532",
    "balance": "0.00000000",
    "btcBalance": "0.00000000",
    "ethBalance": "0.00000000",
    "btcAddress": "bc1f4123714e269bfc71b68967bb85555178f427bd",
    "ethAddress": "0xf4123714e269bfc71b68967bb85555178f427bde"
  },
  {
    "id": 17,
    "userId": 8,
    "type": "uah",
    "number": "0780859230141619",
    "expiry": "03/29",
    "cvv": "461",
    "balance": "0.00000000",
    "btcBalance": "0.00000000",
    "ethBalance": "0.00000000",
    "btcAddress": null,
    "ethAddress": null
  },
  {
    "id": 18,
    "userId": 8,
    "type": "usd",
    "number": "9.63018111275419",
    "expiry": "03/29",
    "cvv": "748",
    "balance": "0.00000000",
    "btcBalance": "0.00000000",
    "ethBalance": "0.00000000",
    "btcAddress": null,
    "ethAddress": null
  },
  {
    "id": 19,
    "userId": 9,
    "type": "crypto",
    "number": "3.68087985495763",
    "expiry": "03/29",
    "cvv": "671",
    "balance": "0.00000000",
    "btcBalance": "0.00000000",
    "ethBalance": "0.00000000",
    "btcAddress": "bc1b0c8bf32099267a1cbe7105bfddfce908a06c1c",
    "ethAddress": "0xb0c8bf32099267a1cbe7105bfddfce908a06c1c6"
  },
  {
    "id": 20,
    "userId": 9,
    "type": "uah",
    "number": "5.82457449495456",
    "expiry": "03/29",
    "cvv": "267",
    "balance": "0.00000000",
    "btcBalance": "0.00000000",
    "ethBalance": "0.00000000",
    "btcAddress": null,
    "ethAddress": null
  },
  {
    "id": 21,
    "userId": 9,
    "type": "usd",
    "number": "5.52848977462914",
    "expiry": "03/29",
    "cvv": "404",
    "balance": "0.00000000",
    "btcBalance": "0.00000000",
    "ethBalance": "0.00000000",
    "btcAddress": null,
    "ethAddress": null
  }
]