[
  {
    "id": 1,
    "fromCardId": 1,
    "toCardId": 7,
    "amount": "2648.00000000",
    "convertedAmount": "2648.00000000",
    "type": "transfer",
    "wallet": null,
    "status": "completed",
    "createdAt": "2025-02-22T17:39:00.658Z",
    "description": "Transfer from card 4686080646631828 to 4279465421080570",
    "fromCardNumber": "4686080646631828",
    "toCardNumber": "4279465421080570"
  },
  {
    "id": 2,
    "fromCardId": 3,
    "toCardId": 9,
    "amount": "64507.00000000",
    "convertedAmount": "64507.00000000",
    "type": "transfer",
    "wallet": null,
    "status": "completed",
    "createdAt": "2025-02-22T18:08:31.659Z",
    "description": "Transfer from card 4763950103360695 to 4199184831816278",
    "fromCardNumber": "4763950103360695",
    "toCardNumber": "4199184831816278"
  },
  {
    "id": 3,
    "fromCardId": 9,
    "toCardId": 8,
    "amount": "1000.00000000",
    "convertedAmount": "1000.00000000",
    "type": "transfer",
    "wallet": null,
    "status": "completed",
    "createdAt": "2025-02-22T18:12:00.555Z",
    "description": "Transfer from card 4199184831816278 to 4823612607289428",
    "fromCardNumber": "4199184831816278",
    "toCardNumber": "4823612607289428"
  },
  {
    "id": 4,
    "fromCardId": 9,
    "toCardId": 8,
    "amount": "60000.00000000",
    "convertedAmount": "60000.00000000",
    "type": "transfer",
    "wallet": null,
    "status": "completed",
    "createdAt": "2025-02-22T18:13:30.817Z",
    "description": "Transfer from card 4199184831816278 to 4823612607289428",
    "fromCardNumber": "4199184831816278",
    "toCardNumber": "4823612607289428"
  },
  {
    "id": 5,
    "fromCardId": 1,
    "toCardId": 7,
    "amount": "56067.00000000",
    "convertedAmount": "56067.00000000",
    "type": "transfer",
    "wallet": null,
    "status": "completed",
    "createdAt": "2025-02-22T18:21:36.282Z",
    "description": "Transfer from card 4686080646631828 to 4279465421080570",
    "fromCardNumber": "4686080646631828",
    "toCardNumber": "4279465421080570"
  },
  {
    "id": 6,
    "fromCardId": 9,
    "toCardId": 8,
    "amount": "10000000.00000000",
    "convertedAmount": "240153.70000000",
    "type": "transfer",
    "wallet": null,
    "status": "completed",
    "createdAt": "2025-02-22T19:22:59.996Z",
    "description": "Transfer from 4199184831816278 to 4823612607289428",
    "fromCardNumber": "4199184831816278",
    "toCardNumber": "4823612607289428"
  },
  {
    "id": 7,
    "fromCardId": 2,
    "toCardId": 3,
    "amount": "1000.00000000",
    "convertedAmount": "41640.00000000",
    "type": "transfer",
    "wallet": null,
    "status": "completed",
    "createdAt": "2025-02-22T21:01:47.364Z",
    "description": "Transfer from 4593125478989946 to 4763950103360695",
    "fromCardNumber": "4593125478989946",
    "toCardNumber": "4763950103360695"
  },
  {
    "id": 8,
    "fromCardId": 1,
    "toCardId": 2,
    "amount": "362.00000000",
    "convertedAmount": "34999246.00000000",
    "type": "transfer",
    "wallet": null,
    "status": "completed",
    "createdAt": "2025-02-23T06:12:52.883Z",
    "description": "Transfer from 4686080646631828 to 4593125478989946",
    "fromCardNumber": "4686080646631828",
    "toCardNumber": "4593125478989946"
  },
  {
    "id": 9,
    "fromCardId": 1,
    "toCardId": 2,
    "amount": "15.00000000",
    "convertedAmount": "1450245.00000000",
    "type": "transfer",
    "wallet": null,
    "status": "completed",
    "createdAt": "2025-02-23T06:16:56.005Z",
    "description": "Transfer from 4686080646631828 to 4593125478989946",
    "fromCardNumber": "4686080646631828",
    "toCardNumber": "4593125478989946"
  },
  {
    "id": 10,
    "fromCardId": 1,
    "toCardId": 2,
    "amount": "400.00000000",
    "convertedAmount": "38673200.00000000",
    "type": "transfer",
    "wallet": null,
    "status": "completed",
    "createdAt": "2025-02-23T06:26:11.711Z",
    "description": "Transfer from 4686080646631828 to 4593125478989946",
    "fromCardNumber": "4686080646631828",
    "toCardNumber": "4593125478989946"
  },
  {
    "id": 11,
    "fromCardId": 12,
    "toCardId": 11,
    "amount": "100.00000000",
    "convertedAmount": "100.00000000",
    "type": "transfer",
    "wallet": null,
    "status": "completed",
    "createdAt": "2025-03-04T17:35:21.006Z",
    "description": "Initial test transaction",
    "fromCardNumber": "6.39322484664130",
    "toCardNumber": "9.63504001580842"
  },
  {
    "id": 12,
    "fromCardId": 5,
    "toCardId": 6,
    "amount": "100.00000000",
    "convertedAmount": "100.00000000",
    "type": "transfer",
    "wallet": null,
    "status": "completed",
    "createdAt": "2025-03-03T17:35:21.006Z",
    "description": "Initial test transaction",
    "fromCardNumber": "4283764713218456",
    "toCardNumber": "4496364436548156"
  },
  {
    "id": 13,
    "fromCardId": 8,
    "toCardId": 9,
    "amount": "100.00000000",
    "convertedAmount": "100.00000000",
    "type": "transfer",
    "wallet": null,
    "status": "completed",
    "createdAt": "2025-03-02T17:35:21.006Z",
    "description": "Initial test transaction",
    "fromCardNumber": "4823612607289428",
    "toCardNumber": "4199184831816278"
  },
  {
    "id": 14,
    "fromCardId": 15,
    "toCardId": 14,
    "amount": "100.00000000",
    "convertedAmount": "100.00000000",
    "type": "transfer",
    "wallet": null,
    "status": "completed",
    "createdAt": "2025-03-01T17:35:21.006Z",
    "description": "Initial test transaction",
    "fromCardNumber": "2.93310796977809",
    "toCardNumber": "5.16493278862033"
  },
  {
    "id": 15,
    "fromCardId": 18,
    "toCardId": 17,
    "amount": "100.00000000",
    "convertedAmount": "100.00000000",
    "type": "transfer",
    "wallet": null,
    "status": "completed",
    "createdAt": "2025-02-28T17:35:21.006Z",
    "description": "Initial test transaction",
    "fromCardNumber": "9.63018111275419",
    "toCardNumber": "0780859230141619"
  },
  {
    "id": 16,
    "fromCardId": 21,
    "toCardId": 20,
    "amount": "100.00000000",
    "convertedAmount": "100.00000000",
    "type": "transfer",
    "wallet": null,
    "status": "completed",
    "createdAt": "2025-02-27T17:35:21.006Z",
    "description": "Initial test transaction",
    "fromCardNumber": "5.52848977462914",
    "toCardNumber": "5.82457449495456"
  }
]