{
  "users": [
    {
      "id": 1,
      "username": "MaksimHR",
      "password": "5cf101120e99d53570511b81f9e7c1916684201ab1df4668c461bbed59f37a3caba4d8778339d6f499a2b312e944192edc357421ad2c2d72ea1599cc40405691.c471b13138deee427db96178aa30fdf4",
      "is_regulator": false,
      "regulator_balance": "0",
      "last_nft_generation": null,
      "nft_generation_count": 0
    }
  ],
  "cards": [
    {
      "id": 1,
      "userId": 1,
      "type": "crypto",
      "number": "4111628497370667",
      "expiry": "03/28",
      "cvv": "709",
      "balance": "0.00",
      "btcBalance": "0.00000000",
      "ethBalance": "0.00000000",
      "btcAddress": "1CounterpartyXXXXXXXXXXXXXXXUWLpVr",
      "ethAddress": "0x1e480de75019C68c3753ab5dE19264d15CbC63Cb"
    },
    {
      "id": 2,
      "userId": 1,
      "type": "usd",
      "number": "4112332342219254",
      "expiry": "03/28",
      "cvv": "495",
      "balance": "0.00",
      "btcBalance": "0.00000000",
      "ethBalance": "0.00000000",
      "btcAddress": null,
      "ethAddress": null
    },
    {
      "id": 3,
      "userId": 1,
      "type": "uah",
      "number": "4113820176638501",
      "expiry": "03/28",
      "cvv": "989",
      "balance": "0.00",
      "btcBalance": "0.00000000",
      "ethBalance": "0.00000000",
      "btcAddress": null,
      "ethAddress": null
    }
  ],
  "transactions": [],
  "rates": [
    {
      "id": 1,
      "usdToUah": "40.5",
      "btcToUsd": "65000",
      "ethToUsd": "3500",
      "updatedAt": "2025-03-10T18:10:45.000Z"
    },
    {
      "id": 2,
      "usdToUah": "40.5",
      "btcToUsd": "65000",
      "ethToUsd": "3500",
      "updatedAt": "2025-03-10T18:13:59.000Z"
    },
    {
      "id": 3,
      "usdToUah": "41.237005",
      "btcToUsd": "79163",
      "ethToUsd": "1936.41",
      "updatedAt": "2025-03-10T18:14:00.000Z"
    },
    {
      "id": 4,
      "usdToUah": "40.5",
      "btcToUsd": "65000",
      "ethToUsd": "3500",
      "updatedAt": "2025-03-10T18:14:27.000Z"
    },
    {
      "id": 5,
      "usdToUah": "41.237005",
      "btcToUsd": "78444",
      "ethToUsd": "1919.58",
      "updatedAt": "2025-03-10T18:14:29.000Z"
    },
    {
      "id": 6,
      "usdToUah": "41.237005",
      "btcToUsd": "78444",
      "ethToUsd": "1919.58",
      "updatedAt": "2025-03-10T18:14:58.000Z"
    },
    {
      "id": 7,
      "usdToUah": "41.237005",
      "btcToUsd": "78444",
      "ethToUsd": "1919.58",
      "updatedAt": "2025-03-10T18:15:28.000Z"
    },
    {
      "id": 8,
      "usdToUah": "41.237005",
      "btcToUsd": "78444",
      "ethToUsd": "1919.58",
      "updatedAt": "2025-03-10T18:15:58.000Z"
    },
    {
      "id": 9,
      "usdToUah": "41.237005",
      "btcToUsd": "78444",
      "ethToUsd": "1919.58",
      "updatedAt": "2025-03-10T18:16:28.000Z"
    },
    {
      "id": 10,
      "usdToUah": "41.237005",
      "btcToUsd": "78444",
      "ethToUsd": "1919.58",
      "updatedAt": "2025-03-10T18:16:58.000Z"
    },
    {
      "id": 11,
      "usdToUah": "41.237005",
      "btcToUsd": "78444",
      "ethToUsd": "1919.58",
      "updatedAt": "2025-03-10T18:17:28.000Z"
    },
    {
      "id": 12,
      "usdToUah": "41.237005",
      "btcToUsd": "78444",
      "ethToUsd": "1919.58",
      "updatedAt": "2025-03-10T18:17:58.000Z"
    },
    {
      "id": 13,
      "usdToUah": "41.237005",
      "btcToUsd": "78444",
      "ethToUsd": "1919.58",
      "updatedAt": "2025-03-10T18:18:28.000Z"
    }
  ],
  "backupDate": "2025-03-10T18-20-46-521Z",
  "version": "1.0"
}