[
  {
    "id": 1,
    "userId": 1,
    "type": "crypto",
    "number": "4532015112830366",
    "expiry": "03/29",
    "cvv": "123",
    "balance": "0.00000000",
    "btcBalance": "1.50000000",
    "ethBalance": "2.50000000",
    "btcAddress": "bc1qxy2kgdygjrsqtzq2n0yrf2493p83kkfjhx0wlh",
    "ethAddress": "0x71C7656EC7ab88b098defB751B7401B5f6d8976F"
  },
  {
    "id": 2,
    "userId": 1,
    "type": "usd",
    "number": "4532015112830367",
    "expiry": "03/29",
    "cvv": "456",
    "balance": "1000.00000000",
    "btcBalance": "0.00000000",
    "ethBalance": "0.00000000",
    "btcAddress": null,
    "ethAddress": null
  },
  {
    "id": 3,
    "userId": 1,
    "type": "uah",
    "number": "4532015112830368",
    "expiry": "03/29",
    "cvv": "789",
    "balance": "25000.00000000",
    "btcBalance": "0.00000000",
    "ethBalance": "0.00000000",
    "btcAddress": null,
    "ethAddress": null
  },
  {
    "id": 4,
    "userId": 2,
    "type": "usd",
    "number": "4532015112830369",
    "expiry": "03/29",
    "cvv": "234",
    "balance": "500.00000000",
    "btcBalance": "0.00000000",
    "ethBalance": "0.00000000",
    "btcAddress": null,
    "ethAddress": null
  },
  {
    "id": 5,
    "userId": 3,
    "type": "uah",
    "number": "4532015112830370",
    "expiry": "03/29",
    "cvv": "567",
    "balance": "15000.00000000",
    "btcBalance": "0.00000000",
    "ethBalance": "0.00000000",
    "btcAddress": null,
    "ethAddress": null
  },
  {
    "id": 6,
    "userId": 4,
    "type": "crypto",
    "number": "4532015112830371",
    "expiry": "03/29",
    "cvv": "890",
    "balance": "0.00000000",
    "btcBalance": "0.50000000",
    "ethBalance": "1.00000000",
    "btcAddress": "bc1qxy2kgdygjrsqtzq2n0yrf2493p83kkfjhx0wlh",
    "ethAddress": "0x71C7656EC7ab88b098defB751B7401B5f6d8976F"
  }
]