[
  {
    "id": 1,
    "fromCardId": 1,
    "toCardId": 2,
    "amount": "0.10000000",
    "convertedAmount": "3500.00000000",
    "type": "transfer",
    "wallet": null,
    "status": "completed",
    "createdAt": "2025-03-04T09:00:00.000Z",
    "description": "Перевод BTC в USD",
    "fromCardNumber": "4532015112830366",
    "toCardNumber": "4532015112830367"
  },
  {
    "id": 2,
    "fromCardId": 2,
    "toCardId": 3,
    "amount": "100.00000000",
    "convertedAmount": "3700.00000000",
    "type": "transfer",
    "wallet": null,
    "status": "completed",
    "createdAt": "2025-03-04T09:30:00.000Z",
    "description": "Перевод USD в UAH",
    "fromCardNumber": "4532015112830367",
    "toCardNumber": "4532015112830368"
  },
  {
    "id": 3,
    "fromCardId": 4,
    "toCardId": 5,
    "amount": "50.00000000",
    "convertedAmount": "1850.00000000",
    "type": "transfer",
    "wallet": null,
    "status": "completed",
    "createdAt": "2025-03-04T10:00:00.000Z",
    "description": "Перевод USD в UAH",
    "fromCardNumber": "4532015112830369",
    "toCardNumber": "4532015112830370"
  },
  {
    "id": 4,
    "fromCardId": 6,
    "toCardId": null,
    "amount": "0.10000000",
    "convertedAmount": "0.10000000",
    "type": "transfer",
    "wallet": "bc1qxy2kgdygjrsqtzq2n0yrf2493p83kkfjhx0wlh",
    "status": "completed",
    "createdAt": "2025-03-04T10:30:00.000Z",
    "description": "Вывод BTC",
    "fromCardNumber": "4532015112830371",
    "toCardNumber": "EXTERNAL"
  },
  {
    "id": 5,
    "fromCardId": 1,
    "toCardId": null,
    "amount": "0.20000000",
    "convertedAmount": "0.20000000",
    "type": "transfer",
    "wallet": "0x71C7656EC7ab88b098defB751B7401B5f6d8976F",
    "status": "completed",
    "createdAt": "2025-03-04T11:00:00.000Z",
    "description": "Вывод ETH",
    "fromCardNumber": "4532015112830366",
    "toCardNumber": "EXTERNAL"
  }
]