[
  {
    "id": 382,
    "userId": 142,
    "type": "uah",
    "number": "4532015112836001",
    "expiry": "03/28",
    "cvv": "928",
    "balance": "6913841.67021890",
    "btcBalance": "0.00000000",
    "ethBalance": "0.00000000",
    "btcAddress": null,
    "ethAddress": null
  },
  {
    "id": 383,
    "userId": 146,
    "type": "uah",
    "number": "4532015112836002",
    "expiry": "03/28",
    "cvv": "658",
    "balance": "7083337.09567490",
    "btcBalance": "0.00000000",
    "ethBalance": "0.00000000",
    "btcAddress": null,
    "ethAddress": null
  },
  {
    "id": 384,
    "userId": 145,
    "type": "uah",
    "number": "4532015112836003",
    "expiry": "03/28",
    "cvv": "242",
    "balance": "9851009.93905452",
    "btcBalance": "0.00000000",
    "ethBalance": "0.00000000",
    "btcAddress": null,
    "ethAddress": null
  },
  {
    "id": 385,
    "userId": 143,
    "type": "uah",
    "number": "4532015112836004",
    "expiry": "03/28",
    "cvv": "423",
    "balance": "7923283.18190621",
    "btcBalance": "0.00000000",
    "ethBalance": "0.00000000",
    "btcAddress": null,
    "ethAddress": null
  },
  {
    "id": 387,
    "userId": 144,
    "type": "uah",
    "number": "4532015112836006",
    "expiry": "03/28",
    "cvv": "280",
    "balance": "6223613.58970849",
    "btcBalance": "0.00000000",
    "ethBalance": "0.00000000",
    "btcAddress": null,
    "ethAddress": null
  },
  {
    "id": 388,
    "userId": 150,
    "type": "uah",
    "number": "4532015112836007",
    "expiry": "03/28",
    "cvv": "558",
    "balance": "8402598.13537262",
    "btcBalance": "0.00000000",
    "ethBalance": "0.00000000",
    "btcAddress": null,
    "ethAddress": null
  },
  {
    "id": 389,
    "userId": 151,
    "type": "uah",
    "number": "4532015112836008",
    "expiry": "03/28",
    "cvv": "963",
    "balance": "8756060.86431791",
    "btcBalance": "0.00000000",
    "ethBalance": "0.00000000",
    "btcAddress": null,
    "ethAddress": null
  },
  {
    "id": 390,
    "userId": 152,
    "type": "uah",
    "number": "4532015112836009",
    "expiry": "03/28",
    "cvv": "160",
    "balance": "4672327.81352261",
    "btcBalance": "0.00000000",
    "ethBalance": "0.00000000",
    "btcAddress": null,
    "ethAddress": null
  },
  {
    "id": 391,
    "userId": 153,
    "type": "uah",
    "number": "4532015112836010",
    "expiry": "03/28",
    "cvv": "577",
    "balance": "7754618.11977221",
    "btcBalance": "0.00000000",
    "ethBalance": "0.00000000",
    "btcAddress": null,
    "ethAddress": null
  },
  {
    "id": 392,
    "userId": 154,
    "type": "uah",
    "number": "4532015112836011",
    "expiry": "03/28",
    "cvv": "623",
    "balance": "8877980.65607299",
    "btcBalance": "0.00000000",
    "ethBalance": "0.00000000",
    "btcAddress": null,
    "ethAddress": null
  },
  {
    "id": 393,
    "userId": 155,
    "type": "uah",
    "number": "4532015112836012",
    "expiry": "03/28",
    "cvv": "595",
    "balance": "8885007.24071567",
    "btcBalance": "0.00000000",
    "ethBalance": "0.00000000",
    "btcAddress": null,
    "ethAddress": null
  },
  {
    "id": 394,
    "userId": 156,
    "type": "uah",
    "number": "4532015112836013",
    "expiry": "03/28",
    "cvv": "635",
    "balance": "6499774.28006412",
    "btcBalance": "0.00000000",
    "ethBalance": "0.00000000",
    "btcAddress": null,
    "ethAddress": null
  },
  {
    "id": 395,
    "userId": 157,
    "type": "uah",
    "number": "4532015112836014",
    "expiry": "03/28",
    "cvv": "601",
    "balance": "5928751.18486768",
    "btcBalance": "0.00000000",
    "ethBalance": "0.00000000",
    "btcAddress": null,
    "ethAddress": null
  },
  {
    "id": 396,
    "userId": 158,
    "type": "uah",
    "number": "4532015112836015",
    "expiry": "03/28",
    "cvv": "374",
    "balance": "9888131.74358753",
    "btcBalance": "0.00000000",
    "ethBalance": "0.00000000",
    "btcAddress": null,
    "ethAddress": null
  },
  {
    "id": 397,
    "userId": 159,
    "type": "uah",
    "number": "4532015112836016",
    "expiry": "03/28",
    "cvv": "937",
    "balance": "9789504.11042261",
    "btcBalance": "0.00000000",
    "ethBalance": "0.00000000",
    "btcAddress": null,
    "ethAddress": null
  },
  {
    "id": 398,
    "userId": 160,
    "type": "uah",
    "number": "4532015112836017",
    "expiry": "03/28",
    "cvv": "839",
    "balance": "6931728.71113330",
    "btcBalance": "0.00000000",
    "ethBalance": "0.00000000",
    "btcAddress": null,
    "ethAddress": null
  },
  {
    "id": 399,
    "userId": 147,
    "type": "uah",
    "number": "4532015112836018",
    "expiry": "03/28",
    "cvv": "211",
    "balance": "4132279.78928027",
    "btcBalance": "0.00000000",
    "ethBalance": "0.00000000",
    "btcAddress": null,
    "ethAddress": null
  },
  {
    "id": 400,
    "userId": 148,
    "type": "uah",
    "number": "4532015112836019",
    "expiry": "03/28",
    "cvv": "373",
    "balance": "5937401.90224242",
    "btcBalance": "0.00000000",
    "ethBalance": "0.00000000",
    "btcAddress": null,
    "ethAddress": null
  },
  {
    "id": 401,
    "userId": 149,
    "type": "uah",
    "number": "4532015112836020",
    "expiry": "03/28",
    "cvv": "573",
    "balance": "9731419.65950937",
    "btcBalance": "0.00000000",
    "ethBalance": "0.00000000",
    "btcAddress": null,
    "ethAddress": null
  },
  {
    "id": 402,
    "userId": 142,
    "type": "usd",
    "number": "5375414128030001",
    "expiry": "03/28",
    "cvv": "841",
    "balance": "731587.43541099",
    "btcBalance": "0.00000000",
    "ethBalance": "0.00000000",
    "btcAddress": null,
    "ethAddress": null
  },
  {
    "id": 403,
    "userId": 146,
    "type": "usd",
    "number": "5375414128030002",
    "expiry": "03/28",
    "cvv": "519",
    "balance": "701499.64664055",
    "btcBalance": "0.00000000",
    "ethBalance": "0.00000000",
    "btcAddress": null,
    "ethAddress": null
  },
  {
    "id": 404,
    "userId": 145,
    "type": "usd",
    "number": "5375414128030003",
    "expiry": "03/28",
    "cvv": "699",
    "balance": "600110.24599507",
    "btcBalance": "0.00000000",
    "ethBalance": "0.00000000",
    "btcAddress": null,
    "ethAddress": null
  },
  {
    "id": 405,
    "userId": 143,
    "type": "usd",
    "number": "5375414128030004",
    "expiry": "03/28",
    "cvv": "540",
    "balance": "847658.00836424",
    "btcBalance": "0.00000000",
    "ethBalance": "0.00000000",
    "btcAddress": null,
    "ethAddress": null
  },
  {
    "id": 407,
    "userId": 144,
    "type": "usd",
    "number": "5375414128030006",
    "expiry": "03/28",
    "cvv": "256",
    "balance": "427212.97356776",
    "btcBalance": "0.00000000",
    "ethBalance": "0.00000000",
    "btcAddress": null,
    "ethAddress": null
  },
  {
    "id": 408,
    "userId": 150,
    "type": "usd",
    "number": "5375414128030007",
    "expiry": "03/28",
    "cvv": "891",
    "balance": "314854.05527885",
    "btcBalance": "0.00000000",
    "ethBalance": "0.00000000",
    "btcAddress": null,
    "ethAddress": null
  },
  {
    "id": 409,
    "userId": 151,
    "type": "usd",
    "number": "5375414128030008",
    "expiry": "03/28",
    "cvv": "335",
    "balance": "286942.91089693",
    "btcBalance": "0.00000000",
    "ethBalance": "0.00000000",
    "btcAddress": null,
    "ethAddress": null
  },
  {
    "id": 410,
    "userId": 152,
    "type": "usd",
    "number": "5375414128030009",
    "expiry": "03/28",
    "cvv": "657",
    "balance": "366802.62356877",
    "btcBalance": "0.00000000",
    "ethBalance": "0.00000000",
    "btcAddress": null,
    "ethAddress": null
  },
  {
    "id": 411,
    "userId": 153,
    "type": "usd",
    "number": "5375414128030010",
    "expiry": "03/28",
    "cvv": "681",
    "balance": "250936.56972435",
    "btcBalance": "0.00000000",
    "ethBalance": "0.00000000",
    "btcAddress": null,
    "ethAddress": null
  },
  {
    "id": 412,
    "userId": 154,
    "type": "usd",
    "number": "5375414128030011",
    "expiry": "03/28",
    "cvv": "855",
    "balance": "750531.41634288",
    "btcBalance": "0.00000000",
    "ethBalance": "0.00000000",
    "btcAddress": null,
    "ethAddress": null
  },
  {
    "id": 413,
    "userId": 155,
    "type": "usd",
    "number": "5375414128030012",
    "expiry": "03/28",
    "cvv": "504",
    "balance": "741385.66058828",
    "btcBalance": "0.00000000",
    "ethBalance": "0.00000000",
    "btcAddress": null,
    "ethAddress": null
  },
  {
    "id": 414,
    "userId": 156,
    "type": "usd",
    "number": "5375414128030013",
    "expiry": "03/28",
    "cvv": "717",
    "balance": "643638.65175083",
    "btcBalance": "0.00000000",
    "ethBalance": "0.00000000",
    "btcAddress": null,
    "ethAddress": null
  },
  {
    "id": 415,
    "userId": 157,
    "type": "usd",
    "number": "5375414128030014",
    "expiry": "03/28",
    "cvv": "812",
    "balance": "711212.90156501",
    "btcBalance": "0.00000000",
    "ethBalance": "0.00000000",
    "btcAddress": null,
    "ethAddress": null
  },
  {
    "id": 416,
    "userId": 158,
    "type": "usd",
    "number": "5375414128030015",
    "expiry": "03/28",
    "cvv": "656",
    "balance": "438798.86476268",
    "btcBalance": "0.00000000",
    "ethBalance": "0.00000000",
    "btcAddress": null,
    "ethAddress": null
  },
  {
    "id": 417,
    "userId": 159,
    "type": "usd",
    "number": "5375414128030016",
    "expiry": "03/28",
    "cvv": "774",
    "balance": "606987.08215269",
    "btcBalance": "0.00000000",
    "ethBalance": "0.00000000",
    "btcAddress": null,
    "ethAddress": null
  },
  {
    "id": 418,
    "userId": 160,
    "type": "usd",
    "number": "5375414128030017",
    "expiry": "03/28",
    "cvv": "705",
    "balance": "856151.16727850",
    "btcBalance": "0.00000000",
    "ethBalance": "0.00000000",
    "btcAddress": null,
    "ethAddress": null
  },
  {
    "id": 419,
    "userId": 147,
    "type": "usd",
    "number": "5375414128030018",
    "expiry": "03/28",
    "cvv": "765",
    "balance": "951842.06850621",
    "btcBalance": "0.00000000",
    "ethBalance": "0.00000000",
    "btcAddress": null,
    "ethAddress": null
  },
  {
    "id": 420,
    "userId": 148,
    "type": "usd",
    "number": "5375414128030019",
    "expiry": "03/28",
    "cvv": "100",
    "balance": "568678.55515246",
    "btcBalance": "0.00000000",
    "ethBalance": "0.00000000",
    "btcAddress": null,
    "ethAddress": null
  },
  {
    "id": 386,
    "userId": 141,
    "type": "uah",
    "number": "4532015112836005",
    "expiry": "03/28",
    "cvv": "371",
    "balance": "160825893.35000000",
    "btcBalance": "0.00000000",
    "ethBalance": "0.00000000",
    "btcAddress": null,
    "ethAddress": null
  },
  {
    "id": 364,
    "userId": 145,
    "type": "crypto",
    "number": "4532015112830003",
    "expiry": "03/28",
    "cvv": "923",
    "balance": "0.00000000",
    "btcBalance": "98779.00891000",
    "ethBalance": "364.01348143",
    "btcAddress": "1CounterpartyXXXXXXXXXXXXXXXUWLpVr",
    "ethAddress": "0x6bcE7a379F63C7544e67C6cEE09F262BdA5d68E0"
  },
  {
    "id": 365,
    "userId": 143,
    "type": "crypto",
    "number": "4532015112830004",
    "expiry": "03/28",
    "cvv": "123",
    "balance": "0.00000000",
    "btcBalance": "98779.00891000",
    "ethBalance": "318.16790383",
    "btcAddress": "1KFHE7w8BhaENAswwryaoccDb6qcT6DbYY",
    "ethAddress": "0x1D5B17aa4F87649F4EACdf80904232CF94Bf9b06"
  },
  {
    "id": 369,
    "userId": 151,
    "type": "crypto",
    "number": "4532015112830008",
    "expiry": "03/28",
    "cvv": "589",
    "balance": "0.00000000",
    "btcBalance": "39.07166031",
    "ethBalance": "471.67647453",
    "btcAddress": "1CounterpartyXXXXXXXXXXXXXXXUWLpVr",
    "ethAddress": "0x551a89aC561640ac77a8e4C6220Cb526BA62B5a4"
  },
  {
    "id": 406,
    "userId": 141,
    "type": "usd",
    "number": "5375414128030005",
    "expiry": "03/28",
    "cvv": "562",
    "balance": "2153052.75000000",
    "btcBalance": "0.00000000",
    "ethBalance": "0.00000000",
    "btcAddress": null,
    "ethAddress": null
  },
  {
    "id": 370,
    "userId": 152,
    "type": "crypto",
    "number": "4532015112830009",
    "expiry": "03/28",
    "cvv": "722",
    "balance": "0.00000000",
    "btcBalance": "18.25905442",
    "ethBalance": "294.38257219",
    "btcAddress": "1BitcoinEaterAddressDontSendf59kuE",
    "ethAddress": "0x4FB25Ba2aaFfBb1ee76Ce1f66d6830Ec304dD74F"
  },
  {
    "id": 371,
    "userId": 153,
    "type": "crypto",
    "number": "4532015112830010",
    "expiry": "03/28",
    "cvv": "452",
    "balance": "0.00000000",
    "btcBalance": "32.67041977",
    "ethBalance": "184.42012198",
    "btcAddress": "3MbYQMMmSkC3AgWkj9FMo5LsPTW1zBTwXL",
    "ethAddress": "0x598ef978bFb35bc288aF6F19aC6cCDEcD8fC7501"
  },
  {
    "id": 372,
    "userId": 154,
    "type": "crypto",
    "number": "4532015112830011",
    "expiry": "03/28",
    "cvv": "470",
    "balance": "0.00000000",
    "btcBalance": "37.39441602",
    "ethBalance": "268.15780697",
    "btcAddress": "1NS17iag9jJgTHD1VXjvLCEnZuQ3rJDE9L",
    "ethAddress": "0xFd7C91c6F64Ab858B9070FEeA19AA403734DE81B"
  },
  {
    "id": 373,
    "userId": 155,
    "type": "crypto",
    "number": "4532015112830012",
    "expiry": "03/28",
    "cvv": "385",
    "balance": "0.00000000",
    "btcBalance": "29.67961300",
    "ethBalance": "359.74882066",
    "btcAddress": "1KFHE7w8BhaENAswwryaoccDb6qcT6DbYY",
    "ethAddress": "0x23af4b193bb4573D427E22C7cF56D75e194400aC"
  },
  {
    "id": 374,
    "userId": 156,
    "type": "crypto",
    "number": "4532015112830013",
    "expiry": "03/28",
    "cvv": "489",
    "balance": "0.00000000",
    "btcBalance": "13.53072912",
    "ethBalance": "336.21483217",
    "btcAddress": "1A1zP1eP5QGefi2DMPTfTL5SLmv7DivfNa",
    "ethAddress": "0x86358fE74F72398445cacf16a524951C34E84Aaf"
  },
  {
    "id": 375,
    "userId": 157,
    "type": "crypto",
    "number": "4532015112830014",
    "expiry": "03/28",
    "cvv": "376",
    "balance": "0.00000000",
    "btcBalance": "46.41309524",
    "ethBalance": "450.87164412",
    "btcAddress": "1CounterpartyXXXXXXXXXXXXXXXUWLpVr",
    "ethAddress": "0xD0fe5a2f629C7300B2a0933eC28B7423F044192D"
  },
  {
    "id": 376,
    "userId": 158,
    "type": "crypto",
    "number": "4532015112830015",
    "expiry": "03/28",
    "cvv": "376",
    "balance": "0.00000000",
    "btcBalance": "12.96130683",
    "ethBalance": "329.13438675",
    "btcAddress": "1BitcoinEaterAddressDontSendf59kuE",
    "ethAddress": "0x841656029Ae83c6918B0d86717BB5B028383dB6E"
  },
  {
    "id": 377,
    "userId": 159,
    "type": "crypto",
    "number": "4532015112830016",
    "expiry": "03/28",
    "cvv": "137",
    "balance": "0.00000000",
    "btcBalance": "14.86529043",
    "ethBalance": "103.46385553",
    "btcAddress": "3MbYQMMmSkC3AgWkj9FMo5LsPTW1zBTwXL",
    "ethAddress": "0x5117bDA533589EC384BFAcCb17f00935fdC741ce"
  },
  {
    "id": 378,
    "userId": 160,
    "type": "crypto",
    "number": "4532015112830017",
    "expiry": "03/28",
    "cvv": "914",
    "balance": "0.00000000",
    "btcBalance": "18.73880898",
    "ethBalance": "357.62044771",
    "btcAddress": "1NS17iag9jJgTHD1VXjvLCEnZuQ3rJDE9L",
    "ethAddress": "0x6D2D7e64601ed571AA20C2B888fE617cF9e39e68"
  },
  {
    "id": 379,
    "userId": 147,
    "type": "crypto",
    "number": "4532015112830018",
    "expiry": "03/28",
    "cvv": "519",
    "balance": "0.00000000",
    "btcBalance": "32.52944691",
    "ethBalance": "327.94834837",
    "btcAddress": "3MbYQMMmSkC3AgWkj9FMo5LsPTW1zBTwXL",
    "ethAddress": "0xd58dA20FE6530907480cD75448B6DE8fE42dDa89"
  },
  {
    "id": 380,
    "userId": 148,
    "type": "crypto",
    "number": "4532015112830019",
    "expiry": "03/28",
    "cvv": "139",
    "balance": "0.00000000",
    "btcBalance": "25.68415160",
    "ethBalance": "112.26071248",
    "btcAddress": "1NS17iag9jJgTHD1VXjvLCEnZuQ3rJDE9L",
    "ethAddress": "0xE5010FcA8e8522296CFFC97bEAaADBBFc7780c12"
  },
  {
    "id": 381,
    "userId": 149,
    "type": "crypto",
    "number": "4532015112830020",
    "expiry": "03/28",
    "cvv": "529",
    "balance": "0.00000000",
    "btcBalance": "32.14119490",
    "ethBalance": "173.94484720",
    "btcAddress": "1KFHE7w8BhaENAswwryaoccDb6qcT6DbYY",
    "ethAddress": "0xcE36C73Ca4351F7e394e8C8445cEeCBe67a3513e"
  },
  {
    "id": 362,
    "userId": 142,
    "type": "crypto",
    "number": "4532015112830001",
    "expiry": "03/28",
    "cvv": "930",
    "balance": "0.00000000",
    "btcBalance": "98779.00891000",
    "ethBalance": "133.76676173",
    "btcAddress": "1NS17iag9jJgTHD1VXjvLCEnZuQ3rJDE9L",
    "ethAddress": "0x91677eb011cfB2839fa338D3e1E57F6F77C8A88d"
  },
  {
    "id": 363,
    "userId": 146,
    "type": "crypto",
    "number": "4532015112830002",
    "expiry": "03/28",
    "cvv": "951",
    "balance": "0.00000000",
    "btcBalance": "98779.00891000",
    "ethBalance": "327.32164708",
    "btcAddress": "1BitcoinEaterAddressDontSendf59kuE",
    "ethAddress": "0x0E3CBF28705171e1389e3a0236cb6827541EbEd3"
  },
  {
    "id": 368,
    "userId": 150,
    "type": "crypto",
    "number": "4532015112830007",
    "expiry": "03/28",
    "cvv": "319",
    "balance": "0.00000000",
    "btcBalance": "98779.00891000",
    "ethBalance": "337.67348579",
    "btcAddress": "1A1zP1eP5QGefi2DMPTfTL5SLmv7DivfNa",
    "ethAddress": "0x725f3F2946F09D442BAC13BccAD3306437f78F71"
  },
  {
    "id": 421,
    "userId": 149,
    "type": "usd",
    "number": "5375414128030020",
    "expiry": "03/28",
    "cvv": "727",
    "balance": "921422.83188852",
    "btcBalance": "0.00000000",
    "ethBalance": "0.00000000",
    "btcAddress": null,
    "ethAddress": null
  },
  {
    "id": 422,
    "userId": 164,
    "type": "crypto",
    "number": "4532015112830274875840111",
    "expiry": "03/28",
    "cvv": "724",
    "balance": "0.00000000",
    "btcBalance": "23.40637057",
    "ethBalance": "155.28788131",
    "btcAddress": "1BitcoinEaterAddressDontSendf59kuE",
    "ethAddress": "0x33F5046ceeDafeBDA20ff4389096Ed7Fd9053918"
  },
  {
    "id": 425,
    "userId": 165,
    "type": "crypto",
    "number": "4532015112830037079111072",
    "expiry": "03/28",
    "cvv": "239",
    "balance": "0.00000000",
    "btcBalance": "15.95126318",
    "ethBalance": "167.53881786",
    "btcAddress": "3MbYQMMmSkC3AgWkj9FMo5LsPTW1zBTwXL",
    "ethAddress": "0xCB97FD09221073f53eb09c0d131b852c9fb4dA98"
  },
  {
    "id": 423,
    "userId": 164,
    "type": "usd",
    "number": "5375414128030845788566432",
    "expiry": "03/28",
    "cvv": "620",
    "balance": "87515.34000000",
    "btcBalance": "0.00000000",
    "ethBalance": "0.00000000",
    "btcAddress": null,
    "ethAddress": null
  },
  {
    "id": 424,
    "userId": 164,
    "type": "uah",
    "number": "4532015112836731473700530",
    "expiry": "03/28",
    "cvv": "162",
    "balance": "225188.09000000",
    "btcBalance": "0.00000000",
    "ethBalance": "0.00000000",
    "btcAddress": null,
    "ethAddress": null
  },
  {
    "id": 426,
    "userId": 165,
    "type": "usd",
    "number": "5375414128030834365314396",
    "expiry": "03/28",
    "cvv": "123",
    "balance": "18679.17000000",
    "btcBalance": "0.00000000",
    "ethBalance": "0.00000000",
    "btcAddress": null,
    "ethAddress": null
  },
  {
    "id": 427,
    "userId": 165,
    "type": "uah",
    "number": "4532015112836193479760654",
    "expiry": "03/28",
    "cvv": "117",
    "balance": "1006593.61000000",
    "btcBalance": "0.00000000",
    "ethBalance": "0.00000000",
    "btcAddress": null,
    "ethAddress": null
  },
  {
    "id": 429,
    "userId": 167,
    "type": "usd",
    "number": "5375414128030426379427711",
    "expiry": "03/28",
    "cvv": "314",
    "balance": "16076.20000000",
    "btcBalance": "0.00000000",
    "ethBalance": "0.00000000",
    "btcAddress": null,
    "ethAddress": null
  },
  {
    "id": 430,
    "userId": 167,
    "type": "uah",
    "number": "4532015112836439103760017",
    "expiry": "03/28",
    "cvv": "738",
    "balance": "1036904.83000000",
    "btcBalance": "0.00000000",
    "ethBalance": "0.00000000",
    "btcAddress": null,
    "ethAddress": null
  },
  {
    "id": 432,
    "userId": 168,
    "type": "usd",
    "number": "5375414128030854960027454",
    "expiry": "03/28",
    "cvv": "567",
    "balance": "0.00000000",
    "btcBalance": "0.00000000",
    "ethBalance": "0.00000000",
    "btcAddress": null,
    "ethAddress": null
  },
  {
    "id": 433,
    "userId": 168,
    "type": "uah",
    "number": "4532015112836179095420965",
    "expiry": "03/28",
    "cvv": "604",
    "balance": "0.00000000",
    "btcBalance": "0.00000000",
    "ethBalance": "0.00000000",
    "btcAddress": null,
    "ethAddress": null
  },
  {
    "id": 451,
    "userId": 176,
    "type": "usd",
    "number": "4112142614294303",
    "expiry": "03/28",
    "cvv": "533",
    "balance": "0.00000000",
    "btcBalance": "0.00000000",
    "ethBalance": "0.00000000",
    "btcAddress": null,
    "ethAddress": null
  },
  {
    "id": 452,
    "userId": 176,
    "type": "uah",
    "number": "4113490605260678",
    "expiry": "03/28",
    "cvv": "502",
    "balance": "0.00000000",
    "btcBalance": "0.00000000",
    "ethBalance": "0.00000000",
    "btcAddress": null,
    "ethAddress": null
  },
  {
    "id": 428,
    "userId": 167,
    "type": "crypto",
    "number": "4532015112830827884746380",
    "expiry": "03/28",
    "cvv": "395",
    "balance": "0.00000000",
    "btcBalance": "26.69250328",
    "ethBalance": "114.57271251",
    "btcAddress": "1KFHE7w8BhaENAswwryaoccDb6qcT6DbYY",
    "ethAddress": "0x2d5715CeFd950bA3384F15b29141F1c9542652d1"
  },
  {
    "id": 454,
    "userId": 200,
    "type": "usd",
    "number": "4112028826587487",
    "expiry": "03/28",
    "cvv": "827",
    "balance": "0.00000000",
    "btcBalance": "0.00000000",
    "ethBalance": "0.00000000",
    "btcAddress": null,
    "ethAddress": null
  },
  {
    "id": 455,
    "userId": 200,
    "type": "uah",
    "number": "4113485062465817",
    "expiry": "03/28",
    "cvv": "945",
    "balance": "0.00000000",
    "btcBalance": "0.00000000",
    "ethBalance": "0.00000000",
    "btcAddress": null,
    "ethAddress": null
  },
  {
    "id": 457,
    "userId": 201,
    "type": "usd",
    "number": "4112817933130195",
    "expiry": "03/28",
    "cvv": "855",
    "balance": "0.00000000",
    "btcBalance": "0.00000000",
    "ethBalance": "0.00000000",
    "btcAddress": null,
    "ethAddress": null
  },
  {
    "id": 458,
    "userId": 201,
    "type": "uah",
    "number": "4113712022572499",
    "expiry": "03/28",
    "cvv": "305",
    "balance": "0.00000000",
    "btcBalance": "0.00000000",
    "ethBalance": "0.00000000",
    "btcAddress": null,
    "ethAddress": null
  },
  {
    "id": 459,
    "userId": 202,
    "type": "crypto",
    "number": "4111525638119467",
    "expiry": "03/28",
    "cvv": "226",
    "balance": "0.00000000",
    "btcBalance": "0.00000000",
    "ethBalance": "0.00000000",
    "btcAddress": "1C7ZvT5tas9NJYez9t7R8nYkuLBK49CJg",
    "ethAddress": "0x4F381c6dd0A76eFa31f0F9541a3A6899fF0f01f9"
  },
  {
    "id": 460,
    "userId": 202,
    "type": "usd",
    "number": "4112939681821517",
    "expiry": "03/28",
    "cvv": "349",
    "balance": "0.00000000",
    "btcBalance": "0.00000000",
    "ethBalance": "0.00000000",
    "btcAddress": null,
    "ethAddress": null
  },
  {
    "id": 461,
    "userId": 202,
    "type": "uah",
    "number": "4113254410744192",
    "expiry": "03/28",
    "cvv": "319",
    "balance": "0.00000000",
    "btcBalance": "0.00000000",
    "ethBalance": "0.00000000",
    "btcAddress": null,
    "ethAddress": null
  },
  {
    "id": 462,
    "userId": 203,
    "type": "crypto",
    "number": "4111359914566662",
    "expiry": "03/28",
    "cvv": "647",
    "balance": "0.00000000",
    "btcBalance": "0.00000000",
    "ethBalance": "0.00000000",
    "btcAddress": "1vJUCxFNBL7fiMiuCYtomDd4M7",
    "ethAddress": "0x871Df6536F1D15489b61682f99253a7844c230F6"
  },
  {
    "id": 463,
    "userId": 203,
    "type": "usd",
    "number": "4112283355639166",
    "expiry": "03/28",
    "cvv": "623",
    "balance": "0.00000000",
    "btcBalance": "0.00000000",
    "ethBalance": "0.00000000",
    "btcAddress": null,
    "ethAddress": null
  },
  {
    "id": 464,
    "userId": 203,
    "type": "uah",
    "number": "4113155844595715",
    "expiry": "03/28",
    "cvv": "808",
    "balance": "0.00000000",
    "btcBalance": "0.00000000",
    "ethBalance": "0.00000000",
    "btcAddress": null,
    "ethAddress": null
  },
  {
    "id": 465,
    "userId": 204,
    "type": "crypto",
    "number": "4111030975967910",
    "expiry": "03/28",
    "cvv": "393",
    "balance": "0.00000000",
    "btcBalance": "0.00000000",
    "ethBalance": "0.00000000",
    "btcAddress": "1cYswh1CRg89TWzDyvRMAdnyGBCwM",
    "ethAddress": "0xd38EE1ecaD1e2bF8d0bE213cd2Fe3Fd0dd9b9d67"
  },
  {
    "id": 466,
    "userId": 204,
    "type": "usd",
    "number": "4112884220609677",
    "expiry": "03/28",
    "cvv": "418",
    "balance": "0.00000000",
    "btcBalance": "0.00000000",
    "ethBalance": "0.00000000",
    "btcAddress": null,
    "ethAddress": null
  },
  {
    "id": 467,
    "userId": 204,
    "type": "uah",
    "number": "4113127005575566",
    "expiry": "03/28",
    "cvv": "951",
    "balance": "0.00000000",
    "btcBalance": "0.00000000",
    "ethBalance": "0.00000000",
    "btcAddress": null,
    "ethAddress": null
  },
  {
    "id": 468,
    "userId": 205,
    "type": "crypto",
    "number": "4111463835462112",
    "expiry": "03/28",
    "cvv": "654",
    "balance": "0.00000000",
    "btcBalance": "0.00000000",
    "ethBalance": "0.00000000",
    "btcAddress": "1MaxweLLXXXXXXXXXXXXXXXXXXXddTfp",
    "ethAddress": "0x5d2BAe535aed5a9f6349ac1128011d8e1D29905a"
  },
  {
    "id": 469,
    "userId": 205,
    "type": "usd",
    "number": "4112691276417668",
    "expiry": "03/28",
    "cvv": "339",
    "balance": "0.00000000",
    "btcBalance": "0.00000000",
    "ethBalance": "0.00000000",
    "btcAddress": null,
    "ethAddress": null
  },
  {
    "id": 470,
    "userId": 205,
    "type": "uah",
    "number": "4113533415175669",
    "expiry": "03/28",
    "cvv": "623",
    "balance": "0.00000000",
    "btcBalance": "0.00000000",
    "ethBalance": "0.00000000",
    "btcAddress": null,
    "ethAddress": null
  },
  {
    "id": 471,
    "userId": 206,
    "type": "crypto",
    "number": "4111667434564107",
    "expiry": "03/28",
    "cvv": "553",
    "balance": "0.00000000",
    "btcBalance": "0.00000000",
    "ethBalance": "0.00000000",
    "btcAddress": "1BitcoinEaterAddressDontSendf59kuE",
    "ethAddress": "0x9b592E55BB6721f8c012A773C788E55d1e7d0551"
  },
  {
    "id": 472,
    "userId": 206,
    "type": "usd",
    "number": "4112344123483084",
    "expiry": "03/28",
    "cvv": "737",
    "balance": "0.00000000",
    "btcBalance": "0.00000000",
    "ethBalance": "0.00000000",
    "btcAddress": null,
    "ethAddress": null
  },
  {
    "id": 473,
    "userId": 206,
    "type": "uah",
    "number": "4113729586390291",
    "expiry": "03/28",
    "cvv": "488",
    "balance": "0.00000000",
    "btcBalance": "0.00000000",
    "ethBalance": "0.00000000",
    "btcAddress": null,
    "ethAddress": null
  },
  {
    "id": 474,
    "userId": 207,
    "type": "crypto",
    "number": "4111807693586777",
    "expiry": "03/28",
    "cvv": "713",
    "balance": "0.00000000",
    "btcBalance": "0.00000000",
    "ethBalance": "0.00000000",
    "btcAddress": "3MbYQMMmSkC3AgWkj9FMo5LsPTW1zBTwXL",
    "ethAddress": "0xB943dE3A8c8d229AB350f65569339F353ba64f0b"
  },
  {
    "id": 475,
    "userId": 207,
    "type": "usd",
    "number": "4112419449524026",
    "expiry": "03/28",
    "cvv": "781",
    "balance": "0.00000000",
    "btcBalance": "0.00000000",
    "ethBalance": "0.00000000",
    "btcAddress": null,
    "ethAddress": null
  },
  {
    "id": 476,
    "userId": 207,
    "type": "uah",
    "number": "4113239744554045",
    "expiry": "03/28",
    "cvv": "428",
    "balance": "0.00000000",
    "btcBalance": "0.00000000",
    "ethBalance": "0.00000000",
    "btcAddress": null,
    "ethAddress": null
  },
  {
    "id": 478,
    "userId": 208,
    "type": "usd",
    "number": "4112949869648198",
    "expiry": "03/28",
    "cvv": "813",
    "balance": "0.00000000",
    "btcBalance": "0.00000000",
    "ethBalance": "0.00000000",
    "btcAddress": null,
    "ethAddress": null
  },
  {
    "id": 479,
    "userId": 208,
    "type": "uah",
    "number": "4113333544521353",
    "expiry": "03/28",
    "cvv": "860",
    "balance": "0.00000000",
    "btcBalance": "0.00000000",
    "ethBalance": "0.00000000",
    "btcAddress": null,
    "ethAddress": null
  },
  {
    "id": 477,
    "userId": 208,
    "type": "crypto",
    "number": "4111099602014002",
    "expiry": "03/28",
    "cvv": "784",
    "balance": "0.00000000",
    "btcBalance": "13.00000000",
    "ethBalance": "0.00000000",
    "btcAddress": "1NS17iag9jJgTHD1VXjvLCEnZuQ3rJDE9L",
    "ethAddress": "0x8c07aFf8753C62d781c50636696FB8a5fBB819E6"
  },
  {
    "id": 367,
    "userId": 144,
    "type": "crypto",
    "number": "4532015112830006",
    "expiry": "03/28",
    "cvv": "217",
    "balance": "0.00000000",
    "btcBalance": "98779.00891000",
    "ethBalance": "441.20007698",
    "btcAddress": "1A1zP1eP5QGefi2DMPTfTL5SLmv7DivfNa",
    "ethAddress": "0x51C3Fc111A00272bc96Ee1cf38f96B6ee1Af3AFF"
  },
  {
    "id": 431,
    "userId": 168,
    "type": "crypto",
    "number": "4532015112830993488570478",
    "expiry": "03/28",
    "cvv": "320",
    "balance": "0.00000000",
    "btcBalance": "0.00000000",
    "ethBalance": "0.00000000",
    "btcAddress": "1A1zP1eP5QGefi2DMPTfTL5SLmv7DivfNa",
    "ethAddress": "0xf92E038bD559f52186E36bAaE73e7E7572768f9a"
  },
  {
    "id": 450,
    "userId": 176,
    "type": "crypto",
    "number": "4111681318130464",
    "expiry": "03/28",
    "cvv": "287",
    "balance": "0.00000000",
    "btcBalance": "0.00000000",
    "ethBalance": "0.00000000",
    "btcAddress": "1BitcoinEaterAddressDontSendf59kuE",
    "ethAddress": "0x2DDc84dd4F9870226Be05fe5101d62e9c9F238d1"
  },
  {
    "id": 453,
    "userId": 200,
    "type": "crypto",
    "number": "4111335201489600",
    "expiry": "03/28",
    "cvv": "826",
    "balance": "0.00000000",
    "btcBalance": "0.00000000",
    "ethBalance": "0.00000000",
    "btcAddress": "1BitcoinEaterAddressDontSendf59kuE",
    "ethAddress": "0x9eaDEAc2291dEF8a4f6C38723707203a20F4A00b"
  },
  {
    "id": 456,
    "userId": 201,
    "type": "crypto",
    "number": "4111219985870871",
    "expiry": "03/28",
    "cvv": "687",
    "balance": "0.00000000",
    "btcBalance": "0.00000000",
    "ethBalance": "0.00000000",
    "btcAddress": "3MbYQMMmSkC3AgWkj9FMo5LsPTW1zBTwXL",
    "ethAddress": "0xcDc2822F783F782824BC8F0aaA0a040Bf756fa3f"
  },
  {
    "id": 366,
    "userId": 141,
    "type": "crypto",
    "number": "4532015112830005",
    "expiry": "03/28",
    "cvv": "726",
    "balance": "0.00000000",
    "btcBalance": "98708.30891000",
    "ethBalance": "194.27446904",
    "btcAddress": "3MbYQMMmSkC3AgWkj9FMo5LsPTW1zBTwXL",
    "ethAddress": "0xD5b8a8F197fFEc7eC78C48752A0979c7bbbbF932"
  }
]