[
  {
    "id": 1,
    "userId": 1,
    "type": "crypto",
    "number": "4686080646631828",
    "expiry": "02/29",
    "cvv": "505",
    "balance": "4883.31000000",
    "btcBalance": "4785.58671423",
    "ethBalance": "12814.94137800",
    "btcAddress": "1NpXrBFqLtpzFncjFeZn5f7bTMM8yiXmTE",
    "ethAddress": "0xe4d787118bfdf3fe7099351946eb4ea14e965a91"
  },
  {
    "id": 2,
    "userId": 1,
    "type": "usd",
    "number": "4593125478989946",
    "expiry": "01/25",
    "cvv": "483",
    "balance": "174638938.98000000",
    "btcBalance": "0.00000000",
    "ethBalance": "0.00000000",
    "btcAddress": null,
    "ethAddress": null
  },
  {
    "id": 3,
    "userId": 1,
    "type": "uah",
    "number": "4763950103360695",
    "expiry": "12/28",
    "cvv": "808",
    "balance": "24900625.10000000",
    "btcBalance": "0.00000000",
    "ethBalance": "0.00000000",
    "btcAddress": null,
    "ethAddress": null
  },
  {
    "id": 4,
    "userId": 5,
    "type": "crypto",
    "number": "4705253597553356",
    "expiry": "08/27",
    "cvv": "734",
    "balance": "26930.00000000",
    "btcBalance": "0.00000000",
    "ethBalance": "0.00000000",
    "btcAddress": "1e99e3cb491521598822e872e9a693f979",
    "ethAddress": "0xcee3853a474711b2f9205306252dce9f14d3899a"
  },
  {
    "id": 5,
    "userId": 5,
    "type": "usd",
    "number": "4283764713218456",
    "expiry": "12/25",
    "cvv": "981",
    "balance": "0.00000000",
    "btcBalance": "0.00000000",
    "ethBalance": "0.00000000",
    "btcAddress": null,
    "ethAddress": null
  },
  {
    "id": 6,
    "userId": 5,
    "type": "uah",
    "number": "4496364436548156",
    "expiry": "02/29",
    "cvv": "238",
    "balance": "0.00000000",
    "btcBalance": "0.00000000",
    "ethBalance": "0.00000000",
    "btcAddress": null,
    "ethAddress": null
  },
  {
    "id": 7,
    "userId": 6,
    "type": "crypto",
    "number": "4279465421080570",
    "expiry": "12/28",
    "cvv": "984",
    "balance": "60221.00000000",
    "btcBalance": "0.00000000",
    "ethBalance": "0.00000000",
    "btcAddress": "1fc33b32ca73fedaa9ef71134271df2a39",
    "ethAddress": "0x727df8b4df41b43210a7fda97e11e0c497bec4e3"
  },
  {
    "id": 8,
    "userId": 6,
    "type": "usd",
    "number": "4823612607289428",
    "expiry": "10/27",
    "cvv": "624",
    "balance": "296219.35000000",
    "btcBalance": "0.00000000",
    "ethBalance": "0.00000000",
    "btcAddress": null,
    "ethAddress": null
  },
  {
    "id": 9,
    "userId": 6,
    "type": "uah",
    "number": "4199184831816278",
    "expiry": "06/29",
    "cvv": "344",
    "balance": "3122361347.00000000",
    "btcBalance": "0.00000000",
    "ethBalance": "0.00000000",
    "btcAddress": null,
    "ethAddress": null
  }
]