{
  "users": [
    {
      "id": 47,
      "username": "CryptoTrader2025",
      "password": "hash1.salt1",
      "is_regulator": false,
      "regulator_balance": "0.00000000",
      "last_nft_generation": null,
      "nft_generation_count": 0
    },
    {
      "id": 48,
      "username": "FiatExchanger",
      "password": "hash2.salt2",
      "is_regulator": false,
      "regulator_balance": "0.00000000",
      "last_nft_generation": null,
      "nft_generation_count": 0
    },
    {
      "id": 49,
      "username": "UAHTrader",
      "password": "hash3.salt3",
      "is_regulator": false,
      "regulator_balance": "0.00000000",
      "last_nft_generation": null,
      "nft_generation_count": 0
    },
    {
      "id": 50,
      "username": "BTCMaster",
      "password": "hash4.salt4",
      "is_regulator": false,
      "regulator_balance": "0.00000000",
      "last_nft_generation": null,
      "nft_generation_count": 0
    },
    {
      "id": 51,
      "username": "CryptoKing2025",
      "password": "hash5.salt5",
      "is_regulator": false,
      "regulator_balance": "0.00000000",
      "last_nft_generation": null,
      "nft_generation_count": 0
    },
    {
      "id": 52,
      "username": "USDTrader",
      "password": "hash6.salt6",
      "is_regulator": false,
      "regulator_balance": "0.00000000",
      "last_nft_generation": null,
      "nft_generation_count": 0
    },
    {
      "id": 53,
      "username": "UAHMaster",
      "password": "hash7.salt7",
      "is_regulator": false,
      "regulator_balance": "0.00000000",
      "last_nft_generation": null,
      "nft_generation_count": 0
    },
    {
      "id": 54,
      "username": "CryptoQueen",
      "password": "hash8.salt8",
      "is_regulator": false,
      "regulator_balance": "0.00000000",
      "last_nft_generation": null,
      "nft_generation_count": 0
    },
    {
      "id": 55,
      "username": "BTCTrader",
      "password": "hash9.salt9",
      "is_regulator": false,
      "regulator_balance": "0.00000000",
      "last_nft_generation": null,
      "nft_generation_count": 0
    },
    {
      "id": 56,
      "username": "GlobalTrader",
      "password": "hash10.salt10",
      "is_regulator": false,
      "regulator_balance": "0.00000000",
      "last_nft_generation": null,
      "nft_generation_count": 0
    },
    {
      "id": 57,
      "username": "MarketMaker2025",
      "password": "hash11.salt11",
      "is_regulator": false,
      "regulator_balance": "0.00000000",
      "last_nft_generation": null,
      "nft_generation_count": 0
    },
    {
      "id": 58,
      "username": "ExchangePro",
      "password": "hash12.salt12",
      "is_regulator": false,
      "regulator_balance": "0.00000000",
      "last_nft_generation": null,
      "nft_generation_count": 0
    },
    {
      "id": 59,
      "username": "CryptoExpert",
      "password": "hash13.salt13",
      "is_regulator": false,
      "regulator_balance": "0.00000000",
      "last_nft_generation": null,
      "nft_generation_count": 0
    },
    {
      "id": 60,
      "username": "FinanceGuru",
      "password": "hash14.salt14",
      "is_regulator": false,
      "regulator_balance": "0.00000000",
      "last_nft_generation": null,
      "nft_generation_count": 0
    },
    {
      "id": 41,
      "username": "admin",
      "password": "73992c62ca47be0e8d949ad8df64324bae8f542007c0f2ef886f1b39418963c8b4ccc9c63939340a0a0f9c96d170dd0705075c728a35c76e3c340650970417cc.32567ef87fc584ec22cea70d4dbd6f46",
      "is_regulator": true,
      "regulator_balance": "4389.12345678",
      "last_nft_generation": null,
      "nft_generation_count": 0
    },
    {
      "id": 42,
      "username": "Kich32",
      "password": "dda845d60595df05ca8c90a32c72f721eaa6f73bfa8a25a063f1981fe45b87910c31bc45a7724ab945b1a9e33a0a68b08e2296fb73b960877d85c57b42ac5ff7.e307a6994d6eb04c87392ce530309630",
      "is_regulator": false,
      "regulator_balance": "0.00000000",
      "last_nft_generation": null,
      "nft_generation_count": 0
    },
    {
      "id": 43,
      "username": "Tod Kolinsk",
      "password": "5ef77cb19fc9406965acb4e028683a124ca1ebb17b338208661127275f108424d8af6b26dea963f3570d1d8939d2ec7a4a8b32fc191a9551832e611a90b4ac4d.a877e8fe8f6f620a3a7589d048534602",
      "is_regulator": false,
      "regulator_balance": "0.00000000",
      "last_nft_generation": null,
      "nft_generation_count": 0
    },
    {
      "id": 44,
      "username": "olektreyd@gmail.com",
      "password": "9187c19246b7ef132ba5cff07bf1a528b8e19c112dbdaea27045df3e77408c479bac1a59225e4aef6409f1aa337cd490cebbdf50866d478477d01aac95184c6e.440d8cd7817ef5d331a7345b64eb6b41",
      "is_regulator": false,
      "regulator_balance": "0.00000000",
      "last_nft_generation": null,
      "nft_generation_count": 0
    },
    {
      "id": 45,
      "username": "Nikita",
      "password": "c6e6ad1df7ccd60cb6d2948ae04ac83da3e8608a37f544f7650c52c5271c027e6aa6aa8cf5618cfd951ee33fd6a2a83b0badfc2ad2992d8e3e54ad5f0e110553.345c80e97a319d2a0a275f7031c672b3",
      "is_regulator": false,
      "regulator_balance": "0.00000000",
      "last_nft_generation": null,
      "nft_generation_count": 0
    },
    {
      "id": 46,
      "username": "Maksim4440432",
      "password": "07f040ac39b3254bcbf515cab85c28458bb1c85f31533340fae085449eddc73095dd1d37f1d5c132fdcf2df6d116aef9af57f511208936af7745c0ff87330d9c.3bc39831b34601ec4b225bb10900ea4c",
      "is_regulator": false,
      "regulator_balance": "0.00000000",
      "last_nft_generation": null,
      "nft_generation_count": 0
    }
  ],
  "cards": [
    {
      "id": 62,
      "userId": 41,
      "type": "crypto",
      "number": "4000006433994864",
      "expiry": "12/25",
      "cvv": "838",
      "balance": "0.00000000",
      "btcBalance": "9.16258550",
      "ethBalance": "97.64614381",
      "btcAddress": "bc18b62f37419dcd708a3e325e6db392c84",
      "ethAddress": "0x7a2bd23508e657ff59a7c3b54333fdf0"
    },
    {
      "id": 63,
      "userId": 41,
      "type": "usd",
      "number": "4111003175619976",
      "expiry": "12/25",
      "cvv": "577",
      "balance": "20830.02000000",
      "btcBalance": "0.00000000",
      "ethBalance": "0.00000000",
      "btcAddress": null,
      "ethAddress": null
    },
    {
      "id": 64,
      "userId": 41,
      "type": "uah",
      "number": "4222001293329279",
      "expiry": "12/25",
      "cvv": "204",
      "balance": "49255.42000000",
      "btcBalance": "0.00000000",
      "ethBalance": "0.00000000",
      "btcAddress": null,
      "ethAddress": null
    },
    {
      "id": 65,
      "userId": 42,
      "type": "crypto",
      "number": "4000008139177125",
      "expiry": "12/25",
      "cvv": "816",
      "balance": "0.00000000",
      "btcBalance": "0.30410657",
      "ethBalance": "39.69660251",
      "btcAddress": "bc11de603b0a48c57dbe059c116ae33698b",
      "ethAddress": "0x80a233c6d39b4864910c232d8b5f232b"
    },
    {
      "id": 66,
      "userId": 42,
      "type": "usd",
      "number": "4111001328996180",
      "expiry": "12/25",
      "cvv": "471",
      "balance": "38461.32000000",
      "btcBalance": "0.00000000",
      "ethBalance": "0.00000000",
      "btcAddress": null,
      "ethAddress": null
    },
    {
      "id": 67,
      "userId": 42,
      "type": "uah",
      "number": "4222002003400386",
      "expiry": "12/25",
      "cvv": "800",
      "balance": "467075.52000000",
      "btcBalance": "0.00000000",
      "ethBalance": "0.00000000",
      "btcAddress": null,
      "ethAddress": null
    },
    {
      "id": 68,
      "userId": 43,
      "type": "crypto",
      "number": "4000009552853901",
      "expiry": "12/25",
      "cvv": "147",
      "balance": "0.00000000",
      "btcBalance": "8.82902702",
      "ethBalance": "74.34507977",
      "btcAddress": "bc122d7e3f93df7d7408a2ee84816e6c5db",
      "ethAddress": "0xf75012e14bead9148a20ae7f9f1a0cb8"
    },
    {
      "id": 69,
      "userId": 43,
      "type": "usd",
      "number": "4111001658589467",
      "expiry": "12/25",
      "cvv": "856",
      "balance": "11921.43000000",
      "btcBalance": "0.00000000",
      "ethBalance": "0.00000000",
      "btcAddress": null,
      "ethAddress": null
    },
    {
      "id": 70,
      "userId": 43,
      "type": "uah",
      "number": "4222003875772633",
      "expiry": "12/25",
      "cvv": "355",
      "balance": "963191.98000000",
      "btcBalance": "0.00000000",
      "ethBalance": "0.00000000",
      "btcAddress": null,
      "ethAddress": null
    },
    {
      "id": 71,
      "userId": 44,
      "type": "crypto",
      "number": "4000000271864270",
      "expiry": "12/25",
      "cvv": "291",
      "balance": "0.00000000",
      "btcBalance": "1.30052919",
      "ethBalance": "15.69277014",
      "btcAddress": "bc1008e9e68853ce22ed47f315339504a44",
      "ethAddress": "0x1939c541343602710b8608735bba7306"
    },
    {
      "id": 72,
      "userId": 44,
      "type": "usd",
      "number": "4111006595423544",
      "expiry": "12/25",
      "cvv": "473",
      "balance": "48967.30000000",
      "btcBalance": "0.00000000",
      "ethBalance": "0.00000000",
      "btcAddress": null,
      "ethAddress": null
    },
    {
      "id": 73,
      "userId": 44,
      "type": "uah",
      "number": "4222008708240619",
      "expiry": "12/25",
      "cvv": "823",
      "balance": "65198.55000000",
      "btcBalance": "0.00000000",
      "ethBalance": "0.00000000",
      "btcAddress": null,
      "ethAddress": null
    },
    {
      "id": 74,
      "userId": 45,
      "type": "crypto",
      "number": "4000006629734345",
      "expiry": "12/25",
      "cvv": "806",
      "balance": "0.00000000",
      "btcBalance": "6.68430094",
      "ethBalance": "8.92864394",
      "btcAddress": "bc150d5a0374da1abd840f0e1b868aebd34",
      "ethAddress": "0xf0ed418a52c5bbbe7bb59306f7e8ecd9"
    },
    {
      "id": 75,
      "userId": 45,
      "type": "usd",
      "number": "4111005003168252",
      "expiry": "12/25",
      "cvv": "157",
      "balance": "50763.01000000",
      "btcBalance": "0.00000000",
      "ethBalance": "0.00000000",
      "btcAddress": null,
      "ethAddress": null
    },
    {
      "id": 76,
      "userId": 45,
      "type": "uah",
      "number": "4222006540081422",
      "expiry": "12/25",
      "cvv": "240",
      "balance": "731826.83000000",
      "btcBalance": "0.00000000",
      "ethBalance": "0.00000000",
      "btcAddress": null,
      "ethAddress": null
    },
    {
      "id": 77,
      "userId": 46,
      "type": "crypto",
      "number": "4000009058508871",
      "expiry": "12/25",
      "cvv": "740",
      "balance": "0.00000000",
      "btcBalance": "1.67067066",
      "ethBalance": "26.95256899",
      "btcAddress": "bc124f821b167c4b65f86a1c0d3f9c631e3",
      "ethAddress": "0x0068b2ae91dbfb0d3064a4a7a90073f5"
    },
    {
      "id": 78,
      "userId": 46,
      "type": "usd",
      "number": "4111003320966624",
      "expiry": "12/25",
      "cvv": "891",
      "balance": "46431.27000000",
      "btcBalance": "0.00000000",
      "ethBalance": "0.00000000",
      "btcAddress": null,
      "ethAddress": null
    },
    {
      "id": 79,
      "userId": 46,
      "type": "uah",
      "number": "4222005408381168",
      "expiry": "12/25",
      "cvv": "558",
      "balance": "564579.48000000",
      "btcBalance": "0.00000000",
      "ethBalance": "0.00000000",
      "btcAddress": null,
      "ethAddress": null
    },
    {
      "id": 80,
      "userId": 47,
      "type": "crypto",
      "number": "4000001587011734",
      "expiry": "12/25",
      "cvv": "569",
      "balance": "0.00000000",
      "btcBalance": "9.61052128",
      "ethBalance": "82.37503380",
      "btcAddress": "bc102a6c631f455afed8cc579ef50e191ad",
      "ethAddress": "0x8b8795b152d761198b603fb4e50aa343"
    },
    {
      "id": 81,
      "userId": 47,
      "type": "usd",
      "number": "4111008503420561",
      "expiry": "12/25",
      "cvv": "840",
      "balance": "4381.28000000",
      "btcBalance": "0.00000000",
      "ethBalance": "0.00000000",
      "btcAddress": null,
      "ethAddress": null
    },
    {
      "id": 82,
      "userId": 47,
      "type": "uah",
      "number": "4222001535673158",
      "expiry": "12/25",
      "cvv": "635",
      "balance": "299124.00000000",
      "btcBalance": "0.00000000",
      "ethBalance": "0.00000000",
      "btcAddress": null,
      "ethAddress": null
    },
    {
      "id": 83,
      "userId": 48,
      "type": "crypto",
      "number": "4000000293065347",
      "expiry": "12/25",
      "cvv": "583",
      "balance": "0.00000000",
      "btcBalance": "4.15543196",
      "ethBalance": "4.52735055",
      "btcAddress": "bc10f827a0be0ce8535fb8890967cc1c1e6",
      "ethAddress": "0xfb1f55b4b7bfa4c44138a2f72f4b6a89"
    },
    {
      "id": 84,
      "userId": 48,
      "type": "usd",
      "number": "4111005502658747",
      "expiry": "12/25",
      "cvv": "954",
      "balance": "8248.86000000",
      "btcBalance": "0.00000000",
      "ethBalance": "0.00000000",
      "btcAddress": null,
      "ethAddress": null
    },
    {
      "id": 85,
      "userId": 48,
      "type": "uah",
      "number": "4222001179972222",
      "expiry": "12/25",
      "cvv": "250",
      "balance": "234303.62000000",
      "btcBalance": "0.00000000",
      "ethBalance": "0.00000000",
      "btcAddress": null,
      "ethAddress": null
    },
    {
      "id": 86,
      "userId": 49,
      "type": "crypto",
      "number": "4000006269864850",
      "expiry": "12/25",
      "cvv": "577",
      "balance": "0.00000000",
      "btcBalance": "8.06387252",
      "ethBalance": "32.74671230",
      "btcAddress": "bc199f6601a459d345285d1c79c0d4c43bc",
      "ethAddress": "0x2965ae8de5b34e54e549c11e3a09a160"
    },
    {
      "id": 87,
      "userId": 49,
      "type": "usd",
      "number": "4111002574266267",
      "expiry": "12/25",
      "cvv": "613",
      "balance": "44853.03000000",
      "btcBalance": "0.00000000",
      "ethBalance": "0.00000000",
      "btcAddress": null,
      "ethAddress": null
    },
    {
      "id": 88,
      "userId": 49,
      "type": "uah",
      "number": "4222002647976765",
      "expiry": "12/25",
      "cvv": "438",
      "balance": "298430.45000000",
      "btcBalance": "0.00000000",
      "ethBalance": "0.00000000",
      "btcAddress": null,
      "ethAddress": null
    },
    {
      "id": 89,
      "userId": 50,
      "type": "crypto",
      "number": "4000001770347800",
      "expiry": "12/25",
      "cvv": "759",
      "balance": "0.00000000",
      "btcBalance": "6.27481003",
      "ethBalance": "75.20374049",
      "btcAddress": "bc17b40a562edd28b6542dbbba8c354b700",
      "ethAddress": "0x87111e1afba1fec2e5efcf1ff87dbefd"
    },
    {
      "id": 90,
      "userId": 50,
      "type": "usd",
      "number": "4111007889422032",
      "expiry": "12/25",
      "cvv": "492",
      "balance": "46022.86000000",
      "btcBalance": "0.00000000",
      "ethBalance": "0.00000000",
      "btcAddress": null,
      "ethAddress": null
    },
    {
      "id": 91,
      "userId": 50,
      "type": "uah",
      "number": "4222003782445363",
      "expiry": "12/25",
      "cvv": "345",
      "balance": "37377.67000000",
      "btcBalance": "0.00000000",
      "ethBalance": "0.00000000",
      "btcAddress": null,
      "ethAddress": null
    },
    {
      "id": 92,
      "userId": 51,
      "type": "crypto",
      "number": "4000003733859907",
      "expiry": "12/25",
      "cvv": "830",
      "balance": "0.00000000",
      "btcBalance": "4.44433298",
      "ethBalance": "65.21340794",
      "btcAddress": "bc14125dcabd6a70b5cc09ce04a3456e450",
      "ethAddress": "0xe988d4c122d06e9534ed4703dd41d32a"
    },
    {
      "id": 93,
      "userId": 51,
      "type": "usd",
      "number": "4111009559464146",
      "expiry": "12/25",
      "cvv": "617",
      "balance": "20976.09000000",
      "btcBalance": "0.00000000",
      "ethBalance": "0.00000000",
      "btcAddress": null,
      "ethAddress": null
    },
    {
      "id": 94,
      "userId": 51,
      "type": "uah",
      "number": "4222007940652341",
      "expiry": "12/25",
      "cvv": "844",
      "balance": "326297.00000000",
      "btcBalance": "0.00000000",
      "ethBalance": "0.00000000",
      "btcAddress": null,
      "ethAddress": null
    },
    {
      "id": 95,
      "userId": 52,
      "type": "crypto",
      "number": "4000002071468994",
      "expiry": "12/25",
      "cvv": "866",
      "balance": "0.00000000",
      "btcBalance": "7.32531376",
      "ethBalance": "46.92957202",
      "btcAddress": "bc155809089e2e8fe9a801ee94c8f724c8b",
      "ethAddress": "0x20ca4e5bbda21d0ca16b5971b485da53"
    },
    {
      "id": 96,
      "userId": 52,
      "type": "usd",
      "number": "4111005384618225",
      "expiry": "12/25",
      "cvv": "107",
      "balance": "26436.82000000",
      "btcBalance": "0.00000000",
      "ethBalance": "0.00000000",
      "btcAddress": null,
      "ethAddress": null
    },
    {
      "id": 97,
      "userId": 52,
      "type": "uah",
      "number": "4222007238249701",
      "expiry": "12/25",
      "cvv": "747",
      "balance": "774018.68000000",
      "btcBalance": "0.00000000",
      "ethBalance": "0.00000000",
      "btcAddress": null,
      "ethAddress": null
    },
    {
      "id": 98,
      "userId": 53,
      "type": "crypto",
      "number": "4000000471181515",
      "expiry": "12/25",
      "cvv": "302",
      "balance": "0.00000000",
      "btcBalance": "5.45639280",
      "ethBalance": "4.03844874",
      "btcAddress": "bc1343fb6ae14c52df93517a2c783de2723",
      "ethAddress": "0x2a846e9ea8dacf3f6a4e9cf8ca2ab28d"
    },
    {
      "id": 99,
      "userId": 53,
      "type": "usd",
      "number": "4111008215476325",
      "expiry": "12/25",
      "cvv": "975",
      "balance": "20930.99000000",
      "btcBalance": "0.00000000",
      "ethBalance": "0.00000000",
      "btcAddress": null,
      "ethAddress": null
    },
    {
      "id": 100,
      "userId": 53,
      "type": "uah",
      "number": "4222006947502646",
      "expiry": "12/25",
      "cvv": "255",
      "balance": "899988.24000000",
      "btcBalance": "0.00000000",
      "ethBalance": "0.00000000",
      "btcAddress": null,
      "ethAddress": null
    },
    {
      "id": 101,
      "userId": 54,
      "type": "crypto",
      "number": "4000007294535946",
      "expiry": "12/25",
      "cvv": "247",
      "balance": "0.00000000",
      "btcBalance": "7.67241029",
      "ethBalance": "3.56616628",
      "btcAddress": "bc1e871135f3eebc9d4f0c08a4cff6d6472",
      "ethAddress": "0xea0a6b7b77da96c32b7b19980d1ff757"
    },
    {
      "id": 102,
      "userId": 54,
      "type": "usd",
      "number": "4111003505130402",
      "expiry": "12/25",
      "cvv": "339",
      "balance": "16305.46000000",
      "btcBalance": "0.00000000",
      "ethBalance": "0.00000000",
      "btcAddress": null,
      "ethAddress": null
    },
    {
      "id": 103,
      "userId": 54,
      "type": "uah",
      "number": "4222001621348843",
      "expiry": "12/25",
      "cvv": "529",
      "balance": "247551.16000000",
      "btcBalance": "0.00000000",
      "ethBalance": "0.00000000",
      "btcAddress": null,
      "ethAddress": null
    },
    {
      "id": 104,
      "userId": 55,
      "type": "crypto",
      "number": "4000002514028931",
      "expiry": "12/25",
      "cvv": "144",
      "balance": "0.00000000",
      "btcBalance": "0.30646528",
      "ethBalance": "15.27958757",
      "btcAddress": "bc13f492e7968a0af6e3605ead5b48a5410",
      "ethAddress": "0xa338415a9c32e5d700c2e689def0a624"
    },
    {
      "id": 105,
      "userId": 55,
      "type": "usd",
      "number": "4111000113644033",
      "expiry": "12/25",
      "cvv": "969",
      "balance": "41977.92000000",
      "btcBalance": "0.00000000",
      "ethBalance": "0.00000000",
      "btcAddress": null,
      "ethAddress": null
    },
    {
      "id": 106,
      "userId": 55,
      "type": "uah",
      "number": "4222006915413019",
      "expiry": "12/25",
      "cvv": "429",
      "balance": "103130.06000000",
      "btcBalance": "0.00000000",
      "ethBalance": "0.00000000",
      "btcAddress": null,
      "ethAddress": null
    },
    {
      "id": 107,
      "userId": 56,
      "type": "crypto",
      "number": "4000007964458001",
      "expiry": "12/25",
      "cvv": "201",
      "balance": "0.00000000",
      "btcBalance": "7.15753936",
      "ethBalance": "3.42736859",
      "btcAddress": "bc17fd7b8c2a971fd1b02868a45c89e64bc",
      "ethAddress": "0xdda8b870ec05e008a301dc7d6888e7b1"
    },
    {
      "id": 108,
      "userId": 56,
      "type": "usd",
      "number": "4111003888544578",
      "expiry": "12/25",
      "cvv": "137",
      "balance": "14711.16000000",
      "btcBalance": "0.00000000",
      "ethBalance": "0.00000000",
      "btcAddress": null,
      "ethAddress": null
    },
    {
      "id": 109,
      "userId": 56,
      "type": "uah",
      "number": "4222002975959553",
      "expiry": "12/25",
      "cvv": "712",
      "balance": "192525.19000000",
      "btcBalance": "0.00000000",
      "ethBalance": "0.00000000",
      "btcAddress": null,
      "ethAddress": null
    },
    {
      "id": 110,
      "userId": 57,
      "type": "crypto",
      "number": "4000002786612398",
      "expiry": "12/25",
      "cvv": "365",
      "balance": "0.00000000",
      "btcBalance": "0.84498854",
      "ethBalance": "61.43926329",
      "btcAddress": "bc12d610bc1761fc627c6ca6c15e509faa8",
      "ethAddress": "0x4096ac165a5cc2006572badfc31d1e0d"
    },
    {
      "id": 111,
      "userId": 57,
      "type": "usd",
      "number": "4111007309482032",
      "expiry": "12/25",
      "cvv": "838",
      "balance": "26471.20000000",
      "btcBalance": "0.00000000",
      "ethBalance": "0.00000000",
      "btcAddress": null,
      "ethAddress": null
    },
    {
      "id": 112,
      "userId": 57,
      "type": "uah",
      "number": "4222003201079441",
      "expiry": "12/25",
      "cvv": "346",
      "balance": "270859.71000000",
      "btcBalance": "0.00000000",
      "ethBalance": "0.00000000",
      "btcAddress": null,
      "ethAddress": null
    },
    {
      "id": 113,
      "userId": 58,
      "type": "crypto",
      "number": "4000009311128774",
      "expiry": "12/25",
      "cvv": "607",
      "balance": "0.00000000",
      "btcBalance": "8.38504918",
      "ethBalance": "30.49229665",
      "btcAddress": "bc1a273633b56d0045d036262718b56e15d",
      "ethAddress": "0xfdb4848eb85470d395e3bc8c5335bdaa"
    },
    {
      "id": 114,
      "userId": 58,
      "type": "usd",
      "number": "4111000621887497",
      "expiry": "12/25",
      "cvv": "604",
      "balance": "49256.89000000",
      "btcBalance": "0.00000000",
      "ethBalance": "0.00000000",
      "btcAddress": null,
      "ethAddress": null
    },
    {
      "id": 115,
      "userId": 58,
      "type": "uah",
      "number": "4222007376522594",
      "expiry": "12/25",
      "cvv": "985",
      "balance": "240299.57000000",
      "btcBalance": "0.00000000",
      "ethBalance": "0.00000000",
      "btcAddress": null,
      "ethAddress": null
    },
    {
      "id": 116,
      "userId": 59,
      "type": "crypto",
      "number": "4000007061131805",
      "expiry": "12/25",
      "cvv": "441",
      "balance": "0.00000000",
      "btcBalance": "2.57250506",
      "ethBalance": "37.83531629",
      "btcAddress": "bc1a89222efdbaee28d2b2b59d5f0714f8b",
      "ethAddress": "0x4b1f2c26de6f0e97e7c4532e538cfdcc"
    },
    {
      "id": 117,
      "userId": 59,
      "type": "usd",
      "number": "4111004572495286",
      "expiry": "12/25",
      "cvv": "269",
      "balance": "20156.85000000",
      "btcBalance": "0.00000000",
      "ethBalance": "0.00000000",
      "btcAddress": null,
      "ethAddress": null
    },
    {
      "id": 118,
      "userId": 59,
      "type": "uah",
      "number": "4222004199521216",
      "expiry": "12/25",
      "cvv": "772",
      "balance": "501683.95000000",
      "btcBalance": "0.00000000",
      "ethBalance": "0.00000000",
      "btcAddress": null,
      "ethAddress": null
    },
    {
      "id": 119,
      "userId": 60,
      "type": "crypto",
      "number": "4000007213981377",
      "expiry": "12/25",
      "cvv": "899",
      "balance": "0.00000000",
      "btcBalance": "6.71474392",
      "ethBalance": "74.18388580",
      "btcAddress": "bc1b84fefb86f3f871ce7d40a983c1e1bf8",
      "ethAddress": "0x9d245b7e149c40c6b815debb0e44a66f"
    },
    {
      "id": 120,
      "userId": 60,
      "type": "usd",
      "number": "4111005856792468",
      "expiry": "12/25",
      "cvv": "309",
      "balance": "29329.62000000",
      "btcBalance": "0.00000000",
      "ethBalance": "0.00000000",
      "btcAddress": null,
      "ethAddress": null
    },
    {
      "id": 121,
      "userId": 60,
      "type": "uah",
      "number": "4222001480052150",
      "expiry": "12/25",
      "cvv": "221",
      "balance": "358691.00000000",
      "btcBalance": "0.00000000",
      "ethBalance": "0.00000000",
      "btcAddress": null,
      "ethAddress": null
    }
  ],
  "transactions": [
    {
      "id": 1,
      "fromCardId": 62,
      "toCardId": 71,
      "amount": "3.18801645",
      "convertedAmount": "60258.86329130",
      "type": "commission",
      "wallet": null,
      "status": "completed",
      "createdAt": "2025-02-26T03:07:12.175Z",
      "description": "Продажа ETH",
      "fromCardNumber": "4000006433994864",
      "toCardNumber": "4000000271864270"
    },
    {
      "id": 2,
      "fromCardId": 62,
      "toCardId": 78,
      "amount": "0.43657835",
      "convertedAmount": "150815.10600018",
      "type": "exchange",
      "wallet": null,
      "status": "completed",
      "createdAt": "2025-02-05T12:31:56.254Z",
      "description": "Обмен USD/UAH",
      "fromCardNumber": "4000006433994864",
      "toCardNumber": "4111003320966624"
    },
    {
      "id": 3,
      "fromCardId": 62,
      "toCardId": 84,
      "amount": "2.81280321",
      "convertedAmount": "9395.69948480",
      "type": "commission",
      "wallet": null,
      "status": "completed",
      "createdAt": "2025-02-06T05:48:47.003Z",
      "description": "Перевод BTC",
      "fromCardNumber": "4000006433994864",
      "toCardNumber": "4111005502658747"
    },
    {
      "id": 4,
      "fromCardId": 62,
      "toCardId": 85,
      "amount": "3.42464878",
      "convertedAmount": "117059.40849595",
      "type": "transfer",
      "wallet": null,
      "status": "completed",
      "createdAt": "2025-03-02T03:00:41.563Z",
      "description": "Перевод BTC",
      "fromCardNumber": "4000006433994864",
      "toCardNumber": "4222001179972222"
    },
    {
      "id": 5,
      "fromCardId": 62,
      "toCardId": 108,
      "amount": "1.02095882",
      "convertedAmount": "112665.53395300",
      "type": "transfer",
      "wallet": "0x3ab6a0d0820f67ada26f7c726daefa94",
      "status": "completed",
      "createdAt": "2025-02-22T13:01:30.176Z",
      "description": "Продажа ETH",
      "fromCardNumber": "4000006433994864",
      "toCardNumber": "4111003888544578"
    },
    {
      "id": 6,
      "fromCardId": 63,
      "toCardId": 66,
      "amount": "1.24929724",
      "convertedAmount": "41408.55464084",
      "type": "transfer",
      "wallet": "0xacea183e17a3429ea718630520b8de48",
      "status": "completed",
      "createdAt": "2025-02-16T11:55:33.727Z",
      "description": "Перевод BTC",
      "fromCardNumber": "4111003175619976",
      "toCardNumber": "4111001328996180"
    },
    {
      "id": 7,
      "fromCardId": 63,
      "toCardId": 76,
      "amount": "0.73806432",
      "convertedAmount": "81402.19048823",
      "type": "exchange",
      "wallet": "0x44da5d43627f890a1481d9b7bf4cce9b",
      "status": "completed",
      "createdAt": "2025-02-09T01:02:31.807Z",
      "description": "Покупка BTC",
      "fromCardNumber": "4111003175619976",
      "toCardNumber": "4222006540081422"
    },
    {
      "id": 8,
      "fromCardId": 63,
      "toCardId": 85,
      "amount": "4.40457649",
      "convertedAmount": "83620.68824434",
      "type": "commission",
      "wallet": null,
      "status": "completed",
      "createdAt": "2025-02-17T11:47:56.005Z",
      "description": "Комиссия за транзакцию",
      "fromCardNumber": "4111003175619976",
      "toCardNumber": "4222001179972222"
    },
    {
      "id": 9,
      "fromCardId": 63,
      "toCardId": 89,
      "amount": "3.96238121",
      "convertedAmount": "168419.32159897",
      "type": "commission",
      "wallet": null,
      "status": "completed",
      "createdAt": "2025-02-23T04:58:48.893Z",
      "description": "Перевод BTC",
      "fromCardNumber": "4111003175619976",
      "toCardNumber": "4000001770347800"
    },
    {
      "id": 10,
      "fromCardId": 63,
      "toCardId": 93,
      "amount": "4.78374988",
      "convertedAmount": "110120.92597303",
      "type": "exchange",
      "wallet": null,
      "status": "completed",
      "createdAt": "2025-02-10T19:53:29.292Z",
      "description": "Продажа ETH",
      "fromCardNumber": "4111003175619976",
      "toCardNumber": "4111009559464146"
    },
    {
      "id": 11,
      "fromCardId": 63,
      "toCardId": 114,
      "amount": "2.04177807",
      "convertedAmount": "166038.73771576",
      "type": "exchange",
      "wallet": "0x19b6a134d87aa135c35233eb605a26a5",
      "status": "completed",
      "createdAt": "2025-02-28T15:34:59.675Z",
      "description": "Продажа ETH",
      "fromCardNumber": "4111003175619976",
      "toCardNumber": "4111000621887497"
    },
    {
      "id": 12,
      "fromCardId": 64,
      "toCardId": 67,
      "amount": "1.34102646",
      "convertedAmount": "154143.89794356",
      "type": "exchange",
      "wallet": "0x343a681f92ad658c1a408698e3859bde",
      "status": "completed",
      "createdAt": "2025-03-04T09:18:44.034Z",
      "description": "Покупка BTC",
      "fromCardNumber": "4222001293329279",
      "toCardNumber": "4222002003400386"
    },
    {
      "id": 13,
      "fromCardId": 64,
      "toCardId": 92,
      "amount": "3.29991576",
      "convertedAmount": "29009.36487411",
      "type": "commission",
      "wallet": null,
      "status": "completed",
      "createdAt": "2025-02-13T17:17:59.433Z",
      "description": "Продажа ETH",
      "fromCardNumber": "4222001293329279",
      "toCardNumber": "4000003733859907"
    },
    {
      "id": 14,
      "fromCardId": 65,
      "toCardId": 64,
      "amount": "4.43077882",
      "convertedAmount": "84459.19894170",
      "type": "exchange",
      "wallet": null,
      "status": "completed",
      "createdAt": "2025-02-27T11:46:59.665Z",
      "description": "Обмен USD/UAH",
      "fromCardNumber": "4000008139177125",
      "toCardNumber": "4222001293329279"
    },
    {
      "id": 15,
      "fromCardId": 65,
      "toCardId": 71,
      "amount": "4.29115933",
      "convertedAmount": "102232.31606315",
      "type": "transfer",
      "wallet": null,
      "status": "completed",
      "createdAt": "2025-03-02T09:26:29.383Z",
      "description": "Обмен USD/UAH",
      "fromCardNumber": "4000008139177125",
      "toCardNumber": "4000000271864270"
    },
    {
      "id": 16,
      "fromCardId": 65,
      "toCardId": 93,
      "amount": "2.44399820",
      "convertedAmount": "45672.11997877",
      "type": "transfer",
      "wallet": null,
      "status": "completed",
      "createdAt": "2025-03-03T15:10:10.681Z",
      "description": "Перевод BTC",
      "fromCardNumber": "4000008139177125",
      "toCardNumber": "4111009559464146"
    },
    {
      "id": 17,
      "fromCardId": 65,
      "toCardId": 98,
      "amount": "3.43108439",
      "convertedAmount": "83421.83988624",
      "type": "exchange",
      "wallet": "0x84af4e82483b9d7e5406a1077059deec",
      "status": "completed",
      "createdAt": "2025-03-02T00:47:32.069Z",
      "description": "Перевод BTC",
      "fromCardNumber": "4000008139177125",
      "toCardNumber": "4000000471181515"
    },
    {
      "id": 18,
      "fromCardId": 66,
      "toCardId": 62,
      "amount": "3.96434057",
      "convertedAmount": "50758.81836835",
      "type": "transfer",
      "wallet": null,
      "status": "completed",
      "createdAt": "2025-03-03T13:32:59.454Z",
      "description": "Перевод BTC",
      "fromCardNumber": "4111001328996180",
      "toCardNumber": "4000006433994864"
    },
    {
      "id": 19,
      "fromCardId": 66,
      "toCardId": 71,
      "amount": "0.60817551",
      "convertedAmount": "151025.36713792",
      "type": "exchange",
      "wallet": null,
      "status": "completed",
      "createdAt": "2025-02-18T20:06:51.850Z",
      "description": "Продажа ETH",
      "fromCardNumber": "4111001328996180",
      "toCardNumber": "4000000271864270"
    },
    {
      "id": 20,
      "fromCardId": 66,
      "toCardId": 77,
      "amount": "0.18864421",
      "convertedAmount": "129914.69998419",
      "type": "exchange",
      "wallet": "0x0eecff2e97cd9b3ad2e142746396d81a",
      "status": "completed",
      "createdAt": "2025-02-04T12:19:25.321Z",
      "description": "Покупка BTC",
      "fromCardNumber": "4111001328996180",
      "toCardNumber": "4000009058508871"
    },
    {
      "id": 21,
      "fromCardId": 66,
      "toCardId": 81,
      "amount": "0.66552772",
      "convertedAmount": "16593.14672445",
      "type": "exchange",
      "wallet": "0x3410c29b1df38a37d907755957403699",
      "status": "completed",
      "createdAt": "2025-03-03T13:57:26.431Z",
      "description": "Обмен USD/UAH",
      "fromCardNumber": "4111001328996180",
      "toCardNumber": "4111008503420561"
    },
    {
      "id": 22,
      "fromCardId": 66,
      "toCardId": 96,
      "amount": "4.43599887",
      "convertedAmount": "62792.76860589",
      "type": "exchange",
      "wallet": "0x36ac46dbf1c5664c3895a83a5e0264c9",
      "status": "completed",
      "createdAt": "2025-02-12T08:37:00.528Z",
      "description": "Комиссия за транзакцию",
      "fromCardNumber": "4111001328996180",
      "toCardNumber": "4111005384618225"
    },
    {
      "id": 23,
      "fromCardId": 66,
      "toCardId": 105,
      "amount": "3.18168407",
      "convertedAmount": "118127.09288340",
      "type": "commission",
      "wallet": null,
      "status": "completed",
      "createdAt": "2025-02-13T09:45:18.822Z",
      "description": "Покупка BTC",
      "fromCardNumber": "4111001328996180",
      "toCardNumber": "4111000113644033"
    },
    {
      "id": 24,
      "fromCardId": 66,
      "toCardId": 108,
      "amount": "4.11051147",
      "convertedAmount": "200906.16866239",
      "type": "transfer",
      "wallet": "0x228faf9ebaf81237489f28959fff865e",
      "status": "completed",
      "createdAt": "2025-02-20T09:05:19.232Z",
      "description": "Обмен USD/UAH",
      "fromCardNumber": "4111001328996180",
      "toCardNumber": "4111003888544578"
    },
    {
      "id": 25,
      "fromCardId": 66,
      "toCardId": 117,
      "amount": "4.38162795",
      "convertedAmount": "53353.55797909",
      "type": "commission",
      "wallet": null,
      "status": "completed",
      "createdAt": "2025-02-20T03:31:36.577Z",
      "description": "Обмен USD/UAH",
      "fromCardNumber": "4111001328996180",
      "toCardNumber": "4111004572495286"
    },
    {
      "id": 26,
      "fromCardId": 67,
      "toCardId": 74,
      "amount": "2.90737568",
      "convertedAmount": "67239.71136620",
      "type": "transfer",
      "wallet": "0x041627051c87f3fbebe3770269870091",
      "status": "completed",
      "createdAt": "2025-03-02T04:45:07.108Z",
      "description": "Продажа ETH",
      "fromCardNumber": "4222002003400386",
      "toCardNumber": "4000006629734345"
    },
    {
      "id": 27,
      "fromCardId": 67,
      "toCardId": 78,
      "amount": "3.70991508",
      "convertedAmount": "26780.67585044",
      "type": "commission",
      "wallet": "0x1d558339a41a5b1224ac2f8eefffc36b",
      "status": "completed",
      "createdAt": "2025-02-06T16:46:21.209Z",
      "description": "Комиссия за транзакцию",
      "fromCardNumber": "4222002003400386",
      "toCardNumber": "4111003320966624"
    },
    {
      "id": 28,
      "fromCardId": 67,
      "toCardId": 102,
      "amount": "3.07366182",
      "convertedAmount": "110827.32843370",
      "type": "exchange",
      "wallet": null,
      "status": "completed",
      "createdAt": "2025-02-10T17:29:51.695Z",
      "description": "Комиссия за транзакцию",
      "fromCardNumber": "4222002003400386",
      "toCardNumber": "4111003505130402"
    },
    {
      "id": 29,
      "fromCardId": 67,
      "toCardId": 106,
      "amount": "4.62380873",
      "convertedAmount": "110170.14009412",
      "type": "commission",
      "wallet": null,
      "status": "completed",
      "createdAt": "2025-02-28T11:02:29.061Z",
      "description": "Обмен USD/UAH",
      "fromCardNumber": "4222002003400386",
      "toCardNumber": "4222006915413019"
    },
    {
      "id": 30,
      "fromCardId": 67,
      "toCardId": 118,
      "amount": "0.11900165",
      "convertedAmount": "133492.08235398",
      "type": "transfer",
      "wallet": "0xcdf09c56b1f40d40d84038bdfe59e44f",
      "status": "completed",
      "createdAt": "2025-02-23T11:34:49.173Z",
      "description": "Продажа ETH",
      "fromCardNumber": "4222002003400386",
      "toCardNumber": "4222004199521216"
    },
    {
      "id": 31,
      "fromCardId": 68,
      "toCardId": 79,
      "amount": "0.70766224",
      "convertedAmount": "123108.79687166",
      "type": "commission",
      "wallet": "0x5f6637f62dc794c27db35278ef5d297f",
      "status": "completed",
      "createdAt": "2025-02-25T03:45:23.631Z",
      "description": "Комиссия за транзакцию",
      "fromCardNumber": "4000009552853901",
      "toCardNumber": "4222005408381168"
    },
    {
      "id": 32,
      "fromCardId": 68,
      "toCardId": 91,
      "amount": "3.60974461",
      "convertedAmount": "176676.38740029",
      "type": "exchange",
      "wallet": "0xcd57e4bf6ce85d53ea1c31eedfdc9ec7",
      "status": "completed",
      "createdAt": "2025-02-06T19:14:05.490Z",
      "description": "Покупка BTC",
      "fromCardNumber": "4000009552853901",
      "toCardNumber": "4222003782445363"
    },
    {
      "id": 33,
      "fromCardId": 69,
      "toCardId": 68,
      "amount": "4.19041540",
      "convertedAmount": "197185.51114930",
      "type": "exchange",
      "wallet": null,
      "status": "completed",
      "createdAt": "2025-02-09T20:28:30.628Z",
      "description": "Продажа ETH",
      "fromCardNumber": "4111001658589467",
      "toCardNumber": "4000009552853901"
    },
    {
      "id": 34,
      "fromCardId": 69,
      "toCardId": 71,
      "amount": "4.67819927",
      "convertedAmount": "175036.62135966",
      "type": "exchange",
      "wallet": null,
      "status": "completed",
      "createdAt": "2025-02-12T11:31:45.407Z",
      "description": "Обмен USD/UAH",
      "fromCardNumber": "4111001658589467",
      "toCardNumber": "4000000271864270"
    },
    {
      "id": 35,
      "fromCardId": 69,
      "toCardId": 72,
      "amount": "0.39672923",
      "convertedAmount": "30281.91634475",
      "type": "transfer",
      "wallet": null,
      "status": "completed",
      "createdAt": "2025-02-18T13:44:41.877Z",
      "description": "Продажа ETH",
      "fromCardNumber": "4111001658589467",
      "toCardNumber": "4111006595423544"
    },
    {
      "id": 36,
      "fromCardId": 69,
      "toCardId": 77,
      "amount": "4.24280571",
      "convertedAmount": "43526.66276913",
      "type": "exchange",
      "wallet": "0x435fae05383b737fd01f2b06966aa762",
      "status": "completed",
      "createdAt": "2025-02-27T20:52:21.807Z",
      "description": "Комиссия за транзакцию",
      "fromCardNumber": "4111001658589467",
      "toCardNumber": "4000009058508871"
    },
    {
      "id": 37,
      "fromCardId": 69,
      "toCardId": 86,
      "amount": "2.91113830",
      "convertedAmount": "122739.44092307",
      "type": "commission",
      "wallet": null,
      "status": "completed",
      "createdAt": "2025-02-15T11:39:48.046Z",
      "description": "Обмен USD/UAH",
      "fromCardNumber": "4111001658589467",
      "toCardNumber": "4000006269864850"
    },
    {
      "id": 38,
      "fromCardId": 69,
      "toCardId": 93,
      "amount": "0.54133482",
      "convertedAmount": "80257.91976962",
      "type": "exchange",
      "wallet": null,
      "status": "completed",
      "createdAt": "2025-02-28T22:54:50.219Z",
      "description": "Обмен USD/UAH",
      "fromCardNumber": "4111001658589467",
      "toCardNumber": "4111009559464146"
    },
    {
      "id": 39,
      "fromCardId": 69,
      "toCardId": 95,
      "amount": "0.47804781",
      "convertedAmount": "12719.78092447",
      "type": "exchange",
      "wallet": "0x3f5ab8f3dcd0c31cc2d218e461e1e2df",
      "status": "completed",
      "createdAt": "2025-02-07T20:17:36.462Z",
      "description": "Продажа ETH",
      "fromCardNumber": "4111001658589467",
      "toCardNumber": "4000002071468994"
    },
    {
      "id": 40,
      "fromCardId": 69,
      "toCardId": 98,
      "amount": "3.45755901",
      "convertedAmount": "110486.25302892",
      "type": "exchange",
      "wallet": "0x77d858f2e2aad9af8ad733ebeaaa5361",
      "status": "completed",
      "createdAt": "2025-02-28T06:10:13.899Z",
      "description": "Продажа ETH",
      "fromCardNumber": "4111001658589467",
      "toCardNumber": "4000000471181515"
    },
    {
      "id": 41,
      "fromCardId": 69,
      "toCardId": 100,
      "amount": "2.92382093",
      "convertedAmount": "70249.54747023",
      "type": "exchange",
      "wallet": null,
      "status": "completed",
      "createdAt": "2025-03-02T18:41:58.353Z",
      "description": "Перевод BTC",
      "fromCardNumber": "4111001658589467",
      "toCardNumber": "4222006947502646"
    },
    {
      "id": 42,
      "fromCardId": 69,
      "toCardId": 109,
      "amount": "4.88044033",
      "convertedAmount": "153088.72725988",
      "type": "commission",
      "wallet": null,
      "status": "completed",
      "createdAt": "2025-02-25T05:59:17.376Z",
      "description": "Продажа ETH",
      "fromCardNumber": "4111001658589467",
      "toCardNumber": "4222002975959553"
    },
    {
      "id": 43,
      "fromCardId": 69,
      "toCardId": 119,
      "amount": "0.65344709",
      "convertedAmount": "93896.36506571",
      "type": "transfer",
      "wallet": "0xa03d1ab7f0a557f901dd3bfcd3c6df25",
      "status": "completed",
      "createdAt": "2025-03-03T09:34:26.137Z",
      "description": "Комиссия за транзакцию",
      "fromCardNumber": "4111001658589467",
      "toCardNumber": "4000007213981377"
    },
    {
      "id": 44,
      "fromCardId": 69,
      "toCardId": 120,
      "amount": "3.02666990",
      "convertedAmount": "111909.28096602",
      "type": "commission",
      "wallet": "0xa24c678a109d7a7af38c9dad381d747d",
      "status": "completed",
      "createdAt": "2025-03-03T18:20:48.795Z",
      "description": "Продажа ETH",
      "fromCardNumber": "4111001658589467",
      "toCardNumber": "4111005856792468"
    },
    {
      "id": 45,
      "fromCardId": 70,
      "toCardId": 66,
      "amount": "5.07828364",
      "convertedAmount": "91691.69174383",
      "type": "exchange",
      "wallet": "0x1b26214c328ef9271878354aeafb781c",
      "status": "completed",
      "createdAt": "2025-02-26T15:00:43.307Z",
      "description": "Продажа ETH",
      "fromCardNumber": "4222003875772633",
      "toCardNumber": "4111001328996180"
    },
    {
      "id": 46,
      "fromCardId": 70,
      "toCardId": 77,
      "amount": "3.13096211",
      "convertedAmount": "152519.68509322",
      "type": "transfer",
      "wallet": null,
      "status": "completed",
      "createdAt": "2025-02-24T21:18:29.894Z",
      "description": "Комиссия за транзакцию",
      "fromCardNumber": "4222003875772633",
      "toCardNumber": "4000009058508871"
    },
    {
      "id": 47,
      "fromCardId": 70,
      "toCardId": 104,
      "amount": "4.07055404",
      "convertedAmount": "105850.24362868",
      "type": "exchange",
      "wallet": "0x531ed1b464fa7dae881c8e9e2f0442f2",
      "status": "completed",
      "createdAt": "2025-02-21T23:49:21.264Z",
      "description": "Комиссия за транзакцию",
      "fromCardNumber": "4222003875772633",
      "toCardNumber": "4000002514028931"
    },
    {
      "id": 48,
      "fromCardId": 71,
      "toCardId": 83,
      "amount": "2.06296362",
      "convertedAmount": "3377.62678071",
      "type": "exchange",
      "wallet": null,
      "status": "completed",
      "createdAt": "2025-03-05T06:59:56.163Z",
      "description": "Покупка BTC",
      "fromCardNumber": "4000000271864270",
      "toCardNumber": "4000000293065347"
    },
    {
      "id": 49,
      "fromCardId": 71,
      "toCardId": 90,
      "amount": "4.76099298",
      "convertedAmount": "156369.66201445",
      "type": "exchange",
      "wallet": null,
      "status": "completed",
      "createdAt": "2025-02-07T06:29:26.123Z",
      "description": "Обмен USD/UAH",
      "fromCardNumber": "4000000271864270",
      "toCardNumber": "4111007889422032"
    },
    {
      "id": 50,
      "fromCardId": 71,
      "toCardId": 97,
      "amount": "2.32267512",
      "convertedAmount": "124345.06733930",
      "type": "exchange",
      "wallet": "0x6b60f7e74328b5ea20737013bbed7ef6",
      "status": "completed",
      "createdAt": "2025-02-21T15:29:09.870Z",
      "description": "Обмен USD/UAH",
      "fromCardNumber": "4000000271864270",
      "toCardNumber": "4222007238249701"
    },
    {
      "id": 51,
      "fromCardId": 71,
      "toCardId": 110,
      "amount": "2.73175804",
      "convertedAmount": "89059.90312118",
      "type": "commission",
      "wallet": null,
      "status": "completed",
      "createdAt": "2025-02-27T10:01:36.609Z",
      "description": "Перевод BTC",
      "fromCardNumber": "4000000271864270",
      "toCardNumber": "4000002786612398"
    },
    {
      "id": 52,
      "fromCardId": 72,
      "toCardId": 65,
      "amount": "3.91357255",
      "convertedAmount": "123489.52743900",
      "type": "exchange",
      "wallet": "0xbd21199350672fa5fdd1edbde2c4ceeb",
      "status": "completed",
      "createdAt": "2025-02-04T02:18:37.113Z",
      "description": "Продажа ETH",
      "fromCardNumber": "4111006595423544",
      "toCardNumber": "4000008139177125"
    },
    {
      "id": 53,
      "fromCardId": 72,
      "toCardId": 75,
      "amount": "2.81359057",
      "convertedAmount": "19797.10013272",
      "type": "commission",
      "wallet": null,
      "status": "completed",
      "createdAt": "2025-03-03T03:36:15.411Z",
      "description": "Обмен USD/UAH",
      "fromCardNumber": "4111006595423544",
      "toCardNumber": "4111005003168252"
    },
    {
      "id": 54,
      "fromCardId": 72,
      "toCardId": 77,
      "amount": "1.33211848",
      "convertedAmount": "144077.90406882",
      "type": "exchange",
      "wallet": "0x0e14313796edad41be36b8c36e97ef05",
      "status": "completed",
      "createdAt": "2025-03-02T14:45:18.726Z",
      "description": "Комиссия за транзакцию",
      "fromCardNumber": "4111006595423544",
      "toCardNumber": "4000009058508871"
    },
    {
      "id": 55,
      "fromCardId": 72,
      "toCardId": 87,
      "amount": "0.55335503",
      "convertedAmount": "11299.48128925",
      "type": "exchange",
      "wallet": null,
      "status": "completed",
      "createdAt": "2025-02-06T23:33:52.321Z",
      "description": "Комиссия за транзакцию",
      "fromCardNumber": "4111006595423544",
      "toCardNumber": "4111002574266267"
    },
    {
      "id": 56,
      "fromCardId": 72,
      "toCardId": 90,
      "amount": "2.97736918",
      "convertedAmount": "34683.19638540",
      "type": "exchange",
      "wallet": "0xd17f53952082f641c752f61c289d0acd",
      "status": "completed",
      "createdAt": "2025-02-25T03:39:03.533Z",
      "description": "Комиссия за транзакцию",
      "fromCardNumber": "4111006595423544",
      "toCardNumber": "4111007889422032"
    },
    {
      "id": 57,
      "fromCardId": 72,
      "toCardId": 99,
      "amount": "1.96283335",
      "convertedAmount": "23824.27536703",
      "type": "transfer",
      "wallet": "0x203fa44f611ba17c1d2b0420d9a025c0",
      "status": "completed",
      "createdAt": "2025-02-18T22:23:01.680Z",
      "description": "Комиссия за транзакцию",
      "fromCardNumber": "4111006595423544",
      "toCardNumber": "4111008215476325"
    },
    {
      "id": 58,
      "fromCardId": 72,
      "toCardId": 105,
      "amount": "0.81209816",
      "convertedAmount": "22961.28221759",
      "type": "exchange",
      "wallet": null,
      "status": "completed",
      "createdAt": "2025-03-04T03:26:36.925Z",
      "description": "Перевод BTC",
      "fromCardNumber": "4111006595423544",
      "toCardNumber": "4111000113644033"
    },
    {
      "id": 59,
      "fromCardId": 72,
      "toCardId": 106,
      "amount": "0.88773437",
      "convertedAmount": "156804.03728424",
      "type": "transfer",
      "wallet": null,
      "status": "completed",
      "createdAt": "2025-02-14T09:41:16.597Z",
      "description": "Продажа ETH",
      "fromCardNumber": "4111006595423544",
      "toCardNumber": "4222006915413019"
    },
    {
      "id": 60,
      "fromCardId": 73,
      "toCardId": 93,
      "amount": "2.08653137",
      "convertedAmount": "10985.97408295",
      "type": "commission",
      "wallet": null,
      "status": "completed",
      "createdAt": "2025-02-11T10:04:04.061Z",
      "description": "Покупка BTC",
      "fromCardNumber": "4222008708240619",
      "toCardNumber": "4111009559464146"
    },
    {
      "id": 61,
      "fromCardId": 73,
      "toCardId": 106,
      "amount": "4.93959030",
      "convertedAmount": "109475.31463742",
      "type": "transfer",
      "wallet": "0x0f00365381af5213575c1b1e4d9b932d",
      "status": "completed",
      "createdAt": "2025-02-05T18:31:37.880Z",
      "description": "Продажа ETH",
      "fromCardNumber": "4222008708240619",
      "toCardNumber": "4222006915413019"
    },
    {
      "id": 62,
      "fromCardId": 73,
      "toCardId": 113,
      "amount": "2.41141418",
      "convertedAmount": "16913.11126066",
      "type": "commission",
      "wallet": null,
      "status": "completed",
      "createdAt": "2025-02-15T22:23:16.840Z",
      "description": "Обмен USD/UAH",
      "fromCardNumber": "4222008708240619",
      "toCardNumber": "4000009311128774"
    },
    {
      "id": 63,
      "fromCardId": 73,
      "toCardId": 114,
      "amount": "2.15632008",
      "convertedAmount": "77604.03624943",
      "type": "exchange",
      "wallet": null,
      "status": "completed",
      "createdAt": "2025-02-11T23:18:53.519Z",
      "description": "Продажа ETH",
      "fromCardNumber": "4222008708240619",
      "toCardNumber": "4111000621887497"
    },
    {
      "id": 64,
      "fromCardId": 73,
      "toCardId": 118,
      "amount": "4.42053588",
      "convertedAmount": "117367.31090147",
      "type": "transfer",
      "wallet": null,
      "status": "completed",
      "createdAt": "2025-02-13T11:58:57.411Z",
      "description": "Обмен USD/UAH",
      "fromCardNumber": "4222008708240619",
      "toCardNumber": "4222004199521216"
    },
    {
      "id": 65,
      "fromCardId": 74,
      "toCardId": 65,
      "amount": "1.67630188",
      "convertedAmount": "197021.46247651",
      "type": "exchange",
      "wallet": "0x29a10ba50175079e6b7084a97c6bb2b9",
      "status": "completed",
      "createdAt": "2025-03-03T01:11:37.119Z",
      "description": "Продажа ETH",
      "fromCardNumber": "4000006629734345",
      "toCardNumber": "4000008139177125"
    },
    {
      "id": 66,
      "fromCardId": 74,
      "toCardId": 73,
      "amount": "1.95165731",
      "convertedAmount": "40558.79646560",
      "type": "commission",
      "wallet": null,
      "status": "completed",
      "createdAt": "2025-02-28T23:31:03.392Z",
      "description": "Покупка BTC",
      "fromCardNumber": "4000006629734345",
      "toCardNumber": "4222008708240619"
    },
    {
      "id": 67,
      "fromCardId": 74,
      "toCardId": 75,
      "amount": "3.50333906",
      "convertedAmount": "101468.12483952",
      "type": "transfer",
      "wallet": "0x6e542db42785bae2cba402197f7b5fc8",
      "status": "completed",
      "createdAt": "2025-02-07T18:58:19.977Z",
      "description": "Обмен USD/UAH",
      "fromCardNumber": "4000006629734345",
      "toCardNumber": "4111005003168252"
    },
    {
      "id": 68,
      "fromCardId": 74,
      "toCardId": 85,
      "amount": "4.72621787",
      "convertedAmount": "182154.93723123",
      "type": "exchange",
      "wallet": null,
      "status": "completed",
      "createdAt": "2025-02-26T08:12:48.873Z",
      "description": "Продажа ETH",
      "fromCardNumber": "4000006629734345",
      "toCardNumber": "4222001179972222"
    },
    {
      "id": 69,
      "fromCardId": 74,
      "toCardId": 88,
      "amount": "2.60015351",
      "convertedAmount": "158965.36971966",
      "type": "exchange",
      "wallet": "0x22662da23d7f8bec59fe8a4ffd9b6000",
      "status": "completed",
      "createdAt": "2025-02-07T15:39:15.169Z",
      "description": "Продажа ETH",
      "fromCardNumber": "4000006629734345",
      "toCardNumber": "4222002647976765"
    },
    {
      "id": 70,
      "fromCardId": 74,
      "toCardId": 111,
      "amount": "2.28978330",
      "convertedAmount": "72325.51205554",
      "type": "transfer",
      "wallet": null,
      "status": "completed",
      "createdAt": "2025-02-16T14:09:10.874Z",
      "description": "Продажа ETH",
      "fromCardNumber": "4000006629734345",
      "toCardNumber": "4111007309482032"
    },
    {
      "id": 71,
      "fromCardId": 75,
      "toCardId": 71,
      "amount": "3.79206034",
      "convertedAmount": "64652.05366607",
      "type": "exchange",
      "wallet": null,
      "status": "completed",
      "createdAt": "2025-02-18T19:33:10.753Z",
      "description": "Продажа ETH",
      "fromCardNumber": "4111005003168252",
      "toCardNumber": "4000000271864270"
    },
    {
      "id": 72,
      "fromCardId": 75,
      "toCardId": 83,
      "amount": "2.68866538",
      "convertedAmount": "170410.95772791",
      "type": "commission",
      "wallet": "0x8eafaeab36ee07a83edb69db16b179bd",
      "status": "completed",
      "createdAt": "2025-02-23T05:29:14.957Z",
      "description": "Перевод BTC",
      "fromCardNumber": "4111005003168252",
      "toCardNumber": "4000000293065347"
    },
    {
      "id": 73,
      "fromCardId": 75,
      "toCardId": 104,
      "amount": "1.75817337",
      "convertedAmount": "43691.10732934",
      "type": "commission",
      "wallet": null,
      "status": "completed",
      "createdAt": "2025-03-01T13:06:33.831Z",
      "description": "Обмен USD/UAH",
      "fromCardNumber": "4111005003168252",
      "toCardNumber": "4000002514028931"
    },
    {
      "id": 74,
      "fromCardId": 75,
      "toCardId": 105,
      "amount": "0.96954390",
      "convertedAmount": "112899.65035490",
      "type": "exchange",
      "wallet": "0x5ce0be81b94a7073d9457bd58ee9948a",
      "status": "completed",
      "createdAt": "2025-02-21T16:07:17.338Z",
      "description": "Комиссия за транзакцию",
      "fromCardNumber": "4111005003168252",
      "toCardNumber": "4111000113644033"
    },
    {
      "id": 75,
      "fromCardId": 75,
      "toCardId": 109,
      "amount": "1.49329678",
      "convertedAmount": "160044.29486817",
      "type": "transfer",
      "wallet": null,
      "status": "completed",
      "createdAt": "2025-03-05T13:59:46.248Z",
      "description": "Обмен USD/UAH",
      "fromCardNumber": "4111005003168252",
      "toCardNumber": "4222002975959553"
    },
    {
      "id": 76,
      "fromCardId": 76,
      "toCardId": 74,
      "amount": "2.33715743",
      "convertedAmount": "127296.02963129",
      "type": "transfer",
      "wallet": null,
      "status": "completed",
      "createdAt": "2025-03-04T01:28:30.939Z",
      "description": "Покупка BTC",
      "fromCardNumber": "4222006540081422",
      "toCardNumber": "4000006629734345"
    },
    {
      "id": 77,
      "fromCardId": 76,
      "toCardId": 78,
      "amount": "0.45868247",
      "convertedAmount": "118352.17735713",
      "type": "exchange",
      "wallet": null,
      "status": "completed",
      "createdAt": "2025-02-23T05:28:21.006Z",
      "description": "Комиссия за транзакцию",
      "fromCardNumber": "4222006540081422",
      "toCardNumber": "4111003320966624"
    },
    {
      "id": 78,
      "fromCardId": 76,
      "toCardId": 84,
      "amount": "0.21117252",
      "convertedAmount": "131793.63752542",
      "type": "exchange",
      "wallet": "0x1cacbf0d93609dee7ef3a35b78c8e591",
      "status": "completed",
      "createdAt": "2025-02-23T22:52:01.079Z",
      "description": "Перевод BTC",
      "fromCardNumber": "4222006540081422",
      "toCardNumber": "4111005502658747"
    },
    {
      "id": 79,
      "fromCardId": 76,
      "toCardId": 88,
      "amount": "1.80580794",
      "convertedAmount": "30792.42033760",
      "type": "exchange",
      "wallet": "0x39d9f9914ca2549693f2f6a45b3699f4",
      "status": "completed",
      "createdAt": "2025-02-05T21:19:08.216Z",
      "description": "Покупка BTC",
      "fromCardNumber": "4222006540081422",
      "toCardNumber": "4222002647976765"
    },
    {
      "id": 80,
      "fromCardId": 76,
      "toCardId": 96,
      "amount": "2.14380242",
      "convertedAmount": "190342.64231708",
      "type": "commission",
      "wallet": "0xb3c2d7009c25e448b56064dd9db9e311",
      "status": "completed",
      "createdAt": "2025-02-03T22:32:17.384Z",
      "description": "Продажа ETH",
      "fromCardNumber": "4222006540081422",
      "toCardNumber": "4111005384618225"
    },
    {
      "id": 81,
      "fromCardId": 76,
      "toCardId": 120,
      "amount": "2.21491536",
      "convertedAmount": "128640.24034211",
      "type": "transfer",
      "wallet": null,
      "status": "completed",
      "createdAt": "2025-02-16T00:07:31.973Z",
      "description": "Продажа ETH",
      "fromCardNumber": "4222006540081422",
      "toCardNumber": "4111005856792468"
    },
    {
      "id": 82,
      "fromCardId": 77,
      "toCardId": 65,
      "amount": "0.51516438",
      "convertedAmount": "131740.59151763",
      "type": "commission",
      "wallet": "0x33d07b4edce518b440334d623aec6798",
      "status": "completed",
      "createdAt": "2025-03-05T15:47:38.146Z",
      "description": "Продажа ETH",
      "fromCardNumber": "4000009058508871",
      "toCardNumber": "4000008139177125"
    },
    {
      "id": 83,
      "fromCardId": 77,
      "toCardId": 68,
      "amount": "2.18058476",
      "convertedAmount": "164324.80189085",
      "type": "exchange",
      "wallet": null,
      "status": "completed",
      "createdAt": "2025-02-28T09:09:05.581Z",
      "description": "Покупка BTC",
      "fromCardNumber": "4000009058508871",
      "toCardNumber": "4000009552853901"
    },
    {
      "id": 84,
      "fromCardId": 77,
      "toCardId": 80,
      "amount": "0.97953921",
      "convertedAmount": "75532.05522169",
      "type": "transfer",
      "wallet": null,
      "status": "completed",
      "createdAt": "2025-03-02T13:08:21.955Z",
      "description": "Обмен USD/UAH",
      "fromCardNumber": "4000009058508871",
      "toCardNumber": "4000001587011734"
    },
    {
      "id": 85,
      "fromCardId": 77,
      "toCardId": 82,
      "amount": "3.88274726",
      "convertedAmount": "20323.30792061",
      "type": "transfer",
      "wallet": "0x21f7b30e094e0aba34c4a66142bcf00c",
      "status": "completed",
      "createdAt": "2025-02-18T21:59:46.329Z",
      "description": "Комиссия за транзакцию",
      "fromCardNumber": "4000009058508871",
      "toCardNumber": "4222001535673158"
    },
    {
      "id": 86,
      "fromCardId": 77,
      "toCardId": 85,
      "amount": "4.59899436",
      "convertedAmount": "31323.80339651",
      "type": "exchange",
      "wallet": "0x1f1cb71a961f8928d13238f07a9427bf",
      "status": "completed",
      "createdAt": "2025-03-03T12:06:50.760Z",
      "description": "Обмен USD/UAH",
      "fromCardNumber": "4000009058508871",
      "toCardNumber": "4222001179972222"
    },
    {
      "id": 87,
      "fromCardId": 77,
      "toCardId": 93,
      "amount": "0.24969419",
      "convertedAmount": "6527.32153064",
      "type": "exchange",
      "wallet": null,
      "status": "completed",
      "createdAt": "2025-02-05T05:26:07.646Z",
      "description": "Обмен USD/UAH",
      "fromCardNumber": "4000009058508871",
      "toCardNumber": "4111009559464146"
    },
    {
      "id": 88,
      "fromCardId": 77,
      "toCardId": 99,
      "amount": "4.59199448",
      "convertedAmount": "101946.05112641",
      "type": "exchange",
      "wallet": null,
      "status": "completed",
      "createdAt": "2025-02-21T09:39:04.819Z",
      "description": "Комиссия за транзакцию",
      "fromCardNumber": "4000009058508871",
      "toCardNumber": "4111008215476325"
    },
    {
      "id": 89,
      "fromCardId": 77,
      "toCardId": 100,
      "amount": "1.75619901",
      "convertedAmount": "15457.95745886",
      "type": "commission",
      "wallet": "0x0120505ce0ef2b2f882cc82eb0e1256f",
      "status": "completed",
      "createdAt": "2025-02-10T00:52:31.542Z",
      "description": "Комиссия за транзакцию",
      "fromCardNumber": "4000009058508871",
      "toCardNumber": "4222006947502646"
    },
    {
      "id": 90,
      "fromCardId": 77,
      "toCardId": 115,
      "amount": "4.45620927",
      "convertedAmount": "5521.17276774",
      "type": "exchange",
      "wallet": null,
      "status": "completed",
      "createdAt": "2025-02-05T22:25:18.793Z",
      "description": "Перевод BTC",
      "fromCardNumber": "4000009058508871",
      "toCardNumber": "4222007376522594"
    },
    {
      "id": 91,
      "fromCardId": 78,
      "toCardId": 64,
      "amount": "4.55662457",
      "convertedAmount": "34324.33872274",
      "type": "commission",
      "wallet": "0xcb81dcc32c0a9d72d3f5beb0ebb15d00",
      "status": "completed",
      "createdAt": "2025-02-27T18:02:04.925Z",
      "description": "Покупка BTC",
      "fromCardNumber": "4111003320966624",
      "toCardNumber": "4222001293329279"
    },
    {
      "id": 92,
      "fromCardId": 78,
      "toCardId": 69,
      "amount": "3.59588313",
      "convertedAmount": "99422.89024397",
      "type": "exchange",
      "wallet": null,
      "status": "completed",
      "createdAt": "2025-03-04T17:05:59.865Z",
      "description": "Продажа ETH",
      "fromCardNumber": "4111003320966624",
      "toCardNumber": "4111001658589467"
    },
    {
      "id": 93,
      "fromCardId": 78,
      "toCardId": 71,
      "amount": "3.13119086",
      "convertedAmount": "55657.78248245",
      "type": "exchange",
      "wallet": "0xfd8fa6b5ddf71663a101d366601307fb",
      "status": "completed",
      "createdAt": "2025-03-04T02:54:02.655Z",
      "description": "Продажа ETH",
      "fromCardNumber": "4111003320966624",
      "toCardNumber": "4000000271864270"
    },
    {
      "id": 94,
      "fromCardId": 78,
      "toCardId": 75,
      "amount": "3.21656096",
      "convertedAmount": "21964.96604870",
      "type": "transfer",
      "wallet": null,
      "status": "completed",
      "createdAt": "2025-02-22T02:56:21.264Z",
      "description": "Комиссия за транзакцию",
      "fromCardNumber": "4111003320966624",
      "toCardNumber": "4111005003168252"
    },
    {
      "id": 95,
      "fromCardId": 78,
      "toCardId": 108,
      "amount": "1.15793365",
      "convertedAmount": "3658.82657892",
      "type": "commission",
      "wallet": null,
      "status": "completed",
      "createdAt": "2025-02-19T12:20:28.580Z",
      "description": "Перевод BTC",
      "fromCardNumber": "4111003320966624",
      "toCardNumber": "4111003888544578"
    },
    {
      "id": 96,
      "fromCardId": 78,
      "toCardId": 114,
      "amount": "0.28632775",
      "convertedAmount": "158601.58500734",
      "type": "exchange",
      "wallet": "0x8d6bd0c1167fe63050a3005ccaf8908a",
      "status": "completed",
      "createdAt": "2025-03-02T08:39:09.938Z",
      "description": "Комиссия за транзакцию",
      "fromCardNumber": "4111003320966624",
      "toCardNumber": "4111000621887497"
    },
    {
      "id": 97,
      "fromCardId": 79,
      "toCardId": 78,
      "amount": "0.44638249",
      "convertedAmount": "44766.55816104",
      "type": "commission",
      "wallet": "0x19e14eede18974f5fae4e46b752f241a",
      "status": "completed",
      "createdAt": "2025-02-13T05:06:39.678Z",
      "description": "Продажа ETH",
      "fromCardNumber": "4222005408381168",
      "toCardNumber": "4111003320966624"
    },
    {
      "id": 98,
      "fromCardId": 79,
      "toCardId": 86,
      "amount": "0.66147008",
      "convertedAmount": "108069.32965082",
      "type": "commission",
      "wallet": "0x48da54558ca6d607e4242a04292ef590",
      "status": "completed",
      "createdAt": "2025-02-20T10:14:51.754Z",
      "description": "Продажа ETH",
      "fromCardNumber": "4222005408381168",
      "toCardNumber": "4000006269864850"
    },
    {
      "id": 99,
      "fromCardId": 79,
      "toCardId": 87,
      "amount": "3.28223379",
      "convertedAmount": "69855.75057285",
      "type": "commission",
      "wallet": "0xda6b591afdf2b1d1f56798de85a91554",
      "status": "completed",
      "createdAt": "2025-02-10T11:25:32.878Z",
      "description": "Продажа ETH",
      "fromCardNumber": "4222005408381168",
      "toCardNumber": "4111002574266267"
    },
    {
      "id": 100,
      "fromCardId": 79,
      "toCardId": 103,
      "amount": "1.33408042",
      "convertedAmount": "30816.25985049",
      "type": "commission",
      "wallet": null,
      "status": "completed",
      "createdAt": "2025-02-14T03:54:46.376Z",
      "description": "Продажа ETH",
      "fromCardNumber": "4222005408381168",
      "toCardNumber": "4222001621348843"
    }
  ],
  "rates": [
    {
      "id": 1,
      "usdToUah": "37.00",
      "btcToUsd": "50000.00",
      "ethToUsd": "3000.00",
      "updatedAt": "2025-03-04T23:00:00.000Z"
    },
    {
      "id": 431,
      "usdToUah": "41.59",
      "btcToUsd": "89502.00",
      "ethToUsd": "2189.58",
      "updatedAt": "2025-03-05T17:52:28.718Z"
    },
    {
      "id": 432,
      "usdToUah": "41.59",
      "btcToUsd": "89804.00",
      "ethToUsd": "2195.53",
      "updatedAt": "2025-03-05T17:52:56.201Z"
    },
    {
      "id": 433,
      "usdToUah": "41.59",
      "btcToUsd": "89804.00",
      "ethToUsd": "2195.53",
      "updatedAt": "2025-03-05T17:53:23.652Z"
    },
    {
      "id": 434,
      "usdToUah": "41.59",
      "btcToUsd": "89804.00",
      "ethToUsd": "2195.53",
      "updatedAt": "2025-03-05T17:53:53.653Z"
    },
    {
      "id": 435,
      "usdToUah": "41.59",
      "btcToUsd": "89804.00",
      "ethToUsd": "2195.53",
      "updatedAt": "2025-03-05T17:54:23.654Z"
    },
    {
      "id": 436,
      "usdToUah": "41.59",
      "btcToUsd": "89804.00",
      "ethToUsd": "2195.53",
      "updatedAt": "2025-03-05T17:54:53.654Z"
    },
    {
      "id": 437,
      "usdToUah": "41.59",
      "btcToUsd": "89804.00",
      "ethToUsd": "2195.53",
      "updatedAt": "2025-03-05T17:55:23.654Z"
    },
    {
      "id": 438,
      "usdToUah": "41.59",
      "btcToUsd": "89804.00",
      "ethToUsd": "2195.53",
      "updatedAt": "2025-03-05T17:55:53.655Z"
    },
    {
      "id": 439,
      "usdToUah": "41.59",
      "btcToUsd": "89804.00",
      "ethToUsd": "2195.53",
      "updatedAt": "2025-03-05T17:56:23.655Z"
    },
    {
      "id": 440,
      "usdToUah": "41.59",
      "btcToUsd": "89804.00",
      "ethToUsd": "2195.53",
      "updatedAt": "2025-03-05T17:56:53.656Z"
    },
    {
      "id": 441,
      "usdToUah": "41.59",
      "btcToUsd": "89804.00",
      "ethToUsd": "2195.53",
      "updatedAt": "2025-03-05T17:57:23.656Z"
    },
    {
      "id": 442,
      "usdToUah": "41.59",
      "btcToUsd": "89804.00",
      "ethToUsd": "2195.53",
      "updatedAt": "2025-03-05T17:57:53.657Z"
    },
    {
      "id": 443,
      "usdToUah": "41.59",
      "btcToUsd": "89836.00",
      "ethToUsd": "2191.40",
      "updatedAt": "2025-03-05T17:58:23.962Z"
    },
    {
      "id": 444,
      "usdToUah": "41.59",
      "btcToUsd": "89836.00",
      "ethToUsd": "2191.40",
      "updatedAt": "2025-03-05T17:58:53.658Z"
    },
    {
      "id": 445,
      "usdToUah": "41.59",
      "btcToUsd": "89836.00",
      "ethToUsd": "2191.40",
      "updatedAt": "2025-03-05T17:59:23.658Z"
    }
  ],
  "backupDate": "2025-03-05T17-59-47-135Z",
  "version": "1.0"
}