[
  {
    "id": 62,
    "userId": 41,
    "type": "crypto",
    "number": "4000006433994864",
    "expiry": "12/25",
    "cvv": "838",
    "balance": "0.00000000",
    "btcBalance": "9.16258550",
    "ethBalance": "97.64614381",
    "btcAddress": "bc18b62f37419dcd708a3e325e6db392c84",
    "ethAddress": "0x7a2bd23508e657ff59a7c3b54333fdf0"
  },
  {
    "id": 63,
    "userId": 41,
    "type": "usd",
    "number": "4111003175619976",
    "expiry": "12/25",
    "cvv": "577",
    "balance": "20830.02000000",
    "btcBalance": "0.00000000",
    "ethBalance": "0.00000000",
    "btcAddress": null,
    "ethAddress": null
  },
  {
    "id": 64,
    "userId": 41,
    "type": "uah",
    "number": "4222001293329279",
    "expiry": "12/25",
    "cvv": "204",
    "balance": "49255.42000000",
    "btcBalance": "0.00000000",
    "ethBalance": "0.00000000",
    "btcAddress": null,
    "ethAddress": null
  },
  {
    "id": 65,
    "userId": 42,
    "type": "crypto",
    "number": "4000008139177125",
    "expiry": "12/25",
    "cvv": "816",
    "balance": "0.00000000",
    "btcBalance": "0.30410657",
    "ethBalance": "39.69660251",
    "btcAddress": "bc11de603b0a48c57dbe059c116ae33698b",
    "ethAddress": "0x80a233c6d39b4864910c232d8b5f232b"
  },
  {
    "id": 66,
    "userId": 42,
    "type": "usd",
    "number": "4111001328996180",
    "expiry": "12/25",
    "cvv": "471",
    "balance": "38461.32000000",
    "btcBalance": "0.00000000",
    "ethBalance": "0.00000000",
    "btcAddress": null,
    "ethAddress": null
  },
  {
    "id": 67,
    "userId": 42,
    "type": "uah",
    "number": "4222002003400386",
    "expiry": "12/25",
    "cvv": "800",
    "balance": "467075.52000000",
    "btcBalance": "0.00000000",
    "ethBalance": "0.00000000",
    "btcAddress": null,
    "ethAddress": null
  },
  {
    "id": 68,
    "userId": 43,
    "type": "crypto",
    "number": "4000009552853901",
    "expiry": "12/25",
    "cvv": "147",
    "balance": "0.00000000",
    "btcBalance": "8.82902702",
    "ethBalance": "74.34507977",
    "btcAddress": "bc122d7e3f93df7d7408a2ee84816e6c5db",
    "ethAddress": "0xf75012e14bead9148a20ae7f9f1a0cb8"
  },
  {
    "id": 69,
    "userId": 43,
    "type": "usd",
    "number": "4111001658589467",
    "expiry": "12/25",
    "cvv": "856",
    "balance": "11921.43000000",
    "btcBalance": "0.00000000",
    "ethBalance": "0.00000000",
    "btcAddress": null,
    "ethAddress": null
  },
  {
    "id": 70,
    "userId": 43,
    "type": "uah",
    "number": "4222003875772633",
    "expiry": "12/25",
    "cvv": "355",
    "balance": "963191.98000000",
    "btcBalance": "0.00000000",
    "ethBalance": "0.00000000",
    "btcAddress": null,
    "ethAddress": null
  },
  {
    "id": 71,
    "userId": 44,
    "type": "crypto",
    "number": "4000000271864270",
    "expiry": "12/25",
    "cvv": "291",
    "balance": "0.00000000",
    "btcBalance": "1.30052919",
    "ethBalance": "15.69277014",
    "btcAddress": "bc1008e9e68853ce22ed47f315339504a44",
    "ethAddress": "0x1939c541343602710b8608735bba7306"
  },
  {
    "id": 72,
    "userId": 44,
    "type": "usd",
    "number": "4111006595423544",
    "expiry": "12/25",
    "cvv": "473",
    "balance": "48967.30000000",
    "btcBalance": "0.00000000",
    "ethBalance": "0.00000000",
    "btcAddress": null,
    "ethAddress": null
  },
  {
    "id": 73,
    "userId": 44,
    "type": "uah",
    "number": "4222008708240619",
    "expiry": "12/25",
    "cvv": "823",
    "balance": "65198.55000000",
    "btcBalance": "0.00000000",
    "ethBalance": "0.00000000",
    "btcAddress": null,
    "ethAddress": null
  },
  {
    "id": 74,
    "userId": 45,
    "type": "crypto",
    "number": "4000006629734345",
    "expiry": "12/25",
    "cvv": "806",
    "balance": "0.00000000",
    "btcBalance": "6.68430094",
    "ethBalance": "8.92864394",
    "btcAddress": "bc150d5a0374da1abd840f0e1b868aebd34",
    "ethAddress": "0xf0ed418a52c5bbbe7bb59306f7e8ecd9"
  },
  {
    "id": 75,
    "userId": 45,
    "type": "usd",
    "number": "4111005003168252",
    "expiry": "12/25",
    "cvv": "157",
    "balance": "50763.01000000",
    "btcBalance": "0.00000000",
    "ethBalance": "0.00000000",
    "btcAddress": null,
    "ethAddress": null
  },
  {
    "id": 76,
    "userId": 45,
    "type": "uah",
    "number": "4222006540081422",
    "expiry": "12/25",
    "cvv": "240",
    "balance": "731826.83000000",
    "btcBalance": "0.00000000",
    "ethBalance": "0.00000000",
    "btcAddress": null,
    "ethAddress": null
  },
  {
    "id": 77,
    "userId": 46,
    "type": "crypto",
    "number": "4000009058508871",
    "expiry": "12/25",
    "cvv": "740",
    "balance": "0.00000000",
    "btcBalance": "1.67067066",
    "ethBalance": "26.95256899",
    "btcAddress": "bc124f821b167c4b65f86a1c0d3f9c631e3",
    "ethAddress": "0x0068b2ae91dbfb0d3064a4a7a90073f5"
  },
  {
    "id": 78,
    "userId": 46,
    "type": "usd",
    "number": "4111003320966624",
    "expiry": "12/25",
    "cvv": "891",
    "balance": "46431.27000000",
    "btcBalance": "0.00000000",
    "ethBalance": "0.00000000",
    "btcAddress": null,
    "ethAddress": null
  },
  {
    "id": 79,
    "userId": 46,
    "type": "uah",
    "number": "4222005408381168",
    "expiry": "12/25",
    "cvv": "558",
    "balance": "564579.48000000",
    "btcBalance": "0.00000000",
    "ethBalance": "0.00000000",
    "btcAddress": null,
    "ethAddress": null
  },
  {
    "id": 80,
    "userId": 47,
    "type": "crypto",
    "number": "4000001587011734",
    "expiry": "12/25",
    "cvv": "569",
    "balance": "0.00000000",
    "btcBalance": "9.61052128",
    "ethBalance": "82.37503380",
    "btcAddress": "bc102a6c631f455afed8cc579ef50e191ad",
    "ethAddress": "0x8b8795b152d761198b603fb4e50aa343"
  },
  {
    "id": 81,
    "userId": 47,
    "type": "usd",
    "number": "4111008503420561",
    "expiry": "12/25",
    "cvv": "840",
    "balance": "4381.28000000",
    "btcBalance": "0.00000000",
    "ethBalance": "0.00000000",
    "btcAddress": null,
    "ethAddress": null
  },
  {
    "id": 82,
    "userId": 47,
    "type": "uah",
    "number": "4222001535673158",
    "expiry": "12/25",
    "cvv": "635",
    "balance": "299124.00000000",
    "btcBalance": "0.00000000",
    "ethBalance": "0.00000000",
    "btcAddress": null,
    "ethAddress": null
  },
  {
    "id": 83,
    "userId": 48,
    "type": "crypto",
    "number": "4000000293065347",
    "expiry": "12/25",
    "cvv": "583",
    "balance": "0.00000000",
    "btcBalance": "4.15543196",
    "ethBalance": "4.52735055",
    "btcAddress": "bc10f827a0be0ce8535fb8890967cc1c1e6",
    "ethAddress": "0xfb1f55b4b7bfa4c44138a2f72f4b6a89"
  },
  {
    "id": 84,
    "userId": 48,
    "type": "usd",
    "number": "4111005502658747",
    "expiry": "12/25",
    "cvv": "954",
    "balance": "8248.86000000",
    "btcBalance": "0.00000000",
    "ethBalance": "0.00000000",
    "btcAddress": null,
    "ethAddress": null
  },
  {
    "id": 85,
    "userId": 48,
    "type": "uah",
    "number": "4222001179972222",
    "expiry": "12/25",
    "cvv": "250",
    "balance": "234303.62000000",
    "btcBalance": "0.00000000",
    "ethBalance": "0.00000000",
    "btcAddress": null,
    "ethAddress": null
  },
  {
    "id": 86,
    "userId": 49,
    "type": "crypto",
    "number": "4000006269864850",
    "expiry": "12/25",
    "cvv": "577",
    "balance": "0.00000000",
    "btcBalance": "8.06387252",
    "ethBalance": "32.74671230",
    "btcAddress": "bc199f6601a459d345285d1c79c0d4c43bc",
    "ethAddress": "0x2965ae8de5b34e54e549c11e3a09a160"
  },
  {
    "id": 87,
    "userId": 49,
    "type": "usd",
    "number": "4111002574266267",
    "expiry": "12/25",
    "cvv": "613",
    "balance": "44853.03000000",
    "btcBalance": "0.00000000",
    "ethBalance": "0.00000000",
    "btcAddress": null,
    "ethAddress": null
  },
  {
    "id": 88,
    "userId": 49,
    "type": "uah",
    "number": "4222002647976765",
    "expiry": "12/25",
    "cvv": "438",
    "balance": "298430.45000000",
    "btcBalance": "0.00000000",
    "ethBalance": "0.00000000",
    "btcAddress": null,
    "ethAddress": null
  },
  {
    "id": 89,
    "userId": 50,
    "type": "crypto",
    "number": "4000001770347800",
    "expiry": "12/25",
    "cvv": "759",
    "balance": "0.00000000",
    "btcBalance": "6.27481003",
    "ethBalance": "75.20374049",
    "btcAddress": "bc17b40a562edd28b6542dbbba8c354b700",
    "ethAddress": "0x87111e1afba1fec2e5efcf1ff87dbefd"
  },
  {
    "id": 90,
    "userId": 50,
    "type": "usd",
    "number": "4111007889422032",
    "expiry": "12/25",
    "cvv": "492",
    "balance": "46022.86000000",
    "btcBalance": "0.00000000",
    "ethBalance": "0.00000000",
    "btcAddress": null,
    "ethAddress": null
  },
  {
    "id": 91,
    "userId": 50,
    "type": "uah",
    "number": "4222003782445363",
    "expiry": "12/25",
    "cvv": "345",
    "balance": "37377.67000000",
    "btcBalance": "0.00000000",
    "ethBalance": "0.00000000",
    "btcAddress": null,
    "ethAddress": null
  },
  {
    "id": 92,
    "userId": 51,
    "type": "crypto",
    "number": "4000003733859907",
    "expiry": "12/25",
    "cvv": "830",
    "balance": "0.00000000",
    "btcBalance": "4.44433298",
    "ethBalance": "65.21340794",
    "btcAddress": "bc14125dcabd6a70b5cc09ce04a3456e450",
    "ethAddress": "0xe988d4c122d06e9534ed4703dd41d32a"
  },
  {
    "id": 93,
    "userId": 51,
    "type": "usd",
    "number": "4111009559464146",
    "expiry": "12/25",
    "cvv": "617",
    "balance": "20976.09000000",
    "btcBalance": "0.00000000",
    "ethBalance": "0.00000000",
    "btcAddress": null,
    "ethAddress": null
  },
  {
    "id": 94,
    "userId": 51,
    "type": "uah",
    "number": "4222007940652341",
    "expiry": "12/25",
    "cvv": "844",
    "balance": "326297.00000000",
    "btcBalance": "0.00000000",
    "ethBalance": "0.00000000",
    "btcAddress": null,
    "ethAddress": null
  },
  {
    "id": 95,
    "userId": 52,
    "type": "crypto",
    "number": "4000002071468994",
    "expiry": "12/25",
    "cvv": "866",
    "balance": "0.00000000",
    "btcBalance": "7.32531376",
    "ethBalance": "46.92957202",
    "btcAddress": "bc155809089e2e8fe9a801ee94c8f724c8b",
    "ethAddress": "0x20ca4e5bbda21d0ca16b5971b485da53"
  },
  {
    "id": 96,
    "userId": 52,
    "type": "usd",
    "number": "4111005384618225",
    "expiry": "12/25",
    "cvv": "107",
    "balance": "26436.82000000",
    "btcBalance": "0.00000000",
    "ethBalance": "0.00000000",
    "btcAddress": null,
    "ethAddress": null
  },
  {
    "id": 97,
    "userId": 52,
    "type": "uah",
    "number": "4222007238249701",
    "expiry": "12/25",
    "cvv": "747",
    "balance": "774018.68000000",
    "btcBalance": "0.00000000",
    "ethBalance": "0.00000000",
    "btcAddress": null,
    "ethAddress": null
  },
  {
    "id": 98,
    "userId": 53,
    "type": "crypto",
    "number": "4000000471181515",
    "expiry": "12/25",
    "cvv": "302",
    "balance": "0.00000000",
    "btcBalance": "5.45639280",
    "ethBalance": "4.03844874",
    "btcAddress": "bc1343fb6ae14c52df93517a2c783de2723",
    "ethAddress": "0x2a846e9ea8dacf3f6a4e9cf8ca2ab28d"
  },
  {
    "id": 99,
    "userId": 53,
    "type": "usd",
    "number": "4111008215476325",
    "expiry": "12/25",
    "cvv": "975",
    "balance": "20930.99000000",
    "btcBalance": "0.00000000",
    "ethBalance": "0.00000000",
    "btcAddress": null,
    "ethAddress": null
  },
  {
    "id": 100,
    "userId": 53,
    "type": "uah",
    "number": "4222006947502646",
    "expiry": "12/25",
    "cvv": "255",
    "balance": "899988.24000000",
    "btcBalance": "0.00000000",
    "ethBalance": "0.00000000",
    "btcAddress": null,
    "ethAddress": null
  },
  {
    "id": 101,
    "userId": 54,
    "type": "crypto",
    "number": "4000007294535946",
    "expiry": "12/25",
    "cvv": "247",
    "balance": "0.00000000",
    "btcBalance": "7.67241029",
    "ethBalance": "3.56616628",
    "btcAddress": "bc1e871135f3eebc9d4f0c08a4cff6d6472",
    "ethAddress": "0xea0a6b7b77da96c32b7b19980d1ff757"
  },
  {
    "id": 102,
    "userId": 54,
    "type": "usd",
    "number": "4111003505130402",
    "expiry": "12/25",
    "cvv": "339",
    "balance": "16305.46000000",
    "btcBalance": "0.00000000",
    "ethBalance": "0.00000000",
    "btcAddress": null,
    "ethAddress": null
  },
  {
    "id": 103,
    "userId": 54,
    "type": "uah",
    "number": "4222001621348843",
    "expiry": "12/25",
    "cvv": "529",
    "balance": "247551.16000000",
    "btcBalance": "0.00000000",
    "ethBalance": "0.00000000",
    "btcAddress": null,
    "ethAddress": null
  },
  {
    "id": 104,
    "userId": 55,
    "type": "crypto",
    "number": "4000002514028931",
    "expiry": "12/25",
    "cvv": "144",
    "balance": "0.00000000",
    "btcBalance": "0.30646528",
    "ethBalance": "15.27958757",
    "btcAddress": "bc13f492e7968a0af6e3605ead5b48a5410",
    "ethAddress": "0xa338415a9c32e5d700c2e689def0a624"
  },
  {
    "id": 105,
    "userId": 55,
    "type": "usd",
    "number": "4111000113644033",
    "expiry": "12/25",
    "cvv": "969",
    "balance": "41977.92000000",
    "btcBalance": "0.00000000",
    "ethBalance": "0.00000000",
    "btcAddress": null,
    "ethAddress": null
  },
  {
    "id": 106,
    "userId": 55,
    "type": "uah",
    "number": "4222006915413019",
    "expiry": "12/25",
    "cvv": "429",
    "balance": "103130.06000000",
    "btcBalance": "0.00000000",
    "ethBalance": "0.00000000",
    "btcAddress": null,
    "ethAddress": null
  },
  {
    "id": 107,
    "userId": 56,
    "type": "crypto",
    "number": "4000007964458001",
    "expiry": "12/25",
    "cvv": "201",
    "balance": "0.00000000",
    "btcBalance": "7.15753936",
    "ethBalance": "3.42736859",
    "btcAddress": "bc17fd7b8c2a971fd1b02868a45c89e64bc",
    "ethAddress": "0xdda8b870ec05e008a301dc7d6888e7b1"
  },
  {
    "id": 108,
    "userId": 56,
    "type": "usd",
    "number": "4111003888544578",
    "expiry": "12/25",
    "cvv": "137",
    "balance": "14711.16000000",
    "btcBalance": "0.00000000",
    "ethBalance": "0.00000000",
    "btcAddress": null,
    "ethAddress": null
  },
  {
    "id": 109,
    "userId": 56,
    "type": "uah",
    "number": "4222002975959553",
    "expiry": "12/25",
    "cvv": "712",
    "balance": "192525.19000000",
    "btcBalance": "0.00000000",
    "ethBalance": "0.00000000",
    "btcAddress": null,
    "ethAddress": null
  },
  {
    "id": 110,
    "userId": 57,
    "type": "crypto",
    "number": "4000002786612398",
    "expiry": "12/25",
    "cvv": "365",
    "balance": "0.00000000",
    "btcBalance": "0.84498854",
    "ethBalance": "61.43926329",
    "btcAddress": "bc12d610bc1761fc627c6ca6c15e509faa8",
    "ethAddress": "0x4096ac165a5cc2006572badfc31d1e0d"
  },
  {
    "id": 111,
    "userId": 57,
    "type": "usd",
    "number": "4111007309482032",
    "expiry": "12/25",
    "cvv": "838",
    "balance": "26471.20000000",
    "btcBalance": "0.00000000",
    "ethBalance": "0.00000000",
    "btcAddress": null,
    "ethAddress": null
  },
  {
    "id": 112,
    "userId": 57,
    "type": "uah",
    "number": "4222003201079441",
    "expiry": "12/25",
    "cvv": "346",
    "balance": "270859.71000000",
    "btcBalance": "0.00000000",
    "ethBalance": "0.00000000",
    "btcAddress": null,
    "ethAddress": null
  },
  {
    "id": 113,
    "userId": 58,
    "type": "crypto",
    "number": "4000009311128774",
    "expiry": "12/25",
    "cvv": "607",
    "balance": "0.00000000",
    "btcBalance": "8.38504918",
    "ethBalance": "30.49229665",
    "btcAddress": "bc1a273633b56d0045d036262718b56e15d",
    "ethAddress": "0xfdb4848eb85470d395e3bc8c5335bdaa"
  },
  {
    "id": 114,
    "userId": 58,
    "type": "usd",
    "number": "4111000621887497",
    "expiry": "12/25",
    "cvv": "604",
    "balance": "49256.89000000",
    "btcBalance": "0.00000000",
    "ethBalance": "0.00000000",
    "btcAddress": null,
    "ethAddress": null
  },
  {
    "id": 115,
    "userId": 58,
    "type": "uah",
    "number": "4222007376522594",
    "expiry": "12/25",
    "cvv": "985",
    "balance": "240299.57000000",
    "btcBalance": "0.00000000",
    "ethBalance": "0.00000000",
    "btcAddress": null,
    "ethAddress": null
  },
  {
    "id": 116,
    "userId": 59,
    "type": "crypto",
    "number": "4000007061131805",
    "expiry": "12/25",
    "cvv": "441",
    "balance": "0.00000000",
    "btcBalance": "2.57250506",
    "ethBalance": "37.83531629",
    "btcAddress": "bc1a89222efdbaee28d2b2b59d5f0714f8b",
    "ethAddress": "0x4b1f2c26de6f0e97e7c4532e538cfdcc"
  },
  {
    "id": 117,
    "userId": 59,
    "type": "usd",
    "number": "4111004572495286",
    "expiry": "12/25",
    "cvv": "269",
    "balance": "20156.85000000",
    "btcBalance": "0.00000000",
    "ethBalance": "0.00000000",
    "btcAddress": null,
    "ethAddress": null
  },
  {
    "id": 118,
    "userId": 59,
    "type": "uah",
    "number": "4222004199521216",
    "expiry": "12/25",
    "cvv": "772",
    "balance": "501683.95000000",
    "btcBalance": "0.00000000",
    "ethBalance": "0.00000000",
    "btcAddress": null,
    "ethAddress": null
  },
  {
    "id": 119,
    "userId": 60,
    "type": "crypto",
    "number": "4000007213981377",
    "expiry": "12/25",
    "cvv": "899",
    "balance": "0.00000000",
    "btcBalance": "6.71474392",
    "ethBalance": "74.18388580",
    "btcAddress": "bc1b84fefb86f3f871ce7d40a983c1e1bf8",
    "ethAddress": "0x9d245b7e149c40c6b815debb0e44a66f"
  },
  {
    "id": 120,
    "userId": 60,
    "type": "usd",
    "number": "4111005856792468",
    "expiry": "12/25",
    "cvv": "309",
    "balance": "29329.62000000",
    "btcBalance": "0.00000000",
    "ethBalance": "0.00000000",
    "btcAddress": null,
    "ethAddress": null
  },
  {
    "id": 121,
    "userId": 60,
    "type": "uah",
    "number": "4222001480052150",
    "expiry": "12/25",
    "cvv": "221",
    "balance": "358691.00000000",
    "btcBalance": "0.00000000",
    "ethBalance": "0.00000000",
    "btcAddress": null,
    "ethAddress": null
  }
]