[
  {
    "id": 5,
    "userId": 5,
    "type": "usd",
    "number": "4283764713218456",
    "expiry": "12/25",
    "cvv": "981",
    "balance": "0.00000000",
    "btcBalance": "0.00000000",
    "ethBalance": "0.00000000",
    "btcAddress": null,
    "ethAddress": null
  },
  {
    "id": 6,
    "userId": 5,
    "type": "uah",
    "number": "4496364436548156",
    "expiry": "02/29",
    "cvv": "238",
    "balance": "0.00000000",
    "btcBalance": "0.00000000",
    "ethBalance": "0.00000000",
    "btcAddress": null,
    "ethAddress": null
  },
  {
    "id": 4,
    "userId": 5,
    "type": "crypto",
    "number": "4705253597553356",
    "expiry": "08/27",
    "cvv": "734",
    "balance": "26930.00000000",
    "btcBalance": "0.00000000",
    "ethBalance": "0.00000000",
    "btcAddress": "1e99e3cb491521598822e872e9a693f979",
    "ethAddress": "0xcee3853a474711b2f9205306252dce9f14d3899a"
  },
  {
    "id": 8,
    "userId": 6,
    "type": "usd",
    "number": "4823612607289428",
    "expiry": "10/27",
    "cvv": "624",
    "balance": "296219.35000000",
    "btcBalance": "0.00000000",
    "ethBalance": "0.00000000",
    "btcAddress": null,
    "ethAddress": null
  },
  {
    "id": 26,
    "userId": 12,
    "type": "usd",
    "number": "7336737187794917",
    "expiry": "02/28",
    "cvv": "963",
    "balance": "150.00000000",
    "btcBalance": "0.00000000",
    "ethBalance": "0.00000000",
    "btcAddress": null,
    "ethAddress": null
  },
  {
    "id": 44,
    "userId": 19,
    "type": "uah",
    "number": "4111174747608822",
    "expiry": "02/29",
    "cvv": "363",
    "balance": "14223276.84000000",
    "btcBalance": "0.00000000",
    "ethBalance": "0.00000000",
    "btcAddress": "0",
    "ethAddress": "0"
  },
  {
    "id": 43,
    "userId": 19,
    "type": "usd",
    "number": "4111335868451217",
    "expiry": "02/29",
    "cvv": "978",
    "balance": "9548.84000000",
    "btcBalance": "0.00000000",
    "ethBalance": "0.00000000",
    "btcAddress": "0",
    "ethAddress": "0"
  },
  {
    "id": 50,
    "userId": 21,
    "type": "uah",
    "number": "4111812997807538",
    "expiry": "02/29",
    "cvv": "128",
    "balance": "83420.00000000",
    "btcBalance": "0.00000000",
    "ethBalance": "0.00000000",
    "btcAddress": "0",
    "ethAddress": "0"
  },
  {
    "id": 20,
    "userId": 9,
    "type": "crypto",
    "number": "4822340036956025",
    "expiry": "07/28",
    "cvv": "416",
    "balance": "234.00000000",
    "btcBalance": "240.00000000",
    "ethBalance": "0.00000000",
    "btcAddress": "12M4YnqbpEEGDdk78p83yj9TZRvxGevUEd",
    "ethAddress": "0xd2109e57ea685590465fd67fe0f9581fab7df589"
  },
  {
    "id": 49,
    "userId": 21,
    "type": "usd",
    "number": "4111966513505909",
    "expiry": "02/29",
    "cvv": "490",
    "balance": "2332.38000000",
    "btcBalance": "0.00000000",
    "ethBalance": "0.00000000",
    "btcAddress": "0",
    "ethAddress": "0"
  },
  {
    "id": 19,
    "userId": 9,
    "type": "usd",
    "number": "4699878420571000",
    "expiry": "07/26",
    "cvv": "620",
    "balance": "93518.98000000",
    "btcBalance": "0.00000000",
    "ethBalance": "0.00000000",
    "btcAddress": null,
    "ethAddress": null
  },
  {
    "id": 21,
    "userId": 9,
    "type": "uah",
    "number": "4502993597804046",
    "expiry": "10/25",
    "cvv": "558",
    "balance": "169462.72000000",
    "btcBalance": "0.00000000",
    "ethBalance": "0.00000000",
    "btcAddress": null,
    "ethAddress": null
  },
  {
    "id": 22,
    "userId": 11,
    "type": "uah",
    "number": "2453768786073922",
    "expiry": "02/28",
    "cvv": "117",
    "balance": "37000.00000000",
    "btcBalance": "0.00000000",
    "ethBalance": "0.00000000",
    "btcAddress": null,
    "ethAddress": null
  },
  {
    "id": 23,
    "userId": 11,
    "type": "usd",
    "number": "2826705500542841",
    "expiry": "02/28",
    "cvv": "117",
    "balance": "1000.00000000",
    "btcBalance": "0.00000000",
    "ethBalance": "0.00000000",
    "btcAddress": null,
    "ethAddress": null
  },
  {
    "id": 24,
    "userId": 11,
    "type": "crypto",
    "number": "0072753985021707",
    "expiry": "02/28",
    "cvv": "117",
    "balance": "0.00000000",
    "btcBalance": "0.05000000",
    "ethBalance": "1.00000000",
    "btcAddress": "176fEuAKeyViwvntKi3fCBqtgF1w78WHNg",
    "ethAddress": "0x49667Df500e2440914276AE8528CF8e35d5345c9"
  },
  {
    "id": 25,
    "userId": 12,
    "type": "uah",
    "number": "4969281187573426",
    "expiry": "02/28",
    "cvv": "963",
    "balance": "0.00000000",
    "btcBalance": "0.00000000",
    "ethBalance": "0.00000000",
    "btcAddress": null,
    "ethAddress": null
  },
  {
    "id": 27,
    "userId": 12,
    "type": "crypto",
    "number": "2699251780233529",
    "expiry": "02/28",
    "cvv": "963",
    "balance": "0.00000000",
    "btcBalance": "0.00000000",
    "ethBalance": "0.00000000",
    "btcAddress": "15fGV89N7x1wVivEB8hKA98XLSnroKqtwp",
    "ethAddress": "0xd4D2B0137034FC50e4ab0feCe124907073E70CaE"
  },
  {
    "id": 28,
    "userId": 13,
    "type": "usd",
    "number": "5946327404556138",
    "expiry": "02/28",
    "cvv": "732",
    "balance": "193031.49000000",
    "btcBalance": "0.00000000",
    "ethBalance": "0.00000000",
    "btcAddress": null,
    "ethAddress": null
  },
  {
    "id": 30,
    "userId": 13,
    "type": "crypto",
    "number": "4235221482047224",
    "expiry": "02/28",
    "cvv": "732",
    "balance": "0.00000000",
    "btcBalance": "27.60728498",
    "ethBalance": "15.00000000",
    "btcAddress": "13Nvkm3KU2ac4SHFGn4rMaCRRkZbVw4tc6",
    "ethAddress": "0x6B2527441FCd1db9c183397A5C7e9044B61FD236"
  },
  {
    "id": 29,
    "userId": 13,
    "type": "uah",
    "number": "7012919897050653",
    "expiry": "02/28",
    "cvv": "732",
    "balance": "3051.08000000",
    "btcBalance": "0.00000000",
    "ethBalance": "0.00000000",
    "btcAddress": null,
    "ethAddress": null
  },
  {
    "id": 2,
    "userId": 1,
    "type": "usd",
    "number": "4593125478989946",
    "expiry": "01/25",
    "cvv": "483",
    "balance": "2344135.00000000",
    "btcBalance": "0.00000000",
    "ethBalance": "0.00000000",
    "btcAddress": null,
    "ethAddress": null
  },
  {
    "id": 1,
    "userId": 1,
    "type": "crypto",
    "number": "4686080646631828",
    "expiry": "02/29",
    "cvv": "505",
    "balance": "4883.31000000",
    "btcBalance": "4702.09131697",
    "ethBalance": "12814.94137800",
    "btcAddress": "1NpXrBFqLtpzFncjFeZn5f7bTMM8yiXmTE",
    "ethAddress": "0xe4d787118bfdf3fe7099351946eb4ea14e965a91"
  },
  {
    "id": 3,
    "userId": 1,
    "type": "uah",
    "number": "4763950103360695",
    "expiry": "12/28",
    "cvv": "808",
    "balance": "14316879.00000000",
    "btcBalance": "0.00000000",
    "ethBalance": "0.00000000",
    "btcAddress": null,
    "ethAddress": null
  }
]