{
  "users": [
    {
      "id": 1,
      "username": "MaksimHR",
      "password": "5cf101120e99d53570511b81f9e7c1916684201ab1df4668c461bbed59f37a3caba4d8778339d6f499a2b312e944192edc357421ad2c2d72ea1599cc40405691.c471b13138deee427db96178aa30fdf4",
      "is_regulator": false,
      "regulator_balance": "0",
      "last_nft_generation": null,
      "nft_generation_count": 0
    },
    {
      "id": 2,
      "username": "regulator",
      "password": "$2b$10$pvacunM0bEDs8FAM2Pro/uD6.WF28c3RHBNs3hCFo9MVxgBAAqs4G",
      "is_regulator": true,
      "regulator_balance": "1000000.39014973",
      "last_nft_generation": null,
      "nft_generation_count": 0
    },
    {
      "id": 5,
      "username": "admin",
      "password": "admin123",
      "is_regulator": true,
      "regulator_balance": "10000000.03369765",
      "last_nft_generation": null,
      "nft_generation_count": 0
    },
    {
      "id": 6,
      "username": "Kich9999",
      "password": "28d98fdaa7be8a875d10a9b62314f6c43126397d9f564d8768a11a7e03edcdce2b56b4b63a6ce28633a045afb5df6daaf416c3a50a7a602a6fff22f50b283ee7.bb3487721834f95a60a70623f2df1bcd",
      "is_regulator": false,
      "regulator_balance": "0",
      "last_nft_generation": null,
      "nft_generation_count": 0
    },
    {
      "id": 7,
      "username": "Denchik",
      "password": "31eb00c952c85d35395cafb4efbdf80a7ecab427db7885a21d50de1ef282f642c53318264e44cef77fe95e81170904751463d65e162993a90883eb345d7f0dfa.32dc555cc4a9cfec73b6cbde27e1272a",
      "is_regulator": false,
      "regulator_balance": "0",
      "last_nft_generation": null,
      "nft_generation_count": 0
    },
    {
      "id": 8,
      "username": "hdfhdsfesh3",
      "password": "17123f90398670982b5b83ac0364d0fe956f0d0b153089b4ac4b6c0a966adc8957d33c898fd32baeee173905264360996184f962025d872367b73cfe7645acce.c0c099827ee77df9c0d8a41867cb3c79",
      "is_regulator": false,
      "regulator_balance": "0",
      "last_nft_generation": null,
      "nft_generation_count": 0
    },
    {
      "id": 9,
      "username": "ytjfgjrtdt6",
      "password": "d4ffb48f086edfe45f97d52f16d329694170989d64e226ddd89ce6cabe42da9d0c15697a743a0c048e286d6edb06bb12da03be41829a23c6d2cec1295d529459.a8b0e69a20d59423f4e3be1aaa8911a2",
      "is_regulator": false,
      "regulator_balance": "0",
      "last_nft_generation": null,
      "nft_generation_count": 0
    },
    {
      "id": 10,
      "username": "Kich",
      "password": "093b56f4be1b8af7d10d9d09cb750fbbf015e9af2ae1169aa76615f633472b35f9fccd625b1e1b89c11ecf4e3497ac814f5c9fbdc95909cb5903e207c49b5837.a12556a6a7730847363f333ae4aa597c",
      "is_regulator": false,
      "regulator_balance": "0",
      "last_nft_generation": null,
      "nft_generation_count": 0
    },
    {
      "id": 11,
      "username": "Tod_Kolins",
      "password": "01b423385563d013d8f3594bba7e9b6133cfe55c3d9f418ce61ac4789e5590de51c3260dce1a9a4271428da22e3308f3fa87e48ecc117cbd9c54afce70112fb7.39831d0654fbd13c70b0f2c173a6c794",
      "is_regulator": false,
      "regulator_balance": "0",
      "last_nft_generation": null,
      "nft_generation_count": 0
    },
    {
      "id": 12,
      "username": "Kich7777",
      "password": "2d1a1cf8606bd38e6a279c7dc91a04d56bb38051941fd42d4b387abca152eb1c6096ffb5b4d7119d775362d959e57d59b3071fbe14ca29dab1bb2e30953ef7c6.cf302d101af46eff3e48cc033a22c80e",
      "is_regulator": false,
      "regulator_balance": "0",
      "last_nft_generation": null,
      "nft_generation_count": 0
    },
    {
      "id": 13,
      "username": "Tod_Kolinsk",
      "password": "acd77b3d18e9566c6da7f3e0ee1518fd4a167344206c28f3e296a098ff2e4057660a9f6a18ea234eb0bbb1e1f18f0df5db569bf522b42f6d54085eff96816b23.1befeb491aef8daaecdb9200c4271ecb",
      "is_regulator": false,
      "regulator_balance": "0",
      "last_nft_generation": null,
      "nft_generation_count": 0
    },
    {
      "id": 14,
      "username": "Anatoliy",
      "password": "UMXWT3vudaiwt8H",
      "is_regulator": false,
      "regulator_balance": "0",
      "last_nft_generation": null,
      "nft_generation_count": 0
    },
    {
      "id": 17,
      "username": "Oleg",
      "password": "uhdkdn66",
      "is_regulator": false,
      "regulator_balance": "0",
      "last_nft_generation": null,
      "nft_generation_count": 0
    }
  ],
  "cards": [
    {
      "id": 1,
      "userId": 1,
      "type": "crypto",
      "number": "4000656684230545",
      "expiry": "03/28",
      "cvv": "709",
      "balance": "0.00",
      "btcBalance": "0.00000000",
      "ethBalance": "0.00000000",
      "btcAddress": "1PBWkivAUBLP4PBbkZKBX75h8yeh49LpwH",
      "ethAddress": "0x586E803a94777286f7cA370983091Bb290303e41"
    },
    {
      "id": 2,
      "userId": 1,
      "type": "usd",
      "number": "4111891201988062",
      "expiry": "03/28",
      "cvv": "495",
      "balance": "0.00",
      "btcBalance": "0.00000000",
      "ethBalance": "0.00000000",
      "btcAddress": null,
      "ethAddress": null
    },
    {
      "id": 3,
      "userId": 1,
      "type": "uah",
      "number": "5555624368885501",
      "expiry": "03/28",
      "cvv": "989",
      "balance": "0.00",
      "btcBalance": "0.00000000",
      "ethBalance": "0.00000000",
      "btcAddress": null,
      "ethAddress": null
    },
    {
      "id": 4,
      "userId": 2,
      "type": "crypto",
      "number": "4000589306345761",
      "expiry": "06/28",
      "cvv": "863",
      "balance": "0",
      "btcBalance": "0.001",
      "ethBalance": "0.01",
      "btcAddress": "1EhLKWQokncBnpZM3RrxmuVeybbHM3RM8s",
      "ethAddress": "0xbCDcfD1014c0CD2eBF4facF058a553BA77b20F98"
    },
    {
      "id": 5,
      "userId": 2,
      "type": "usd",
      "number": "4111238058472974",
      "expiry": "09/28",
      "cvv": "919",
      "balance": "1000",
      "btcBalance": "0",
      "ethBalance": "0",
      "btcAddress": null,
      "ethAddress": null
    },
    {
      "id": 6,
      "userId": 2,
      "type": "uah",
      "number": "5555248950789491",
      "expiry": "08/28",
      "cvv": "823",
      "balance": "40000",
      "btcBalance": "0",
      "ethBalance": "0",
      "btcAddress": null,
      "ethAddress": null
    },
    {
      "id": 13,
      "userId": 5,
      "type": "crypto",
      "number": "4000101461947771",
      "expiry": "10/28",
      "cvv": "240",
      "balance": "0",
      "btcBalance": "968351.58000000",
      "ethBalance": "179864.09",
      "btcAddress": "16L3S7YZ2SVaZjRn7wt1G2UE4aVW8vGpyb",
      "ethAddress": "0x8AFf45c3aE9F66fAc33EA042f3A7fC2C338E4b2E"
    },
    {
      "id": 14,
      "userId": 5,
      "type": "usd",
      "number": "4111323103306819",
      "expiry": "01/28",
      "cvv": "761",
      "balance": "200000000",
      "btcBalance": "0",
      "ethBalance": "0",
      "btcAddress": null,
      "ethAddress": null
    },
    {
      "id": 15,
      "userId": 5,
      "type": "uah",
      "number": "5555423163670631",
      "expiry": "12/28",
      "cvv": "349",
      "balance": "400000000",
      "btcBalance": "0",
      "ethBalance": "0",
      "btcAddress": null,
      "ethAddress": null
    },
    {
      "id": 16,
      "userId": 6,
      "type": "crypto",
      "number": "4111330535985631",
      "expiry": "03/28",
      "cvv": "696",
      "balance": "0.00",
      "btcBalance": "0.00000000",
      "ethBalance": "0.00000000",
      "btcAddress": "13X8tNp3vTK8oV9HMQx6T4YxDuquhgtTBW",
      "ethAddress": "0x9436CF533f2c3433806838b73aB2B5A6000bf6c9"
    },
    {
      "id": 17,
      "userId": 6,
      "type": "usd",
      "number": "4112185546212195",
      "expiry": "03/28",
      "cvv": "614",
      "balance": "0.00",
      "btcBalance": "0.00000000",
      "ethBalance": "0.00000000",
      "btcAddress": null,
      "ethAddress": null
    },
    {
      "id": 18,
      "userId": 6,
      "type": "uah",
      "number": "4113271946207582",
      "expiry": "03/28",
      "cvv": "338",
      "balance": "0.00",
      "btcBalance": "0.00000000",
      "ethBalance": "0.00000000",
      "btcAddress": null,
      "ethAddress": null
    },
    {
      "id": 19,
      "userId": 7,
      "type": "crypto",
      "number": "4111413957644346",
      "expiry": "03/28",
      "cvv": "960",
      "balance": "0.00",
      "btcBalance": "0.00000000",
      "ethBalance": "0.00000000",
      "btcAddress": "1E4HGQ8TiTEU3iK73VqNCjxSbwUMKGpMrj",
      "ethAddress": "0xd6e6A39977EA1b52B49924beCb81DB2f67Ee21Dc"
    },
    {
      "id": 20,
      "userId": 7,
      "type": "usd",
      "number": "4112818239176215",
      "expiry": "03/28",
      "cvv": "373",
      "balance": "0.00",
      "btcBalance": "0.00000000",
      "ethBalance": "0.00000000",
      "btcAddress": null,
      "ethAddress": null
    },
    {
      "id": 21,
      "userId": 7,
      "type": "uah",
      "number": "4113633308331620",
      "expiry": "03/28",
      "cvv": "630",
      "balance": "0.00",
      "btcBalance": "0.00000000",
      "ethBalance": "0.00000000",
      "btcAddress": null,
      "ethAddress": null
    },
    {
      "id": 22,
      "userId": 8,
      "type": "crypto",
      "number": "4111660863622836",
      "expiry": "03/28",
      "cvv": "940",
      "balance": "0.00",
      "btcBalance": "0.00000000",
      "ethBalance": "0.00000000",
      "btcAddress": "124cq2jhYTwjwy6awGg1hi4wsK8JxEcCpw",
      "ethAddress": "0x9419a912CDBBeF4983F667146Abe48864156c84b"
    },
    {
      "id": 23,
      "userId": 8,
      "type": "usd",
      "number": "4112473829066479",
      "expiry": "03/28",
      "cvv": "735",
      "balance": "0.00",
      "btcBalance": "0.00000000",
      "ethBalance": "0.00000000",
      "btcAddress": null,
      "ethAddress": null
    },
    {
      "id": 24,
      "userId": 8,
      "type": "uah",
      "number": "4113851669913815",
      "expiry": "03/28",
      "cvv": "766",
      "balance": "0.00",
      "btcBalance": "0.00000000",
      "ethBalance": "0.00000000",
      "btcAddress": null,
      "ethAddress": null
    },
    {
      "id": 25,
      "userId": 9,
      "type": "crypto",
      "number": "4111336238703704",
      "expiry": "03/28",
      "cvv": "269",
      "balance": "0.00",
      "btcBalance": "0.00",
      "ethBalance": "0.00",
      "btcAddress": null,
      "ethAddress": null
    },
    {
      "id": 26,
      "userId": 9,
      "type": "usd",
      "number": "4112054801321449",
      "expiry": "03/28",
      "cvv": "995",
      "balance": "0.00",
      "btcBalance": "0.00",
      "ethBalance": "0.00",
      "btcAddress": null,
      "ethAddress": null
    },
    {
      "id": 27,
      "userId": 9,
      "type": "uah",
      "number": "4113927624941486",
      "expiry": "03/28",
      "cvv": "338",
      "balance": "0.00",
      "btcBalance": "0.00",
      "ethBalance": "0.00",
      "btcAddress": null,
      "ethAddress": null
    },
    {
      "id": 28,
      "userId": 10,
      "type": "crypto",
      "number": "4111619791721415",
      "expiry": "03/28",
      "cvv": "577",
      "balance": "0.00",
      "btcBalance": "0.00",
      "ethBalance": "0.00",
      "btcAddress": null,
      "ethAddress": null
    },
    {
      "id": 29,
      "userId": 10,
      "type": "usd",
      "number": "4112221420670073",
      "expiry": "03/28",
      "cvv": "265",
      "balance": "0.00",
      "btcBalance": "0.00",
      "ethBalance": "0.00",
      "btcAddress": null,
      "ethAddress": null
    },
    {
      "id": 30,
      "userId": 10,
      "type": "uah",
      "number": "4113331149807020",
      "expiry": "03/28",
      "cvv": "131",
      "balance": "0.00",
      "btcBalance": "0.00",
      "ethBalance": "0.00",
      "btcAddress": null,
      "ethAddress": null
    },
    {
      "id": 31,
      "userId": 11,
      "type": "crypto",
      "number": "4111806775933316",
      "expiry": "03/28",
      "cvv": "124",
      "balance": "0.00",
      "btcBalance": "0.00",
      "ethBalance": "0.00",
      "btcAddress": null,
      "ethAddress": null
    },
    {
      "id": 32,
      "userId": 11,
      "type": "usd",
      "number": "4112288902688677",
      "expiry": "03/28",
      "cvv": "295",
      "balance": "0.00",
      "btcBalance": "0.00",
      "ethBalance": "0.00",
      "btcAddress": null,
      "ethAddress": null
    },
    {
      "id": 33,
      "userId": 11,
      "type": "uah",
      "number": "4113214354850143",
      "expiry": "03/28",
      "cvv": "955",
      "balance": "0.00",
      "btcBalance": "0.00",
      "ethBalance": "0.00",
      "btcAddress": null,
      "ethAddress": null
    },
    {
      "id": 34,
      "userId": 1,
      "type": "crypto",
      "number": "4111608844434692",
      "expiry": "03/28",
      "cvv": "142",
      "balance": "0.00",
      "btcBalance": "0.00",
      "ethBalance": "0.00",
      "btcAddress": null,
      "ethAddress": null
    },
    {
      "id": 35,
      "userId": 1,
      "type": "usd",
      "number": "4112387550332652",
      "expiry": "03/28",
      "cvv": "354",
      "balance": "82157.00",
      "btcBalance": "0.00",
      "ethBalance": "0.00",
      "btcAddress": null,
      "ethAddress": null
    },
    {
      "id": 91,
      "userId": 17,
      "type": "crypto",
      "number": "4111448008862359",
      "expiry": "03/28",
      "cvv": "989",
      "balance": "0",
      "btcBalance": "3.15584577",
      "ethBalance": "0",
      "btcAddress": "1ETADiiQQQUyQjwQiRrd6sn4PjfhnGZoY1",
      "ethAddress": "0xAd3a5F2C5d51a8AEe38988cDF7513d47F2D35dD7"
    },
    {
      "id": 92,
      "userId": 17,
      "type": "usd",
      "number": "4112967511269249",
      "expiry": "03/28",
      "cvv": "989",
      "balance": "69617.00",
      "btcBalance": "0",
      "ethBalance": "0",
      "btcAddress": null,
      "ethAddress": null
    },
    {
      "id": 93,
      "userId": 17,
      "type": "uah",
      "number": "4113516001378315",
      "expiry": "03/28",
      "cvv": "989",
      "balance": "3539414.91",
      "btcBalance": "0",
      "ethBalance": "0",
      "btcAddress": null,
      "ethAddress": null
    }
  ],
  "transactions": [
    {
      "id": 14,
      "fromCardId": 34,
      "toCardId": 2,
      "amount": "0.01",
      "convertedAmount": "0.00000012023999903808",
      "type": "commission",
      "wallet": null,
      "status": "completed",
      "createdAt": "2025-03-21T14:15:03.551Z",
      "description": "Комиссия за перевод (0.00000012 BTC)",
      "fromCardNumber": "4111608844434692",
      "toCardNumber": "REGULATOR"
    },
    {
      "id": 51,
      "fromCardId": 13,
      "toCardId": 2,
      "amount": "0.02",
      "convertedAmount": "0.02",
      "type": "commission",
      "wallet": null,
      "status": "completed",
      "createdAt": "2025-03-21T19:55:25.912Z",
      "description": "Комиссия за перевод криптовалюты (0.02000000 BTC)",
      "fromCardNumber": "4000101461947771",
      "toCardNumber": "REGULATOR"
    },
    {
      "id": 47,
      "fromCardId": 13,
      "toCardId": 2,
      "amount": "0.01",
      "convertedAmount": "1.1894425082963615e-7",
      "type": "commission",
      "wallet": null,
      "status": "completed",
      "createdAt": "2025-03-21T19:18:55.251Z",
      "description": "Комиссия за перевод (0.00000012 BTC)",
      "fromCardNumber": "4000101461947771",
      "toCardNumber": "REGULATOR"
    },
    {
      "id": 43,
      "fromCardId": 91,
      "toCardId": 2,
      "amount": "0.002",
      "convertedAmount": "2.3733238400379734e-8",
      "type": "commission",
      "wallet": null,
      "status": "completed",
      "createdAt": "2025-03-21T18:51:32.633Z",
      "description": "Комиссия за перевод (0.00000002 BTC)",
      "fromCardNumber": "4111448008862359",
      "toCardNumber": "REGULATOR"
    },
    {
      "id": 39,
      "fromCardId": 13,
      "toCardId": 2,
      "amount": "0.01",
      "convertedAmount": "0.01",
      "type": "commission",
      "wallet": null,
      "status": "completed",
      "createdAt": "2025-03-21T18:39:46.176Z",
      "description": "Комиссия за перевод криптовалюты (0.01000000 BTC)",
      "fromCardNumber": "4000101461947771",
      "toCardNumber": "REGULATOR"
    },
    {
      "id": 35,
      "fromCardId": 13,
      "toCardId": 2,
      "amount": "0.02",
      "convertedAmount": "0.02",
      "type": "commission",
      "wallet": null,
      "status": "completed",
      "createdAt": "2025-03-21T17:54:16.669Z",
      "description": "Комиссия за перевод криптовалюты (0.02000000 BTC)",
      "fromCardNumber": "4000101461947771",
      "toCardNumber": "REGULATOR"
    },
    {
      "id": 12,
      "fromCardId": 13,
      "toCardId": 2,
      "amount": "0.34",
      "convertedAmount": "0.34",
      "type": "commission",
      "wallet": null,
      "status": "completed",
      "createdAt": "2025-03-21T14:15:03.551Z",
      "description": "Комиссия за перевод криптовалюты (0.34000000 BTC)",
      "fromCardNumber": "4000101461947771",
      "toCardNumber": "REGULATOR"
    },
    {
      "id": 53,
      "fromCardId": 13,
      "toCardId": 5,
      "amount": "0.01",
      "convertedAmount": "1.1886083773118433e-7",
      "type": "commission",
      "wallet": null,
      "status": "completed",
      "createdAt": "2025-03-21T22:53:54.452Z",
      "description": "Комиссия за перевод (0.00000012 BTC)",
      "fromCardNumber": "4000101461947771",
      "toCardNumber": "REGULATOR"
    },
    {
      "id": 37,
      "fromCardId": 13,
      "toCardId": 5,
      "amount": "0.02",
      "convertedAmount": "0.02",
      "type": "commission",
      "wallet": null,
      "status": "completed",
      "createdAt": "2025-03-21T18:26:45.168Z",
      "description": "Комиссия за перевод криптовалюты (0.02000000 BTC)",
      "fromCardNumber": "4000101461947771",
      "toCardNumber": "REGULATOR"
    },
    {
      "id": 41,
      "fromCardId": 13,
      "toCardId": 5,
      "amount": "0.01",
      "convertedAmount": "0.01",
      "type": "commission",
      "wallet": null,
      "status": "completed",
      "createdAt": "2025-03-21T18:49:40.569Z",
      "description": "Комиссия за перевод криптовалюты (0.01000000 BTC)",
      "fromCardNumber": "4000101461947771",
      "toCardNumber": "REGULATOR"
    },
    {
      "id": 45,
      "fromCardId": 92,
      "toCardId": 5,
      "amount": "10",
      "convertedAmount": "0.00011906604593568053",
      "type": "commission",
      "wallet": null,
      "status": "completed",
      "createdAt": "2025-03-21T19:11:40.805Z",
      "description": "Комиссия за перевод (0.00011907 BTC)",
      "fromCardNumber": "4112967511269249",
      "toCardNumber": "REGULATOR"
    },
    {
      "id": 49,
      "fromCardId": 92,
      "toCardId": 5,
      "amount": "300",
      "convertedAmount": "0.003578457684737878",
      "type": "commission",
      "wallet": null,
      "status": "completed",
      "createdAt": "2025-03-21T19:45:39.434Z",
      "description": "Комиссия за перевод криптовалюты (0.00357846 BTC)",
      "fromCardNumber": "4112967511269249",
      "toCardNumber": "REGULATOR"
    },
    {
      "id": 11,
      "fromCardId": 13,
      "toCardId": 34,
      "amount": "34",
      "convertedAmount": "34",
      "type": "crypto_transfer",
      "wallet": "1L3g4xY6XV1F5YZXt5Qyrc8fiPh1w9eu3y",
      "status": "completed",
      "createdAt": "2025-03-21T14:15:03.551Z",
      "description": "Отправка 34.00000000 BTC на 1L3g4xY6XV1F5YZXt5Qyrc8fiPh1w9eu3y",
      "fromCardNumber": "4000101461947771",
      "toCardNumber": "4111608844434692"
    },
    {
      "id": 13,
      "fromCardId": 34,
      "toCardId": 35,
      "amount": "1",
      "convertedAmount": "83167",
      "type": "transfer",
      "wallet": null,
      "status": "completed",
      "createdAt": "2025-03-21T14:15:03.551Z",
      "description": "Перевод 1.00000000 CRYPTO → 83167.00 USD (курс: 83167.00)",
      "fromCardNumber": "4111608844434692",
      "toCardNumber": "4112387550332652"
    },
    {
      "id": 48,
      "fromCardId": 92,
      "toCardId": 91,
      "amount": "30000",
      "convertedAmount": "0.3578457684737878",
      "type": "crypto_transfer",
      "wallet": "1ETADiiQQQUyQjwQiRrd6sn4PjfhnGZoY1",
      "status": "completed",
      "createdAt": "2025-03-21T19:45:39.434Z",
      "description": "Конвертация 30000.00 USD → 0.35784577 BTC и отправка на 1ETADiiQQQUyQjwQiRrd6sn4PjfhnGZoY1",
      "fromCardNumber": "4112967511269249",
      "toCardNumber": "4111448008862359"
    },
    {
      "id": 40,
      "fromCardId": 13,
      "toCardId": 91,
      "amount": "1",
      "convertedAmount": "1",
      "type": "crypto_transfer",
      "wallet": "1ETADiiQQQUyQjwQiRrd6sn4PjfhnGZoY1",
      "status": "completed",
      "createdAt": "2025-03-21T18:49:40.569Z",
      "description": "Отправка 1.00000000 BTC на 1ETADiiQQQUyQjwQiRrd6sn4PjfhnGZoY1",
      "fromCardNumber": "4000101461947771",
      "toCardNumber": "4111448008862359"
    },
    {
      "id": 50,
      "fromCardId": 13,
      "toCardId": 91,
      "amount": "2",
      "convertedAmount": "2",
      "type": "crypto_transfer",
      "wallet": "1ETADiiQQQUyQjwQiRrd6sn4PjfhnGZoY1",
      "status": "completed",
      "createdAt": "2025-03-21T19:55:25.912Z",
      "description": "Отправка 2.00000000 BTC на 1ETADiiQQQUyQjwQiRrd6sn4PjfhnGZoY1",
      "fromCardNumber": "4000101461947771",
      "toCardNumber": "4111448008862359"
    },
    {
      "id": 42,
      "fromCardId": 91,
      "toCardId": 92,
      "amount": "0.2",
      "convertedAmount": "16854",
      "type": "transfer",
      "wallet": null,
      "status": "completed",
      "createdAt": "2025-03-21T18:51:32.589Z",
      "description": "Перевод 0.20000000 CRYPTO → 16854.00 USD (курс: 84270.00)",
      "fromCardNumber": "4111448008862359",
      "toCardNumber": "4112967511269249"
    },
    {
      "id": 46,
      "fromCardId": 13,
      "toCardId": 92,
      "amount": "1",
      "convertedAmount": "84073",
      "type": "transfer",
      "wallet": null,
      "status": "completed",
      "createdAt": "2025-03-21T19:18:55.205Z",
      "description": "Перевод 1.00000000 CRYPTO → 84073.00 USD (курс: 84073.00)",
      "fromCardNumber": "4000101461947771",
      "toCardNumber": "4112967511269249"
    },
    {
      "id": 52,
      "fromCardId": 13,
      "toCardId": 93,
      "amount": "1",
      "convertedAmount": "3497839.3046520003",
      "type": "transfer",
      "wallet": null,
      "status": "completed",
      "createdAt": "2025-03-21T22:53:54.399Z",
      "description": "Перевод 1.00000000 CRYPTO → 3497839.30 UAH (курс: 3497839.30)",
      "fromCardNumber": "4000101461947771",
      "toCardNumber": "4113516001378315"
    },
    {
      "id": 44,
      "fromCardId": 92,
      "toCardId": 93,
      "amount": "1000",
      "convertedAmount": "41575.611000000004",
      "type": "transfer",
      "wallet": null,
      "status": "completed",
      "createdAt": "2025-03-21T19:11:40.758Z",
      "description": "Перевод 1000.00 USD → 41575.61 UAH (курс: 41.58)",
      "fromCardNumber": "4112967511269249",
      "toCardNumber": "4113516001378315"
    },
    {
      "id": 9,
      "fromCardId": 13,
      "toCardId": null,
      "amount": "164.85",
      "convertedAmount": "164.85",
      "type": "withdrawal",
      "wallet": "1BTC000005c76e03739156312f66b7d3",
      "status": "pending",
      "createdAt": "2025-03-21T14:15:03.551Z",
      "description": "Снятие средств",
      "fromCardNumber": "40006734456250066",
      "toCardNumber": ""
    },
    {
      "id": 8,
      "fromCardId": 14,
      "toCardId": null,
      "amount": "525.05",
      "convertedAmount": "525.05",
      "type": "withdrawal",
      "wallet": "1BTC000005d48db8d26641337e6a7f3e",
      "status": "pending",
      "createdAt": "2025-03-21T14:15:03.551Z",
      "description": "Снятие средств",
      "fromCardNumber": "4111437867524511",
      "toCardNumber": ""
    },
    {
      "id": 7,
      "fromCardId": 14,
      "toCardId": null,
      "amount": "236.11",
      "convertedAmount": "236.11",
      "type": "deposit",
      "wallet": "1BTC000005a32156854a20c050b4da58",
      "status": "completed",
      "createdAt": "2025-03-21T14:15:03.551Z",
      "description": "Пополнение счета",
      "fromCardNumber": "4111437867524511",
      "toCardNumber": ""
    },
    {
      "id": 6,
      "fromCardId": 13,
      "toCardId": null,
      "amount": "614.84",
      "convertedAmount": "614.84",
      "type": "deposit",
      "wallet": "0xB7E8f8D7a7671FA8f368EE771cd4BC02f51679c7",
      "status": "completed",
      "createdAt": "2025-03-21T14:15:03.551Z",
      "description": "Пополнение счета",
      "fromCardNumber": "40006734456250066",
      "toCardNumber": ""
    },
    {
      "id": 10,
      "fromCardId": 15,
      "toCardId": null,
      "amount": "692.03",
      "convertedAmount": "28546.24",
      "type": "exchange",
      "wallet": null,
      "status": "completed",
      "createdAt": "2025-03-21T14:15:03.551Z",
      "description": "Обмен валюты",
      "fromCardNumber": "55555175370227243",
      "toCardNumber": ""
    },
    {
      "id": 34,
      "fromCardId": 13,
      "toCardId": null,
      "amount": "2",
      "convertedAmount": "2",
      "type": "crypto_transfer",
      "wallet": "1ETADiiQQQUyQjwQiRrd6sn4PjfhnGZoY1",
      "status": "completed",
      "createdAt": "2025-03-21T17:54:16.622Z",
      "description": "Отправка 2.00000000 BTC на 1ETADiiQQQUyQjwQiRrd6sn4PjfhnGZoY1",
      "fromCardNumber": "4000101461947771",
      "toCardNumber": ""
    },
    {
      "id": 38,
      "fromCardId": 13,
      "toCardId": null,
      "amount": "1",
      "convertedAmount": "1",
      "type": "crypto_transfer",
      "wallet": "1ETADiiQQQUyQjwQiRrd6sn4PjfhnGZoY1",
      "status": "completed",
      "createdAt": "2025-03-21T18:39:46.176Z",
      "description": "Отправка 1.00000000 BTC на 1ETADiiQQQUyQjwQiRrd6sn4PjfhnGZoY1",
      "fromCardNumber": "4000101461947771",
      "toCardNumber": ""
    },
    {
      "id": 36,
      "fromCardId": 13,
      "toCardId": null,
      "amount": "2",
      "convertedAmount": "2",
      "type": "crypto_transfer",
      "wallet": "1ETADiiQQQUyQjwQiRrd6sn4PjfhnGZoY1",
      "status": "completed",
      "createdAt": "2025-03-21T18:26:45.168Z",
      "description": "Отправка 2.00000000 BTC на 1ETADiiQQQUyQjwQiRrd6sn4PjfhnGZoY1",
      "fromCardNumber": "4000101461947771",
      "toCardNumber": ""
    }
  ],
  "rates": [
    {
      "id": 1,
      "usdToUah": "41.583626",
      "btcToUsd": "84413",
      "ethToUsd": "1967.75",
      "updatedAt": "2025-03-21T14:15:03.551Z"
    }
  ],
  "backupDate": "2025-03-22T18-40-51-673Z",
  "version": "1.0"
}