{
  "users": [
    {
      "id": 1,
      "username": "admin",
      "password": "73992c62ca47be0e8d949ad8df64324bae8f542007c0f2ef886f1b39418963c8b4ccc9c63939340a0a0f9c96d170dd0705075c728a35c76e3c340650970417cc.32567ef87fc584ec22cea70d4dbd6f46",
      "is_regulator": true,
      "regulator_balance": "6641.15971509",
      "last_nft_generation": null,
      "nft_generation_count": 0
    },
    {
      "id": 2,
      "username": "Kich32",
      "password": "password123",
      "is_regulator": false,
      "regulator_balance": "0.00000000",
      "last_nft_generation": null,
      "nft_generation_count": 0
    },
    {
      "id": 5,
      "username": "Tod Kolinsk",
      "password": "dda845d60595df05ca8c90a32c72f721eaa6f73bfa8a25a063f1981fe45b87910c31bc45a7724ab945b1a9e33a0a68b08e2296fb73b960877d85c57b42ac5ff7.e307a6994d6eb04c87392ce530309630",
      "is_regulator": false,
      "regulator_balance": "0.00000000",
      "last_nft_generation": null,
      "nft_generation_count": 0
    },
    {
      "id": 6,
      "username": "Tod Kolins",
      "password": "5ef77cb19fc9406965acb4e028683a124ca1ebb17b338208661127275f108424d8af6b26dea963f3570d1d8939d2ec7a4a8b32fc191a9551832e611a90b4ac4d.a877e8fe8f6f620a3a7589d048534602",
      "is_regulator": false,
      "regulator_balance": "0.00000000",
      "last_nft_generation": null,
      "nft_generation_count": 0
    },
    {
      "id": 7,
      "username": "olektreyd@gmail.com",
      "password": "9187c19246b7ef132ba5cff07bf1a528b8e19c112dbdaea27045df3e77408c479bac1a59225e4aef6409f1aa337cd490cebbdf50866d478477d01aac95184c6e.440d8cd7817ef5d331a7345b64eb6b41",
      "is_regulator": false,
      "regulator_balance": "0.00000000",
      "last_nft_generation": null,
      "nft_generation_count": 0
    },
    {
      "id": 8,
      "username": "Nikita",
      "password": "c6e6ad1df7ccd60cb6d2948ae04ac83da3e8608a37f544f7650c52c5271c027e6aa6aa8cf5618cfd951ee33fd6a2a83b0badfc2ad2992d8e3e54ad5f0e110553.345c80e97a319d2a0a275f7031c672b3",
      "is_regulator": false,
      "regulator_balance": "0.00000000",
      "last_nft_generation": null,
      "nft_generation_count": 0
    },
    {
      "id": 9,
      "username": "Maksim4440432",
      "password": "07f040ac39b3254bcbf515cab85c28458bb1c85f31533340fae085449eddc73095dd1d37f1d5c132fdcf2df6d116aef9af57f511208936af7745c0ff87330d9c.3bc39831b34601ec4b225bb10900ea4c",
      "is_regulator": false,
      "regulator_balance": "0.00000000",
      "last_nft_generation": null,
      "nft_generation_count": 0
    }
  ],
  "cards": [
    {
      "id": 1,
      "userId": 1,
      "type": "crypto",
      "number": "4686080646631828",
      "expiry": "02/29",
      "cvv": "505",
      "balance": "4883.31000000",
      "btcBalance": "4785.58671423",
      "ethBalance": "12814.94137800",
      "btcAddress": "1NpXrBFqLtpzFncjFeZn5f7bTMM8yiXmTE",
      "ethAddress": "0xe4d787118bfdf3fe7099351946eb4ea14e965a91"
    },
    {
      "id": 2,
      "userId": 1,
      "type": "usd",
      "number": "4593125478989946",
      "expiry": "01/25",
      "cvv": "483",
      "balance": "174638938.98000000",
      "btcBalance": "0.00000000",
      "ethBalance": "0.00000000",
      "btcAddress": null,
      "ethAddress": null
    },
    {
      "id": 3,
      "userId": 1,
      "type": "uah",
      "number": "4763950103360695",
      "expiry": "12/28",
      "cvv": "808",
      "balance": "24900625.10000000",
      "btcBalance": "0.00000000",
      "ethBalance": "0.00000000",
      "btcAddress": null,
      "ethAddress": null
    },
    {
      "id": 4,
      "userId": 5,
      "type": "crypto",
      "number": "4705253597553356",
      "expiry": "08/27",
      "cvv": "734",
      "balance": "26930.00000000",
      "btcBalance": "0.00000000",
      "ethBalance": "0.00000000",
      "btcAddress": "1e99e3cb491521598822e872e9a693f979",
      "ethAddress": "0xcee3853a474711b2f9205306252dce9f14d3899a"
    },
    {
      "id": 5,
      "userId": 5,
      "type": "usd",
      "number": "4283764713218456",
      "expiry": "12/25",
      "cvv": "981",
      "balance": "0.00000000",
      "btcBalance": "0.00000000",
      "ethBalance": "0.00000000",
      "btcAddress": null,
      "ethAddress": null
    },
    {
      "id": 6,
      "userId": 5,
      "type": "uah",
      "number": "4496364436548156",
      "expiry": "02/29",
      "cvv": "238",
      "balance": "0.00000000",
      "btcBalance": "0.00000000",
      "ethBalance": "0.00000000",
      "btcAddress": null,
      "ethAddress": null
    },
    {
      "id": 7,
      "userId": 6,
      "type": "crypto",
      "number": "4279465421080570",
      "expiry": "12/28",
      "cvv": "984",
      "balance": "60221.00000000",
      "btcBalance": "0.00000000",
      "ethBalance": "0.00000000",
      "btcAddress": "1fc33b32ca73fedaa9ef71134271df2a39",
      "ethAddress": "0x727df8b4df41b43210a7fda97e11e0c497bec4e3"
    },
    {
      "id": 8,
      "userId": 6,
      "type": "usd",
      "number": "4823612607289428",
      "expiry": "10/27",
      "cvv": "624",
      "balance": "296219.35000000",
      "btcBalance": "0.00000000",
      "ethBalance": "0.00000000",
      "btcAddress": null,
      "ethAddress": null
    },
    {
      "id": 9,
      "userId": 6,
      "type": "uah",
      "number": "4199184831816278",
      "expiry": "06/29",
      "cvv": "344",
      "balance": "3122361347.00000000",
      "btcBalance": "0.00000000",
      "ethBalance": "0.00000000",
      "btcAddress": null,
      "ethAddress": null
    }
  ],
  "transactions": [
    {
      "id": 1,
      "fromCardId": 1,
      "toCardId": 7,
      "amount": "2648.00000000",
      "convertedAmount": "2648.00000000",
      "type": "transfer",
      "wallet": null,
      "status": "completed",
      "createdAt": "2025-02-22T17:39:00.658Z",
      "description": "Transfer from card 4686080646631828 to 4279465421080570",
      "fromCardNumber": "4686080646631828",
      "toCardNumber": "4279465421080570"
    },
    {
      "id": 2,
      "fromCardId": 3,
      "toCardId": 9,
      "amount": "64507.00000000",
      "convertedAmount": "64507.00000000",
      "type": "transfer",
      "wallet": null,
      "status": "completed",
      "createdAt": "2025-02-22T18:08:31.659Z",
      "description": "Transfer from card 4763950103360695 to 4199184831816278",
      "fromCardNumber": "4763950103360695",
      "toCardNumber": "4199184831816278"
    },
    {
      "id": 3,
      "fromCardId": 9,
      "toCardId": 8,
      "amount": "1000.00000000",
      "convertedAmount": "1000.00000000",
      "type": "transfer",
      "wallet": null,
      "status": "completed",
      "createdAt": "2025-02-22T18:12:00.555Z",
      "description": "Transfer from card 4199184831816278 to 4823612607289428",
      "fromCardNumber": "4199184831816278",
      "toCardNumber": "4823612607289428"
    },
    {
      "id": 4,
      "fromCardId": 9,
      "toCardId": 8,
      "amount": "60000.00000000",
      "convertedAmount": "60000.00000000",
      "type": "transfer",
      "wallet": null,
      "status": "completed",
      "createdAt": "2025-02-22T18:13:30.817Z",
      "description": "Transfer from card 4199184831816278 to 4823612607289428",
      "fromCardNumber": "4199184831816278",
      "toCardNumber": "4823612607289428"
    },
    {
      "id": 5,
      "fromCardId": 1,
      "toCardId": 7,
      "amount": "56067.00000000",
      "convertedAmount": "56067.00000000",
      "type": "transfer",
      "wallet": null,
      "status": "completed",
      "createdAt": "2025-02-22T18:21:36.282Z",
      "description": "Transfer from card 4686080646631828 to 4279465421080570",
      "fromCardNumber": "4686080646631828",
      "toCardNumber": "4279465421080570"
    },
    {
      "id": 6,
      "fromCardId": 9,
      "toCardId": 8,
      "amount": "10000000.00000000",
      "convertedAmount": "240153.70000000",
      "type": "transfer",
      "wallet": null,
      "status": "completed",
      "createdAt": "2025-02-22T19:22:59.996Z",
      "description": "Transfer from 4199184831816278 to 4823612607289428",
      "fromCardNumber": "4199184831816278",
      "toCardNumber": "4823612607289428"
    },
    {
      "id": 7,
      "fromCardId": 2,
      "toCardId": 3,
      "amount": "1000.00000000",
      "convertedAmount": "41640.00000000",
      "type": "transfer",
      "wallet": null,
      "status": "completed",
      "createdAt": "2025-02-22T21:01:47.364Z",
      "description": "Transfer from 4593125478989946 to 4763950103360695",
      "fromCardNumber": "4593125478989946",
      "toCardNumber": "4763950103360695"
    },
    {
      "id": 8,
      "fromCardId": 1,
      "toCardId": 2,
      "amount": "362.00000000",
      "convertedAmount": "34999246.00000000",
      "type": "transfer",
      "wallet": null,
      "status": "completed",
      "createdAt": "2025-02-23T06:12:52.883Z",
      "description": "Transfer from 4686080646631828 to 4593125478989946",
      "fromCardNumber": "4686080646631828",
      "toCardNumber": "4593125478989946"
    },
    {
      "id": 9,
      "fromCardId": 1,
      "toCardId": 2,
      "amount": "15.00000000",
      "convertedAmount": "1450245.00000000",
      "type": "transfer",
      "wallet": null,
      "status": "completed",
      "createdAt": "2025-02-23T06:16:56.005Z",
      "description": "Transfer from 4686080646631828 to 4593125478989946",
      "fromCardNumber": "4686080646631828",
      "toCardNumber": "4593125478989946"
    },
    {
      "id": 10,
      "fromCardId": 1,
      "toCardId": 2,
      "amount": "400.00000000",
      "convertedAmount": "38673200.00000000",
      "type": "transfer",
      "wallet": null,
      "status": "completed",
      "createdAt": "2025-02-23T06:26:11.711Z",
      "description": "Transfer from 4686080646631828 to 4593125478989946",
      "fromCardNumber": "4686080646631828",
      "toCardNumber": "4593125478989946"
    }
  ],
  "rates": [
    {
      "id": 1,
      "usdToUah": "41.59",
      "btcToUsd": "90003.00",
      "ethToUsd": "2256.99",
      "updatedAt": "2025-03-05T10:49:31.225Z"
    },
    {
      "id": 2,
      "usdToUah": "41.59",
      "btcToUsd": "90003.00",
      "ethToUsd": "2256.99",
      "updatedAt": "2025-03-05T10:50:01.226Z"
    },
    {
      "id": 3,
      "usdToUah": "41.59",
      "btcToUsd": "90003.00",
      "ethToUsd": "2256.99",
      "updatedAt": "2025-03-05T10:50:31.227Z"
    },
    {
      "id": 4,
      "usdToUah": "41.59",
      "btcToUsd": "90003.00",
      "ethToUsd": "2256.99",
      "updatedAt": "2025-03-05T10:51:01.228Z"
    },
    {
      "id": 5,
      "usdToUah": "41.59",
      "btcToUsd": "90003.00",
      "ethToUsd": "2256.99",
      "updatedAt": "2025-03-05T10:51:31.228Z"
    },
    {
      "id": 6,
      "usdToUah": "41.59",
      "btcToUsd": "90003.00",
      "ethToUsd": "2256.99",
      "updatedAt": "2025-03-05T10:51:38.337Z"
    },
    {
      "id": 7,
      "usdToUah": "41.59",
      "btcToUsd": "89702.00",
      "ethToUsd": "2247.89",
      "updatedAt": "2025-03-05T10:51:47.117Z"
    },
    {
      "id": 8,
      "usdToUah": "41.59",
      "btcToUsd": "89702.00",
      "ethToUsd": "2247.89",
      "updatedAt": "2025-03-05T10:51:56.704Z"
    },
    {
      "id": 9,
      "usdToUah": "41.59",
      "btcToUsd": "89702.00",
      "ethToUsd": "2247.89",
      "updatedAt": "2025-03-05T10:52:29.823Z"
    },
    {
      "id": 10,
      "usdToUah": "41.59",
      "btcToUsd": "89702.00",
      "ethToUsd": "2247.89",
      "updatedAt": "2025-03-05T10:52:39.698Z"
    },
    {
      "id": 11,
      "usdToUah": "41.59",
      "btcToUsd": "89690.00",
      "ethToUsd": "2246.02",
      "updatedAt": "2025-03-05T10:53:09.682Z"
    },
    {
      "id": 12,
      "usdToUah": "41.59",
      "btcToUsd": "89690.00",
      "ethToUsd": "2246.02",
      "updatedAt": "2025-03-05T10:53:19.815Z"
    },
    {
      "id": 13,
      "usdToUah": "41.59",
      "btcToUsd": "89586.00",
      "ethToUsd": "2237.70",
      "updatedAt": "2025-03-05T10:55:05.595Z"
    },
    {
      "id": 14,
      "usdToUah": "41.59",
      "btcToUsd": "89586.00",
      "ethToUsd": "2237.70",
      "updatedAt": "2025-03-05T10:55:34.820Z"
    },
    {
      "id": 15,
      "usdToUah": "41.59",
      "btcToUsd": "89586.00",
      "ethToUsd": "2237.70",
      "updatedAt": "2025-03-05T10:56:04.820Z"
    },
    {
      "id": 16,
      "usdToUah": "41.59",
      "btcToUsd": "89586.00",
      "ethToUsd": "2237.70",
      "updatedAt": "2025-03-05T10:56:34.821Z"
    },
    {
      "id": 17,
      "usdToUah": "41.59",
      "btcToUsd": "89586.00",
      "ethToUsd": "2237.70",
      "updatedAt": "2025-03-05T10:57:04.821Z"
    },
    {
      "id": 18,
      "usdToUah": "41.59",
      "btcToUsd": "89586.00",
      "ethToUsd": "2237.70",
      "updatedAt": "2025-03-05T10:57:34.822Z"
    },
    {
      "id": 19,
      "usdToUah": "41.59",
      "btcToUsd": "89586.00",
      "ethToUsd": "2237.70",
      "updatedAt": "2025-03-05T10:58:04.822Z"
    },
    {
      "id": 20,
      "usdToUah": "41.59",
      "btcToUsd": "89586.00",
      "ethToUsd": "2237.70",
      "updatedAt": "2025-03-05T10:58:34.823Z"
    },
    {
      "id": 21,
      "usdToUah": "41.59",
      "btcToUsd": "89586.00",
      "ethToUsd": "2237.70",
      "updatedAt": "2025-03-05T10:59:04.822Z"
    },
    {
      "id": 22,
      "usdToUah": "41.59",
      "btcToUsd": "89586.00",
      "ethToUsd": "2237.70",
      "updatedAt": "2025-03-05T10:59:34.823Z"
    },
    {
      "id": 23,
      "usdToUah": "41.59",
      "btcToUsd": "89586.00",
      "ethToUsd": "2237.70",
      "updatedAt": "2025-03-05T11:00:04.823Z"
    },
    {
      "id": 24,
      "usdToUah": "41.59",
      "btcToUsd": "89912.00",
      "ethToUsd": "2241.72",
      "updatedAt": "2025-03-05T11:00:35.028Z"
    },
    {
      "id": 25,
      "usdToUah": "41.59",
      "btcToUsd": "89912.00",
      "ethToUsd": "2241.72",
      "updatedAt": "2025-03-05T11:01:04.823Z"
    },
    {
      "id": 26,
      "usdToUah": "41.59",
      "btcToUsd": "89912.00",
      "ethToUsd": "2241.72",
      "updatedAt": "2025-03-05T11:01:34.824Z"
    },
    {
      "id": 27,
      "usdToUah": "41.59",
      "btcToUsd": "89912.00",
      "ethToUsd": "2241.72",
      "updatedAt": "2025-03-05T11:02:04.824Z"
    },
    {
      "id": 28,
      "usdToUah": "41.59",
      "btcToUsd": "89912.00",
      "ethToUsd": "2241.72",
      "updatedAt": "2025-03-05T11:02:34.825Z"
    },
    {
      "id": 29,
      "usdToUah": "41.59",
      "btcToUsd": "89912.00",
      "ethToUsd": "2241.72",
      "updatedAt": "2025-03-05T11:03:04.826Z"
    },
    {
      "id": 30,
      "usdToUah": "41.59",
      "btcToUsd": "89912.00",
      "ethToUsd": "2241.72",
      "updatedAt": "2025-03-05T11:03:34.827Z"
    },
    {
      "id": 31,
      "usdToUah": "41.59",
      "btcToUsd": "89912.00",
      "ethToUsd": "2241.72",
      "updatedAt": "2025-03-05T11:04:04.828Z"
    },
    {
      "id": 32,
      "usdToUah": "41.59",
      "btcToUsd": "89912.00",
      "ethToUsd": "2241.72",
      "updatedAt": "2025-03-05T11:04:34.829Z"
    },
    {
      "id": 33,
      "usdToUah": "41.59",
      "btcToUsd": "89912.00",
      "ethToUsd": "2241.72",
      "updatedAt": "2025-03-05T11:05:04.830Z"
    },
    {
      "id": 34,
      "usdToUah": "41.59",
      "btcToUsd": "89912.00",
      "ethToUsd": "2241.72",
      "updatedAt": "2025-03-05T11:05:34.831Z"
    },
    {
      "id": 35,
      "usdToUah": "41.59",
      "btcToUsd": "89749.00",
      "ethToUsd": "2233.40",
      "updatedAt": "2025-03-05T11:06:05.024Z"
    },
    {
      "id": 36,
      "usdToUah": "41.59",
      "btcToUsd": "89749.00",
      "ethToUsd": "2233.40",
      "updatedAt": "2025-03-05T11:06:34.833Z"
    },
    {
      "id": 37,
      "usdToUah": "41.59",
      "btcToUsd": "89749.00",
      "ethToUsd": "2233.40",
      "updatedAt": "2025-03-05T11:07:04.834Z"
    },
    {
      "id": 38,
      "usdToUah": "41.59",
      "btcToUsd": "89749.00",
      "ethToUsd": "2233.40",
      "updatedAt": "2025-03-05T11:07:34.835Z"
    },
    {
      "id": 39,
      "usdToUah": "41.59",
      "btcToUsd": "89749.00",
      "ethToUsd": "2233.40",
      "updatedAt": "2025-03-05T11:08:04.836Z"
    },
    {
      "id": 40,
      "usdToUah": "41.59",
      "btcToUsd": "89749.00",
      "ethToUsd": "2233.40",
      "updatedAt": "2025-03-05T11:08:34.837Z"
    },
    {
      "id": 41,
      "usdToUah": "41.59",
      "btcToUsd": "89749.00",
      "ethToUsd": "2233.40",
      "updatedAt": "2025-03-05T11:09:04.837Z"
    },
    {
      "id": 42,
      "usdToUah": "41.59",
      "btcToUsd": "89749.00",
      "ethToUsd": "2233.40",
      "updatedAt": "2025-03-05T11:09:34.838Z"
    },
    {
      "id": 43,
      "usdToUah": "41.59",
      "btcToUsd": "89749.00",
      "ethToUsd": "2233.40",
      "updatedAt": "2025-03-05T11:10:04.839Z"
    },
    {
      "id": 44,
      "usdToUah": "41.59",
      "btcToUsd": "89749.00",
      "ethToUsd": "2233.40",
      "updatedAt": "2025-03-05T11:10:34.838Z"
    },
    {
      "id": 45,
      "usdToUah": "41.59",
      "btcToUsd": "89749.00",
      "ethToUsd": "2233.40",
      "updatedAt": "2025-03-05T11:11:04.839Z"
    },
    {
      "id": 46,
      "usdToUah": "41.59",
      "btcToUsd": "89881.00",
      "ethToUsd": "2234.83",
      "updatedAt": "2025-03-05T11:11:35.026Z"
    },
    {
      "id": 47,
      "usdToUah": "41.59",
      "btcToUsd": "89881.00",
      "ethToUsd": "2234.83",
      "updatedAt": "2025-03-05T11:12:04.840Z"
    },
    {
      "id": 48,
      "usdToUah": "41.59",
      "btcToUsd": "89881.00",
      "ethToUsd": "2234.83",
      "updatedAt": "2025-03-05T11:12:34.840Z"
    },
    {
      "id": 49,
      "usdToUah": "41.59",
      "btcToUsd": "89881.00",
      "ethToUsd": "2234.83",
      "updatedAt": "2025-03-05T11:13:04.841Z"
    },
    {
      "id": 50,
      "usdToUah": "41.59",
      "btcToUsd": "89881.00",
      "ethToUsd": "2234.83",
      "updatedAt": "2025-03-05T11:13:34.842Z"
    },
    {
      "id": 51,
      "usdToUah": "41.59",
      "btcToUsd": "89881.00",
      "ethToUsd": "2234.83",
      "updatedAt": "2025-03-05T11:14:04.842Z"
    },
    {
      "id": 52,
      "usdToUah": "41.59",
      "btcToUsd": "89881.00",
      "ethToUsd": "2234.83",
      "updatedAt": "2025-03-05T11:14:34.842Z"
    },
    {
      "id": 53,
      "usdToUah": "41.59",
      "btcToUsd": "89881.00",
      "ethToUsd": "2234.83",
      "updatedAt": "2025-03-05T11:15:04.843Z"
    },
    {
      "id": 54,
      "usdToUah": "41.59",
      "btcToUsd": "89881.00",
      "ethToUsd": "2234.83",
      "updatedAt": "2025-03-05T11:15:34.842Z"
    },
    {
      "id": 55,
      "usdToUah": "41.59",
      "btcToUsd": "89881.00",
      "ethToUsd": "2234.83",
      "updatedAt": "2025-03-05T11:16:04.842Z"
    },
    {
      "id": 56,
      "usdToUah": "41.59",
      "btcToUsd": "89881.00",
      "ethToUsd": "2234.83",
      "updatedAt": "2025-03-05T11:16:34.842Z"
    },
    {
      "id": 57,
      "usdToUah": "41.59",
      "btcToUsd": "89985.00",
      "ethToUsd": "2237.48",
      "updatedAt": "2025-03-05T11:17:05.046Z"
    },
    {
      "id": 58,
      "usdToUah": "41.59",
      "btcToUsd": "89985.00",
      "ethToUsd": "2237.48",
      "updatedAt": "2025-03-05T11:17:34.843Z"
    },
    {
      "id": 59,
      "usdToUah": "41.59",
      "btcToUsd": "89985.00",
      "ethToUsd": "2237.48",
      "updatedAt": "2025-03-05T11:18:04.845Z"
    },
    {
      "id": 60,
      "usdToUah": "41.59",
      "btcToUsd": "89985.00",
      "ethToUsd": "2237.48",
      "updatedAt": "2025-03-05T11:18:34.846Z"
    },
    {
      "id": 61,
      "usdToUah": "41.59",
      "btcToUsd": "89985.00",
      "ethToUsd": "2237.48",
      "updatedAt": "2025-03-05T11:19:04.847Z"
    },
    {
      "id": 62,
      "usdToUah": "41.59",
      "btcToUsd": "89985.00",
      "ethToUsd": "2237.48",
      "updatedAt": "2025-03-05T11:19:34.847Z"
    },
    {
      "id": 63,
      "usdToUah": "41.59",
      "btcToUsd": "89985.00",
      "ethToUsd": "2237.48",
      "updatedAt": "2025-03-05T11:20:04.848Z"
    },
    {
      "id": 64,
      "usdToUah": "41.59",
      "btcToUsd": "89985.00",
      "ethToUsd": "2237.48",
      "updatedAt": "2025-03-05T11:20:34.849Z"
    },
    {
      "id": 65,
      "usdToUah": "41.59",
      "btcToUsd": "89985.00",
      "ethToUsd": "2237.48",
      "updatedAt": "2025-03-05T11:21:04.850Z"
    },
    {
      "id": 66,
      "usdToUah": "41.59",
      "btcToUsd": "89985.00",
      "ethToUsd": "2237.48",
      "updatedAt": "2025-03-05T11:21:34.850Z"
    },
    {
      "id": 67,
      "usdToUah": "41.59",
      "btcToUsd": "89985.00",
      "ethToUsd": "2237.48",
      "updatedAt": "2025-03-05T11:22:04.851Z"
    },
    {
      "id": 68,
      "usdToUah": "41.59",
      "btcToUsd": "89838.00",
      "ethToUsd": "2235.27",
      "updatedAt": "2025-03-05T11:22:35.040Z"
    },
    {
      "id": 69,
      "usdToUah": "41.59",
      "btcToUsd": "89838.00",
      "ethToUsd": "2235.27",
      "updatedAt": "2025-03-05T11:23:04.853Z"
    },
    {
      "id": 70,
      "usdToUah": "41.59",
      "btcToUsd": "89838.00",
      "ethToUsd": "2235.27",
      "updatedAt": "2025-03-05T11:23:34.854Z"
    },
    {
      "id": 71,
      "usdToUah": "41.59",
      "btcToUsd": "89838.00",
      "ethToUsd": "2235.27",
      "updatedAt": "2025-03-05T11:24:04.854Z"
    },
    {
      "id": 72,
      "usdToUah": "41.59",
      "btcToUsd": "89838.00",
      "ethToUsd": "2235.27",
      "updatedAt": "2025-03-05T11:24:34.854Z"
    },
    {
      "id": 73,
      "usdToUah": "41.59",
      "btcToUsd": "89838.00",
      "ethToUsd": "2235.27",
      "updatedAt": "2025-03-05T11:25:04.854Z"
    },
    {
      "id": 74,
      "usdToUah": "41.59",
      "btcToUsd": "89838.00",
      "ethToUsd": "2235.27",
      "updatedAt": "2025-03-05T11:25:34.854Z"
    },
    {
      "id": 75,
      "usdToUah": "41.59",
      "btcToUsd": "89838.00",
      "ethToUsd": "2235.27",
      "updatedAt": "2025-03-05T11:26:04.855Z"
    },
    {
      "id": 76,
      "usdToUah": "41.59",
      "btcToUsd": "89838.00",
      "ethToUsd": "2235.27",
      "updatedAt": "2025-03-05T11:26:34.855Z"
    },
    {
      "id": 77,
      "usdToUah": "41.59",
      "btcToUsd": "89838.00",
      "ethToUsd": "2235.27",
      "updatedAt": "2025-03-05T11:27:04.855Z"
    },
    {
      "id": 78,
      "usdToUah": "41.59",
      "btcToUsd": "89838.00",
      "ethToUsd": "2235.27",
      "updatedAt": "2025-03-05T11:27:34.855Z"
    },
    {
      "id": 79,
      "usdToUah": "41.59",
      "btcToUsd": "89771.00",
      "ethToUsd": "2233.86",
      "updatedAt": "2025-03-05T11:28:05.037Z"
    },
    {
      "id": 80,
      "usdToUah": "41.59",
      "btcToUsd": "89771.00",
      "ethToUsd": "2233.86",
      "updatedAt": "2025-03-05T11:28:34.855Z"
    },
    {
      "id": 81,
      "usdToUah": "41.59",
      "btcToUsd": "89771.00",
      "ethToUsd": "2233.86",
      "updatedAt": "2025-03-05T11:29:04.855Z"
    },
    {
      "id": 82,
      "usdToUah": "41.59",
      "btcToUsd": "89771.00",
      "ethToUsd": "2233.86",
      "updatedAt": "2025-03-05T11:29:34.855Z"
    },
    {
      "id": 83,
      "usdToUah": "41.59",
      "btcToUsd": "89771.00",
      "ethToUsd": "2233.86",
      "updatedAt": "2025-03-05T11:30:04.855Z"
    },
    {
      "id": 84,
      "usdToUah": "41.59",
      "btcToUsd": "89771.00",
      "ethToUsd": "2233.86",
      "updatedAt": "2025-03-05T11:30:34.855Z"
    },
    {
      "id": 85,
      "usdToUah": "41.59",
      "btcToUsd": "89771.00",
      "ethToUsd": "2233.86",
      "updatedAt": "2025-03-05T11:31:04.855Z"
    },
    {
      "id": 86,
      "usdToUah": "41.59",
      "btcToUsd": "89771.00",
      "ethToUsd": "2233.86",
      "updatedAt": "2025-03-05T11:31:34.855Z"
    },
    {
      "id": 87,
      "usdToUah": "41.59",
      "btcToUsd": "89771.00",
      "ethToUsd": "2233.86",
      "updatedAt": "2025-03-05T11:32:04.856Z"
    },
    {
      "id": 88,
      "usdToUah": "41.59",
      "btcToUsd": "89771.00",
      "ethToUsd": "2233.86",
      "updatedAt": "2025-03-05T11:32:34.857Z"
    },
    {
      "id": 89,
      "usdToUah": "41.59",
      "btcToUsd": "89771.00",
      "ethToUsd": "2233.86",
      "updatedAt": "2025-03-05T11:33:04.857Z"
    },
    {
      "id": 90,
      "usdToUah": "41.59",
      "btcToUsd": "89610.00",
      "ethToUsd": "2225.07",
      "updatedAt": "2025-03-05T11:33:35.054Z"
    },
    {
      "id": 91,
      "usdToUah": "41.59",
      "btcToUsd": "89610.00",
      "ethToUsd": "2225.07",
      "updatedAt": "2025-03-05T11:34:04.860Z"
    },
    {
      "id": 92,
      "usdToUah": "41.59",
      "btcToUsd": "89610.00",
      "ethToUsd": "2225.07",
      "updatedAt": "2025-03-05T11:34:34.861Z"
    },
    {
      "id": 93,
      "usdToUah": "41.59",
      "btcToUsd": "89610.00",
      "ethToUsd": "2225.07",
      "updatedAt": "2025-03-05T11:35:04.862Z"
    },
    {
      "id": 94,
      "usdToUah": "41.59",
      "btcToUsd": "89610.00",
      "ethToUsd": "2225.07",
      "updatedAt": "2025-03-05T11:35:34.863Z"
    },
    {
      "id": 95,
      "usdToUah": "41.59",
      "btcToUsd": "89610.00",
      "ethToUsd": "2225.07",
      "updatedAt": "2025-03-05T11:36:04.864Z"
    },
    {
      "id": 96,
      "usdToUah": "41.59",
      "btcToUsd": "89610.00",
      "ethToUsd": "2225.07",
      "updatedAt": "2025-03-05T11:36:34.865Z"
    },
    {
      "id": 97,
      "usdToUah": "41.59",
      "btcToUsd": "89610.00",
      "ethToUsd": "2225.07",
      "updatedAt": "2025-03-05T11:37:04.866Z"
    },
    {
      "id": 98,
      "usdToUah": "41.59",
      "btcToUsd": "89610.00",
      "ethToUsd": "2225.07",
      "updatedAt": "2025-03-05T11:37:34.867Z"
    },
    {
      "id": 99,
      "usdToUah": "41.59",
      "btcToUsd": "89610.00",
      "ethToUsd": "2225.07",
      "updatedAt": "2025-03-05T11:38:04.867Z"
    },
    {
      "id": 100,
      "usdToUah": "41.59",
      "btcToUsd": "89610.00",
      "ethToUsd": "2225.07",
      "updatedAt": "2025-03-05T11:38:34.868Z"
    },
    {
      "id": 101,
      "usdToUah": "41.59",
      "btcToUsd": "89643.00",
      "ethToUsd": "2224.95",
      "updatedAt": "2025-03-05T11:39:05.042Z"
    },
    {
      "id": 102,
      "usdToUah": "41.59",
      "btcToUsd": "89643.00",
      "ethToUsd": "2224.95",
      "updatedAt": "2025-03-05T11:39:34.870Z"
    },
    {
      "id": 103,
      "usdToUah": "41.59",
      "btcToUsd": "89643.00",
      "ethToUsd": "2224.95",
      "updatedAt": "2025-03-05T11:40:04.870Z"
    },
    {
      "id": 104,
      "usdToUah": "41.59",
      "btcToUsd": "89643.00",
      "ethToUsd": "2224.95",
      "updatedAt": "2025-03-05T11:40:34.870Z"
    },
    {
      "id": 105,
      "usdToUah": "41.59",
      "btcToUsd": "89643.00",
      "ethToUsd": "2224.95",
      "updatedAt": "2025-03-05T11:41:04.870Z"
    },
    {
      "id": 106,
      "usdToUah": "41.59",
      "btcToUsd": "89643.00",
      "ethToUsd": "2224.95",
      "updatedAt": "2025-03-05T11:41:34.870Z"
    },
    {
      "id": 107,
      "usdToUah": "41.59",
      "btcToUsd": "89643.00",
      "ethToUsd": "2224.95",
      "updatedAt": "2025-03-05T11:42:04.870Z"
    },
    {
      "id": 108,
      "usdToUah": "41.59",
      "btcToUsd": "89643.00",
      "ethToUsd": "2224.95",
      "updatedAt": "2025-03-05T11:42:34.871Z"
    },
    {
      "id": 109,
      "usdToUah": "41.59",
      "btcToUsd": "89643.00",
      "ethToUsd": "2224.95",
      "updatedAt": "2025-03-05T11:43:04.871Z"
    },
    {
      "id": 110,
      "usdToUah": "41.59",
      "btcToUsd": "89643.00",
      "ethToUsd": "2224.95",
      "updatedAt": "2025-03-05T11:43:34.871Z"
    },
    {
      "id": 111,
      "usdToUah": "41.59",
      "btcToUsd": "89643.00",
      "ethToUsd": "2224.95",
      "updatedAt": "2025-03-05T11:44:04.871Z"
    },
    {
      "id": 112,
      "usdToUah": "41.59",
      "btcToUsd": "89849.00",
      "ethToUsd": "2231.72",
      "updatedAt": "2025-03-05T11:44:35.103Z"
    },
    {
      "id": 113,
      "usdToUah": "41.59",
      "btcToUsd": "89849.00",
      "ethToUsd": "2231.72",
      "updatedAt": "2025-03-05T11:45:04.872Z"
    },
    {
      "id": 114,
      "usdToUah": "41.59",
      "btcToUsd": "89849.00",
      "ethToUsd": "2231.72",
      "updatedAt": "2025-03-05T11:45:34.872Z"
    },
    {
      "id": 115,
      "usdToUah": "41.59",
      "btcToUsd": "89849.00",
      "ethToUsd": "2231.72",
      "updatedAt": "2025-03-05T11:46:04.872Z"
    },
    {
      "id": 116,
      "usdToUah": "41.59",
      "btcToUsd": "89849.00",
      "ethToUsd": "2231.72",
      "updatedAt": "2025-03-05T11:46:34.872Z"
    },
    {
      "id": 117,
      "usdToUah": "41.59",
      "btcToUsd": "89849.00",
      "ethToUsd": "2231.72",
      "updatedAt": "2025-03-05T11:47:04.872Z"
    },
    {
      "id": 118,
      "usdToUah": "41.59",
      "btcToUsd": "89849.00",
      "ethToUsd": "2231.72",
      "updatedAt": "2025-03-05T11:47:34.873Z"
    },
    {
      "id": 119,
      "usdToUah": "41.59",
      "btcToUsd": "89849.00",
      "ethToUsd": "2231.72",
      "updatedAt": "2025-03-05T11:48:04.873Z"
    },
    {
      "id": 120,
      "usdToUah": "41.59",
      "btcToUsd": "89849.00",
      "ethToUsd": "2231.72",
      "updatedAt": "2025-03-05T11:48:34.873Z"
    },
    {
      "id": 121,
      "usdToUah": "41.59",
      "btcToUsd": "89849.00",
      "ethToUsd": "2231.72",
      "updatedAt": "2025-03-05T11:49:04.874Z"
    },
    {
      "id": 122,
      "usdToUah": "41.59",
      "btcToUsd": "89849.00",
      "ethToUsd": "2231.72",
      "updatedAt": "2025-03-05T11:49:34.875Z"
    },
    {
      "id": 123,
      "usdToUah": "41.59",
      "btcToUsd": "90019.00",
      "ethToUsd": "2232.98",
      "updatedAt": "2025-03-05T11:50:05.063Z"
    },
    {
      "id": 124,
      "usdToUah": "41.59",
      "btcToUsd": "90019.00",
      "ethToUsd": "2232.98",
      "updatedAt": "2025-03-05T11:50:34.877Z"
    },
    {
      "id": 125,
      "usdToUah": "41.59",
      "btcToUsd": "90019.00",
      "ethToUsd": "2232.98",
      "updatedAt": "2025-03-05T11:51:04.877Z"
    },
    {
      "id": 126,
      "usdToUah": "41.59",
      "btcToUsd": "90019.00",
      "ethToUsd": "2232.98",
      "updatedAt": "2025-03-05T11:51:34.878Z"
    },
    {
      "id": 127,
      "usdToUah": "41.59",
      "btcToUsd": "90019.00",
      "ethToUsd": "2232.98",
      "updatedAt": "2025-03-05T11:52:04.879Z"
    },
    {
      "id": 128,
      "usdToUah": "41.59",
      "btcToUsd": "90019.00",
      "ethToUsd": "2232.98",
      "updatedAt": "2025-03-05T11:52:34.880Z"
    },
    {
      "id": 129,
      "usdToUah": "41.59",
      "btcToUsd": "90019.00",
      "ethToUsd": "2232.98",
      "updatedAt": "2025-03-05T11:53:04.881Z"
    },
    {
      "id": 130,
      "usdToUah": "41.59",
      "btcToUsd": "90019.00",
      "ethToUsd": "2232.98",
      "updatedAt": "2025-03-05T11:53:34.882Z"
    },
    {
      "id": 131,
      "usdToUah": "41.59",
      "btcToUsd": "90019.00",
      "ethToUsd": "2232.98",
      "updatedAt": "2025-03-05T11:54:04.882Z"
    },
    {
      "id": 132,
      "usdToUah": "41.59",
      "btcToUsd": "90019.00",
      "ethToUsd": "2232.98",
      "updatedAt": "2025-03-05T11:54:34.882Z"
    },
    {
      "id": 133,
      "usdToUah": "41.59",
      "btcToUsd": "90019.00",
      "ethToUsd": "2232.98",
      "updatedAt": "2025-03-05T11:55:04.883Z"
    },
    {
      "id": 134,
      "usdToUah": "41.59",
      "btcToUsd": "89739.00",
      "ethToUsd": "2221.08",
      "updatedAt": "2025-03-05T11:55:35.083Z"
    },
    {
      "id": 135,
      "usdToUah": "41.59",
      "btcToUsd": "89739.00",
      "ethToUsd": "2221.08",
      "updatedAt": "2025-03-05T11:56:04.884Z"
    },
    {
      "id": 136,
      "usdToUah": "41.59",
      "btcToUsd": "89739.00",
      "ethToUsd": "2221.08",
      "updatedAt": "2025-03-05T11:56:34.884Z"
    },
    {
      "id": 137,
      "usdToUah": "41.59",
      "btcToUsd": "89739.00",
      "ethToUsd": "2221.08",
      "updatedAt": "2025-03-05T11:57:04.885Z"
    },
    {
      "id": 138,
      "usdToUah": "41.59",
      "btcToUsd": "89739.00",
      "ethToUsd": "2221.08",
      "updatedAt": "2025-03-05T11:57:34.884Z"
    },
    {
      "id": 139,
      "usdToUah": "41.59",
      "btcToUsd": "89739.00",
      "ethToUsd": "2221.08",
      "updatedAt": "2025-03-05T11:58:04.884Z"
    },
    {
      "id": 140,
      "usdToUah": "41.59",
      "btcToUsd": "89739.00",
      "ethToUsd": "2221.08",
      "updatedAt": "2025-03-05T11:58:34.884Z"
    },
    {
      "id": 141,
      "usdToUah": "41.59",
      "btcToUsd": "89739.00",
      "ethToUsd": "2221.08",
      "updatedAt": "2025-03-05T11:59:04.885Z"
    },
    {
      "id": 142,
      "usdToUah": "41.59",
      "btcToUsd": "89739.00",
      "ethToUsd": "2221.08",
      "updatedAt": "2025-03-05T11:59:34.884Z"
    },
    {
      "id": 143,
      "usdToUah": "41.59",
      "btcToUsd": "89739.00",
      "ethToUsd": "2221.08",
      "updatedAt": "2025-03-05T12:00:04.884Z"
    },
    {
      "id": 144,
      "usdToUah": "41.59",
      "btcToUsd": "89739.00",
      "ethToUsd": "2221.08",
      "updatedAt": "2025-03-05T12:00:34.884Z"
    },
    {
      "id": 145,
      "usdToUah": "41.59",
      "btcToUsd": "89778.00",
      "ethToUsd": "2215.98",
      "updatedAt": "2025-03-05T12:01:05.072Z"
    },
    {
      "id": 146,
      "usdToUah": "41.59",
      "btcToUsd": "89778.00",
      "ethToUsd": "2215.98",
      "updatedAt": "2025-03-05T12:01:34.885Z"
    },
    {
      "id": 147,
      "usdToUah": "41.59",
      "btcToUsd": "89778.00",
      "ethToUsd": "2215.98",
      "updatedAt": "2025-03-05T12:02:04.885Z"
    },
    {
      "id": 148,
      "usdToUah": "41.59",
      "btcToUsd": "89778.00",
      "ethToUsd": "2215.98",
      "updatedAt": "2025-03-05T12:02:34.885Z"
    },
    {
      "id": 149,
      "usdToUah": "41.59",
      "btcToUsd": "89778.00",
      "ethToUsd": "2215.98",
      "updatedAt": "2025-03-05T12:03:04.885Z"
    },
    {
      "id": 150,
      "usdToUah": "41.59",
      "btcToUsd": "89778.00",
      "ethToUsd": "2215.98",
      "updatedAt": "2025-03-05T12:03:34.885Z"
    },
    {
      "id": 151,
      "usdToUah": "41.59",
      "btcToUsd": "89778.00",
      "ethToUsd": "2215.98",
      "updatedAt": "2025-03-05T12:04:04.885Z"
    },
    {
      "id": 152,
      "usdToUah": "41.59",
      "btcToUsd": "89778.00",
      "ethToUsd": "2215.98",
      "updatedAt": "2025-03-05T12:04:34.885Z"
    },
    {
      "id": 153,
      "usdToUah": "41.59",
      "btcToUsd": "89778.00",
      "ethToUsd": "2215.98",
      "updatedAt": "2025-03-05T12:05:04.886Z"
    },
    {
      "id": 154,
      "usdToUah": "41.59",
      "btcToUsd": "89778.00",
      "ethToUsd": "2215.98",
      "updatedAt": "2025-03-05T12:05:34.887Z"
    },
    {
      "id": 155,
      "usdToUah": "41.59",
      "btcToUsd": "89778.00",
      "ethToUsd": "2215.98",
      "updatedAt": "2025-03-05T12:06:04.888Z"
    },
    {
      "id": 156,
      "usdToUah": "41.59",
      "btcToUsd": "90013.00",
      "ethToUsd": "2222.97",
      "updatedAt": "2025-03-05T12:06:35.082Z"
    },
    {
      "id": 157,
      "usdToUah": "41.59",
      "btcToUsd": "90013.00",
      "ethToUsd": "2222.97",
      "updatedAt": "2025-03-05T12:07:04.889Z"
    },
    {
      "id": 158,
      "usdToUah": "41.59",
      "btcToUsd": "90013.00",
      "ethToUsd": "2222.97",
      "updatedAt": "2025-03-05T12:07:34.890Z"
    },
    {
      "id": 159,
      "usdToUah": "41.59",
      "btcToUsd": "90013.00",
      "ethToUsd": "2222.97",
      "updatedAt": "2025-03-05T12:08:04.891Z"
    },
    {
      "id": 160,
      "usdToUah": "41.59",
      "btcToUsd": "90013.00",
      "ethToUsd": "2222.97",
      "updatedAt": "2025-03-05T12:08:34.892Z"
    },
    {
      "id": 161,
      "usdToUah": "41.59",
      "btcToUsd": "90013.00",
      "ethToUsd": "2222.97",
      "updatedAt": "2025-03-05T12:09:04.893Z"
    },
    {
      "id": 162,
      "usdToUah": "41.59",
      "btcToUsd": "90013.00",
      "ethToUsd": "2222.97",
      "updatedAt": "2025-03-05T12:09:34.893Z"
    },
    {
      "id": 163,
      "usdToUah": "41.59",
      "btcToUsd": "90013.00",
      "ethToUsd": "2222.97",
      "updatedAt": "2025-03-05T12:10:04.893Z"
    },
    {
      "id": 164,
      "usdToUah": "41.59",
      "btcToUsd": "90013.00",
      "ethToUsd": "2222.97",
      "updatedAt": "2025-03-05T12:10:34.894Z"
    },
    {
      "id": 165,
      "usdToUah": "41.59",
      "btcToUsd": "90013.00",
      "ethToUsd": "2222.97",
      "updatedAt": "2025-03-05T12:11:04.894Z"
    },
    {
      "id": 166,
      "usdToUah": "41.59",
      "btcToUsd": "90013.00",
      "ethToUsd": "2222.97",
      "updatedAt": "2025-03-05T12:11:34.895Z"
    },
    {
      "id": 167,
      "usdToUah": "41.59",
      "btcToUsd": "90390.00",
      "ethToUsd": "2229.75",
      "updatedAt": "2025-03-05T12:12:05.092Z"
    },
    {
      "id": 168,
      "usdToUah": "41.59",
      "btcToUsd": "90390.00",
      "ethToUsd": "2229.75",
      "updatedAt": "2025-03-05T12:12:34.896Z"
    },
    {
      "id": 169,
      "usdToUah": "41.59",
      "btcToUsd": "90390.00",
      "ethToUsd": "2229.75",
      "updatedAt": "2025-03-05T12:13:04.897Z"
    },
    {
      "id": 170,
      "usdToUah": "41.59",
      "btcToUsd": "90390.00",
      "ethToUsd": "2229.75",
      "updatedAt": "2025-03-05T12:13:34.897Z"
    },
    {
      "id": 171,
      "usdToUah": "41.59",
      "btcToUsd": "90390.00",
      "ethToUsd": "2229.75",
      "updatedAt": "2025-03-05T12:14:04.897Z"
    },
    {
      "id": 172,
      "usdToUah": "41.59",
      "btcToUsd": "90390.00",
      "ethToUsd": "2229.75",
      "updatedAt": "2025-03-05T12:14:34.898Z"
    },
    {
      "id": 173,
      "usdToUah": "41.59",
      "btcToUsd": "90390.00",
      "ethToUsd": "2229.75",
      "updatedAt": "2025-03-05T12:15:04.899Z"
    },
    {
      "id": 174,
      "usdToUah": "41.59",
      "btcToUsd": "90390.00",
      "ethToUsd": "2229.75",
      "updatedAt": "2025-03-05T12:15:34.899Z"
    },
    {
      "id": 175,
      "usdToUah": "41.59",
      "btcToUsd": "90390.00",
      "ethToUsd": "2229.75",
      "updatedAt": "2025-03-05T12:16:04.900Z"
    },
    {
      "id": 176,
      "usdToUah": "41.59",
      "btcToUsd": "90390.00",
      "ethToUsd": "2229.75",
      "updatedAt": "2025-03-05T12:16:34.900Z"
    },
    {
      "id": 177,
      "usdToUah": "41.59",
      "btcToUsd": "90390.00",
      "ethToUsd": "2229.75",
      "updatedAt": "2025-03-05T12:17:04.901Z"
    },
    {
      "id": 178,
      "usdToUah": "41.59",
      "btcToUsd": "90240.00",
      "ethToUsd": "2226.26",
      "updatedAt": "2025-03-05T12:17:35.099Z"
    },
    {
      "id": 179,
      "usdToUah": "41.59",
      "btcToUsd": "90240.00",
      "ethToUsd": "2226.26",
      "updatedAt": "2025-03-05T12:18:04.902Z"
    },
    {
      "id": 180,
      "usdToUah": "41.59",
      "btcToUsd": "90240.00",
      "ethToUsd": "2226.26",
      "updatedAt": "2025-03-05T12:18:34.901Z"
    },
    {
      "id": 181,
      "usdToUah": "41.59",
      "btcToUsd": "90240.00",
      "ethToUsd": "2226.26",
      "updatedAt": "2025-03-05T12:19:04.901Z"
    },
    {
      "id": 182,
      "usdToUah": "41.59",
      "btcToUsd": "90240.00",
      "ethToUsd": "2226.26",
      "updatedAt": "2025-03-05T12:19:34.901Z"
    },
    {
      "id": 183,
      "usdToUah": "41.59",
      "btcToUsd": "90240.00",
      "ethToUsd": "2226.26",
      "updatedAt": "2025-03-05T12:20:04.901Z"
    },
    {
      "id": 184,
      "usdToUah": "41.59",
      "btcToUsd": "90240.00",
      "ethToUsd": "2226.26",
      "updatedAt": "2025-03-05T12:20:34.901Z"
    },
    {
      "id": 185,
      "usdToUah": "41.59",
      "btcToUsd": "90240.00",
      "ethToUsd": "2226.26",
      "updatedAt": "2025-03-05T12:21:04.901Z"
    },
    {
      "id": 186,
      "usdToUah": "41.59",
      "btcToUsd": "90240.00",
      "ethToUsd": "2226.26",
      "updatedAt": "2025-03-05T12:21:34.902Z"
    },
    {
      "id": 187,
      "usdToUah": "41.59",
      "btcToUsd": "90240.00",
      "ethToUsd": "2226.26",
      "updatedAt": "2025-03-05T12:22:04.903Z"
    },
    {
      "id": 188,
      "usdToUah": "41.59",
      "btcToUsd": "90240.00",
      "ethToUsd": "2226.26",
      "updatedAt": "2025-03-05T12:22:34.906Z"
    },
    {
      "id": 189,
      "usdToUah": "41.59",
      "btcToUsd": "90562.00",
      "ethToUsd": "2228.89",
      "updatedAt": "2025-03-05T12:23:05.097Z"
    },
    {
      "id": 190,
      "usdToUah": "41.59",
      "btcToUsd": "90562.00",
      "ethToUsd": "2228.89",
      "updatedAt": "2025-03-05T12:23:34.908Z"
    },
    {
      "id": 191,
      "usdToUah": "41.59",
      "btcToUsd": "90562.00",
      "ethToUsd": "2228.89",
      "updatedAt": "2025-03-05T12:24:04.909Z"
    },
    {
      "id": 192,
      "usdToUah": "41.59",
      "btcToUsd": "90562.00",
      "ethToUsd": "2228.89",
      "updatedAt": "2025-03-05T12:24:34.909Z"
    },
    {
      "id": 193,
      "usdToUah": "41.59",
      "btcToUsd": "90562.00",
      "ethToUsd": "2228.89",
      "updatedAt": "2025-03-05T12:25:04.909Z"
    },
    {
      "id": 194,
      "usdToUah": "41.59",
      "btcToUsd": "90562.00",
      "ethToUsd": "2228.89",
      "updatedAt": "2025-03-05T12:25:34.910Z"
    },
    {
      "id": 195,
      "usdToUah": "41.59",
      "btcToUsd": "90562.00",
      "ethToUsd": "2228.89",
      "updatedAt": "2025-03-05T12:26:04.911Z"
    },
    {
      "id": 196,
      "usdToUah": "41.59",
      "btcToUsd": "90562.00",
      "ethToUsd": "2228.89",
      "updatedAt": "2025-03-05T12:26:34.918Z"
    },
    {
      "id": 197,
      "usdToUah": "41.59",
      "btcToUsd": "90562.00",
      "ethToUsd": "2228.89",
      "updatedAt": "2025-03-05T12:27:04.920Z"
    },
    {
      "id": 198,
      "usdToUah": "41.59",
      "btcToUsd": "90562.00",
      "ethToUsd": "2228.89",
      "updatedAt": "2025-03-05T12:27:34.920Z"
    },
    {
      "id": 199,
      "usdToUah": "41.59",
      "btcToUsd": "90562.00",
      "ethToUsd": "2228.89",
      "updatedAt": "2025-03-05T12:28:04.922Z"
    },
    {
      "id": 200,
      "usdToUah": "41.59",
      "btcToUsd": "90305.00",
      "ethToUsd": "2223.64",
      "updatedAt": "2025-03-05T12:28:35.127Z"
    },
    {
      "id": 201,
      "usdToUah": "41.59",
      "btcToUsd": "90305.00",
      "ethToUsd": "2223.64",
      "updatedAt": "2025-03-05T12:29:04.923Z"
    },
    {
      "id": 202,
      "usdToUah": "41.59",
      "btcToUsd": "90305.00",
      "ethToUsd": "2223.64",
      "updatedAt": "2025-03-05T12:29:34.924Z"
    },
    {
      "id": 203,
      "usdToUah": "41.59",
      "btcToUsd": "90305.00",
      "ethToUsd": "2223.64",
      "updatedAt": "2025-03-05T12:30:04.924Z"
    },
    {
      "id": 204,
      "usdToUah": "41.59",
      "btcToUsd": "90305.00",
      "ethToUsd": "2223.64",
      "updatedAt": "2025-03-05T12:30:34.925Z"
    },
    {
      "id": 205,
      "usdToUah": "41.59",
      "btcToUsd": "90305.00",
      "ethToUsd": "2223.64",
      "updatedAt": "2025-03-05T12:31:04.925Z"
    },
    {
      "id": 206,
      "usdToUah": "41.59",
      "btcToUsd": "90305.00",
      "ethToUsd": "2223.64",
      "updatedAt": "2025-03-05T12:31:34.925Z"
    },
    {
      "id": 207,
      "usdToUah": "41.59",
      "btcToUsd": "90305.00",
      "ethToUsd": "2223.64",
      "updatedAt": "2025-03-05T12:32:04.925Z"
    },
    {
      "id": 208,
      "usdToUah": "41.59",
      "btcToUsd": "90305.00",
      "ethToUsd": "2223.64",
      "updatedAt": "2025-03-05T12:32:34.925Z"
    },
    {
      "id": 209,
      "usdToUah": "41.59",
      "btcToUsd": "90305.00",
      "ethToUsd": "2223.64",
      "updatedAt": "2025-03-05T12:33:04.926Z"
    },
    {
      "id": 210,
      "usdToUah": "41.59",
      "btcToUsd": "90305.00",
      "ethToUsd": "2223.64",
      "updatedAt": "2025-03-05T12:33:34.925Z"
    },
    {
      "id": 211,
      "usdToUah": "41.59",
      "btcToUsd": "90591.00",
      "ethToUsd": "2230.97",
      "updatedAt": "2025-03-05T12:34:05.115Z"
    },
    {
      "id": 212,
      "usdToUah": "41.59",
      "btcToUsd": "90591.00",
      "ethToUsd": "2230.97",
      "updatedAt": "2025-03-05T12:34:34.926Z"
    },
    {
      "id": 213,
      "usdToUah": "41.59",
      "btcToUsd": "90591.00",
      "ethToUsd": "2230.97",
      "updatedAt": "2025-03-05T12:35:04.925Z"
    },
    {
      "id": 214,
      "usdToUah": "41.59",
      "btcToUsd": "90591.00",
      "ethToUsd": "2230.97",
      "updatedAt": "2025-03-05T12:35:34.924Z"
    },
    {
      "id": 215,
      "usdToUah": "41.59",
      "btcToUsd": "90591.00",
      "ethToUsd": "2230.97",
      "updatedAt": "2025-03-05T12:36:04.925Z"
    },
    {
      "id": 216,
      "usdToUah": "41.59",
      "btcToUsd": "90591.00",
      "ethToUsd": "2230.97",
      "updatedAt": "2025-03-05T12:36:34.925Z"
    },
    {
      "id": 217,
      "usdToUah": "41.59",
      "btcToUsd": "90591.00",
      "ethToUsd": "2230.97",
      "updatedAt": "2025-03-05T12:37:04.925Z"
    },
    {
      "id": 218,
      "usdToUah": "41.59",
      "btcToUsd": "89419.00",
      "ethToUsd": "2199.63",
      "updatedAt": "2025-03-05T13:50:50.656Z"
    },
    {
      "id": 219,
      "usdToUah": "41.59",
      "btcToUsd": "89419.00",
      "ethToUsd": "2199.63",
      "updatedAt": "2025-03-05T13:51:18.938Z"
    },
    {
      "id": 220,
      "usdToUah": "41.59",
      "btcToUsd": "89419.00",
      "ethToUsd": "2199.63",
      "updatedAt": "2025-03-05T13:51:48.941Z"
    },
    {
      "id": 221,
      "usdToUah": "41.59",
      "btcToUsd": "89419.00",
      "ethToUsd": "2199.63",
      "updatedAt": "2025-03-05T13:52:18.971Z"
    },
    {
      "id": 222,
      "usdToUah": "41.59",
      "btcToUsd": "89419.00",
      "ethToUsd": "2199.63",
      "updatedAt": "2025-03-05T13:52:48.989Z"
    },
    {
      "id": 223,
      "usdToUah": "41.59",
      "btcToUsd": "89419.00",
      "ethToUsd": "2199.63",
      "updatedAt": "2025-03-05T13:53:19.017Z"
    },
    {
      "id": 224,
      "usdToUah": "41.59",
      "btcToUsd": "87555.00",
      "ethToUsd": "2164.31",
      "updatedAt": "2025-03-05T16:30:01.252Z"
    },
    {
      "id": 225,
      "usdToUah": "41.59",
      "btcToUsd": "87555.00",
      "ethToUsd": "2164.31",
      "updatedAt": "2025-03-05T16:30:29.732Z"
    },
    {
      "id": 226,
      "usdToUah": "41.59",
      "btcToUsd": "87555.00",
      "ethToUsd": "2164.31",
      "updatedAt": "2025-03-05T16:30:57.118Z"
    },
    {
      "id": 227,
      "usdToUah": "41.59",
      "btcToUsd": "87913.00",
      "ethToUsd": "2171.98",
      "updatedAt": "2025-03-05T16:31:51.448Z"
    },
    {
      "id": 228,
      "usdToUah": "41.59",
      "btcToUsd": "87913.00",
      "ethToUsd": "2171.98",
      "updatedAt": "2025-03-05T16:32:19.136Z"
    },
    {
      "id": 229,
      "usdToUah": "41.59",
      "btcToUsd": "87913.00",
      "ethToUsd": "2171.98",
      "updatedAt": "2025-03-05T16:32:47.650Z"
    },
    {
      "id": 230,
      "usdToUah": "41.59",
      "btcToUsd": "87913.00",
      "ethToUsd": "2171.98",
      "updatedAt": "2025-03-05T16:33:15.931Z"
    },
    {
      "id": 231,
      "usdToUah": "41.59",
      "btcToUsd": "87913.00",
      "ethToUsd": "2171.98",
      "updatedAt": "2025-03-05T16:33:45.932Z"
    },
    {
      "id": 232,
      "usdToUah": "41.59",
      "btcToUsd": "87913.00",
      "ethToUsd": "2171.98",
      "updatedAt": "2025-03-05T16:34:15.933Z"
    },
    {
      "id": 233,
      "usdToUah": "41.59",
      "btcToUsd": "87810.00",
      "ethToUsd": "2169.38",
      "updatedAt": "2025-03-05T16:34:43.137Z"
    },
    {
      "id": 234,
      "usdToUah": "41.59",
      "btcToUsd": "87913.00",
      "ethToUsd": "2171.98",
      "updatedAt": "2025-03-05T16:34:45.934Z"
    },
    {
      "id": 235,
      "usdToUah": "41.59",
      "btcToUsd": "87810.00",
      "ethToUsd": "2169.38",
      "updatedAt": "2025-03-05T16:34:58.607Z"
    },
    {
      "id": 236,
      "usdToUah": "41.59",
      "btcToUsd": "87810.00",
      "ethToUsd": "2169.38",
      "updatedAt": "2025-03-05T16:35:12.055Z"
    },
    {
      "id": 237,
      "usdToUah": "41.59",
      "btcToUsd": "87913.00",
      "ethToUsd": "2171.98",
      "updatedAt": "2025-03-05T16:35:15.935Z"
    },
    {
      "id": 238,
      "usdToUah": "41.59",
      "btcToUsd": "87810.00",
      "ethToUsd": "2169.38",
      "updatedAt": "2025-03-05T16:35:28.197Z"
    },
    {
      "id": 239,
      "usdToUah": "41.59",
      "btcToUsd": "87810.00",
      "ethToUsd": "2169.38",
      "updatedAt": "2025-03-05T16:35:42.057Z"
    },
    {
      "id": 240,
      "usdToUah": "41.59",
      "btcToUsd": "87913.00",
      "ethToUsd": "2171.98",
      "updatedAt": "2025-03-05T16:35:45.935Z"
    },
    {
      "id": 241,
      "usdToUah": "41.59",
      "btcToUsd": "87810.00",
      "ethToUsd": "2169.38",
      "updatedAt": "2025-03-05T16:35:58.205Z"
    },
    {
      "id": 244,
      "usdToUah": "41.59",
      "btcToUsd": "87810.00",
      "ethToUsd": "2169.38",
      "updatedAt": "2025-03-05T16:36:28.223Z"
    },
    {
      "id": 247,
      "usdToUah": "41.59",
      "btcToUsd": "87810.00",
      "ethToUsd": "2169.38",
      "updatedAt": "2025-03-05T16:36:58.240Z"
    },
    {
      "id": 250,
      "usdToUah": "41.59",
      "btcToUsd": "87810.00",
      "ethToUsd": "2169.38",
      "updatedAt": "2025-03-05T16:37:28.241Z"
    },
    {
      "id": 253,
      "usdToUah": "41.59",
      "btcToUsd": "87810.00",
      "ethToUsd": "2169.38",
      "updatedAt": "2025-03-05T16:37:58.269Z"
    },
    {
      "id": 256,
      "usdToUah": "41.59",
      "btcToUsd": "87810.00",
      "ethToUsd": "2169.38",
      "updatedAt": "2025-03-05T16:38:28.300Z"
    },
    {
      "id": 258,
      "usdToUah": "41.59",
      "btcToUsd": "87810.00",
      "ethToUsd": "2169.38",
      "updatedAt": "2025-03-05T16:38:58.332Z"
    },
    {
      "id": 260,
      "usdToUah": "41.59",
      "btcToUsd": "87810.00",
      "ethToUsd": "2169.38",
      "updatedAt": "2025-03-05T16:39:28.362Z"
    },
    {
      "id": 262,
      "usdToUah": "41.59",
      "btcToUsd": "87810.00",
      "ethToUsd": "2169.38",
      "updatedAt": "2025-03-05T16:39:58.391Z"
    },
    {
      "id": 242,
      "usdToUah": "41.59",
      "btcToUsd": "87810.00",
      "ethToUsd": "2169.38",
      "updatedAt": "2025-03-05T16:36:12.099Z"
    },
    {
      "id": 245,
      "usdToUah": "41.59",
      "btcToUsd": "87810.00",
      "ethToUsd": "2169.38",
      "updatedAt": "2025-03-05T16:36:42.129Z"
    },
    {
      "id": 248,
      "usdToUah": "41.59",
      "btcToUsd": "87810.00",
      "ethToUsd": "2169.38",
      "updatedAt": "2025-03-05T16:37:12.160Z"
    },
    {
      "id": 251,
      "usdToUah": "41.59",
      "btcToUsd": "87810.00",
      "ethToUsd": "2169.38",
      "updatedAt": "2025-03-05T16:37:42.190Z"
    },
    {
      "id": 254,
      "usdToUah": "41.59",
      "btcToUsd": "87810.00",
      "ethToUsd": "2169.38",
      "updatedAt": "2025-03-05T16:38:12.220Z"
    },
    {
      "id": 257,
      "usdToUah": "41.59",
      "btcToUsd": "87810.00",
      "ethToUsd": "2169.38",
      "updatedAt": "2025-03-05T16:38:42.250Z"
    },
    {
      "id": 259,
      "usdToUah": "41.59",
      "btcToUsd": "87810.00",
      "ethToUsd": "2169.38",
      "updatedAt": "2025-03-05T16:39:12.280Z"
    },
    {
      "id": 261,
      "usdToUah": "41.59",
      "btcToUsd": "87810.00",
      "ethToUsd": "2169.38",
      "updatedAt": "2025-03-05T16:39:42.311Z"
    },
    {
      "id": 243,
      "usdToUah": "41.59",
      "btcToUsd": "87913.00",
      "ethToUsd": "2171.98",
      "updatedAt": "2025-03-05T16:36:15.936Z"
    },
    {
      "id": 246,
      "usdToUah": "41.59",
      "btcToUsd": "87913.00",
      "ethToUsd": "2171.98",
      "updatedAt": "2025-03-05T16:36:45.937Z"
    },
    {
      "id": 249,
      "usdToUah": "41.59",
      "btcToUsd": "87913.00",
      "ethToUsd": "2171.98",
      "updatedAt": "2025-03-05T16:37:15.938Z"
    },
    {
      "id": 252,
      "usdToUah": "41.59",
      "btcToUsd": "87918.00",
      "ethToUsd": "2170.95",
      "updatedAt": "2025-03-05T16:37:55.985Z"
    },
    {
      "id": 255,
      "usdToUah": "41.59",
      "btcToUsd": "87918.00",
      "ethToUsd": "2170.95",
      "updatedAt": "2025-03-05T16:38:26.507Z"
    },
    {
      "id": 263,
      "usdToUah": "41.59",
      "btcToUsd": "88146.00",
      "ethToUsd": "2174.96",
      "updatedAt": "2025-03-05T16:40:12.568Z"
    },
    {
      "id": 264,
      "usdToUah": "41.59",
      "btcToUsd": "88146.00",
      "ethToUsd": "2174.96",
      "updatedAt": "2025-03-05T16:40:28.688Z"
    },
    {
      "id": 265,
      "usdToUah": "41.59",
      "btcToUsd": "88146.00",
      "ethToUsd": "2174.96",
      "updatedAt": "2025-03-05T16:40:42.366Z"
    },
    {
      "id": 266,
      "usdToUah": "41.59",
      "btcToUsd": "88146.00",
      "ethToUsd": "2174.96",
      "updatedAt": "2025-03-05T16:40:58.448Z"
    },
    {
      "id": 267,
      "usdToUah": "41.59",
      "btcToUsd": "88146.00",
      "ethToUsd": "2174.96",
      "updatedAt": "2025-03-05T16:41:12.396Z"
    },
    {
      "id": 268,
      "usdToUah": "41.59",
      "btcToUsd": "88146.00",
      "ethToUsd": "2174.96",
      "updatedAt": "2025-03-05T16:41:12.173Z"
    },
    {
      "id": 269,
      "usdToUah": "41.59",
      "btcToUsd": "88146.00",
      "ethToUsd": "2174.96",
      "updatedAt": "2025-03-05T16:41:28.477Z"
    },
    {
      "id": 270,
      "usdToUah": "41.59",
      "btcToUsd": "88146.00",
      "ethToUsd": "2174.96",
      "updatedAt": "2025-03-05T16:41:40.354Z"
    },
    {
      "id": 271,
      "usdToUah": "41.59",
      "btcToUsd": "88146.00",
      "ethToUsd": "2174.96",
      "updatedAt": "2025-03-05T16:41:42.426Z"
    },
    {
      "id": 272,
      "usdToUah": "41.59",
      "btcToUsd": "88146.00",
      "ethToUsd": "2174.96",
      "updatedAt": "2025-03-05T16:41:58.506Z"
    },
    {
      "id": 273,
      "usdToUah": "41.59",
      "btcToUsd": "88146.00",
      "ethToUsd": "2174.96",
      "updatedAt": "2025-03-05T16:42:10.354Z"
    },
    {
      "id": 274,
      "usdToUah": "41.59",
      "btcToUsd": "88146.00",
      "ethToUsd": "2174.96",
      "updatedAt": "2025-03-05T16:42:12.455Z"
    },
    {
      "id": 275,
      "usdToUah": "41.59",
      "btcToUsd": "88186.00",
      "ethToUsd": "2176.62",
      "updatedAt": "2025-03-05T16:42:25.522Z"
    },
    {
      "id": 276,
      "usdToUah": "41.59",
      "btcToUsd": "88146.00",
      "ethToUsd": "2174.96",
      "updatedAt": "2025-03-05T16:42:28.536Z"
    },
    {
      "id": 277,
      "usdToUah": "41.59",
      "btcToUsd": "88146.00",
      "ethToUsd": "2174.96",
      "updatedAt": "2025-03-05T16:42:42.485Z"
    },
    {
      "id": 278,
      "usdToUah": "41.59",
      "btcToUsd": "88186.00",
      "ethToUsd": "2176.62",
      "updatedAt": "2025-03-05T16:42:54.312Z"
    },
    {
      "id": 279,
      "usdToUah": "41.59",
      "btcToUsd": "88146.00",
      "ethToUsd": "2174.96",
      "updatedAt": "2025-03-05T16:42:58.567Z"
    },
    {
      "id": 280,
      "usdToUah": "41.59",
      "btcToUsd": "88146.00",
      "ethToUsd": "2174.96",
      "updatedAt": "2025-03-05T16:43:12.516Z"
    },
    {
      "id": 281,
      "usdToUah": "41.59",
      "btcToUsd": "88186.00",
      "ethToUsd": "2176.62",
      "updatedAt": "2025-03-05T16:43:24.313Z"
    },
    {
      "id": 282,
      "usdToUah": "41.59",
      "btcToUsd": "88146.00",
      "ethToUsd": "2174.96",
      "updatedAt": "2025-03-05T16:43:28.596Z"
    },
    {
      "id": 283,
      "usdToUah": "41.59",
      "btcToUsd": "88146.00",
      "ethToUsd": "2174.96",
      "updatedAt": "2025-03-05T16:43:42.548Z"
    },
    {
      "id": 284,
      "usdToUah": "41.59",
      "btcToUsd": "88186.00",
      "ethToUsd": "2176.62",
      "updatedAt": "2025-03-05T16:43:54.314Z"
    },
    {
      "id": 285,
      "usdToUah": "41.59",
      "btcToUsd": "88146.00",
      "ethToUsd": "2174.96",
      "updatedAt": "2025-03-05T16:43:58.626Z"
    },
    {
      "id": 286,
      "usdToUah": "41.59",
      "btcToUsd": "88114.00",
      "ethToUsd": "2174.40",
      "updatedAt": "2025-03-05T16:44:05.179Z"
    },
    {
      "id": 287,
      "usdToUah": "41.59",
      "btcToUsd": "88146.00",
      "ethToUsd": "2174.96",
      "updatedAt": "2025-03-05T16:44:12.579Z"
    },
    {
      "id": 288,
      "usdToUah": "41.59",
      "btcToUsd": "88186.00",
      "ethToUsd": "2176.62",
      "updatedAt": "2025-03-05T16:44:24.315Z"
    },
    {
      "id": 289,
      "usdToUah": "41.59",
      "btcToUsd": "88146.00",
      "ethToUsd": "2174.96",
      "updatedAt": "2025-03-05T16:44:28.656Z"
    },
    {
      "id": 290,
      "usdToUah": "41.59",
      "btcToUsd": "88114.00",
      "ethToUsd": "2174.40",
      "updatedAt": "2025-03-05T16:44:33.492Z"
    },
    {
      "id": 291,
      "usdToUah": "41.59",
      "btcToUsd": "88186.00",
      "ethToUsd": "2176.62",
      "updatedAt": "2025-03-05T16:44:54.316Z"
    },
    {
      "id": 292,
      "usdToUah": "41.59",
      "btcToUsd": "88114.00",
      "ethToUsd": "2174.40",
      "updatedAt": "2025-03-05T16:45:03.492Z"
    },
    {
      "id": 293,
      "usdToUah": "41.59",
      "btcToUsd": "88186.00",
      "ethToUsd": "2176.62",
      "updatedAt": "2025-03-05T16:45:24.317Z"
    },
    {
      "id": 294,
      "usdToUah": "41.59",
      "btcToUsd": "88114.00",
      "ethToUsd": "2174.40",
      "updatedAt": "2025-03-05T16:45:33.493Z"
    },
    {
      "id": 295,
      "usdToUah": "41.59",
      "btcToUsd": "88186.00",
      "ethToUsd": "2176.62",
      "updatedAt": "2025-03-05T16:45:54.318Z"
    },
    {
      "id": 296,
      "usdToUah": "41.59",
      "btcToUsd": "88186.00",
      "ethToUsd": "2176.62",
      "updatedAt": "2025-03-05T16:46:24.318Z"
    },
    {
      "id": 297,
      "usdToUah": "41.59",
      "btcToUsd": "88186.00",
      "ethToUsd": "2176.62",
      "updatedAt": "2025-03-05T16:46:54.318Z"
    },
    {
      "id": 298,
      "usdToUah": "41.59",
      "btcToUsd": "88186.00",
      "ethToUsd": "2176.62",
      "updatedAt": "2025-03-05T16:47:24.318Z"
    },
    {
      "id": 299,
      "usdToUah": "41.59",
      "btcToUsd": "88150.00",
      "ethToUsd": "2174.53",
      "updatedAt": "2025-03-05T16:47:54.551Z"
    },
    {
      "id": 300,
      "usdToUah": "41.59",
      "btcToUsd": "88150.00",
      "ethToUsd": "2174.53",
      "updatedAt": "2025-03-05T16:48:24.319Z"
    },
    {
      "id": 301,
      "usdToUah": "41.59",
      "btcToUsd": "88150.00",
      "ethToUsd": "2174.53",
      "updatedAt": "2025-03-05T16:48:54.319Z"
    },
    {
      "id": 302,
      "usdToUah": "41.59",
      "btcToUsd": "88193.00",
      "ethToUsd": "2175.51",
      "updatedAt": "2025-03-05T16:49:16.219Z"
    },
    {
      "id": 303,
      "usdToUah": "41.59",
      "btcToUsd": "88193.00",
      "ethToUsd": "2175.51",
      "updatedAt": "2025-03-05T16:49:44.460Z"
    },
    {
      "id": 304,
      "usdToUah": "41.59",
      "btcToUsd": "88227.00",
      "ethToUsd": "2176.24",
      "updatedAt": "2025-03-05T16:52:14.293Z"
    },
    {
      "id": 305,
      "usdToUah": "41.59",
      "btcToUsd": "88227.00",
      "ethToUsd": "2176.24",
      "updatedAt": "2025-03-05T16:52:33.698Z"
    },
    {
      "id": 306,
      "usdToUah": "41.59",
      "btcToUsd": "88170.00",
      "ethToUsd": "2174.73",
      "updatedAt": "2025-03-05T16:53:18.988Z"
    },
    {
      "id": 307,
      "usdToUah": "41.59",
      "btcToUsd": "88170.00",
      "ethToUsd": "2174.73",
      "updatedAt": "2025-03-05T16:53:47.510Z"
    },
    {
      "id": 308,
      "usdToUah": "41.59",
      "btcToUsd": "88170.00",
      "ethToUsd": "2174.73",
      "updatedAt": "2025-03-05T16:54:17.510Z"
    },
    {
      "id": 309,
      "usdToUah": "41.59",
      "btcToUsd": "88170.00",
      "ethToUsd": "2174.73",
      "updatedAt": "2025-03-05T16:54:47.511Z"
    },
    {
      "id": 310,
      "usdToUah": "41.59",
      "btcToUsd": "88170.00",
      "ethToUsd": "2174.73",
      "updatedAt": "2025-03-05T16:55:17.511Z"
    },
    {
      "id": 311,
      "usdToUah": "41.59",
      "btcToUsd": "88170.00",
      "ethToUsd": "2174.73",
      "updatedAt": "2025-03-05T16:55:47.511Z"
    },
    {
      "id": 312,
      "usdToUah": "41.59",
      "btcToUsd": "88500.00",
      "ethToUsd": "2181.03",
      "updatedAt": "2025-03-05T16:55:58.111Z"
    },
    {
      "id": 313,
      "usdToUah": "41.59",
      "btcToUsd": "88500.00",
      "ethToUsd": "2181.03",
      "updatedAt": "2025-03-05T16:56:27.211Z"
    },
    {
      "id": 314,
      "usdToUah": "41.59",
      "btcToUsd": "88567.00",
      "ethToUsd": "2182.87",
      "updatedAt": "2025-03-05T16:57:39.232Z"
    },
    {
      "id": 315,
      "usdToUah": "41.59",
      "btcToUsd": "88567.00",
      "ethToUsd": "2182.87",
      "updatedAt": "2025-03-05T16:58:07.615Z"
    },
    {
      "id": 316,
      "usdToUah": "41.59",
      "btcToUsd": "88567.00",
      "ethToUsd": "2182.87",
      "updatedAt": "2025-03-05T16:58:37.614Z"
    },
    {
      "id": 317,
      "usdToUah": "41.59",
      "btcToUsd": "88647.00",
      "ethToUsd": "2184.93",
      "updatedAt": "2025-03-05T16:59:08.260Z"
    },
    {
      "id": 318,
      "usdToUah": "41.59",
      "btcToUsd": "88647.00",
      "ethToUsd": "2184.93",
      "updatedAt": "2025-03-05T16:59:36.750Z"
    },
    {
      "id": 319,
      "usdToUah": "41.59",
      "btcToUsd": "88647.00",
      "ethToUsd": "2184.93",
      "updatedAt": "2025-03-05T17:00:06.750Z"
    },
    {
      "id": 320,
      "usdToUah": "41.59",
      "btcToUsd": "88647.00",
      "ethToUsd": "2184.93",
      "updatedAt": "2025-03-05T17:00:36.751Z"
    },
    {
      "id": 321,
      "usdToUah": "41.59",
      "btcToUsd": "89189.00",
      "ethToUsd": "2196.87",
      "updatedAt": "2025-03-05T17:01:06.802Z"
    },
    {
      "id": 322,
      "usdToUah": "41.59",
      "btcToUsd": "89189.00",
      "ethToUsd": "2196.87",
      "updatedAt": "2025-03-05T17:01:36.151Z"
    },
    {
      "id": 323,
      "usdToUah": "41.59",
      "btcToUsd": "89189.00",
      "ethToUsd": "2196.87",
      "updatedAt": "2025-03-05T17:02:06.152Z"
    },
    {
      "id": 324,
      "usdToUah": "41.59",
      "btcToUsd": "89189.00",
      "ethToUsd": "2196.87",
      "updatedAt": "2025-03-05T17:02:36.153Z"
    },
    {
      "id": 325,
      "usdToUah": "41.59",
      "btcToUsd": "89189.00",
      "ethToUsd": "2196.87",
      "updatedAt": "2025-03-05T17:03:06.153Z"
    },
    {
      "id": 326,
      "usdToUah": "41.59",
      "btcToUsd": "89189.00",
      "ethToUsd": "2196.87",
      "updatedAt": "2025-03-05T17:03:36.154Z"
    },
    {
      "id": 327,
      "usdToUah": "41.59",
      "btcToUsd": "89189.00",
      "ethToUsd": "2196.87",
      "updatedAt": "2025-03-05T17:04:06.156Z"
    },
    {
      "id": 328,
      "usdToUah": "41.59",
      "btcToUsd": "89189.00",
      "ethToUsd": "2196.87",
      "updatedAt": "2025-03-05T17:04:36.156Z"
    },
    {
      "id": 329,
      "usdToUah": "41.59",
      "btcToUsd": "89189.00",
      "ethToUsd": "2196.87",
      "updatedAt": "2025-03-05T17:05:06.157Z"
    },
    {
      "id": 330,
      "usdToUah": "41.59",
      "btcToUsd": "89189.00",
      "ethToUsd": "2196.87",
      "updatedAt": "2025-03-05T17:05:36.158Z"
    },
    {
      "id": 331,
      "usdToUah": "41.59",
      "btcToUsd": "89189.00",
      "ethToUsd": "2196.87",
      "updatedAt": "2025-03-05T17:06:06.160Z"
    },
    {
      "id": 332,
      "usdToUah": "41.59",
      "btcToUsd": "88844.00",
      "ethToUsd": "2190.84",
      "updatedAt": "2025-03-05T17:06:36.405Z"
    },
    {
      "id": 333,
      "usdToUah": "41.59",
      "btcToUsd": "88844.00",
      "ethToUsd": "2190.84",
      "updatedAt": "2025-03-05T17:07:06.162Z"
    },
    {
      "id": 334,
      "usdToUah": "41.59",
      "btcToUsd": "88844.00",
      "ethToUsd": "2190.84",
      "updatedAt": "2025-03-05T17:07:36.163Z"
    },
    {
      "id": 335,
      "usdToUah": "41.59",
      "btcToUsd": "88844.00",
      "ethToUsd": "2190.84",
      "updatedAt": "2025-03-05T17:08:06.163Z"
    },
    {
      "id": 336,
      "usdToUah": "41.59",
      "btcToUsd": "88844.00",
      "ethToUsd": "2190.84",
      "updatedAt": "2025-03-05T17:08:36.163Z"
    },
    {
      "id": 337,
      "usdToUah": "41.59",
      "btcToUsd": "88844.00",
      "ethToUsd": "2190.84",
      "updatedAt": "2025-03-05T17:09:06.164Z"
    },
    {
      "id": 338,
      "usdToUah": "41.59",
      "btcToUsd": "88844.00",
      "ethToUsd": "2190.84",
      "updatedAt": "2025-03-05T17:09:36.164Z"
    },
    {
      "id": 339,
      "usdToUah": "41.59",
      "btcToUsd": "88844.00",
      "ethToUsd": "2190.84",
      "updatedAt": "2025-03-05T17:10:06.166Z"
    },
    {
      "id": 340,
      "usdToUah": "41.59",
      "btcToUsd": "88844.00",
      "ethToUsd": "2190.84",
      "updatedAt": "2025-03-05T17:10:36.166Z"
    },
    {
      "id": 341,
      "usdToUah": "41.59",
      "btcToUsd": "88844.00",
      "ethToUsd": "2190.84",
      "updatedAt": "2025-03-05T17:11:06.166Z"
    },
    {
      "id": 342,
      "usdToUah": "41.59",
      "btcToUsd": "88844.00",
      "ethToUsd": "2190.84",
      "updatedAt": "2025-03-05T17:11:36.166Z"
    },
    {
      "id": 343,
      "usdToUah": "41.59",
      "btcToUsd": "89219.00",
      "ethToUsd": "2200.87",
      "updatedAt": "2025-03-05T17:12:06.411Z"
    },
    {
      "id": 344,
      "usdToUah": "41.59",
      "btcToUsd": "89219.00",
      "ethToUsd": "2200.87",
      "updatedAt": "2025-03-05T17:12:36.166Z"
    },
    {
      "id": 345,
      "usdToUah": "41.59",
      "btcToUsd": "89219.00",
      "ethToUsd": "2200.87",
      "updatedAt": "2025-03-05T17:13:06.167Z"
    },
    {
      "id": 346,
      "usdToUah": "41.59",
      "btcToUsd": "89219.00",
      "ethToUsd": "2200.87",
      "updatedAt": "2025-03-05T17:13:36.167Z"
    },
    {
      "id": 347,
      "usdToUah": "41.59",
      "btcToUsd": "89219.00",
      "ethToUsd": "2200.87",
      "updatedAt": "2025-03-05T17:14:06.167Z"
    },
    {
      "id": 348,
      "usdToUah": "41.59",
      "btcToUsd": "89219.00",
      "ethToUsd": "2200.87",
      "updatedAt": "2025-03-05T17:14:36.167Z"
    },
    {
      "id": 349,
      "usdToUah": "41.59",
      "btcToUsd": "89219.00",
      "ethToUsd": "2200.87",
      "updatedAt": "2025-03-05T17:15:06.167Z"
    },
    {
      "id": 350,
      "usdToUah": "41.59",
      "btcToUsd": "89219.00",
      "ethToUsd": "2200.87",
      "updatedAt": "2025-03-05T17:15:36.167Z"
    },
    {
      "id": 351,
      "usdToUah": "41.59",
      "btcToUsd": "89219.00",
      "ethToUsd": "2200.87",
      "updatedAt": "2025-03-05T17:16:06.167Z"
    },
    {
      "id": 352,
      "usdToUah": "41.59",
      "btcToUsd": "89219.00",
      "ethToUsd": "2200.87",
      "updatedAt": "2025-03-05T17:16:36.167Z"
    },
    {
      "id": 353,
      "usdToUah": "41.59",
      "btcToUsd": "89219.00",
      "ethToUsd": "2200.87",
      "updatedAt": "2025-03-05T17:17:06.168Z"
    },
    {
      "id": 354,
      "usdToUah": "41.59",
      "btcToUsd": "89270.00",
      "ethToUsd": "2203.58",
      "updatedAt": "2025-03-05T17:17:36.429Z"
    },
    {
      "id": 355,
      "usdToUah": "41.59",
      "btcToUsd": "89270.00",
      "ethToUsd": "2203.58",
      "updatedAt": "2025-03-05T17:18:06.169Z"
    },
    {
      "id": 356,
      "usdToUah": "41.59",
      "btcToUsd": "89270.00",
      "ethToUsd": "2203.58",
      "updatedAt": "2025-03-05T17:18:27.174Z"
    },
    {
      "id": 357,
      "usdToUah": "41.59",
      "btcToUsd": "89270.00",
      "ethToUsd": "2203.58",
      "updatedAt": "2025-03-05T17:18:36.171Z"
    },
    {
      "id": 358,
      "usdToUah": "41.59",
      "btcToUsd": "89270.00",
      "ethToUsd": "2203.58",
      "updatedAt": "2025-03-05T17:18:54.443Z"
    },
    {
      "id": 359,
      "usdToUah": "41.59",
      "btcToUsd": "89270.00",
      "ethToUsd": "2203.58",
      "updatedAt": "2025-03-05T17:19:06.171Z"
    },
    {
      "id": 360,
      "usdToUah": "41.59",
      "btcToUsd": "89270.00",
      "ethToUsd": "2203.58",
      "updatedAt": "2025-03-05T17:19:24.444Z"
    },
    {
      "id": 361,
      "usdToUah": "41.59",
      "btcToUsd": "89270.00",
      "ethToUsd": "2203.58",
      "updatedAt": "2025-03-05T17:19:36.176Z"
    },
    {
      "id": 362,
      "usdToUah": "41.59",
      "btcToUsd": "89270.00",
      "ethToUsd": "2203.58",
      "updatedAt": "2025-03-05T17:19:54.444Z"
    },
    {
      "id": 363,
      "usdToUah": "41.59",
      "btcToUsd": "89270.00",
      "ethToUsd": "2203.58",
      "updatedAt": "2025-03-05T17:20:06.176Z"
    },
    {
      "id": 364,
      "usdToUah": "41.59",
      "btcToUsd": "89270.00",
      "ethToUsd": "2203.58",
      "updatedAt": "2025-03-05T17:20:24.446Z"
    },
    {
      "id": 365,
      "usdToUah": "41.59",
      "btcToUsd": "89270.00",
      "ethToUsd": "2203.58",
      "updatedAt": "2025-03-05T17:20:54.447Z"
    },
    {
      "id": 366,
      "usdToUah": "41.59",
      "btcToUsd": "89463.00",
      "ethToUsd": "2209.25",
      "updatedAt": "2025-03-05T17:21:19.200Z"
    }
  ],
  "backupDate": "2025-03-05T17-21-28-902Z",
  "version": "1.0"
}