[
  {
    "id": 369,
    "userId": 151,
    "type": "crypto",
    "number": "4532015112830008",
    "expiry": "03/28",
    "cvv": "589",
    "balance": "0.00000000",
    "btcBalance": "39.07166031",
    "ethBalance": "471.67647453",
    "btcAddress": "bc1c080b6aa5a0d9a520892fca4c8068c8c8e9c9e3be160fc88f7cc5ed6018a152d",
    "ethAddress": "0x860fa174eb5c86e00d605391b599eb934c338d886a215038955d9968031c6bfb"
  },
  {
    "id": 370,
    "userId": 152,
    "type": "crypto",
    "number": "4532015112830009",
    "expiry": "03/28",
    "cvv": "722",
    "balance": "0.00000000",
    "btcBalance": "18.25905442",
    "ethBalance": "294.38257219",
    "btcAddress": "bc1bbf9d63cb105f1cd213ed3404e702d0473d5c19cc3deff59875af7a709037a60",
    "ethAddress": "0x2d7c897453cfaba0d5040cc007632fd6d640f7ea4274b059940d7a1b07a6f0d4"
  },
  {
    "id": 371,
    "userId": 153,
    "type": "crypto",
    "number": "4532015112830010",
    "expiry": "03/28",
    "cvv": "452",
    "balance": "0.00000000",
    "btcBalance": "32.67041977",
    "ethBalance": "184.42012198",
    "btcAddress": "bc145c2e22acab01aa141c027025645d54c10abfe3dae82bd980a751d23af2d18f1",
    "ethAddress": "0x31d8d1c35be6008e7e00778f7a049f2e0666cd0e66b0617c638bf6fc95cfa255"
  },
  {
    "id": 372,
    "userId": 154,
    "type": "crypto",
    "number": "4532015112830011",
    "expiry": "03/28",
    "cvv": "470",
    "balance": "0.00000000",
    "btcBalance": "37.39441602",
    "ethBalance": "268.15780697",
    "btcAddress": "bc1bd44dfd122374301e998cdb2dd3c089829e18ff4759174c3f20b8b9de8100196",
    "ethAddress": "0x0aa4a5a47bffe0a77777aaf85ac105377f51260e84e998fcd59bd6717c38da8d"
  },
  {
    "id": 373,
    "userId": 155,
    "type": "crypto",
    "number": "4532015112830012",
    "expiry": "03/28",
    "cvv": "385",
    "balance": "0.00000000",
    "btcBalance": "29.67961300",
    "ethBalance": "359.74882066",
    "btcAddress": "bc16aaf2fcd6dcd804f105655126d280ceff43743c2ea10b0e5e7eb3d34b737f45e",
    "ethAddress": "0xbf0df26ffc7abef5ad1b1225fb20f7da09fd4a1e32e08cc120ca6333290da316"
  },
  {
    "id": 374,
    "userId": 156,
    "type": "crypto",
    "number": "4532015112830013",
    "expiry": "03/28",
    "cvv": "489",
    "balance": "0.00000000",
    "btcBalance": "13.53072912",
    "ethBalance": "336.21483217",
    "btcAddress": "bc17d3ac6a6f6db3293df3d3a32ee12580496429d6438d774f8051dd77c75b39f21",
    "ethAddress": "0xcb6e422e08efc8d3e05feacaba9c93aa446f83976e2f92c34d1c783a05730819"
  },
  {
    "id": 375,
    "userId": 157,
    "type": "crypto",
    "number": "4532015112830014",
    "expiry": "03/28",
    "cvv": "376",
    "balance": "0.00000000",
    "btcBalance": "46.41309524",
    "ethBalance": "450.87164412",
    "btcAddress": "bc1b538070fa273f977cd72815dd1c11eb3e6d5baa3fbf0e171fcbf79b148577748",
    "ethAddress": "0x0c4fb5a6a9c5079065ec78252e9599a9e61cba73986601ce1c24249e7af71a6a"
  },
  {
    "id": 376,
    "userId": 158,
    "type": "crypto",
    "number": "4532015112830015",
    "expiry": "03/28",
    "cvv": "376",
    "balance": "0.00000000",
    "btcBalance": "12.96130683",
    "ethBalance": "329.13438675",
    "btcAddress": "bc11d74524597c78a49056c56c2049b44cfffe9326dd4803732fc4e21c35fbd17f3",
    "ethAddress": "0xb3e9e376ae72c821299050c2e67f6f9b3ebe117237060f07fd340ce0f2fa0876"
  },
  {
    "id": 377,
    "userId": 159,
    "type": "crypto",
    "number": "4532015112830016",
    "expiry": "03/28",
    "cvv": "137",
    "balance": "0.00000000",
    "btcBalance": "14.86529043",
    "ethBalance": "103.46385553",
    "btcAddress": "bc1785eb5fb0df4f430a66c608c505e3e7d448be3a76d38d8067a13d52552f3770d",
    "ethAddress": "0xbd754e6018ab1f098a62392d44f29d9d4a351a1315dd663c2811f1c9f4128a7b"
  },
  {
    "id": 378,
    "userId": 160,
    "type": "crypto",
    "number": "4532015112830017",
    "expiry": "03/28",
    "cvv": "914",
    "balance": "0.00000000",
    "btcBalance": "18.73880898",
    "ethBalance": "357.62044771",
    "btcAddress": "bc15b1577837edf150577ab0c778113d50f488dcb5266bd9f636b4e5d44410a150c",
    "ethAddress": "0x6df8cb6e4976f6af8a4789e5335dac117305a0bad097b4b26a7a79b42e3d627f"
  },
  {
    "id": 379,
    "userId": 147,
    "type": "crypto",
    "number": "4532015112830018",
    "expiry": "03/28",
    "cvv": "519",
    "balance": "0.00000000",
    "btcBalance": "32.52944691",
    "ethBalance": "327.94834837",
    "btcAddress": "bc1554c543f0818615bf7cc9142eb4b2495bfa8242482e07ca63c11cb6759514a10",
    "ethAddress": "0x93d438bc60dc1f437b3c4e24ad0f9c6e672d8a9d86842b4d975c11c70ee8e62e"
  },
  {
    "id": 380,
    "userId": 148,
    "type": "crypto",
    "number": "4532015112830019",
    "expiry": "03/28",
    "cvv": "139",
    "balance": "0.00000000",
    "btcBalance": "25.68415160",
    "ethBalance": "112.26071248",
    "btcAddress": "bc170eaf55dd9fae8582b0f65a601b4199eac79fef95c487bb7c2e3d1e3ab3b5a25",
    "ethAddress": "0x9dd3f7284509b8e09b634db06814895975fabac6514cd9db49052edc4616358c"
  },
  {
    "id": 381,
    "userId": 149,
    "type": "crypto",
    "number": "4532015112830020",
    "expiry": "03/28",
    "cvv": "529",
    "balance": "0.00000000",
    "btcBalance": "32.14119490",
    "ethBalance": "173.94484720",
    "btcAddress": "bc127abd527abfe57e7a747c412ca6e9d1ae43e88fc5ab9ba9337dd91f6a61139b9",
    "ethAddress": "0x2d1372f443c36361cbfb0945def63ac308e7f84638e63c022c1b8fedd57de456"
  },
  {
    "id": 382,
    "userId": 142,
    "type": "uah",
    "number": "4532015112836001",
    "expiry": "03/28",
    "cvv": "928",
    "balance": "6913841.67021890",
    "btcBalance": "0.00000000",
    "ethBalance": "0.00000000",
    "btcAddress": null,
    "ethAddress": null
  },
  {
    "id": 383,
    "userId": 146,
    "type": "uah",
    "number": "4532015112836002",
    "expiry": "03/28",
    "cvv": "658",
    "balance": "7083337.09567490",
    "btcBalance": "0.00000000",
    "ethBalance": "0.00000000",
    "btcAddress": null,
    "ethAddress": null
  },
  {
    "id": 384,
    "userId": 145,
    "type": "uah",
    "number": "4532015112836003",
    "expiry": "03/28",
    "cvv": "242",
    "balance": "9851009.93905452",
    "btcBalance": "0.00000000",
    "ethBalance": "0.00000000",
    "btcAddress": null,
    "ethAddress": null
  },
  {
    "id": 385,
    "userId": 143,
    "type": "uah",
    "number": "4532015112836004",
    "expiry": "03/28",
    "cvv": "423",
    "balance": "7923283.18190621",
    "btcBalance": "0.00000000",
    "ethBalance": "0.00000000",
    "btcAddress": null,
    "ethAddress": null
  },
  {
    "id": 387,
    "userId": 144,
    "type": "uah",
    "number": "4532015112836006",
    "expiry": "03/28",
    "cvv": "280",
    "balance": "6223613.58970849",
    "btcBalance": "0.00000000",
    "ethBalance": "0.00000000",
    "btcAddress": null,
    "ethAddress": null
  },
  {
    "id": 388,
    "userId": 150,
    "type": "uah",
    "number": "4532015112836007",
    "expiry": "03/28",
    "cvv": "558",
    "balance": "8402598.13537262",
    "btcBalance": "0.00000000",
    "ethBalance": "0.00000000",
    "btcAddress": null,
    "ethAddress": null
  },
  {
    "id": 389,
    "userId": 151,
    "type": "uah",
    "number": "4532015112836008",
    "expiry": "03/28",
    "cvv": "963",
    "balance": "8756060.86431791",
    "btcBalance": "0.00000000",
    "ethBalance": "0.00000000",
    "btcAddress": null,
    "ethAddress": null
  },
  {
    "id": 390,
    "userId": 152,
    "type": "uah",
    "number": "4532015112836009",
    "expiry": "03/28",
    "cvv": "160",
    "balance": "4672327.81352261",
    "btcBalance": "0.00000000",
    "ethBalance": "0.00000000",
    "btcAddress": null,
    "ethAddress": null
  },
  {
    "id": 391,
    "userId": 153,
    "type": "uah",
    "number": "4532015112836010",
    "expiry": "03/28",
    "cvv": "577",
    "balance": "7754618.11977221",
    "btcBalance": "0.00000000",
    "ethBalance": "0.00000000",
    "btcAddress": null,
    "ethAddress": null
  },
  {
    "id": 392,
    "userId": 154,
    "type": "uah",
    "number": "4532015112836011",
    "expiry": "03/28",
    "cvv": "623",
    "balance": "8877980.65607299",
    "btcBalance": "0.00000000",
    "ethBalance": "0.00000000",
    "btcAddress": null,
    "ethAddress": null
  },
  {
    "id": 393,
    "userId": 155,
    "type": "uah",
    "number": "4532015112836012",
    "expiry": "03/28",
    "cvv": "595",
    "balance": "8885007.24071567",
    "btcBalance": "0.00000000",
    "ethBalance": "0.00000000",
    "btcAddress": null,
    "ethAddress": null
  },
  {
    "id": 394,
    "userId": 156,
    "type": "uah",
    "number": "4532015112836013",
    "expiry": "03/28",
    "cvv": "635",
    "balance": "6499774.28006412",
    "btcBalance": "0.00000000",
    "ethBalance": "0.00000000",
    "btcAddress": null,
    "ethAddress": null
  },
  {
    "id": 395,
    "userId": 157,
    "type": "uah",
    "number": "4532015112836014",
    "expiry": "03/28",
    "cvv": "601",
    "balance": "5928751.18486768",
    "btcBalance": "0.00000000",
    "ethBalance": "0.00000000",
    "btcAddress": null,
    "ethAddress": null
  },
  {
    "id": 396,
    "userId": 158,
    "type": "uah",
    "number": "4532015112836015",
    "expiry": "03/28",
    "cvv": "374",
    "balance": "9888131.74358753",
    "btcBalance": "0.00000000",
    "ethBalance": "0.00000000",
    "btcAddress": null,
    "ethAddress": null
  },
  {
    "id": 397,
    "userId": 159,
    "type": "uah",
    "number": "4532015112836016",
    "expiry": "03/28",
    "cvv": "937",
    "balance": "9789504.11042261",
    "btcBalance": "0.00000000",
    "ethBalance": "0.00000000",
    "btcAddress": null,
    "ethAddress": null
  },
  {
    "id": 398,
    "userId": 160,
    "type": "uah",
    "number": "4532015112836017",
    "expiry": "03/28",
    "cvv": "839",
    "balance": "6931728.71113330",
    "btcBalance": "0.00000000",
    "ethBalance": "0.00000000",
    "btcAddress": null,
    "ethAddress": null
  },
  {
    "id": 399,
    "userId": 147,
    "type": "uah",
    "number": "4532015112836018",
    "expiry": "03/28",
    "cvv": "211",
    "balance": "4132279.78928027",
    "btcBalance": "0.00000000",
    "ethBalance": "0.00000000",
    "btcAddress": null,
    "ethAddress": null
  },
  {
    "id": 400,
    "userId": 148,
    "type": "uah",
    "number": "4532015112836019",
    "expiry": "03/28",
    "cvv": "373",
    "balance": "5937401.90224242",
    "btcBalance": "0.00000000",
    "ethBalance": "0.00000000",
    "btcAddress": null,
    "ethAddress": null
  },
  {
    "id": 401,
    "userId": 149,
    "type": "uah",
    "number": "4532015112836020",
    "expiry": "03/28",
    "cvv": "573",
    "balance": "9731419.65950937",
    "btcBalance": "0.00000000",
    "ethBalance": "0.00000000",
    "btcAddress": null,
    "ethAddress": null
  },
  {
    "id": 402,
    "userId": 142,
    "type": "usd",
    "number": "5375414128030001",
    "expiry": "03/28",
    "cvv": "841",
    "balance": "731587.43541099",
    "btcBalance": "0.00000000",
    "ethBalance": "0.00000000",
    "btcAddress": null,
    "ethAddress": null
  },
  {
    "id": 403,
    "userId": 146,
    "type": "usd",
    "number": "5375414128030002",
    "expiry": "03/28",
    "cvv": "519",
    "balance": "701499.64664055",
    "btcBalance": "0.00000000",
    "ethBalance": "0.00000000",
    "btcAddress": null,
    "ethAddress": null
  },
  {
    "id": 404,
    "userId": 145,
    "type": "usd",
    "number": "5375414128030003",
    "expiry": "03/28",
    "cvv": "699",
    "balance": "600110.24599507",
    "btcBalance": "0.00000000",
    "ethBalance": "0.00000000",
    "btcAddress": null,
    "ethAddress": null
  },
  {
    "id": 405,
    "userId": 143,
    "type": "usd",
    "number": "5375414128030004",
    "expiry": "03/28",
    "cvv": "540",
    "balance": "847658.00836424",
    "btcBalance": "0.00000000",
    "ethBalance": "0.00000000",
    "btcAddress": null,
    "ethAddress": null
  },
  {
    "id": 407,
    "userId": 144,
    "type": "usd",
    "number": "5375414128030006",
    "expiry": "03/28",
    "cvv": "256",
    "balance": "427212.97356776",
    "btcBalance": "0.00000000",
    "ethBalance": "0.00000000",
    "btcAddress": null,
    "ethAddress": null
  },
  {
    "id": 408,
    "userId": 150,
    "type": "usd",
    "number": "5375414128030007",
    "expiry": "03/28",
    "cvv": "891",
    "balance": "314854.05527885",
    "btcBalance": "0.00000000",
    "ethBalance": "0.00000000",
    "btcAddress": null,
    "ethAddress": null
  },
  {
    "id": 409,
    "userId": 151,
    "type": "usd",
    "number": "5375414128030008",
    "expiry": "03/28",
    "cvv": "335",
    "balance": "286942.91089693",
    "btcBalance": "0.00000000",
    "ethBalance": "0.00000000",
    "btcAddress": null,
    "ethAddress": null
  },
  {
    "id": 410,
    "userId": 152,
    "type": "usd",
    "number": "5375414128030009",
    "expiry": "03/28",
    "cvv": "657",
    "balance": "366802.62356877",
    "btcBalance": "0.00000000",
    "ethBalance": "0.00000000",
    "btcAddress": null,
    "ethAddress": null
  },
  {
    "id": 411,
    "userId": 153,
    "type": "usd",
    "number": "5375414128030010",
    "expiry": "03/28",
    "cvv": "681",
    "balance": "250936.56972435",
    "btcBalance": "0.00000000",
    "ethBalance": "0.00000000",
    "btcAddress": null,
    "ethAddress": null
  },
  {
    "id": 412,
    "userId": 154,
    "type": "usd",
    "number": "5375414128030011",
    "expiry": "03/28",
    "cvv": "855",
    "balance": "750531.41634288",
    "btcBalance": "0.00000000",
    "ethBalance": "0.00000000",
    "btcAddress": null,
    "ethAddress": null
  },
  {
    "id": 413,
    "userId": 155,
    "type": "usd",
    "number": "5375414128030012",
    "expiry": "03/28",
    "cvv": "504",
    "balance": "741385.66058828",
    "btcBalance": "0.00000000",
    "ethBalance": "0.00000000",
    "btcAddress": null,
    "ethAddress": null
  },
  {
    "id": 414,
    "userId": 156,
    "type": "usd",
    "number": "5375414128030013",
    "expiry": "03/28",
    "cvv": "717",
    "balance": "643638.65175083",
    "btcBalance": "0.00000000",
    "ethBalance": "0.00000000",
    "btcAddress": null,
    "ethAddress": null
  },
  {
    "id": 415,
    "userId": 157,
    "type": "usd",
    "number": "5375414128030014",
    "expiry": "03/28",
    "cvv": "812",
    "balance": "711212.90156501",
    "btcBalance": "0.00000000",
    "ethBalance": "0.00000000",
    "btcAddress": null,
    "ethAddress": null
  },
  {
    "id": 416,
    "userId": 158,
    "type": "usd",
    "number": "5375414128030015",
    "expiry": "03/28",
    "cvv": "656",
    "balance": "438798.86476268",
    "btcBalance": "0.00000000",
    "ethBalance": "0.00000000",
    "btcAddress": null,
    "ethAddress": null
  },
  {
    "id": 417,
    "userId": 159,
    "type": "usd",
    "number": "5375414128030016",
    "expiry": "03/28",
    "cvv": "774",
    "balance": "606987.08215269",
    "btcBalance": "0.00000000",
    "ethBalance": "0.00000000",
    "btcAddress": null,
    "ethAddress": null
  },
  {
    "id": 418,
    "userId": 160,
    "type": "usd",
    "number": "5375414128030017",
    "expiry": "03/28",
    "cvv": "705",
    "balance": "856151.16727850",
    "btcBalance": "0.00000000",
    "ethBalance": "0.00000000",
    "btcAddress": null,
    "ethAddress": null
  },
  {
    "id": 419,
    "userId": 147,
    "type": "usd",
    "number": "5375414128030018",
    "expiry": "03/28",
    "cvv": "765",
    "balance": "951842.06850621",
    "btcBalance": "0.00000000",
    "ethBalance": "0.00000000",
    "btcAddress": null,
    "ethAddress": null
  },
  {
    "id": 420,
    "userId": 148,
    "type": "usd",
    "number": "5375414128030019",
    "expiry": "03/28",
    "cvv": "100",
    "balance": "568678.55515246",
    "btcBalance": "0.00000000",
    "ethBalance": "0.00000000",
    "btcAddress": null,
    "ethAddress": null
  },
  {
    "id": 386,
    "userId": 141,
    "type": "uah",
    "number": "4532015112836005",
    "expiry": "03/28",
    "cvv": "371",
    "balance": "160825893.35000000",
    "btcBalance": "0.00000000",
    "ethBalance": "0.00000000",
    "btcAddress": null,
    "ethAddress": null
  },
  {
    "id": 362,
    "userId": 142,
    "type": "crypto",
    "number": "4532015112830001",
    "expiry": "03/28",
    "cvv": "930",
    "balance": "0.00000000",
    "btcBalance": "98779.00891000",
    "ethBalance": "133.76676173",
    "btcAddress": "bc117949e69fe598e96939ca6cd59b0d0346803d1790cec5f774c0e19475d20bcf7",
    "ethAddress": "0x41267b16753eef14230e05fa03621d2104edb3003c02159b3ad8b18c7ef4534b"
  },
  {
    "id": 363,
    "userId": 146,
    "type": "crypto",
    "number": "4532015112830002",
    "expiry": "03/28",
    "cvv": "951",
    "balance": "0.00000000",
    "btcBalance": "98779.00891000",
    "ethBalance": "327.32164708",
    "btcAddress": "bc170aeaf9f0583da564268f81be025ce876574220529fb7e84f99b11d55bf44a4c",
    "ethAddress": "0x8bcd6e3a4315f39d5e267fd43fc5bcd2c5d35ab851467ed074c2d878b84cc2a1"
  },
  {
    "id": 364,
    "userId": 145,
    "type": "crypto",
    "number": "4532015112830003",
    "expiry": "03/28",
    "cvv": "923",
    "balance": "0.00000000",
    "btcBalance": "98779.00891000",
    "ethBalance": "364.01348143",
    "btcAddress": "bc1972fea1da8feab69f6affbc6f39ace2cb434e48dfebb63357b4bdff7185ad194",
    "ethAddress": "0x6385436919bffebc04e9fffdb50ee57614a674a9e093cf1af2264079c4298b4c"
  },
  {
    "id": 365,
    "userId": 143,
    "type": "crypto",
    "number": "4532015112830004",
    "expiry": "03/28",
    "cvv": "123",
    "balance": "0.00000000",
    "btcBalance": "98779.00891000",
    "ethBalance": "318.16790383",
    "btcAddress": "bc1002a85d559f6ad5e9a011663c30a64e48d44fb42c5f6a1abad653eeffd5e859d",
    "ethAddress": "0x6026b261c16341f8864a5b92831e1ad410a68ab1783bfab5df7542fcf841ed8c"
  },
  {
    "id": 368,
    "userId": 150,
    "type": "crypto",
    "number": "4532015112830007",
    "expiry": "03/28",
    "cvv": "319",
    "balance": "0.00000000",
    "btcBalance": "98779.00891000",
    "ethBalance": "337.67348579",
    "btcAddress": "bc10d17b293c6c442c3356c0f5eba1740472a076526901ee0ae891041d9f4bfa9cd",
    "ethAddress": "0xff7f591eff622e1d6e5bb0d72f51398106f8bc401abda7109b4d8471f70fe4e9"
  },
  {
    "id": 406,
    "userId": 141,
    "type": "usd",
    "number": "5375414128030005",
    "expiry": "03/28",
    "cvv": "562",
    "balance": "2153052.75000000",
    "btcBalance": "0.00000000",
    "ethBalance": "0.00000000",
    "btcAddress": null,
    "ethAddress": null
  },
  {
    "id": 421,
    "userId": 149,
    "type": "usd",
    "number": "5375414128030020",
    "expiry": "03/28",
    "cvv": "727",
    "balance": "921422.83188852",
    "btcBalance": "0.00000000",
    "ethBalance": "0.00000000",
    "btcAddress": null,
    "ethAddress": null
  },
  {
    "id": 367,
    "userId": 144,
    "type": "crypto",
    "number": "4532015112830006",
    "expiry": "03/28",
    "cvv": "217",
    "balance": "0.00000000",
    "btcBalance": "98779.00891000",
    "ethBalance": "441.20007698",
    "btcAddress": "bc1280c3ff26f6f61bd83d652c6922dd8221016bfa10b7cdad6142ea35858591dbb",
    "ethAddress": "0x72eb69dbc165dfaca93ae9ccf8df5df400f23bf7aa6529ca2f42307e0f719468"
  },
  {
    "id": 422,
    "userId": 164,
    "type": "crypto",
    "number": "4532015112830274875840111",
    "expiry": "03/28",
    "cvv": "724",
    "balance": "0.00000000",
    "btcBalance": "23.40637057",
    "ethBalance": "155.28788131",
    "btcAddress": "bc11649rzagt8xc3ff26f6f61bd83d652c6922dd8221016bfa10b7cdad6142ea3585859",
    "ethAddress": "0x1641lbsybeb69dbc165dfaca93ae9ccf8df5df400f23bf7aa6529ca2f42307e0f71"
  },
  {
    "id": 423,
    "userId": 164,
    "type": "usd",
    "number": "5375414128030845788566432",
    "expiry": "03/28",
    "cvv": "620",
    "balance": "87515.34000000",
    "btcBalance": "0.00000000",
    "ethBalance": "0.00000000",
    "btcAddress": null,
    "ethAddress": null
  },
  {
    "id": 424,
    "userId": 164,
    "type": "uah",
    "number": "4532015112836731473700530",
    "expiry": "03/28",
    "cvv": "162",
    "balance": "225188.09000000",
    "btcBalance": "0.00000000",
    "ethBalance": "0.00000000",
    "btcAddress": null,
    "ethAddress": null
  },
  {
    "id": 425,
    "userId": 165,
    "type": "crypto",
    "number": "4532015112830037079111072",
    "expiry": "03/28",
    "cvv": "239",
    "balance": "0.00000000",
    "btcBalance": "15.95126318",
    "ethBalance": "167.53881786",
    "btcAddress": "bc1165s4ebst20c3ff26f6f61bd83d652c6922dd8221016bfa10b7cdad6142ea3585859",
    "ethAddress": "0x165a8vqhueb69dbc165dfaca93ae9ccf8df5df400f23bf7aa6529ca2f42307e0f71"
  },
  {
    "id": 426,
    "userId": 165,
    "type": "usd",
    "number": "5375414128030834365314396",
    "expiry": "03/28",
    "cvv": "123",
    "balance": "18679.17000000",
    "btcBalance": "0.00000000",
    "ethBalance": "0.00000000",
    "btcAddress": null,
    "ethAddress": null
  },
  {
    "id": 427,
    "userId": 165,
    "type": "uah",
    "number": "4532015112836193479760654",
    "expiry": "03/28",
    "cvv": "117",
    "balance": "1006593.61000000",
    "btcBalance": "0.00000000",
    "ethBalance": "0.00000000",
    "btcAddress": null,
    "ethAddress": null
  },
  {
    "id": 428,
    "userId": 167,
    "type": "crypto",
    "number": "4532015112830827884746380",
    "expiry": "03/28",
    "cvv": "395",
    "balance": "0.00000000",
    "btcBalance": "26.69250328",
    "ethBalance": "114.57271251",
    "btcAddress": "bc1167bo0dl98dc3ff26f6f61bd83d652c6922dd8221016bfa10b7cdad6142ea3585859",
    "ethAddress": "0x16708paxteb69dbc165dfaca93ae9ccf8df5df400f23bf7aa6529ca2f42307e0f71"
  },
  {
    "id": 429,
    "userId": 167,
    "type": "usd",
    "number": "5375414128030426379427711",
    "expiry": "03/28",
    "cvv": "314",
    "balance": "16076.20000000",
    "btcBalance": "0.00000000",
    "ethBalance": "0.00000000",
    "btcAddress": null,
    "ethAddress": null
  },
  {
    "id": 430,
    "userId": 167,
    "type": "uah",
    "number": "4532015112836439103760017",
    "expiry": "03/28",
    "cvv": "738",
    "balance": "1036904.83000000",
    "btcBalance": "0.00000000",
    "ethBalance": "0.00000000",
    "btcAddress": null,
    "ethAddress": null
  },
  {
    "id": 431,
    "userId": 168,
    "type": "crypto",
    "number": "4532015112830993488570478",
    "expiry": "03/28",
    "cvv": "320",
    "balance": "0.00000000",
    "btcBalance": "0.00000000",
    "ethBalance": "0.00000000",
    "btcAddress": "bc1168j8c9lpn0c3ff26f6f61bd83d652c6922dd8221016bfa10b7cdad6142ea3585859",
    "ethAddress": "0x168tc0k33eb69dbc165dfaca93ae9ccf8df5df400f23bf7aa6529ca2f42307e0f71"
  },
  {
    "id": 432,
    "userId": 168,
    "type": "usd",
    "number": "5375414128030854960027454",
    "expiry": "03/28",
    "cvv": "567",
    "balance": "0.00000000",
    "btcBalance": "0.00000000",
    "ethBalance": "0.00000000",
    "btcAddress": null,
    "ethAddress": null
  },
  {
    "id": 433,
    "userId": 168,
    "type": "uah",
    "number": "4532015112836179095420965",
    "expiry": "03/28",
    "cvv": "604",
    "balance": "0.00000000",
    "btcBalance": "0.00000000",
    "ethBalance": "0.00000000",
    "btcAddress": null,
    "ethAddress": null
  },
  {
    "id": 450,
    "userId": 176,
    "type": "crypto",
    "number": "4111681318130464",
    "expiry": "03/28",
    "cvv": "287",
    "balance": "0.00000000",
    "btcBalance": "0.00000000",
    "ethBalance": "0.00000000",
    "btcAddress": "bc106f0db3583529d8bd15eeaae04a28ac201a7cf",
    "ethAddress": "0x161a7d0f40ef698f2b007178f4217cd7ed6c02e6"
  },
  {
    "id": 451,
    "userId": 176,
    "type": "usd",
    "number": "4112142614294303",
    "expiry": "03/28",
    "cvv": "533",
    "balance": "0.00000000",
    "btcBalance": "0.00000000",
    "ethBalance": "0.00000000",
    "btcAddress": null,
    "ethAddress": null
  },
  {
    "id": 452,
    "userId": 176,
    "type": "uah",
    "number": "4113490605260678",
    "expiry": "03/28",
    "cvv": "502",
    "balance": "0.00000000",
    "btcBalance": "0.00000000",
    "ethBalance": "0.00000000",
    "btcAddress": null,
    "ethAddress": null
  },
  {
    "id": 366,
    "userId": 141,
    "type": "crypto",
    "number": "4532015112830005",
    "expiry": "03/28",
    "cvv": "726",
    "balance": "0.00000000",
    "btcBalance": "98721.43891000",
    "ethBalance": "194.27446904",
    "btcAddress": "bc1540516405f95eaa0f48ef31ac0fe5b5b5532be8c2806c638ce2ea89974a8a47",
    "ethAddress": "0x9a01ff4dd71872a9fdbdb550f58411efd0342dde9152180a031ff23e5f851df4"
  },
  {
    "id": 453,
    "userId": 200,
    "type": "crypto",
    "number": "4111335201489600",
    "expiry": "03/28",
    "cvv": "826",
    "balance": "0.00000000",
    "btcBalance": "0.00000000",
    "ethBalance": "0.00000000",
    "btcAddress": "bc1q77e3c53abbc3b26eb22c8f2db6ed381b1b602",
    "ethAddress": "0x979e6580956DBfa46df53E310d857a2D631FA654"
  },
  {
    "id": 454,
    "userId": 200,
    "type": "usd",
    "number": "4112028826587487",
    "expiry": "03/28",
    "cvv": "827",
    "balance": "0.00000000",
    "btcBalance": "0.00000000",
    "ethBalance": "0.00000000",
    "btcAddress": null,
    "ethAddress": null
  },
  {
    "id": 455,
    "userId": 200,
    "type": "uah",
    "number": "4113485062465817",
    "expiry": "03/28",
    "cvv": "945",
    "balance": "0.00000000",
    "btcBalance": "0.00000000",
    "ethBalance": "0.00000000",
    "btcAddress": null,
    "ethAddress": null
  },
  {
    "id": 456,
    "userId": 201,
    "type": "crypto",
    "number": "4111219985870871",
    "expiry": "03/28",
    "cvv": "687",
    "balance": "0.00000000",
    "btcBalance": "0.00000000",
    "ethBalance": "0.00000000",
    "btcAddress": "1babe0fa940ec9a581a683a97175eb09d4",
    "ethAddress": "0x74275FF5d659E40B3dF7D2A19A7958c708757dcA"
  },
  {
    "id": 457,
    "userId": 201,
    "type": "usd",
    "number": "4112817933130195",
    "expiry": "03/28",
    "cvv": "855",
    "balance": "0.00000000",
    "btcBalance": "0.00000000",
    "ethBalance": "0.00000000",
    "btcAddress": null,
    "ethAddress": null
  },
  {
    "id": 458,
    "userId": 201,
    "type": "uah",
    "number": "4113712022572499",
    "expiry": "03/28",
    "cvv": "305",
    "balance": "0.00000000",
    "btcBalance": "0.00000000",
    "ethBalance": "0.00000000",
    "btcAddress": null,
    "ethAddress": null
  },
  {
    "id": 459,
    "userId": 202,
    "type": "crypto",
    "number": "4111525638119467",
    "expiry": "03/28",
    "cvv": "226",
    "balance": "0.00000000",
    "btcBalance": "0.00000000",
    "ethBalance": "0.00000000",
    "btcAddress": "1C7ZvT5tas9NJYez9t7R8nYkuLBK49CJg",
    "ethAddress": "0x4F381c6dd0A76eFa31f0F9541a3A6899fF0f01f9"
  },
  {
    "id": 460,
    "userId": 202,
    "type": "usd",
    "number": "4112939681821517",
    "expiry": "03/28",
    "cvv": "349",
    "balance": "0.00000000",
    "btcBalance": "0.00000000",
    "ethBalance": "0.00000000",
    "btcAddress": null,
    "ethAddress": null
  },
  {
    "id": 461,
    "userId": 202,
    "type": "uah",
    "number": "4113254410744192",
    "expiry": "03/28",
    "cvv": "319",
    "balance": "0.00000000",
    "btcBalance": "0.00000000",
    "ethBalance": "0.00000000",
    "btcAddress": null,
    "ethAddress": null
  },
  {
    "id": 462,
    "userId": 203,
    "type": "crypto",
    "number": "4111359914566662",
    "expiry": "03/28",
    "cvv": "647",
    "balance": "0.00000000",
    "btcBalance": "0.00000000",
    "ethBalance": "0.00000000",
    "btcAddress": "1vJUCxFNBL7fiMiuCYtomDd4M7",
    "ethAddress": "0x871Df6536F1D15489b61682f99253a7844c230F6"
  },
  {
    "id": 463,
    "userId": 203,
    "type": "usd",
    "number": "4112283355639166",
    "expiry": "03/28",
    "cvv": "623",
    "balance": "0.00000000",
    "btcBalance": "0.00000000",
    "ethBalance": "0.00000000",
    "btcAddress": null,
    "ethAddress": null
  },
  {
    "id": 464,
    "userId": 203,
    "type": "uah",
    "number": "4113155844595715",
    "expiry": "03/28",
    "cvv": "808",
    "balance": "0.00000000",
    "btcBalance": "0.00000000",
    "ethBalance": "0.00000000",
    "btcAddress": null,
    "ethAddress": null
  },
  {
    "id": 465,
    "userId": 204,
    "type": "crypto",
    "number": "4111030975967910",
    "expiry": "03/28",
    "cvv": "393",
    "balance": "0.00000000",
    "btcBalance": "0.00000000",
    "ethBalance": "0.00000000",
    "btcAddress": "1cYswh1CRg89TWzDyvRMAdnyGBCwM",
    "ethAddress": "0xd38EE1ecaD1e2bF8d0bE213cd2Fe3Fd0dd9b9d67"
  },
  {
    "id": 466,
    "userId": 204,
    "type": "usd",
    "number": "4112884220609677",
    "expiry": "03/28",
    "cvv": "418",
    "balance": "0.00000000",
    "btcBalance": "0.00000000",
    "ethBalance": "0.00000000",
    "btcAddress": null,
    "ethAddress": null
  },
  {
    "id": 467,
    "userId": 204,
    "type": "uah",
    "number": "4113127005575566",
    "expiry": "03/28",
    "cvv": "951",
    "balance": "0.00000000",
    "btcBalance": "0.00000000",
    "ethBalance": "0.00000000",
    "btcAddress": null,
    "ethAddress": null
  }
]