{
  "users": [
    {
      "id": 141,
      "username": "admin",
      "password": "73992c62ca47be0e8d949ad8df64324bae8f542007c0f2ef886f1b39418963c8b4ccc9c63939340a0a0f9c96d170dd0705075c728a35c76e3c340650970417cc.32567ef87fc584ec22cea70d4dbd6f46",
      "is_regulator": true,
      "regulator_balance": "4389.12345678",
      "last_nft_generation": null,
      "nft_generation_count": 0
    },
    {
      "id": 142,
      "username": "Kich32",
      "password": "73992c62ca47be0e8d949ad8df64324bae8f542007c0f2ef886f1b39418963c8b4ccc9c63939340a0a0f9c96d170dd0705075c728a35c76e3c340650970417cc.32567ef87fc584ec22cea70d4dbd6f46",
      "is_regulator": false,
      "regulator_balance": "0.00000000",
      "last_nft_generation": null,
      "nft_generation_count": 0
    },
    {
      "id": 143,
      "username": "Tod Kolinsk",
      "password": "73992c62ca47be0e8d949ad8df64324bae8f542007c0f2ef886f1b39418963c8b4ccc9c63939340a0a0f9c96d170dd0705075c728a35c76e3c340650970417cc.32567ef87fc584ec22cea70d4dbd6f46",
      "is_regulator": false,
      "regulator_balance": "0.00000000",
      "last_nft_generation": null,
      "nft_generation_count": 0
    },
    {
      "id": 144,
      "username": "olektreyd@gmail.com",
      "password": "73992c62ca47be0e8d949ad8df64324bae8f542007c0f2ef886f1b39418963c8b4ccc9c63939340a0a0f9c96d170dd0705075c728a35c76e3c340650970417cc.32567ef87fc584ec22cea70d4dbd6f46",
      "is_regulator": false,
      "regulator_balance": "0.00000000",
      "last_nft_generation": null,
      "nft_generation_count": 0
    },
    {
      "id": 145,
      "username": "Nikita",
      "password": "73992c62ca47be0e8d949ad8df64324bae8f542007c0f2ef886f1b39418963c8b4ccc9c63939340a0a0f9c96d170dd0705075c728a35c76e3c340650970417cc.32567ef87fc584ec22cea70d4dbd6f46",
      "is_regulator": false,
      "regulator_balance": "0.00000000",
      "last_nft_generation": null,
      "nft_generation_count": 0
    },
    {
      "id": 146,
      "username": "Maksim4440432",
      "password": "73992c62ca47be0e8d949ad8df64324bae8f542007c0f2ef886f1b39418963c8b4ccc9c63939340a0a0f9c96d170dd0705075c728a35c76e3c340650970417cc.32567ef87fc584ec22cea70d4dbd6f46",
      "is_regulator": false,
      "regulator_balance": "0.00000000",
      "last_nft_generation": null,
      "nft_generation_count": 0
    },
    {
      "id": 147,
      "username": "user7",
      "password": "73992c62ca47be0e8d949ad8df64324bae8f542007c0f2ef886f1b39418963c8b4ccc9c63939340a0a0f9c96d170dd0705075c728a35c76e3c340650970417cc.32567ef87fc584ec22cea70d4dbd6f46",
      "is_regulator": false,
      "regulator_balance": "0.00000000",
      "last_nft_generation": null,
      "nft_generation_count": 0
    },
    {
      "id": 148,
      "username": "user8",
      "password": "73992c62ca47be0e8d949ad8df64324bae8f542007c0f2ef886f1b39418963c8b4ccc9c63939340a0a0f9c96d170dd0705075c728a35c76e3c340650970417cc.32567ef87fc584ec22cea70d4dbd6f46",
      "is_regulator": false,
      "regulator_balance": "0.00000000",
      "last_nft_generation": null,
      "nft_generation_count": 0
    },
    {
      "id": 149,
      "username": "user9",
      "password": "73992c62ca47be0e8d949ad8df64324bae8f542007c0f2ef886f1b39418963c8b4ccc9c63939340a0a0f9c96d170dd0705075c728a35c76e3c340650970417cc.32567ef87fc584ec22cea70d4dbd6f46",
      "is_regulator": false,
      "regulator_balance": "0.00000000",
      "last_nft_generation": null,
      "nft_generation_count": 0
    },
    {
      "id": 150,
      "username": "user10",
      "password": "73992c62ca47be0e8d949ad8df64324bae8f542007c0f2ef886f1b39418963c8b4ccc9c63939340a0a0f9c96d170dd0705075c728a35c76e3c340650970417cc.32567ef87fc584ec22cea70d4dbd6f46",
      "is_regulator": false,
      "regulator_balance": "0.00000000",
      "last_nft_generation": null,
      "nft_generation_count": 0
    },
    {
      "id": 151,
      "username": "user11",
      "password": "73992c62ca47be0e8d949ad8df64324bae8f542007c0f2ef886f1b39418963c8b4ccc9c63939340a0a0f9c96d170dd0705075c728a35c76e3c340650970417cc.32567ef87fc584ec22cea70d4dbd6f46",
      "is_regulator": false,
      "regulator_balance": "0.00000000",
      "last_nft_generation": null,
      "nft_generation_count": 0
    },
    {
      "id": 152,
      "username": "user12",
      "password": "73992c62ca47be0e8d949ad8df64324bae8f542007c0f2ef886f1b39418963c8b4ccc9c63939340a0a0f9c96d170dd0705075c728a35c76e3c340650970417cc.32567ef87fc584ec22cea70d4dbd6f46",
      "is_regulator": false,
      "regulator_balance": "0.00000000",
      "last_nft_generation": null,
      "nft_generation_count": 0
    },
    {
      "id": 153,
      "username": "user13",
      "password": "73992c62ca47be0e8d949ad8df64324bae8f542007c0f2ef886f1b39418963c8b4ccc9c63939340a0a0f9c96d170dd0705075c728a35c76e3c340650970417cc.32567ef87fc584ec22cea70d4dbd6f46",
      "is_regulator": false,
      "regulator_balance": "0.00000000",
      "last_nft_generation": null,
      "nft_generation_count": 0
    },
    {
      "id": 154,
      "username": "user14",
      "password": "73992c62ca47be0e8d949ad8df64324bae8f542007c0f2ef886f1b39418963c8b4ccc9c63939340a0a0f9c96d170dd0705075c728a35c76e3c340650970417cc.32567ef87fc584ec22cea70d4dbd6f46",
      "is_regulator": false,
      "regulator_balance": "0.00000000",
      "last_nft_generation": null,
      "nft_generation_count": 0
    },
    {
      "id": 155,
      "username": "user15",
      "password": "73992c62ca47be0e8d949ad8df64324bae8f542007c0f2ef886f1b39418963c8b4ccc9c63939340a0a0f9c96d170dd0705075c728a35c76e3c340650970417cc.32567ef87fc584ec22cea70d4dbd6f46",
      "is_regulator": false,
      "regulator_balance": "0.00000000",
      "last_nft_generation": null,
      "nft_generation_count": 0
    },
    {
      "id": 156,
      "username": "user16",
      "password": "73992c62ca47be0e8d949ad8df64324bae8f542007c0f2ef886f1b39418963c8b4ccc9c63939340a0a0f9c96d170dd0705075c728a35c76e3c340650970417cc.32567ef87fc584ec22cea70d4dbd6f46",
      "is_regulator": false,
      "regulator_balance": "0.00000000",
      "last_nft_generation": null,
      "nft_generation_count": 0
    },
    {
      "id": 157,
      "username": "user17",
      "password": "73992c62ca47be0e8d949ad8df64324bae8f542007c0f2ef886f1b39418963c8b4ccc9c63939340a0a0f9c96d170dd0705075c728a35c76e3c340650970417cc.32567ef87fc584ec22cea70d4dbd6f46",
      "is_regulator": false,
      "regulator_balance": "0.00000000",
      "last_nft_generation": null,
      "nft_generation_count": 0
    },
    {
      "id": 158,
      "username": "user18",
      "password": "73992c62ca47be0e8d949ad8df64324bae8f542007c0f2ef886f1b39418963c8b4ccc9c63939340a0a0f9c96d170dd0705075c728a35c76e3c340650970417cc.32567ef87fc584ec22cea70d4dbd6f46",
      "is_regulator": false,
      "regulator_balance": "0.00000000",
      "last_nft_generation": null,
      "nft_generation_count": 0
    },
    {
      "id": 159,
      "username": "user19",
      "password": "73992c62ca47be0e8d949ad8df64324bae8f542007c0f2ef886f1b39418963c8b4ccc9c63939340a0a0f9c96d170dd0705075c728a35c76e3c340650970417cc.32567ef87fc584ec22cea70d4dbd6f46",
      "is_regulator": false,
      "regulator_balance": "0.00000000",
      "last_nft_generation": null,
      "nft_generation_count": 0
    },
    {
      "id": 160,
      "username": "user20",
      "password": "73992c62ca47be0e8d949ad8df64324bae8f542007c0f2ef886f1b39418963c8b4ccc9c63939340a0a0f9c96d170dd0705075c728a35c76e3c340650970417cc.32567ef87fc584ec22cea70d4dbd6f46",
      "is_regulator": false,
      "regulator_balance": "0.00000000",
      "last_nft_generation": null,
      "nft_generation_count": 0
    }
  ],
  "cards": [
    {
      "id": 362,
      "userId": 142,
      "type": "crypto",
      "number": "4532015112830001",
      "expiry": "03/28",
      "cvv": "930",
      "balance": "0.00000000",
      "btcBalance": "45.43579632",
      "ethBalance": "133.76676173",
      "btcAddress": "bc117949e69fe598e96939ca6cd59b0d0346803d1790cec5f774c0e19475d20bcf7",
      "ethAddress": "0x41267b16753eef14230e05fa03621d2104edb3003c02159b3ad8b18c7ef4534b"
    },
    {
      "id": 363,
      "userId": 146,
      "type": "crypto",
      "number": "4532015112830002",
      "expiry": "03/28",
      "cvv": "951",
      "balance": "0.00000000",
      "btcBalance": "32.62736002",
      "ethBalance": "327.32164708",
      "btcAddress": "bc170aeaf9f0583da564268f81be025ce876574220529fb7e84f99b11d55bf44a4c",
      "ethAddress": "0x8bcd6e3a4315f39d5e267fd43fc5bcd2c5d35ab851467ed074c2d878b84cc2a1"
    },
    {
      "id": 364,
      "userId": 145,
      "type": "crypto",
      "number": "4532015112830003",
      "expiry": "03/28",
      "cvv": "923",
      "balance": "0.00000000",
      "btcBalance": "43.67868899",
      "ethBalance": "364.01348143",
      "btcAddress": "bc1972fea1da8feab69f6affbc6f39ace2cb434e48dfebb63357b4bdff7185ad194",
      "ethAddress": "0x6385436919bffebc04e9fffdb50ee57614a674a9e093cf1af2264079c4298b4c"
    },
    {
      "id": 365,
      "userId": 143,
      "type": "crypto",
      "number": "4532015112830004",
      "expiry": "03/28",
      "cvv": "123",
      "balance": "0.00000000",
      "btcBalance": "22.58339722",
      "ethBalance": "318.16790383",
      "btcAddress": "bc1002a85d559f6ad5e9a011663c30a64e48d44fb42c5f6a1abad653eeffd5e859d",
      "ethAddress": "0x6026b261c16341f8864a5b92831e1ad410a68ab1783bfab5df7542fcf841ed8c"
    },
    {
      "id": 366,
      "userId": 141,
      "type": "crypto",
      "number": "4532015112830005",
      "expiry": "03/28",
      "cvv": "726",
      "balance": "0.00000000",
      "btcBalance": "21.05421218",
      "ethBalance": "194.27446904",
      "btcAddress": "bc1540516405f95eaa0f48ef31ac0fe5b5b5532be8c2806c63a8ce2ea89974a8a47",
      "ethAddress": "0x9a01ff4dd71872a9fdbdb550f58411efd0342dde9152180a031ff23e5f851df4"
    },
    {
      "id": 367,
      "userId": 144,
      "type": "crypto",
      "number": "4532015112830006",
      "expiry": "03/28",
      "cvv": "217",
      "balance": "0.00000000",
      "btcBalance": "14.35662968",
      "ethBalance": "441.20007698",
      "btcAddress": "bc1280c3ff26f6f61bd83d652c6922dd8221016bfa10b7cdad6142ea35858591dbb",
      "ethAddress": "0x72eb69dbc165dfaca93ae9ccf8df5df400f23bf7aa6529ca2f42307e0f719468"
    },
    {
      "id": 368,
      "userId": 150,
      "type": "crypto",
      "number": "4532015112830007",
      "expiry": "03/28",
      "cvv": "319",
      "balance": "0.00000000",
      "btcBalance": "18.69362515",
      "ethBalance": "337.67348579",
      "btcAddress": "bc10d17b293c6c442c3356c0f5eba1740472a076526901ee0ae891041d9f4bfa9cd",
      "ethAddress": "0xff7f591eff622e1d6e5bb0d72f51398106f8bc401abda7109b4d8471f70fe4e9"
    },
    {
      "id": 369,
      "userId": 151,
      "type": "crypto",
      "number": "4532015112830008",
      "expiry": "03/28",
      "cvv": "589",
      "balance": "0.00000000",
      "btcBalance": "39.07166031",
      "ethBalance": "471.67647453",
      "btcAddress": "bc1c080b6aa5a0d9a520892fca4c8068c8c8e9c9e3be160fc88f7cc5ed6018a152d",
      "ethAddress": "0x860fa174eb5c86e00d605391b599eb934c338d886a215038955d9968031c6bfb"
    },
    {
      "id": 370,
      "userId": 152,
      "type": "crypto",
      "number": "4532015112830009",
      "expiry": "03/28",
      "cvv": "722",
      "balance": "0.00000000",
      "btcBalance": "18.25905442",
      "ethBalance": "294.38257219",
      "btcAddress": "bc1bbf9d63cb105f1cd213ed3404e702d0473d5c19cc3deff59875af7a709037a60",
      "ethAddress": "0x2d7c897453cfaba0d5040cc007632fd6d640f7ea4274b059940d7a1b07a6f0d4"
    },
    {
      "id": 371,
      "userId": 153,
      "type": "crypto",
      "number": "4532015112830010",
      "expiry": "03/28",
      "cvv": "452",
      "balance": "0.00000000",
      "btcBalance": "32.67041977",
      "ethBalance": "184.42012198",
      "btcAddress": "bc145c2e22acab01aa141c027025645d54c10abfe3dae82bd980a751d23af2d18f1",
      "ethAddress": "0x31d8d1c35be6008e7e00778f7a049f2e0666cd0e66b0617c638bf6fc95cfa255"
    },
    {
      "id": 372,
      "userId": 154,
      "type": "crypto",
      "number": "4532015112830011",
      "expiry": "03/28",
      "cvv": "470",
      "balance": "0.00000000",
      "btcBalance": "37.39441602",
      "ethBalance": "268.15780697",
      "btcAddress": "bc1bd44dfd122374301e998cdb2dd3c089829e18ff4759174c3f20b8b9de8100196",
      "ethAddress": "0x0aa4a5a47bffe0a77777aaf85ac105377f51260e84e998fcd59bd6717c38da8d"
    },
    {
      "id": 373,
      "userId": 155,
      "type": "crypto",
      "number": "4532015112830012",
      "expiry": "03/28",
      "cvv": "385",
      "balance": "0.00000000",
      "btcBalance": "29.67961300",
      "ethBalance": "359.74882066",
      "btcAddress": "bc16aaf2fcd6dcd804f105655126d280ceff43743c2ea10b0e5e7eb3d34b737f45e",
      "ethAddress": "0xbf0df26ffc7abef5ad1b1225fb20f7da09fd4a1e32e08cc120ca6333290da316"
    },
    {
      "id": 374,
      "userId": 156,
      "type": "crypto",
      "number": "4532015112830013",
      "expiry": "03/28",
      "cvv": "489",
      "balance": "0.00000000",
      "btcBalance": "13.53072912",
      "ethBalance": "336.21483217",
      "btcAddress": "bc17d3ac6a6f6db3293df3d3a32ee12580496429d6438d774f8051dd77c75b39f21",
      "ethAddress": "0xcb6e422e08efc8d3e05feacaba9c93aa446f83976e2f92c34d1c783a05730819"
    },
    {
      "id": 375,
      "userId": 157,
      "type": "crypto",
      "number": "4532015112830014",
      "expiry": "03/28",
      "cvv": "376",
      "balance": "0.00000000",
      "btcBalance": "46.41309524",
      "ethBalance": "450.87164412",
      "btcAddress": "bc1b538070fa273f977cd72815dd1c11eb3e6d5baa3fbf0e171fcbf79b148577748",
      "ethAddress": "0x0c4fb5a6a9c5079065ec78252e9599a9e61cba73986601ce1c24249e7af71a6a"
    },
    {
      "id": 376,
      "userId": 158,
      "type": "crypto",
      "number": "4532015112830015",
      "expiry": "03/28",
      "cvv": "376",
      "balance": "0.00000000",
      "btcBalance": "12.96130683",
      "ethBalance": "329.13438675",
      "btcAddress": "bc11d74524597c78a49056c56c2049b44cfffe9326dd4803732fc4e21c35fbd17f3",
      "ethAddress": "0xb3e9e376ae72c821299050c2e67f6f9b3ebe117237060f07fd340ce0f2fa0876"
    },
    {
      "id": 377,
      "userId": 159,
      "type": "crypto",
      "number": "4532015112830016",
      "expiry": "03/28",
      "cvv": "137",
      "balance": "0.00000000",
      "btcBalance": "14.86529043",
      "ethBalance": "103.46385553",
      "btcAddress": "bc1785eb5fb0df4f430a66c608c505e3e7d448be3a76d38d8067a13d52552f3770d",
      "ethAddress": "0xbd754e6018ab1f098a62392d44f29d9d4a351a1315dd663c2811f1c9f4128a7b"
    },
    {
      "id": 378,
      "userId": 160,
      "type": "crypto",
      "number": "4532015112830017",
      "expiry": "03/28",
      "cvv": "914",
      "balance": "0.00000000",
      "btcBalance": "18.73880898",
      "ethBalance": "357.62044771",
      "btcAddress": "bc15b1577837edf150577ab0c778113d50f488dcb5266bd9f636b4e5d44410a150c",
      "ethAddress": "0x6df8cb6e4976f6af8a4789e5335dac117305a0bad097b4b26a7a79b42e3d627f"
    },
    {
      "id": 379,
      "userId": 147,
      "type": "crypto",
      "number": "4532015112830018",
      "expiry": "03/28",
      "cvv": "519",
      "balance": "0.00000000",
      "btcBalance": "32.52944691",
      "ethBalance": "327.94834837",
      "btcAddress": "bc1554c543f0818615bf7cc9142eb4b2495bfa8242482e07ca63c11cb6759514a10",
      "ethAddress": "0x93d438bc60dc1f437b3c4e24ad0f9c6e672d8a9d86842b4d975c11c70ee8e62e"
    },
    {
      "id": 380,
      "userId": 148,
      "type": "crypto",
      "number": "4532015112830019",
      "expiry": "03/28",
      "cvv": "139",
      "balance": "0.00000000",
      "btcBalance": "25.68415160",
      "ethBalance": "112.26071248",
      "btcAddress": "bc170eaf55dd9fae8582b0f65a601b4199eac79fef95c487bb7c2e3d1e3ab3b5a25",
      "ethAddress": "0x9dd3f7284509b8e09b634db06814895975fabac6514cd9db49052edc4616358c"
    },
    {
      "id": 381,
      "userId": 149,
      "type": "crypto",
      "number": "4532015112830020",
      "expiry": "03/28",
      "cvv": "529",
      "balance": "0.00000000",
      "btcBalance": "32.14119490",
      "ethBalance": "173.94484720",
      "btcAddress": "bc127abd527abfe57e7a747c412ca6e9d1ae43e88fc5ab9ba9337dd91f6a61139b9",
      "ethAddress": "0x2d1372f443c36361cbfb0945def63ac308e7f84638e63c022c1b8fedd57de456"
    },
    {
      "id": 382,
      "userId": 142,
      "type": "uah",
      "number": "4532015112836001",
      "expiry": "03/28",
      "cvv": "928",
      "balance": "6913841.67021890",
      "btcBalance": "0.00000000",
      "ethBalance": "0.00000000",
      "btcAddress": null,
      "ethAddress": null
    },
    {
      "id": 383,
      "userId": 146,
      "type": "uah",
      "number": "4532015112836002",
      "expiry": "03/28",
      "cvv": "658",
      "balance": "7083337.09567490",
      "btcBalance": "0.00000000",
      "ethBalance": "0.00000000",
      "btcAddress": null,
      "ethAddress": null
    },
    {
      "id": 384,
      "userId": 145,
      "type": "uah",
      "number": "4532015112836003",
      "expiry": "03/28",
      "cvv": "242",
      "balance": "9851009.93905452",
      "btcBalance": "0.00000000",
      "ethBalance": "0.00000000",
      "btcAddress": null,
      "ethAddress": null
    },
    {
      "id": 385,
      "userId": 143,
      "type": "uah",
      "number": "4532015112836004",
      "expiry": "03/28",
      "cvv": "423",
      "balance": "7923283.18190621",
      "btcBalance": "0.00000000",
      "ethBalance": "0.00000000",
      "btcAddress": null,
      "ethAddress": null
    },
    {
      "id": 386,
      "userId": 141,
      "type": "uah",
      "number": "4532015112836005",
      "expiry": "03/28",
      "cvv": "371",
      "balance": "6572497.12557067",
      "btcBalance": "0.00000000",
      "ethBalance": "0.00000000",
      "btcAddress": null,
      "ethAddress": null
    },
    {
      "id": 387,
      "userId": 144,
      "type": "uah",
      "number": "4532015112836006",
      "expiry": "03/28",
      "cvv": "280",
      "balance": "6223613.58970849",
      "btcBalance": "0.00000000",
      "ethBalance": "0.00000000",
      "btcAddress": null,
      "ethAddress": null
    },
    {
      "id": 388,
      "userId": 150,
      "type": "uah",
      "number": "4532015112836007",
      "expiry": "03/28",
      "cvv": "558",
      "balance": "8402598.13537262",
      "btcBalance": "0.00000000",
      "ethBalance": "0.00000000",
      "btcAddress": null,
      "ethAddress": null
    },
    {
      "id": 389,
      "userId": 151,
      "type": "uah",
      "number": "4532015112836008",
      "expiry": "03/28",
      "cvv": "963",
      "balance": "8756060.86431791",
      "btcBalance": "0.00000000",
      "ethBalance": "0.00000000",
      "btcAddress": null,
      "ethAddress": null
    },
    {
      "id": 390,
      "userId": 152,
      "type": "uah",
      "number": "4532015112836009",
      "expiry": "03/28",
      "cvv": "160",
      "balance": "4672327.81352261",
      "btcBalance": "0.00000000",
      "ethBalance": "0.00000000",
      "btcAddress": null,
      "ethAddress": null
    },
    {
      "id": 391,
      "userId": 153,
      "type": "uah",
      "number": "4532015112836010",
      "expiry": "03/28",
      "cvv": "577",
      "balance": "7754618.11977221",
      "btcBalance": "0.00000000",
      "ethBalance": "0.00000000",
      "btcAddress": null,
      "ethAddress": null
    },
    {
      "id": 392,
      "userId": 154,
      "type": "uah",
      "number": "4532015112836011",
      "expiry": "03/28",
      "cvv": "623",
      "balance": "8877980.65607299",
      "btcBalance": "0.00000000",
      "ethBalance": "0.00000000",
      "btcAddress": null,
      "ethAddress": null
    },
    {
      "id": 393,
      "userId": 155,
      "type": "uah",
      "number": "4532015112836012",
      "expiry": "03/28",
      "cvv": "595",
      "balance": "8885007.24071567",
      "btcBalance": "0.00000000",
      "ethBalance": "0.00000000",
      "btcAddress": null,
      "ethAddress": null
    },
    {
      "id": 394,
      "userId": 156,
      "type": "uah",
      "number": "4532015112836013",
      "expiry": "03/28",
      "cvv": "635",
      "balance": "6499774.28006412",
      "btcBalance": "0.00000000",
      "ethBalance": "0.00000000",
      "btcAddress": null,
      "ethAddress": null
    },
    {
      "id": 395,
      "userId": 157,
      "type": "uah",
      "number": "4532015112836014",
      "expiry": "03/28",
      "cvv": "601",
      "balance": "5928751.18486768",
      "btcBalance": "0.00000000",
      "ethBalance": "0.00000000",
      "btcAddress": null,
      "ethAddress": null
    },
    {
      "id": 396,
      "userId": 158,
      "type": "uah",
      "number": "4532015112836015",
      "expiry": "03/28",
      "cvv": "374",
      "balance": "9888131.74358753",
      "btcBalance": "0.00000000",
      "ethBalance": "0.00000000",
      "btcAddress": null,
      "ethAddress": null
    },
    {
      "id": 397,
      "userId": 159,
      "type": "uah",
      "number": "4532015112836016",
      "expiry": "03/28",
      "cvv": "937",
      "balance": "9789504.11042261",
      "btcBalance": "0.00000000",
      "ethBalance": "0.00000000",
      "btcAddress": null,
      "ethAddress": null
    },
    {
      "id": 398,
      "userId": 160,
      "type": "uah",
      "number": "4532015112836017",
      "expiry": "03/28",
      "cvv": "839",
      "balance": "6931728.71113330",
      "btcBalance": "0.00000000",
      "ethBalance": "0.00000000",
      "btcAddress": null,
      "ethAddress": null
    },
    {
      "id": 399,
      "userId": 147,
      "type": "uah",
      "number": "4532015112836018",
      "expiry": "03/28",
      "cvv": "211",
      "balance": "4132279.78928027",
      "btcBalance": "0.00000000",
      "ethBalance": "0.00000000",
      "btcAddress": null,
      "ethAddress": null
    },
    {
      "id": 400,
      "userId": 148,
      "type": "uah",
      "number": "4532015112836019",
      "expiry": "03/28",
      "cvv": "373",
      "balance": "5937401.90224242",
      "btcBalance": "0.00000000",
      "ethBalance": "0.00000000",
      "btcAddress": null,
      "ethAddress": null
    },
    {
      "id": 401,
      "userId": 149,
      "type": "uah",
      "number": "4532015112836020",
      "expiry": "03/28",
      "cvv": "573",
      "balance": "9731419.65950937",
      "btcBalance": "0.00000000",
      "ethBalance": "0.00000000",
      "btcAddress": null,
      "ethAddress": null
    },
    {
      "id": 402,
      "userId": 142,
      "type": "usd",
      "number": "5375414128030001",
      "expiry": "03/28",
      "cvv": "841",
      "balance": "731587.43541099",
      "btcBalance": "0.00000000",
      "ethBalance": "0.00000000",
      "btcAddress": null,
      "ethAddress": null
    },
    {
      "id": 403,
      "userId": 146,
      "type": "usd",
      "number": "5375414128030002",
      "expiry": "03/28",
      "cvv": "519",
      "balance": "701499.64664055",
      "btcBalance": "0.00000000",
      "ethBalance": "0.00000000",
      "btcAddress": null,
      "ethAddress": null
    },
    {
      "id": 404,
      "userId": 145,
      "type": "usd",
      "number": "5375414128030003",
      "expiry": "03/28",
      "cvv": "699",
      "balance": "600110.24599507",
      "btcBalance": "0.00000000",
      "ethBalance": "0.00000000",
      "btcAddress": null,
      "ethAddress": null
    },
    {
      "id": 405,
      "userId": 143,
      "type": "usd",
      "number": "5375414128030004",
      "expiry": "03/28",
      "cvv": "540",
      "balance": "847658.00836424",
      "btcBalance": "0.00000000",
      "ethBalance": "0.00000000",
      "btcAddress": null,
      "ethAddress": null
    },
    {
      "id": 406,
      "userId": 141,
      "type": "usd",
      "number": "5375414128030005",
      "expiry": "03/28",
      "cvv": "562",
      "balance": "768699.22298561",
      "btcBalance": "0.00000000",
      "ethBalance": "0.00000000",
      "btcAddress": null,
      "ethAddress": null
    },
    {
      "id": 407,
      "userId": 144,
      "type": "usd",
      "number": "5375414128030006",
      "expiry": "03/28",
      "cvv": "256",
      "balance": "427212.97356776",
      "btcBalance": "0.00000000",
      "ethBalance": "0.00000000",
      "btcAddress": null,
      "ethAddress": null
    },
    {
      "id": 408,
      "userId": 150,
      "type": "usd",
      "number": "5375414128030007",
      "expiry": "03/28",
      "cvv": "891",
      "balance": "314854.05527885",
      "btcBalance": "0.00000000",
      "ethBalance": "0.00000000",
      "btcAddress": null,
      "ethAddress": null
    },
    {
      "id": 409,
      "userId": 151,
      "type": "usd",
      "number": "5375414128030008",
      "expiry": "03/28",
      "cvv": "335",
      "balance": "286942.91089693",
      "btcBalance": "0.00000000",
      "ethBalance": "0.00000000",
      "btcAddress": null,
      "ethAddress": null
    },
    {
      "id": 410,
      "userId": 152,
      "type": "usd",
      "number": "5375414128030009",
      "expiry": "03/28",
      "cvv": "657",
      "balance": "366802.62356877",
      "btcBalance": "0.00000000",
      "ethBalance": "0.00000000",
      "btcAddress": null,
      "ethAddress": null
    },
    {
      "id": 411,
      "userId": 153,
      "type": "usd",
      "number": "5375414128030010",
      "expiry": "03/28",
      "cvv": "681",
      "balance": "250936.56972435",
      "btcBalance": "0.00000000",
      "ethBalance": "0.00000000",
      "btcAddress": null,
      "ethAddress": null
    },
    {
      "id": 412,
      "userId": 154,
      "type": "usd",
      "number": "5375414128030011",
      "expiry": "03/28",
      "cvv": "855",
      "balance": "750531.41634288",
      "btcBalance": "0.00000000",
      "ethBalance": "0.00000000",
      "btcAddress": null,
      "ethAddress": null
    },
    {
      "id": 413,
      "userId": 155,
      "type": "usd",
      "number": "5375414128030012",
      "expiry": "03/28",
      "cvv": "504",
      "balance": "741385.66058828",
      "btcBalance": "0.00000000",
      "ethBalance": "0.00000000",
      "btcAddress": null,
      "ethAddress": null
    },
    {
      "id": 414,
      "userId": 156,
      "type": "usd",
      "number": "5375414128030013",
      "expiry": "03/28",
      "cvv": "717",
      "balance": "643638.65175083",
      "btcBalance": "0.00000000",
      "ethBalance": "0.00000000",
      "btcAddress": null,
      "ethAddress": null
    },
    {
      "id": 415,
      "userId": 157,
      "type": "usd",
      "number": "5375414128030014",
      "expiry": "03/28",
      "cvv": "812",
      "balance": "711212.90156501",
      "btcBalance": "0.00000000",
      "ethBalance": "0.00000000",
      "btcAddress": null,
      "ethAddress": null
    },
    {
      "id": 416,
      "userId": 158,
      "type": "usd",
      "number": "5375414128030015",
      "expiry": "03/28",
      "cvv": "656",
      "balance": "438798.86476268",
      "btcBalance": "0.00000000",
      "ethBalance": "0.00000000",
      "btcAddress": null,
      "ethAddress": null
    },
    {
      "id": 417,
      "userId": 159,
      "type": "usd",
      "number": "5375414128030016",
      "expiry": "03/28",
      "cvv": "774",
      "balance": "606987.08215269",
      "btcBalance": "0.00000000",
      "ethBalance": "0.00000000",
      "btcAddress": null,
      "ethAddress": null
    },
    {
      "id": 418,
      "userId": 160,
      "type": "usd",
      "number": "5375414128030017",
      "expiry": "03/28",
      "cvv": "705",
      "balance": "856151.16727850",
      "btcBalance": "0.00000000",
      "ethBalance": "0.00000000",
      "btcAddress": null,
      "ethAddress": null
    },
    {
      "id": 419,
      "userId": 147,
      "type": "usd",
      "number": "5375414128030018",
      "expiry": "03/28",
      "cvv": "765",
      "balance": "951842.06850621",
      "btcBalance": "0.00000000",
      "ethBalance": "0.00000000",
      "btcAddress": null,
      "ethAddress": null
    },
    {
      "id": 420,
      "userId": 148,
      "type": "usd",
      "number": "5375414128030019",
      "expiry": "03/28",
      "cvv": "100",
      "balance": "568678.55515246",
      "btcBalance": "0.00000000",
      "ethBalance": "0.00000000",
      "btcAddress": null,
      "ethAddress": null
    },
    {
      "id": 421,
      "userId": 149,
      "type": "usd",
      "number": "5375414128030020",
      "expiry": "03/28",
      "cvv": "727",
      "balance": "921422.83188852",
      "btcBalance": "0.00000000",
      "ethBalance": "0.00000000",
      "btcAddress": null,
      "ethAddress": null
    }
  ],
  "transactions": [
    {
      "id": 601,
      "fromCardId": 373,
      "toCardId": 364,
      "amount": "1.00086007",
      "convertedAmount": "1.00086007",
      "type": "transfer",
      "wallet": null,
      "status": "completed",
      "createdAt": "2025-03-05T18:19:24.330Z",
      "description": "Перевод user15 → Nikita 1.00086007 BTC",
      "fromCardNumber": "4532015112830012",
      "toCardNumber": "4532015112830003"
    },
    {
      "id": 602,
      "fromCardId": 416,
      "toCardId": 405,
      "amount": "10097.95589112",
      "convertedAmount": "10097.95589112",
      "type": "transfer",
      "wallet": null,
      "status": "completed",
      "createdAt": "2025-03-05T16:42:54.114Z",
      "description": "Перевод user18 → Tod Kolinsk 10097.95589112 USD",
      "fromCardNumber": "5375414128030015",
      "toCardNumber": "5375414128030004"
    },
    {
      "id": 603,
      "fromCardId": 404,
      "toCardId": 421,
      "amount": "10133.43676037",
      "convertedAmount": "10133.43676037",
      "type": "transfer",
      "wallet": null,
      "status": "completed",
      "createdAt": "2025-03-05T16:04:34.954Z",
      "description": "Перевод Nikita → user9 10133.43676037 USD",
      "fromCardNumber": "5375414128030003",
      "toCardNumber": "5375414128030020"
    },
    {
      "id": 604,
      "fromCardId": 414,
      "toCardId": 404,
      "amount": "10146.91503661",
      "convertedAmount": "10146.91503661",
      "type": "transfer",
      "wallet": null,
      "status": "completed",
      "createdAt": "2025-03-05T15:50:01.561Z",
      "description": "Перевод user16 → Nikita 10146.91503661 USD",
      "fromCardNumber": "5375414128030013",
      "toCardNumber": "5375414128030003"
    },
    {
      "id": 605,
      "fromCardId": 408,
      "toCardId": 421,
      "amount": "10149.63155206",
      "convertedAmount": "10149.63155206",
      "type": "transfer",
      "wallet": null,
      "status": "completed",
      "createdAt": "2025-03-05T15:47:05.531Z",
      "description": "Перевод user10 → user9 10149.63155206 USD",
      "fromCardNumber": "5375414128030007",
      "toCardNumber": "5375414128030020"
    },
    {
      "id": 606,
      "fromCardId": 367,
      "toCardId": 379,
      "amount": "1.02437995",
      "convertedAmount": "1.02437995",
      "type": "transfer",
      "wallet": null,
      "status": "completed",
      "createdAt": "2025-03-05T14:05:23.451Z",
      "description": "Перевод olektreyd@gmail.com → user7 1.02437995 BTC",
      "fromCardNumber": "4532015112830006",
      "toCardNumber": "4532015112830018"
    },
    {
      "id": 607,
      "fromCardId": 392,
      "toCardId": 384,
      "amount": "102588.94178411",
      "convertedAmount": "102588.94178411",
      "type": "transfer",
      "wallet": null,
      "status": "completed",
      "createdAt": "2025-03-05T13:49:05.313Z",
      "description": "Перевод user14 → Nikita 102588.94178411 UAH",
      "fromCardNumber": "4532015112836011",
      "toCardNumber": "4532015112836003"
    },
    {
      "id": 608,
      "fromCardId": 401,
      "toCardId": 385,
      "amount": "103856.28790206",
      "convertedAmount": "103856.28790206",
      "type": "transfer",
      "wallet": null,
      "status": "completed",
      "createdAt": "2025-03-05T11:32:12.910Z",
      "description": "Перевод user9 → Tod Kolinsk 103856.28790206 UAH",
      "fromCardNumber": "4532015112836020",
      "toCardNumber": "4532015112836004"
    },
    {
      "id": 609,
      "fromCardId": 385,
      "toCardId": 384,
      "amount": "104245.28433197",
      "convertedAmount": "104245.28433197",
      "type": "transfer",
      "wallet": null,
      "status": "completed",
      "createdAt": "2025-03-05T10:50:12.213Z",
      "description": "Перевод Tod Kolinsk → Nikita 104245.28433197 UAH",
      "fromCardNumber": "4532015112836004",
      "toCardNumber": "4532015112836003"
    },
    {
      "id": 610,
      "fromCardId": 376,
      "toCardId": 378,
      "amount": "1.04285825",
      "convertedAmount": "1.04285825",
      "type": "transfer",
      "wallet": null,
      "status": "completed",
      "createdAt": "2025-03-05T10:45:49.507Z",
      "description": "Перевод user18 → user20 1.04285825 BTC",
      "fromCardNumber": "4532015112830015",
      "toCardNumber": "4532015112830017"
    },
    {
      "id": 611,
      "fromCardId": 385,
      "toCardId": 392,
      "amount": "104367.54055483",
      "convertedAmount": "104367.54055483",
      "type": "transfer",
      "wallet": null,
      "status": "completed",
      "createdAt": "2025-03-05T10:36:59.993Z",
      "description": "Перевод Tod Kolinsk → user14 104367.54055483 UAH",
      "fromCardNumber": "4532015112836004",
      "toCardNumber": "4532015112836011"
    },
    {
      "id": 612,
      "fromCardId": 381,
      "toCardId": 380,
      "amount": "1.04681329",
      "convertedAmount": "1.04681329",
      "type": "transfer",
      "wallet": null,
      "status": "completed",
      "createdAt": "2025-03-05T10:03:06.645Z",
      "description": "Перевод user9 → user8 1.04681329 BTC",
      "fromCardNumber": "4532015112830020",
      "toCardNumber": "4532015112830019"
    },
    {
      "id": 613,
      "fromCardId": 404,
      "toCardId": 412,
      "amount": "10505.54649150",
      "convertedAmount": "10505.54649150",
      "type": "transfer",
      "wallet": null,
      "status": "completed",
      "createdAt": "2025-03-05T09:22:42.243Z",
      "description": "Перевод Nikita → user14 10505.54649150 USD",
      "fromCardNumber": "5375414128030003",
      "toCardNumber": "5375414128030011"
    },
    {
      "id": 614,
      "fromCardId": 365,
      "toCardId": 374,
      "amount": "1.05574681",
      "convertedAmount": "1.05574681",
      "type": "transfer",
      "wallet": null,
      "status": "completed",
      "createdAt": "2025-03-05T08:26:37.722Z",
      "description": "Перевод Tod Kolinsk → user16 1.05574681 BTC",
      "fromCardNumber": "4532015112830004",
      "toCardNumber": "4532015112830013"
    },
    {
      "id": 615,
      "fromCardId": 400,
      "toCardId": 388,
      "amount": "105787.84497013",
      "convertedAmount": "105787.84497013",
      "type": "transfer",
      "wallet": null,
      "status": "completed",
      "createdAt": "2025-03-05T08:03:36.420Z",
      "description": "Перевод user8 → user10 105787.84497013 UAH",
      "fromCardNumber": "4532015112836019",
      "toCardNumber": "4532015112836007"
    },
    {
      "id": 616,
      "fromCardId": 397,
      "toCardId": 395,
      "amount": "105915.88436647",
      "convertedAmount": "105915.88436647",
      "type": "transfer",
      "wallet": null,
      "status": "completed",
      "createdAt": "2025-03-05T07:49:46.725Z",
      "description": "Перевод user19 → user17 105915.88436647 UAH",
      "fromCardNumber": "4532015112836016",
      "toCardNumber": "4532015112836014"
    },
    {
      "id": 617,
      "fromCardId": 408,
      "toCardId": 413,
      "amount": "10593.14797692",
      "convertedAmount": "10593.14797692",
      "type": "transfer",
      "wallet": null,
      "status": "completed",
      "createdAt": "2025-03-05T07:48:05.667Z",
      "description": "Перевод user10 → user15 10593.14797692 USD",
      "fromCardNumber": "5375414128030007",
      "toCardNumber": "5375414128030012"
    },
    {
      "id": 618,
      "fromCardId": 420,
      "toCardId": 416,
      "amount": "10634.22405240",
      "convertedAmount": "10634.22405240",
      "type": "transfer",
      "wallet": null,
      "status": "completed",
      "createdAt": "2025-03-05T07:03:43.937Z",
      "description": "Перевод user8 → user18 10634.22405240 USD",
      "fromCardNumber": "5375414128030019",
      "toCardNumber": "5375414128030015"
    },
    {
      "id": 619,
      "fromCardId": 416,
      "toCardId": 413,
      "amount": "10637.59452692",
      "convertedAmount": "10637.59452692",
      "type": "transfer",
      "wallet": null,
      "status": "completed",
      "createdAt": "2025-03-05T07:00:05.530Z",
      "description": "Перевод user18 → user15 10637.59452692 USD",
      "fromCardNumber": "5375414128030015",
      "toCardNumber": "5375414128030012"
    },
    {
      "id": 620,
      "fromCardId": 410,
      "toCardId": 405,
      "amount": "10642.18057306",
      "convertedAmount": "10642.18057306",
      "type": "transfer",
      "wallet": null,
      "status": "completed",
      "createdAt": "2025-03-05T06:55:08.354Z",
      "description": "Перевод user12 → Tod Kolinsk 10642.18057306 USD",
      "fromCardNumber": "5375414128030009",
      "toCardNumber": "5375414128030004"
    },
    {
      "id": 621,
      "fromCardId": 394,
      "toCardId": 388,
      "amount": "106560.57548775",
      "convertedAmount": "106560.57548775",
      "type": "transfer",
      "wallet": null,
      "status": "completed",
      "createdAt": "2025-03-05T06:40:09.126Z",
      "description": "Перевод user16 → user10 106560.57548775 UAH",
      "fromCardNumber": "4532015112836013",
      "toCardNumber": "4532015112836007"
    },
    {
      "id": 622,
      "fromCardId": 398,
      "toCardId": 399,
      "amount": "106563.63527503",
      "convertedAmount": "106563.63527503",
      "type": "transfer",
      "wallet": null,
      "status": "completed",
      "createdAt": "2025-03-05T06:39:49.299Z",
      "description": "Перевод user20 → user7 106563.63527503 UAH",
      "fromCardNumber": "4532015112836017",
      "toCardNumber": "4532015112836018"
    },
    {
      "id": 623,
      "fromCardId": 387,
      "toCardId": 395,
      "amount": "106639.09484975",
      "convertedAmount": "106639.09484975",
      "type": "transfer",
      "wallet": null,
      "status": "completed",
      "createdAt": "2025-03-05T06:31:40.321Z",
      "description": "Перевод olektreyd@gmail.com → user17 106639.09484975 UAH",
      "fromCardNumber": "4532015112836006",
      "toCardNumber": "4532015112836014"
    },
    {
      "id": 624,
      "fromCardId": 395,
      "toCardId": 385,
      "amount": "107435.88036350",
      "convertedAmount": "107435.88036350",
      "type": "transfer",
      "wallet": null,
      "status": "completed",
      "createdAt": "2025-03-05T05:05:37.151Z",
      "description": "Перевод user17 → Tod Kolinsk 107435.88036350 UAH",
      "fromCardNumber": "4532015112836014",
      "toCardNumber": "4532015112836004"
    },
    {
      "id": 625,
      "fromCardId": 382,
      "toCardId": 392,
      "amount": "107896.36543866",
      "convertedAmount": "107896.36543866",
      "type": "transfer",
      "wallet": null,
      "status": "completed",
      "createdAt": "2025-03-05T04:15:53.208Z",
      "description": "Перевод Kich32 → user14 107896.36543866 UAH",
      "fromCardNumber": "4532015112836001",
      "toCardNumber": "4532015112836011"
    },
    {
      "id": 626,
      "fromCardId": 376,
      "toCardId": 367,
      "amount": "1.08002797",
      "convertedAmount": "1.08002797",
      "type": "transfer",
      "wallet": null,
      "status": "completed",
      "createdAt": "2025-03-05T04:04:23.532Z",
      "description": "Перевод user18 → olektreyd@gmail.com 1.08002797 BTC",
      "fromCardNumber": "4532015112830015",
      "toCardNumber": "4532015112830006"
    },
    {
      "id": 627,
      "fromCardId": 364,
      "toCardId": 380,
      "amount": "1.08468906",
      "convertedAmount": "1.08468906",
      "type": "transfer",
      "wallet": null,
      "status": "completed",
      "createdAt": "2025-03-05T03:14:03.147Z",
      "description": "Перевод Nikita → user8 1.08468906 BTC",
      "fromCardNumber": "4532015112830003",
      "toCardNumber": "4532015112830019"
    },
    {
      "id": 628,
      "fromCardId": 413,
      "toCardId": 419,
      "amount": "10887.02029288",
      "convertedAmount": "10887.02029288",
      "type": "transfer",
      "wallet": null,
      "status": "completed",
      "createdAt": "2025-03-05T02:30:42.741Z",
      "description": "Перевод user15 → user7 10887.02029288 USD",
      "fromCardNumber": "5375414128030012",
      "toCardNumber": "5375414128030018"
    },
    {
      "id": 629,
      "fromCardId": 363,
      "toCardId": 373,
      "amount": "1.09988989",
      "convertedAmount": "1.09988989",
      "type": "transfer",
      "wallet": null,
      "status": "completed",
      "createdAt": "2025-03-05T00:29:53.005Z",
      "description": "Перевод Maksim4440432 → user15 1.09988989 BTC",
      "fromCardNumber": "4532015112830002",
      "toCardNumber": "4532015112830012"
    },
    {
      "id": 630,
      "fromCardId": 417,
      "toCardId": 412,
      "amount": "11185.69081870",
      "convertedAmount": "11185.69081870",
      "type": "transfer",
      "wallet": null,
      "status": "completed",
      "createdAt": "2025-03-04T21:08:08.891Z",
      "description": "Перевод user19 → user14 11185.69081870 USD",
      "fromCardNumber": "5375414128030016",
      "toCardNumber": "5375414128030011"
    },
    {
      "id": 631,
      "fromCardId": 367,
      "toCardId": 377,
      "amount": "1.12536933",
      "convertedAmount": "1.12536933",
      "type": "transfer",
      "wallet": null,
      "status": "completed",
      "createdAt": "2025-03-04T19:54:42.327Z",
      "description": "Перевод olektreyd@gmail.com → user19 1.12536933 BTC",
      "fromCardNumber": "4532015112830006",
      "toCardNumber": "4532015112830016"
    },
    {
      "id": 632,
      "fromCardId": 414,
      "toCardId": 418,
      "amount": "11299.08851354",
      "convertedAmount": "11299.08851354",
      "type": "transfer",
      "wallet": null,
      "status": "completed",
      "createdAt": "2025-03-04T19:05:40.720Z",
      "description": "Перевод user16 → user20 11299.08851354 USD",
      "fromCardNumber": "5375414128030013",
      "toCardNumber": "5375414128030017"
    },
    {
      "id": 633,
      "fromCardId": 417,
      "toCardId": 406,
      "amount": "11317.16787294",
      "convertedAmount": "11317.16787294",
      "type": "transfer",
      "wallet": null,
      "status": "completed",
      "createdAt": "2025-03-04T18:46:09.177Z",
      "description": "Перевод user19 → admin 11317.16787294 USD",
      "fromCardNumber": "5375414128030016",
      "toCardNumber": "5375414128030005"
    },
    {
      "id": 634,
      "fromCardId": 365,
      "toCardId": 367,
      "amount": "1.13283026",
      "convertedAmount": "1.13283026",
      "type": "transfer",
      "wallet": null,
      "status": "completed",
      "createdAt": "2025-03-04T18:34:07.645Z",
      "description": "Перевод Tod Kolinsk → olektreyd@gmail.com 1.13283026 BTC",
      "fromCardNumber": "4532015112830004",
      "toCardNumber": "4532015112830006"
    },
    {
      "id": 635,
      "fromCardId": 394,
      "toCardId": 385,
      "amount": "113420.08576211",
      "convertedAmount": "113420.08576211",
      "type": "transfer",
      "wallet": null,
      "status": "completed",
      "createdAt": "2025-03-04T18:19:19.500Z",
      "description": "Перевод user16 → Tod Kolinsk 113420.08576211 UAH",
      "fromCardNumber": "4532015112836013",
      "toCardNumber": "4532015112836004"
    },
    {
      "id": 636,
      "fromCardId": 404,
      "toCardId": 414,
      "amount": "11366.21806128",
      "convertedAmount": "11366.21806128",
      "type": "transfer",
      "wallet": null,
      "status": "completed",
      "createdAt": "2025-03-04T17:53:10.725Z",
      "description": "Перевод Nikita → user16 11366.21806128 USD",
      "fromCardNumber": "5375414128030003",
      "toCardNumber": "5375414128030013"
    },
    {
      "id": 637,
      "fromCardId": 376,
      "toCardId": 362,
      "amount": "1.13827689",
      "convertedAmount": "1.13827689",
      "type": "transfer",
      "wallet": null,
      "status": "completed",
      "createdAt": "2025-03-04T17:35:18.233Z",
      "description": "Перевод user18 → Kich32 1.13827689 BTC",
      "fromCardNumber": "4532015112830015",
      "toCardNumber": "4532015112830001"
    },
    {
      "id": 638,
      "fromCardId": 368,
      "toCardId": 370,
      "amount": "1.14706579",
      "convertedAmount": "1.14706579",
      "type": "transfer",
      "wallet": null,
      "status": "completed",
      "createdAt": "2025-03-04T16:00:23.027Z",
      "description": "Перевод user10 → user12 1.14706579 BTC",
      "fromCardNumber": "4532015112830007",
      "toCardNumber": "4532015112830009"
    },
    {
      "id": 639,
      "fromCardId": 371,
      "toCardId": 377,
      "amount": "1.15072498",
      "convertedAmount": "1.15072498",
      "type": "transfer",
      "wallet": null,
      "status": "completed",
      "createdAt": "2025-03-04T15:20:51.869Z",
      "description": "Перевод user13 → user19 1.15072498 BTC",
      "fromCardNumber": "4532015112830010",
      "toCardNumber": "4532015112830016"
    },
    {
      "id": 640,
      "fromCardId": 417,
      "toCardId": 414,
      "amount": "11534.16769439",
      "convertedAmount": "11534.16769439",
      "type": "transfer",
      "wallet": null,
      "status": "completed",
      "createdAt": "2025-03-04T14:51:47.589Z",
      "description": "Перевод user19 → user16 11534.16769439 USD",
      "fromCardNumber": "5375414128030016",
      "toCardNumber": "5375414128030013"
    },
    {
      "id": 641,
      "fromCardId": 406,
      "toCardId": 413,
      "amount": "11572.61731910",
      "convertedAmount": "11572.61731910",
      "type": "transfer",
      "wallet": null,
      "status": "completed",
      "createdAt": "2025-03-04T14:10:16.053Z",
      "description": "Перевод admin → user15 11572.61731910 USD",
      "fromCardNumber": "5375414128030005",
      "toCardNumber": "5375414128030012"
    },
    {
      "id": 642,
      "fromCardId": 406,
      "toCardId": 404,
      "amount": "11600.70554066",
      "convertedAmount": "11600.70554066",
      "type": "transfer",
      "wallet": null,
      "status": "completed",
      "createdAt": "2025-03-04T13:39:55.937Z",
      "description": "Перевод admin → Nikita 11600.70554066 USD",
      "fromCardNumber": "5375414128030005",
      "toCardNumber": "5375414128030003"
    },
    {
      "id": 643,
      "fromCardId": 409,
      "toCardId": 402,
      "amount": "11787.44867373",
      "convertedAmount": "11787.44867373",
      "type": "transfer",
      "wallet": null,
      "status": "completed",
      "createdAt": "2025-03-04T10:18:14.982Z",
      "description": "Перевод user11 → Kich32 11787.44867373 USD",
      "fromCardNumber": "5375414128030008",
      "toCardNumber": "5375414128030001"
    },
    {
      "id": 644,
      "fromCardId": 378,
      "toCardId": 377,
      "amount": "1.18594810",
      "convertedAmount": "1.18594810",
      "type": "transfer",
      "wallet": null,
      "status": "completed",
      "createdAt": "2025-03-04T09:00:27.285Z",
      "description": "Перевод user20 → user19 1.18594810 BTC",
      "fromCardNumber": "4532015112830017",
      "toCardNumber": "4532015112830016"
    },
    {
      "id": 645,
      "fromCardId": 405,
      "toCardId": 418,
      "amount": "11864.57092916",
      "convertedAmount": "11864.57092916",
      "type": "transfer",
      "wallet": null,
      "status": "completed",
      "createdAt": "2025-03-04T08:54:57.459Z",
      "description": "Перевод Tod Kolinsk → user20 11864.57092916 USD",
      "fromCardNumber": "5375414128030004",
      "toCardNumber": "5375414128030017"
    },
    {
      "id": 646,
      "fromCardId": 369,
      "toCardId": 381,
      "amount": "1.19757670",
      "convertedAmount": "1.19757670",
      "type": "transfer",
      "wallet": null,
      "status": "completed",
      "createdAt": "2025-03-04T06:54:51.955Z",
      "description": "Перевод user11 → user9 1.19757670 BTC",
      "fromCardNumber": "4532015112830008",
      "toCardNumber": "4532015112830020"
    },
    {
      "id": 647,
      "fromCardId": 387,
      "toCardId": 388,
      "amount": "119792.66697905",
      "convertedAmount": "119792.66697905",
      "type": "transfer",
      "wallet": null,
      "status": "completed",
      "createdAt": "2025-03-04T06:51:05.174Z",
      "description": "Перевод olektreyd@gmail.com → user10 119792.66697905 UAH",
      "fromCardNumber": "4532015112836006",
      "toCardNumber": "4532015112836007"
    },
    {
      "id": 648,
      "fromCardId": 384,
      "toCardId": 394,
      "amount": "119915.19286245",
      "convertedAmount": "119915.19286245",
      "type": "transfer",
      "wallet": null,
      "status": "completed",
      "createdAt": "2025-03-04T06:37:51.206Z",
      "description": "Перевод Nikita → user16 119915.19286245 UAH",
      "fromCardNumber": "4532015112836003",
      "toCardNumber": "4532015112836013"
    },
    {
      "id": 649,
      "fromCardId": 379,
      "toCardId": 371,
      "amount": "1.20249810",
      "convertedAmount": "1.20249810",
      "type": "commission",
      "wallet": null,
      "status": "completed",
      "createdAt": "2025-03-04T06:01:42.887Z",
      "description": "Перевод user7 → user13 1.20249810 BTC",
      "fromCardNumber": "4532015112830018",
      "toCardNumber": "4532015112830010"
    },
    {
      "id": 650,
      "fromCardId": 364,
      "toCardId": 369,
      "amount": "1.20704377",
      "convertedAmount": "1.20704377",
      "type": "commission",
      "wallet": null,
      "status": "completed",
      "createdAt": "2025-03-04T05:12:37.296Z",
      "description": "Перевод Nikita → user11 1.20704377 BTC",
      "fromCardNumber": "4532015112830003",
      "toCardNumber": "4532015112830008"
    },
    {
      "id": 651,
      "fromCardId": 380,
      "toCardId": 368,
      "amount": "1.20972357",
      "convertedAmount": "1.20972357",
      "type": "commission",
      "wallet": null,
      "status": "completed",
      "createdAt": "2025-03-04T04:43:40.782Z",
      "description": "Перевод user8 → user10 1.20972357 BTC",
      "fromCardNumber": "4532015112830019",
      "toCardNumber": "4532015112830007"
    },
    {
      "id": 652,
      "fromCardId": 400,
      "toCardId": 389,
      "amount": "121053.40798855",
      "convertedAmount": "121053.40798855",
      "type": "commission",
      "wallet": null,
      "status": "completed",
      "createdAt": "2025-03-04T04:34:55.572Z",
      "description": "Перевод user8 → user11 121053.40798855 UAH",
      "fromCardNumber": "4532015112836019",
      "toCardNumber": "4532015112836008"
    },
    {
      "id": 653,
      "fromCardId": 368,
      "toCardId": 367,
      "amount": "1.21106120",
      "convertedAmount": "1.21106120",
      "type": "commission",
      "wallet": null,
      "status": "completed",
      "createdAt": "2025-03-04T04:29:13.998Z",
      "description": "Перевод user10 → olektreyd@gmail.com 1.21106120 BTC",
      "fromCardNumber": "4532015112830007",
      "toCardNumber": "4532015112830006"
    },
    {
      "id": 654,
      "fromCardId": 414,
      "toCardId": 402,
      "amount": "12235.29538065",
      "convertedAmount": "12235.29538065",
      "type": "commission",
      "wallet": null,
      "status": "completed",
      "createdAt": "2025-03-04T02:14:34.515Z",
      "description": "Перевод user16 → Kich32 12235.29538065 USD",
      "fromCardNumber": "5375414128030013",
      "toCardNumber": "5375414128030001"
    },
    {
      "id": 655,
      "fromCardId": 402,
      "toCardId": 417,
      "amount": "12245.01493975",
      "convertedAmount": "12245.01493975",
      "type": "commission",
      "wallet": null,
      "status": "completed",
      "createdAt": "2025-03-04T02:04:04.688Z",
      "description": "Перевод Kich32 → user19 12245.01493975 USD",
      "fromCardNumber": "5375414128030001",
      "toCardNumber": "5375414128030016"
    },
    {
      "id": 656,
      "fromCardId": 368,
      "toCardId": 366,
      "amount": "1.23047786",
      "convertedAmount": "1.23047786",
      "type": "commission",
      "wallet": null,
      "status": "completed",
      "createdAt": "2025-03-04T00:59:32.005Z",
      "description": "Перевод user10 → admin 1.23047786 BTC",
      "fromCardNumber": "4532015112830007",
      "toCardNumber": "4532015112830005"
    },
    {
      "id": 657,
      "fromCardId": 421,
      "toCardId": 402,
      "amount": "12333.20066095",
      "convertedAmount": "12333.20066095",
      "type": "commission",
      "wallet": null,
      "status": "completed",
      "createdAt": "2025-03-04T00:28:50.253Z",
      "description": "Перевод user9 → Kich32 12333.20066095 USD",
      "fromCardNumber": "5375414128030020",
      "toCardNumber": "5375414128030001"
    },
    {
      "id": 658,
      "fromCardId": 414,
      "toCardId": 410,
      "amount": "12351.15681820",
      "convertedAmount": "12351.15681820",
      "type": "commission",
      "wallet": null,
      "status": "completed",
      "createdAt": "2025-03-04T00:09:26.694Z",
      "description": "Перевод user16 → user12 12351.15681820 USD",
      "fromCardNumber": "5375414128030013",
      "toCardNumber": "5375414128030009"
    },
    {
      "id": 659,
      "fromCardId": 399,
      "toCardId": 384,
      "amount": "123787.31591994",
      "convertedAmount": "123787.31591994",
      "type": "commission",
      "wallet": null,
      "status": "completed",
      "createdAt": "2025-03-03T23:39:39.848Z",
      "description": "Перевод user7 → Nikita 123787.31591994 UAH",
      "fromCardNumber": "4532015112836018",
      "toCardNumber": "4532015112836003"
    },
    {
      "id": 660,
      "fromCardId": 367,
      "toCardId": 368,
      "amount": "1.24253774",
      "convertedAmount": "1.24253774",
      "type": "commission",
      "wallet": null,
      "status": "completed",
      "createdAt": "2025-03-03T22:49:17.201Z",
      "description": "Перевод olektreyd@gmail.com → user10 1.24253774 BTC",
      "fromCardNumber": "4532015112830006",
      "toCardNumber": "4532015112830007"
    },
    {
      "id": 661,
      "fromCardId": 372,
      "toCardId": 368,
      "amount": "1.24829233",
      "convertedAmount": "1.24829233",
      "type": "commission",
      "wallet": null,
      "status": "completed",
      "createdAt": "2025-03-03T21:47:08.226Z",
      "description": "Перевод user14 → user10 1.24829233 BTC",
      "fromCardNumber": "4532015112830011",
      "toCardNumber": "4532015112830007"
    },
    {
      "id": 662,
      "fromCardId": 414,
      "toCardId": 408,
      "amount": "12516.81463974",
      "convertedAmount": "12516.81463974",
      "type": "commission",
      "wallet": null,
      "status": "completed",
      "createdAt": "2025-03-03T21:10:32.067Z",
      "description": "Перевод user16 → user10 12516.81463974 USD",
      "fromCardNumber": "5375414128030013",
      "toCardNumber": "5375414128030007"
    },
    {
      "id": 663,
      "fromCardId": 374,
      "toCardId": 364,
      "amount": "1.25717082",
      "convertedAmount": "1.25717082",
      "type": "commission",
      "wallet": null,
      "status": "completed",
      "createdAt": "2025-03-03T20:11:14.965Z",
      "description": "Перевод user16 → Nikita 1.25717082 BTC",
      "fromCardNumber": "4532015112830013",
      "toCardNumber": "4532015112830003"
    },
    {
      "id": 664,
      "fromCardId": 362,
      "toCardId": 371,
      "amount": "1.26130298",
      "convertedAmount": "1.26130298",
      "type": "commission",
      "wallet": null,
      "status": "completed",
      "createdAt": "2025-03-03T19:26:37.323Z",
      "description": "Перевод Kich32 → user13 1.26130298 BTC",
      "fromCardNumber": "4532015112830001",
      "toCardNumber": "4532015112830010"
    },
    {
      "id": 665,
      "fromCardId": 378,
      "toCardId": 362,
      "amount": "1.26560688",
      "convertedAmount": "1.26560688",
      "type": "commission",
      "wallet": null,
      "status": "completed",
      "createdAt": "2025-03-03T18:40:08.400Z",
      "description": "Перевод user20 → Kich32 1.26560688 BTC",
      "fromCardNumber": "4532015112830017",
      "toCardNumber": "4532015112830001"
    },
    {
      "id": 666,
      "fromCardId": 410,
      "toCardId": 421,
      "amount": "12735.93756702",
      "convertedAmount": "12735.93756702",
      "type": "commission",
      "wallet": null,
      "status": "completed",
      "createdAt": "2025-03-03T17:13:52.901Z",
      "description": "Перевод user12 → user9 12735.93756702 USD",
      "fromCardNumber": "5375414128030009",
      "toCardNumber": "5375414128030020"
    },
    {
      "id": 667,
      "fromCardId": 404,
      "toCardId": 420,
      "amount": "12743.73204846",
      "convertedAmount": "12743.73204846",
      "type": "commission",
      "wallet": null,
      "status": "completed",
      "createdAt": "2025-03-03T17:05:27.819Z",
      "description": "Перевод Nikita → user8 12743.73204846 USD",
      "fromCardNumber": "5375414128030003",
      "toCardNumber": "5375414128030019"
    },
    {
      "id": 668,
      "fromCardId": 417,
      "toCardId": 415,
      "amount": "12775.64331255",
      "convertedAmount": "12775.64331255",
      "type": "commission",
      "wallet": null,
      "status": "completed",
      "createdAt": "2025-03-03T16:30:59.969Z",
      "description": "Перевод user19 → user17 12775.64331255 USD",
      "fromCardNumber": "5375414128030016",
      "toCardNumber": "5375414128030014"
    },
    {
      "id": 669,
      "fromCardId": 365,
      "toCardId": 375,
      "amount": "1.28512921",
      "convertedAmount": "1.28512921",
      "type": "commission",
      "wallet": null,
      "status": "completed",
      "createdAt": "2025-03-03T15:09:17.927Z",
      "description": "Перевод Tod Kolinsk → user17 1.28512921 BTC",
      "fromCardNumber": "4532015112830004",
      "toCardNumber": "4532015112830014"
    },
    {
      "id": 670,
      "fromCardId": 398,
      "toCardId": 392,
      "amount": "128588.86112994",
      "convertedAmount": "128588.86112994",
      "type": "commission",
      "wallet": null,
      "status": "completed",
      "createdAt": "2025-03-03T15:01:05.835Z",
      "description": "Перевод user20 → user14 128588.86112994 UAH",
      "fromCardNumber": "4532015112836017",
      "toCardNumber": "4532015112836011"
    },
    {
      "id": 671,
      "fromCardId": 380,
      "toCardId": 377,
      "amount": "1.28924718",
      "convertedAmount": "1.28924718",
      "type": "commission",
      "wallet": null,
      "status": "completed",
      "createdAt": "2025-03-03T14:24:49.485Z",
      "description": "Перевод user8 → user19 1.28924718 BTC",
      "fromCardNumber": "4532015112830019",
      "toCardNumber": "4532015112830016"
    },
    {
      "id": 672,
      "fromCardId": 413,
      "toCardId": 417,
      "amount": "12964.58519076",
      "convertedAmount": "12964.58519076",
      "type": "commission",
      "wallet": null,
      "status": "completed",
      "createdAt": "2025-03-03T13:06:56.535Z",
      "description": "Перевод user15 → user19 12964.58519076 USD",
      "fromCardNumber": "5375414128030012",
      "toCardNumber": "5375414128030016"
    },
    {
      "id": 673,
      "fromCardId": 363,
      "toCardId": 379,
      "amount": "1.29836601",
      "convertedAmount": "1.29836601",
      "type": "commission",
      "wallet": null,
      "status": "completed",
      "createdAt": "2025-03-03T12:46:20.484Z",
      "description": "Перевод Maksim4440432 → user7 1.29836601 BTC",
      "fromCardNumber": "4532015112830002",
      "toCardNumber": "4532015112830018"
    },
    {
      "id": 674,
      "fromCardId": 388,
      "toCardId": 396,
      "amount": "129993.27714449",
      "convertedAmount": "129993.27714449",
      "type": "commission",
      "wallet": null,
      "status": "completed",
      "createdAt": "2025-03-03T12:29:25.220Z",
      "description": "Перевод user10 → user18 129993.27714449 UAH",
      "fromCardNumber": "4532015112836007",
      "toCardNumber": "4532015112836015"
    },
    {
      "id": 675,
      "fromCardId": 396,
      "toCardId": 398,
      "amount": "131212.90105053",
      "convertedAmount": "131212.90105053",
      "type": "commission",
      "wallet": null,
      "status": "completed",
      "createdAt": "2025-03-03T10:17:42.057Z",
      "description": "Перевод user18 → user20 131212.90105053 UAH",
      "fromCardNumber": "4532015112836015",
      "toCardNumber": "4532015112836017"
    },
    {
      "id": 676,
      "fromCardId": 366,
      "toCardId": 367,
      "amount": "1.31787036",
      "convertedAmount": "1.31787036",
      "type": "commission",
      "wallet": null,
      "status": "completed",
      "createdAt": "2025-03-03T09:15:41.662Z",
      "description": "Перевод admin → olektreyd@gmail.com 1.31787036 BTC",
      "fromCardNumber": "4532015112830005",
      "toCardNumber": "4532015112830006"
    },
    {
      "id": 677,
      "fromCardId": 394,
      "toCardId": 391,
      "amount": "132601.16874813",
      "convertedAmount": "132601.16874813",
      "type": "commission",
      "wallet": null,
      "status": "completed",
      "createdAt": "2025-03-03T07:47:46.082Z",
      "description": "Перевод user16 → user13 132601.16874813 UAH",
      "fromCardNumber": "4532015112836013",
      "toCardNumber": "4532015112836010"
    },
    {
      "id": 678,
      "fromCardId": 393,
      "toCardId": 388,
      "amount": "133231.43370975",
      "convertedAmount": "133231.43370975",
      "type": "commission",
      "wallet": null,
      "status": "completed",
      "createdAt": "2025-03-03T06:39:41.965Z",
      "description": "Перевод user15 → user10 133231.43370975 UAH",
      "fromCardNumber": "4532015112836012",
      "toCardNumber": "4532015112836007"
    },
    {
      "id": 679,
      "fromCardId": 389,
      "toCardId": 399,
      "amount": "133253.57718376",
      "convertedAmount": "133253.57718376",
      "type": "commission",
      "wallet": null,
      "status": "completed",
      "createdAt": "2025-03-03T06:37:18.475Z",
      "description": "Перевод user11 → user7 133253.57718376 UAH",
      "fromCardNumber": "4532015112836008",
      "toCardNumber": "4532015112836018"
    },
    {
      "id": 680,
      "fromCardId": 368,
      "toCardId": 381,
      "amount": "1.33271612",
      "convertedAmount": "1.33271612",
      "type": "commission",
      "wallet": null,
      "status": "completed",
      "createdAt": "2025-03-03T06:35:21.611Z",
      "description": "Перевод user10 → user9 1.33271612 BTC",
      "fromCardNumber": "4532015112830007",
      "toCardNumber": "4532015112830020"
    },
    {
      "id": 681,
      "fromCardId": 394,
      "toCardId": 382,
      "amount": "133286.49000494",
      "convertedAmount": "133286.49000494",
      "type": "commission",
      "wallet": null,
      "status": "completed",
      "createdAt": "2025-03-03T06:33:45.200Z",
      "description": "Перевод user16 → Kich32 133286.49000494 UAH",
      "fromCardNumber": "4532015112836013",
      "toCardNumber": "4532015112836001"
    },
    {
      "id": 682,
      "fromCardId": 362,
      "toCardId": 378,
      "amount": "1.33431210",
      "convertedAmount": "1.33431210",
      "type": "commission",
      "wallet": null,
      "status": "completed",
      "createdAt": "2025-03-03T06:18:07.418Z",
      "description": "Перевод Kich32 → user20 1.33431210 BTC",
      "fromCardNumber": "4532015112830001",
      "toCardNumber": "4532015112830017"
    },
    {
      "id": 683,
      "fromCardId": 375,
      "toCardId": 376,
      "amount": "1.33831057",
      "convertedAmount": "1.33831057",
      "type": "commission",
      "wallet": null,
      "status": "completed",
      "createdAt": "2025-03-03T05:34:56.407Z",
      "description": "Перевод user17 → user18 1.33831057 BTC",
      "fromCardNumber": "4532015112830014",
      "toCardNumber": "4532015112830015"
    },
    {
      "id": 684,
      "fromCardId": 396,
      "toCardId": 386,
      "amount": "134367.85865325",
      "convertedAmount": "134367.85865325",
      "type": "commission",
      "wallet": null,
      "status": "completed",
      "createdAt": "2025-03-03T04:36:57.932Z",
      "description": "Перевод user18 → admin 134367.85865325 UAH",
      "fromCardNumber": "4532015112836015",
      "toCardNumber": "4532015112836005"
    },
    {
      "id": 685,
      "fromCardId": 392,
      "toCardId": 399,
      "amount": "134817.54727668",
      "convertedAmount": "134817.54727668",
      "type": "commission",
      "wallet": null,
      "status": "completed",
      "createdAt": "2025-03-03T03:48:23.949Z",
      "description": "Перевод user14 → user7 134817.54727668 UAH",
      "fromCardNumber": "4532015112836011",
      "toCardNumber": "4532015112836018"
    },
    {
      "id": 686,
      "fromCardId": 404,
      "toCardId": 415,
      "amount": "13482.96916119",
      "convertedAmount": "13482.96916119",
      "type": "commission",
      "wallet": null,
      "status": "completed",
      "createdAt": "2025-03-03T03:47:05.254Z",
      "description": "Перевод Nikita → user17 13482.96916119 USD",
      "fromCardNumber": "5375414128030003",
      "toCardNumber": "5375414128030014"
    },
    {
      "id": 687,
      "fromCardId": 398,
      "toCardId": 389,
      "amount": "134844.66305847",
      "convertedAmount": "134844.66305847",
      "type": "commission",
      "wallet": null,
      "status": "completed",
      "createdAt": "2025-03-03T03:45:28.239Z",
      "description": "Перевод user20 → user11 134844.66305847 UAH",
      "fromCardNumber": "4532015112836017",
      "toCardNumber": "4532015112836008"
    },
    {
      "id": 688,
      "fromCardId": 380,
      "toCardId": 370,
      "amount": "1.35058468",
      "convertedAmount": "1.35058468",
      "type": "commission",
      "wallet": null,
      "status": "completed",
      "createdAt": "2025-03-03T03:22:22.782Z",
      "description": "Перевод user8 → user12 1.35058468 BTC",
      "fromCardNumber": "4532015112830019",
      "toCardNumber": "4532015112830009"
    },
    {
      "id": 689,
      "fromCardId": 417,
      "toCardId": 420,
      "amount": "13594.93104272",
      "convertedAmount": "13594.93104272",
      "type": "commission",
      "wallet": null,
      "status": "completed",
      "createdAt": "2025-03-03T01:46:10.124Z",
      "description": "Перевод user19 → user8 13594.93104272 USD",
      "fromCardNumber": "5375414128030016",
      "toCardNumber": "5375414128030019"
    },
    {
      "id": 690,
      "fromCardId": 376,
      "toCardId": 366,
      "amount": "1.36299383",
      "convertedAmount": "1.36299383",
      "type": "commission",
      "wallet": null,
      "status": "completed",
      "createdAt": "2025-03-03T01:08:21.651Z",
      "description": "Перевод user18 → admin 1.36299383 BTC",
      "fromCardNumber": "4532015112830015",
      "toCardNumber": "4532015112830005"
    },
    {
      "id": 691,
      "fromCardId": 396,
      "toCardId": 393,
      "amount": "136487.46851843",
      "convertedAmount": "136487.46851843",
      "type": "commission",
      "wallet": null,
      "status": "completed",
      "createdAt": "2025-03-03T00:48:02.860Z",
      "description": "Перевод user18 → user15 136487.46851843 UAH",
      "fromCardNumber": "4532015112836015",
      "toCardNumber": "4532015112836012"
    },
    {
      "id": 692,
      "fromCardId": 417,
      "toCardId": 408,
      "amount": "13650.42860847",
      "convertedAmount": "13650.42860847",
      "type": "commission",
      "wallet": null,
      "status": "completed",
      "createdAt": "2025-03-03T00:46:13.882Z",
      "description": "Перевод user19 → user10 13650.42860847 USD",
      "fromCardNumber": "5375414128030016",
      "toCardNumber": "5375414128030007"
    },
    {
      "id": 693,
      "fromCardId": 367,
      "toCardId": 373,
      "amount": "1.36902428",
      "convertedAmount": "1.36902428",
      "type": "commission",
      "wallet": null,
      "status": "completed",
      "createdAt": "2025-03-03T00:03:13.923Z",
      "description": "Перевод olektreyd@gmail.com → user15 1.36902428 BTC",
      "fromCardNumber": "4532015112830006",
      "toCardNumber": "4532015112830012"
    },
    {
      "id": 694,
      "fromCardId": 416,
      "toCardId": 414,
      "amount": "13714.88136369",
      "convertedAmount": "13714.88136369",
      "type": "commission",
      "wallet": null,
      "status": "completed",
      "createdAt": "2025-03-02T23:36:37.343Z",
      "description": "Перевод user18 → user16 13714.88136369 USD",
      "fromCardNumber": "5375414128030015",
      "toCardNumber": "5375414128030013"
    },
    {
      "id": 695,
      "fromCardId": 383,
      "toCardId": 394,
      "amount": "137386.43269971",
      "convertedAmount": "137386.43269971",
      "type": "commission",
      "wallet": null,
      "status": "completed",
      "createdAt": "2025-03-02T23:10:57.572Z",
      "description": "Перевод Maksim4440432 → user16 137386.43269971 UAH",
      "fromCardNumber": "4532015112836002",
      "toCardNumber": "4532015112836013"
    },
    {
      "id": 696,
      "fromCardId": 366,
      "toCardId": 371,
      "amount": "1.37412596",
      "convertedAmount": "1.37412596",
      "type": "commission",
      "wallet": null,
      "status": "completed",
      "createdAt": "2025-03-02T23:08:08.034Z",
      "description": "Перевод admin → user13 1.37412596 BTC",
      "fromCardNumber": "4532015112830005",
      "toCardNumber": "4532015112830010"
    },
    {
      "id": 697,
      "fromCardId": 393,
      "toCardId": 391,
      "amount": "138515.55002691",
      "convertedAmount": "138515.55002691",
      "type": "commission",
      "wallet": null,
      "status": "completed",
      "createdAt": "2025-03-02T21:09:00.891Z",
      "description": "Перевод user15 → user13 138515.55002691 UAH",
      "fromCardNumber": "4532015112836012",
      "toCardNumber": "4532015112836010"
    },
    {
      "id": 698,
      "fromCardId": 399,
      "toCardId": 388,
      "amount": "138577.73244928",
      "convertedAmount": "138577.73244928",
      "type": "commission",
      "wallet": null,
      "status": "completed",
      "createdAt": "2025-03-02T21:02:17.949Z",
      "description": "Перевод user7 → user10 138577.73244928 UAH",
      "fromCardNumber": "4532015112836018",
      "toCardNumber": "4532015112836007"
    },
    {
      "id": 699,
      "fromCardId": 388,
      "toCardId": 389,
      "amount": "138638.33505500",
      "convertedAmount": "138638.33505500",
      "type": "commission",
      "wallet": null,
      "status": "completed",
      "createdAt": "2025-03-02T20:55:45.244Z",
      "description": "Перевод user10 → user11 138638.33505500 UAH",
      "fromCardNumber": "4532015112836007",
      "toCardNumber": "4532015112836008"
    },
    {
      "id": 700,
      "fromCardId": 373,
      "toCardId": 365,
      "amount": "1.38652725",
      "convertedAmount": "1.38652725",
      "type": "commission",
      "wallet": null,
      "status": "completed",
      "createdAt": "2025-03-02T20:54:11.996Z",
      "description": "Перевод user15 → Tod Kolinsk 1.38652725 BTC",
      "fromCardNumber": "4532015112830012",
      "toCardNumber": "4532015112830004"
    }
  ],
  "rates": [
    {
      "id": 1,
      "usdToUah": "37.00",
      "btcToUsd": "50000.00",
      "ethToUsd": "3000.00",
      "updatedAt": "2025-03-04T23:00:00.000Z"
    },
    {
      "id": 431,
      "usdToUah": "41.59",
      "btcToUsd": "89502.00",
      "ethToUsd": "2189.58",
      "updatedAt": "2025-03-05T17:52:28.718Z"
    },
    {
      "id": 432,
      "usdToUah": "41.59",
      "btcToUsd": "89804.00",
      "ethToUsd": "2195.53",
      "updatedAt": "2025-03-05T17:52:56.201Z"
    },
    {
      "id": 433,
      "usdToUah": "41.59",
      "btcToUsd": "89804.00",
      "ethToUsd": "2195.53",
      "updatedAt": "2025-03-05T17:53:23.652Z"
    },
    {
      "id": 434,
      "usdToUah": "41.59",
      "btcToUsd": "89804.00",
      "ethToUsd": "2195.53",
      "updatedAt": "2025-03-05T17:53:53.653Z"
    },
    {
      "id": 435,
      "usdToUah": "41.59",
      "btcToUsd": "89804.00",
      "ethToUsd": "2195.53",
      "updatedAt": "2025-03-05T17:54:23.654Z"
    },
    {
      "id": 436,
      "usdToUah": "41.59",
      "btcToUsd": "89804.00",
      "ethToUsd": "2195.53",
      "updatedAt": "2025-03-05T17:54:53.654Z"
    },
    {
      "id": 437,
      "usdToUah": "41.59",
      "btcToUsd": "89804.00",
      "ethToUsd": "2195.53",
      "updatedAt": "2025-03-05T17:55:23.654Z"
    },
    {
      "id": 438,
      "usdToUah": "41.59",
      "btcToUsd": "89804.00",
      "ethToUsd": "2195.53",
      "updatedAt": "2025-03-05T17:55:53.655Z"
    },
    {
      "id": 439,
      "usdToUah": "41.59",
      "btcToUsd": "89804.00",
      "ethToUsd": "2195.53",
      "updatedAt": "2025-03-05T17:56:23.655Z"
    },
    {
      "id": 440,
      "usdToUah": "41.59",
      "btcToUsd": "89804.00",
      "ethToUsd": "2195.53",
      "updatedAt": "2025-03-05T17:56:53.656Z"
    },
    {
      "id": 441,
      "usdToUah": "41.59",
      "btcToUsd": "89804.00",
      "ethToUsd": "2195.53",
      "updatedAt": "2025-03-05T17:57:23.656Z"
    },
    {
      "id": 442,
      "usdToUah": "41.59",
      "btcToUsd": "89804.00",
      "ethToUsd": "2195.53",
      "updatedAt": "2025-03-05T17:57:53.657Z"
    },
    {
      "id": 443,
      "usdToUah": "41.59",
      "btcToUsd": "89836.00",
      "ethToUsd": "2191.40",
      "updatedAt": "2025-03-05T17:58:23.962Z"
    },
    {
      "id": 444,
      "usdToUah": "41.59",
      "btcToUsd": "89836.00",
      "ethToUsd": "2191.40",
      "updatedAt": "2025-03-05T17:58:53.658Z"
    },
    {
      "id": 445,
      "usdToUah": "41.59",
      "btcToUsd": "89836.00",
      "ethToUsd": "2191.40",
      "updatedAt": "2025-03-05T17:59:23.658Z"
    },
    {
      "id": 446,
      "usdToUah": "41.59",
      "btcToUsd": "89552.00",
      "ethToUsd": "2188.86",
      "updatedAt": "2025-03-05T17:59:47.174Z"
    },
    {
      "id": 447,
      "usdToUah": "41.59",
      "btcToUsd": "89552.00",
      "ethToUsd": "2188.86",
      "updatedAt": "2025-03-05T18:00:16.472Z"
    },
    {
      "id": 448,
      "usdToUah": "41.59",
      "btcToUsd": "89552.00",
      "ethToUsd": "2188.86",
      "updatedAt": "2025-03-05T18:00:46.472Z"
    },
    {
      "id": 449,
      "usdToUah": "41.59",
      "btcToUsd": "89552.00",
      "ethToUsd": "2188.86",
      "updatedAt": "2025-03-05T18:01:16.472Z"
    },
    {
      "id": 450,
      "usdToUah": "41.59",
      "btcToUsd": "89552.00",
      "ethToUsd": "2188.86",
      "updatedAt": "2025-03-05T18:01:46.472Z"
    },
    {
      "id": 451,
      "usdToUah": "41.59",
      "btcToUsd": "89552.00",
      "ethToUsd": "2188.86",
      "updatedAt": "2025-03-05T18:02:16.472Z"
    },
    {
      "id": 452,
      "usdToUah": "41.59",
      "btcToUsd": "89552.00",
      "ethToUsd": "2188.86",
      "updatedAt": "2025-03-05T18:02:46.472Z"
    },
    {
      "id": 453,
      "usdToUah": "41.59",
      "btcToUsd": "89552.00",
      "ethToUsd": "2188.86",
      "updatedAt": "2025-03-05T18:03:16.473Z"
    },
    {
      "id": 454,
      "usdToUah": "41.59",
      "btcToUsd": "89552.00",
      "ethToUsd": "2188.86",
      "updatedAt": "2025-03-05T18:03:46.474Z"
    },
    {
      "id": 455,
      "usdToUah": "41.59",
      "btcToUsd": "89552.00",
      "ethToUsd": "2188.86",
      "updatedAt": "2025-03-05T18:04:16.475Z"
    },
    {
      "id": 456,
      "usdToUah": "41.59",
      "btcToUsd": "89552.00",
      "ethToUsd": "2188.86",
      "updatedAt": "2025-03-05T18:04:46.476Z"
    },
    {
      "id": 457,
      "usdToUah": "41.59",
      "btcToUsd": "89530.00",
      "ethToUsd": "2190.29",
      "updatedAt": "2025-03-05T18:05:16.807Z"
    },
    {
      "id": 458,
      "usdToUah": "41.59",
      "btcToUsd": "89530.00",
      "ethToUsd": "2190.29",
      "updatedAt": "2025-03-05T18:05:46.477Z"
    },
    {
      "id": 459,
      "usdToUah": "41.59",
      "btcToUsd": "89530.00",
      "ethToUsd": "2190.29",
      "updatedAt": "2025-03-05T18:06:16.478Z"
    },
    {
      "id": 460,
      "usdToUah": "41.59",
      "btcToUsd": "89530.00",
      "ethToUsd": "2190.29",
      "updatedAt": "2025-03-05T18:06:46.478Z"
    },
    {
      "id": 461,
      "usdToUah": "41.59",
      "btcToUsd": "89530.00",
      "ethToUsd": "2190.29",
      "updatedAt": "2025-03-05T18:07:16.479Z"
    },
    {
      "id": 462,
      "usdToUah": "41.59",
      "btcToUsd": "89530.00",
      "ethToUsd": "2190.29",
      "updatedAt": "2025-03-05T18:07:46.479Z"
    },
    {
      "id": 463,
      "usdToUah": "41.59",
      "btcToUsd": "89530.00",
      "ethToUsd": "2190.29",
      "updatedAt": "2025-03-05T18:08:16.480Z"
    },
    {
      "id": 464,
      "usdToUah": "41.59",
      "btcToUsd": "89530.00",
      "ethToUsd": "2190.29",
      "updatedAt": "2025-03-05T18:08:46.480Z"
    },
    {
      "id": 465,
      "usdToUah": "41.59",
      "btcToUsd": "89530.00",
      "ethToUsd": "2190.29",
      "updatedAt": "2025-03-05T18:09:16.481Z"
    },
    {
      "id": 466,
      "usdToUah": "41.59",
      "btcToUsd": "89530.00",
      "ethToUsd": "2190.29",
      "updatedAt": "2025-03-05T18:09:46.482Z"
    },
    {
      "id": 467,
      "usdToUah": "41.59",
      "btcToUsd": "89530.00",
      "ethToUsd": "2190.29",
      "updatedAt": "2025-03-05T18:10:16.482Z"
    },
    {
      "id": 468,
      "usdToUah": "41.59",
      "btcToUsd": "88859.00",
      "ethToUsd": "2172.61",
      "updatedAt": "2025-03-05T18:10:46.778Z"
    },
    {
      "id": 469,
      "usdToUah": "41.59",
      "btcToUsd": "88859.00",
      "ethToUsd": "2172.61",
      "updatedAt": "2025-03-05T18:11:16.483Z"
    },
    {
      "id": 470,
      "usdToUah": "41.59",
      "btcToUsd": "88859.00",
      "ethToUsd": "2172.61",
      "updatedAt": "2025-03-05T18:11:46.482Z"
    },
    {
      "id": 471,
      "usdToUah": "41.59",
      "btcToUsd": "88859.00",
      "ethToUsd": "2172.61",
      "updatedAt": "2025-03-05T18:12:16.483Z"
    },
    {
      "id": 472,
      "usdToUah": "41.59",
      "btcToUsd": "88859.00",
      "ethToUsd": "2172.61",
      "updatedAt": "2025-03-05T18:12:46.483Z"
    },
    {
      "id": 473,
      "usdToUah": "41.59",
      "btcToUsd": "88859.00",
      "ethToUsd": "2172.61",
      "updatedAt": "2025-03-05T18:13:16.483Z"
    },
    {
      "id": 474,
      "usdToUah": "41.59",
      "btcToUsd": "88859.00",
      "ethToUsd": "2172.61",
      "updatedAt": "2025-03-05T18:13:46.484Z"
    },
    {
      "id": 475,
      "usdToUah": "41.59",
      "btcToUsd": "88859.00",
      "ethToUsd": "2172.61",
      "updatedAt": "2025-03-05T18:14:16.485Z"
    },
    {
      "id": 476,
      "usdToUah": "41.59",
      "btcToUsd": "88859.00",
      "ethToUsd": "2172.61",
      "updatedAt": "2025-03-05T18:14:46.486Z"
    },
    {
      "id": 477,
      "usdToUah": "41.59",
      "btcToUsd": "88859.00",
      "ethToUsd": "2172.61",
      "updatedAt": "2025-03-05T18:15:16.486Z"
    },
    {
      "id": 478,
      "usdToUah": "41.59",
      "btcToUsd": "88859.00",
      "ethToUsd": "2172.61",
      "updatedAt": "2025-03-05T18:15:46.485Z"
    },
    {
      "id": 479,
      "usdToUah": "41.59",
      "btcToUsd": "89286.00",
      "ethToUsd": "2184.61",
      "updatedAt": "2025-03-05T18:16:16.786Z"
    },
    {
      "id": 480,
      "usdToUah": "41.59",
      "btcToUsd": "89286.00",
      "ethToUsd": "2184.61",
      "updatedAt": "2025-03-05T18:16:46.486Z"
    },
    {
      "id": 481,
      "usdToUah": "41.59",
      "btcToUsd": "89286.00",
      "ethToUsd": "2184.61",
      "updatedAt": "2025-03-05T18:17:16.486Z"
    },
    {
      "id": 482,
      "usdToUah": "41.59",
      "btcToUsd": "89286.00",
      "ethToUsd": "2184.61",
      "updatedAt": "2025-03-05T18:17:46.486Z"
    },
    {
      "id": 483,
      "usdToUah": "41.59",
      "btcToUsd": "89286.00",
      "ethToUsd": "2184.61",
      "updatedAt": "2025-03-05T18:18:16.487Z"
    },
    {
      "id": 484,
      "usdToUah": "41.59",
      "btcToUsd": "89286.00",
      "ethToUsd": "2184.61",
      "updatedAt": "2025-03-05T18:18:46.487Z"
    },
    {
      "id": 485,
      "usdToUah": "41.59",
      "btcToUsd": "89286.00",
      "ethToUsd": "2184.61",
      "updatedAt": "2025-03-05T18:19:16.488Z"
    },
    {
      "id": 486,
      "usdToUah": "41.59",
      "btcToUsd": "89286.00",
      "ethToUsd": "2184.61",
      "updatedAt": "2025-03-05T18:19:46.489Z"
    },
    {
      "id": 487,
      "usdToUah": "41.59",
      "btcToUsd": "89286.00",
      "ethToUsd": "2184.61",
      "updatedAt": "2025-03-05T18:20:16.490Z"
    },
    {
      "id": 488,
      "usdToUah": "41.59",
      "btcToUsd": "89286.00",
      "ethToUsd": "2184.61",
      "updatedAt": "2025-03-05T18:20:46.490Z"
    },
    {
      "id": 489,
      "usdToUah": "41.59",
      "btcToUsd": "89286.00",
      "ethToUsd": "2184.61",
      "updatedAt": "2025-03-05T18:21:16.492Z"
    },
    {
      "id": 490,
      "usdToUah": "41.59",
      "btcToUsd": "89089.00",
      "ethToUsd": "2183.32",
      "updatedAt": "2025-03-05T18:21:46.813Z"
    },
    {
      "id": 491,
      "usdToUah": "41.59",
      "btcToUsd": "89089.00",
      "ethToUsd": "2183.32",
      "updatedAt": "2025-03-05T18:22:16.494Z"
    },
    {
      "id": 492,
      "usdToUah": "41.59",
      "btcToUsd": "89089.00",
      "ethToUsd": "2183.32",
      "updatedAt": "2025-03-05T18:22:46.495Z"
    },
    {
      "id": 493,
      "usdToUah": "41.59",
      "btcToUsd": "89089.00",
      "ethToUsd": "2183.32",
      "updatedAt": "2025-03-05T18:23:16.496Z"
    },
    {
      "id": 494,
      "usdToUah": "41.59",
      "btcToUsd": "89089.00",
      "ethToUsd": "2183.32",
      "updatedAt": "2025-03-05T18:23:46.496Z"
    },
    {
      "id": 495,
      "usdToUah": "41.59",
      "btcToUsd": "89089.00",
      "ethToUsd": "2183.32",
      "updatedAt": "2025-03-05T18:24:16.497Z"
    },
    {
      "id": 496,
      "usdToUah": "41.59",
      "btcToUsd": "89089.00",
      "ethToUsd": "2183.32",
      "updatedAt": "2025-03-05T18:24:46.497Z"
    },
    {
      "id": 497,
      "usdToUah": "41.59",
      "btcToUsd": "89089.00",
      "ethToUsd": "2183.32",
      "updatedAt": "2025-03-05T18:25:16.497Z"
    },
    {
      "id": 498,
      "usdToUah": "41.59",
      "btcToUsd": "89089.00",
      "ethToUsd": "2183.32",
      "updatedAt": "2025-03-05T18:25:46.497Z"
    },
    {
      "id": 499,
      "usdToUah": "41.59",
      "btcToUsd": "89089.00",
      "ethToUsd": "2183.32",
      "updatedAt": "2025-03-05T18:26:16.497Z"
    },
    {
      "id": 500,
      "usdToUah": "41.59",
      "btcToUsd": "89089.00",
      "ethToUsd": "2183.32",
      "updatedAt": "2025-03-05T18:26:46.498Z"
    },
    {
      "id": 501,
      "usdToUah": "41.59",
      "btcToUsd": "89344.00",
      "ethToUsd": "2191.72",
      "updatedAt": "2025-03-05T18:27:16.801Z"
    },
    {
      "id": 502,
      "usdToUah": "41.59",
      "btcToUsd": "89344.00",
      "ethToUsd": "2191.72",
      "updatedAt": "2025-03-05T18:27:46.498Z"
    },
    {
      "id": 503,
      "usdToUah": "41.59",
      "btcToUsd": "89344.00",
      "ethToUsd": "2191.72",
      "updatedAt": "2025-03-05T18:28:16.499Z"
    },
    {
      "id": 504,
      "usdToUah": "41.59",
      "btcToUsd": "89344.00",
      "ethToUsd": "2191.72",
      "updatedAt": "2025-03-05T18:28:46.500Z"
    }
  ],
  "backupDate": "2025-03-05T18-29-13-580Z",
  "version": "1.0"
}