[
  {
    "id": 1,
    "usdToUah": "37.00",
    "btcToUsd": "50000.00",
    "ethToUsd": "3000.00",
    "updatedAt": "2025-03-04T23:00:00.000Z"
  },
  {
    "id": 431,
    "usdToUah": "41.59",
    "btcToUsd": "89502.00",
    "ethToUsd": "2189.58",
    "updatedAt": "2025-03-05T17:52:28.718Z"
  },
  {
    "id": 432,
    "usdToUah": "41.59",
    "btcToUsd": "89804.00",
    "ethToUsd": "2195.53",
    "updatedAt": "2025-03-05T17:52:56.201Z"
  },
  {
    "id": 433,
    "usdToUah": "41.59",
    "btcToUsd": "89804.00",
    "ethToUsd": "2195.53",
    "updatedAt": "2025-03-05T17:53:23.652Z"
  },
  {
    "id": 434,
    "usdToUah": "41.59",
    "btcToUsd": "89804.00",
    "ethToUsd": "2195.53",
    "updatedAt": "2025-03-05T17:53:53.653Z"
  },
  {
    "id": 435,
    "usdToUah": "41.59",
    "btcToUsd": "89804.00",
    "ethToUsd": "2195.53",
    "updatedAt": "2025-03-05T17:54:23.654Z"
  },
  {
    "id": 436,
    "usdToUah": "41.59",
    "btcToUsd": "89804.00",
    "ethToUsd": "2195.53",
    "updatedAt": "2025-03-05T17:54:53.654Z"
  },
  {
    "id": 437,
    "usdToUah": "41.59",
    "btcToUsd": "89804.00",
    "ethToUsd": "2195.53",
    "updatedAt": "2025-03-05T17:55:23.654Z"
  },
  {
    "id": 438,
    "usdToUah": "41.59",
    "btcToUsd": "89804.00",
    "ethToUsd": "2195.53",
    "updatedAt": "2025-03-05T17:55:53.655Z"
  },
  {
    "id": 439,
    "usdToUah": "41.59",
    "btcToUsd": "89804.00",
    "ethToUsd": "2195.53",
    "updatedAt": "2025-03-05T17:56:23.655Z"
  },
  {
    "id": 440,
    "usdToUah": "41.59",
    "btcToUsd": "89804.00",
    "ethToUsd": "2195.53",
    "updatedAt": "2025-03-05T17:56:53.656Z"
  },
  {
    "id": 441,
    "usdToUah": "41.59",
    "btcToUsd": "89804.00",
    "ethToUsd": "2195.53",
    "updatedAt": "2025-03-05T17:57:23.656Z"
  },
  {
    "id": 442,
    "usdToUah": "41.59",
    "btcToUsd": "89804.00",
    "ethToUsd": "2195.53",
    "updatedAt": "2025-03-05T17:57:53.657Z"
  },
  {
    "id": 443,
    "usdToUah": "41.59",
    "btcToUsd": "89836.00",
    "ethToUsd": "2191.40",
    "updatedAt": "2025-03-05T17:58:23.962Z"
  },
  {
    "id": 444,
    "usdToUah": "41.59",
    "btcToUsd": "89836.00",
    "ethToUsd": "2191.40",
    "updatedAt": "2025-03-05T17:58:53.658Z"
  },
  {
    "id": 445,
    "usdToUah": "41.59",
    "btcToUsd": "89836.00",
    "ethToUsd": "2191.40",
    "updatedAt": "2025-03-05T17:59:23.658Z"
  },
  {
    "id": 446,
    "usdToUah": "41.59",
    "btcToUsd": "89552.00",
    "ethToUsd": "2188.86",
    "updatedAt": "2025-03-05T17:59:47.174Z"
  },
  {
    "id": 447,
    "usdToUah": "41.59",
    "btcToUsd": "89552.00",
    "ethToUsd": "2188.86",
    "updatedAt": "2025-03-05T18:00:16.472Z"
  },
  {
    "id": 448,
    "usdToUah": "41.59",
    "btcToUsd": "89552.00",
    "ethToUsd": "2188.86",
    "updatedAt": "2025-03-05T18:00:46.472Z"
  },
  {
    "id": 449,
    "usdToUah": "41.59",
    "btcToUsd": "89552.00",
    "ethToUsd": "2188.86",
    "updatedAt": "2025-03-05T18:01:16.472Z"
  },
  {
    "id": 450,
    "usdToUah": "41.59",
    "btcToUsd": "89552.00",
    "ethToUsd": "2188.86",
    "updatedAt": "2025-03-05T18:01:46.472Z"
  },
  {
    "id": 451,
    "usdToUah": "41.59",
    "btcToUsd": "89552.00",
    "ethToUsd": "2188.86",
    "updatedAt": "2025-03-05T18:02:16.472Z"
  },
  {
    "id": 452,
    "usdToUah": "41.59",
    "btcToUsd": "89552.00",
    "ethToUsd": "2188.86",
    "updatedAt": "2025-03-05T18:02:46.472Z"
  },
  {
    "id": 453,
    "usdToUah": "41.59",
    "btcToUsd": "89552.00",
    "ethToUsd": "2188.86",
    "updatedAt": "2025-03-05T18:03:16.473Z"
  },
  {
    "id": 454,
    "usdToUah": "41.59",
    "btcToUsd": "89552.00",
    "ethToUsd": "2188.86",
    "updatedAt": "2025-03-05T18:03:46.474Z"
  },
  {
    "id": 455,
    "usdToUah": "41.59",
    "btcToUsd": "89552.00",
    "ethToUsd": "2188.86",
    "updatedAt": "2025-03-05T18:04:16.475Z"
  },
  {
    "id": 456,
    "usdToUah": "41.59",
    "btcToUsd": "89552.00",
    "ethToUsd": "2188.86",
    "updatedAt": "2025-03-05T18:04:46.476Z"
  },
  {
    "id": 457,
    "usdToUah": "41.59",
    "btcToUsd": "89530.00",
    "ethToUsd": "2190.29",
    "updatedAt": "2025-03-05T18:05:16.807Z"
  },
  {
    "id": 458,
    "usdToUah": "41.59",
    "btcToUsd": "89530.00",
    "ethToUsd": "2190.29",
    "updatedAt": "2025-03-05T18:05:46.477Z"
  },
  {
    "id": 459,
    "usdToUah": "41.59",
    "btcToUsd": "89530.00",
    "ethToUsd": "2190.29",
    "updatedAt": "2025-03-05T18:06:16.478Z"
  },
  {
    "id": 460,
    "usdToUah": "41.59",
    "btcToUsd": "89530.00",
    "ethToUsd": "2190.29",
    "updatedAt": "2025-03-05T18:06:46.478Z"
  },
  {
    "id": 461,
    "usdToUah": "41.59",
    "btcToUsd": "89530.00",
    "ethToUsd": "2190.29",
    "updatedAt": "2025-03-05T18:07:16.479Z"
  },
  {
    "id": 462,
    "usdToUah": "41.59",
    "btcToUsd": "89530.00",
    "ethToUsd": "2190.29",
    "updatedAt": "2025-03-05T18:07:46.479Z"
  },
  {
    "id": 463,
    "usdToUah": "41.59",
    "btcToUsd": "89530.00",
    "ethToUsd": "2190.29",
    "updatedAt": "2025-03-05T18:08:16.480Z"
  },
  {
    "id": 464,
    "usdToUah": "41.59",
    "btcToUsd": "89530.00",
    "ethToUsd": "2190.29",
    "updatedAt": "2025-03-05T18:08:46.480Z"
  },
  {
    "id": 465,
    "usdToUah": "41.59",
    "btcToUsd": "89530.00",
    "ethToUsd": "2190.29",
    "updatedAt": "2025-03-05T18:09:16.481Z"
  },
  {
    "id": 466,
    "usdToUah": "41.59",
    "btcToUsd": "89530.00",
    "ethToUsd": "2190.29",
    "updatedAt": "2025-03-05T18:09:46.482Z"
  },
  {
    "id": 467,
    "usdToUah": "41.59",
    "btcToUsd": "89530.00",
    "ethToUsd": "2190.29",
    "updatedAt": "2025-03-05T18:10:16.482Z"
  },
  {
    "id": 468,
    "usdToUah": "41.59",
    "btcToUsd": "88859.00",
    "ethToUsd": "2172.61",
    "updatedAt": "2025-03-05T18:10:46.778Z"
  },
  {
    "id": 469,
    "usdToUah": "41.59",
    "btcToUsd": "88859.00",
    "ethToUsd": "2172.61",
    "updatedAt": "2025-03-05T18:11:16.483Z"
  },
  {
    "id": 470,
    "usdToUah": "41.59",
    "btcToUsd": "88859.00",
    "ethToUsd": "2172.61",
    "updatedAt": "2025-03-05T18:11:46.482Z"
  },
  {
    "id": 471,
    "usdToUah": "41.59",
    "btcToUsd": "88859.00",
    "ethToUsd": "2172.61",
    "updatedAt": "2025-03-05T18:12:16.483Z"
  },
  {
    "id": 472,
    "usdToUah": "41.59",
    "btcToUsd": "88859.00",
    "ethToUsd": "2172.61",
    "updatedAt": "2025-03-05T18:12:46.483Z"
  },
  {
    "id": 473,
    "usdToUah": "41.59",
    "btcToUsd": "88859.00",
    "ethToUsd": "2172.61",
    "updatedAt": "2025-03-05T18:13:16.483Z"
  },
  {
    "id": 474,
    "usdToUah": "41.59",
    "btcToUsd": "88859.00",
    "ethToUsd": "2172.61",
    "updatedAt": "2025-03-05T18:13:46.484Z"
  },
  {
    "id": 475,
    "usdToUah": "41.59",
    "btcToUsd": "88859.00",
    "ethToUsd": "2172.61",
    "updatedAt": "2025-03-05T18:14:16.485Z"
  },
  {
    "id": 476,
    "usdToUah": "41.59",
    "btcToUsd": "88859.00",
    "ethToUsd": "2172.61",
    "updatedAt": "2025-03-05T18:14:46.486Z"
  },
  {
    "id": 477,
    "usdToUah": "41.59",
    "btcToUsd": "88859.00",
    "ethToUsd": "2172.61",
    "updatedAt": "2025-03-05T18:15:16.486Z"
  },
  {
    "id": 478,
    "usdToUah": "41.59",
    "btcToUsd": "88859.00",
    "ethToUsd": "2172.61",
    "updatedAt": "2025-03-05T18:15:46.485Z"
  },
  {
    "id": 479,
    "usdToUah": "41.59",
    "btcToUsd": "89286.00",
    "ethToUsd": "2184.61",
    "updatedAt": "2025-03-05T18:16:16.786Z"
  },
  {
    "id": 480,
    "usdToUah": "41.59",
    "btcToUsd": "89286.00",
    "ethToUsd": "2184.61",
    "updatedAt": "2025-03-05T18:16:46.486Z"
  },
  {
    "id": 481,
    "usdToUah": "41.59",
    "btcToUsd": "89286.00",
    "ethToUsd": "2184.61",
    "updatedAt": "2025-03-05T18:17:16.486Z"
  },
  {
    "id": 482,
    "usdToUah": "41.59",
    "btcToUsd": "89286.00",
    "ethToUsd": "2184.61",
    "updatedAt": "2025-03-05T18:17:46.486Z"
  },
  {
    "id": 483,
    "usdToUah": "41.59",
    "btcToUsd": "89286.00",
    "ethToUsd": "2184.61",
    "updatedAt": "2025-03-05T18:18:16.487Z"
  },
  {
    "id": 484,
    "usdToUah": "41.59",
    "btcToUsd": "89286.00",
    "ethToUsd": "2184.61",
    "updatedAt": "2025-03-05T18:18:46.487Z"
  },
  {
    "id": 485,
    "usdToUah": "41.59",
    "btcToUsd": "89286.00",
    "ethToUsd": "2184.61",
    "updatedAt": "2025-03-05T18:19:16.488Z"
  },
  {
    "id": 486,
    "usdToUah": "41.59",
    "btcToUsd": "89286.00",
    "ethToUsd": "2184.61",
    "updatedAt": "2025-03-05T18:19:46.489Z"
  },
  {
    "id": 487,
    "usdToUah": "41.59",
    "btcToUsd": "89286.00",
    "ethToUsd": "2184.61",
    "updatedAt": "2025-03-05T18:20:16.490Z"
  },
  {
    "id": 488,
    "usdToUah": "41.59",
    "btcToUsd": "89286.00",
    "ethToUsd": "2184.61",
    "updatedAt": "2025-03-05T18:20:46.490Z"
  },
  {
    "id": 489,
    "usdToUah": "41.59",
    "btcToUsd": "89286.00",
    "ethToUsd": "2184.61",
    "updatedAt": "2025-03-05T18:21:16.492Z"
  },
  {
    "id": 490,
    "usdToUah": "41.59",
    "btcToUsd": "89089.00",
    "ethToUsd": "2183.32",
    "updatedAt": "2025-03-05T18:21:46.813Z"
  },
  {
    "id": 491,
    "usdToUah": "41.59",
    "btcToUsd": "89089.00",
    "ethToUsd": "2183.32",
    "updatedAt": "2025-03-05T18:22:16.494Z"
  },
  {
    "id": 492,
    "usdToUah": "41.59",
    "btcToUsd": "89089.00",
    "ethToUsd": "2183.32",
    "updatedAt": "2025-03-05T18:22:46.495Z"
  },
  {
    "id": 493,
    "usdToUah": "41.59",
    "btcToUsd": "89089.00",
    "ethToUsd": "2183.32",
    "updatedAt": "2025-03-05T18:23:16.496Z"
  },
  {
    "id": 494,
    "usdToUah": "41.59",
    "btcToUsd": "89089.00",
    "ethToUsd": "2183.32",
    "updatedAt": "2025-03-05T18:23:46.496Z"
  },
  {
    "id": 495,
    "usdToUah": "41.59",
    "btcToUsd": "89089.00",
    "ethToUsd": "2183.32",
    "updatedAt": "2025-03-05T18:24:16.497Z"
  },
  {
    "id": 496,
    "usdToUah": "41.59",
    "btcToUsd": "89089.00",
    "ethToUsd": "2183.32",
    "updatedAt": "2025-03-05T18:24:46.497Z"
  },
  {
    "id": 497,
    "usdToUah": "41.59",
    "btcToUsd": "89089.00",
    "ethToUsd": "2183.32",
    "updatedAt": "2025-03-05T18:25:16.497Z"
  },
  {
    "id": 498,
    "usdToUah": "41.59",
    "btcToUsd": "89089.00",
    "ethToUsd": "2183.32",
    "updatedAt": "2025-03-05T18:25:46.497Z"
  },
  {
    "id": 499,
    "usdToUah": "41.59",
    "btcToUsd": "89089.00",
    "ethToUsd": "2183.32",
    "updatedAt": "2025-03-05T18:26:16.497Z"
  },
  {
    "id": 500,
    "usdToUah": "41.59",
    "btcToUsd": "89089.00",
    "ethToUsd": "2183.32",
    "updatedAt": "2025-03-05T18:26:46.498Z"
  },
  {
    "id": 501,
    "usdToUah": "41.59",
    "btcToUsd": "89344.00",
    "ethToUsd": "2191.72",
    "updatedAt": "2025-03-05T18:27:16.801Z"
  },
  {
    "id": 502,
    "usdToUah": "41.59",
    "btcToUsd": "89344.00",
    "ethToUsd": "2191.72",
    "updatedAt": "2025-03-05T18:27:46.498Z"
  },
  {
    "id": 503,
    "usdToUah": "41.59",
    "btcToUsd": "89344.00",
    "ethToUsd": "2191.72",
    "updatedAt": "2025-03-05T18:28:16.499Z"
  },
  {
    "id": 504,
    "usdToUah": "41.59",
    "btcToUsd": "89344.00",
    "ethToUsd": "2191.72",
    "updatedAt": "2025-03-05T18:28:46.500Z"
  }
]