{
  "users": [
    {
      "id": 5,
      "username": "Tod Kolinsk",
      "password": "dda845d60595df05ca8c90a32c72f721eaa6f73bfa8a25a063f1981fe45b87910c31bc45a7724ab945b1a9e33a0a68b08e2296fb73b960877d85c57b42ac5ff7.e307a6994d6eb04c87392ce530309630",
      "is_regulator": false,
      "regulator_balance": "0.00000000",
      "last_nft_generation": null,
      "nft_generation_count": 0
    },
    {
      "id": 6,
      "username": "Tod Kolins",
      "password": "5ef77cb19fc9406965acb4e028683a124ca1ebb17b338208661127275f108424d8af6b26dea963f3570d1d8939d2ec7a4a8b32fc191a9551832e611a90b4ac4d.a877e8fe8f6f620a3a7589d048534602",
      "is_regulator": false,
      "regulator_balance": "0.00000000",
      "last_nft_generation": null,
      "nft_generation_count": 0
    },
    {
      "id": 2,
      "username": "Kich32",
      "password": "password123",
      "is_regulator": false,
      "regulator_balance": "0.00000000",
      "last_nft_generation": null,
      "nft_generation_count": 0
    },
    {
      "id": 7,
      "username": "olektreyd@gmail.com",
      "password": "9187c19246b7ef132ba5cff07bf1a528b8e19c112dbdaea27045df3e77408c479bac1a59225e4aef6409f1aa337cd490cebbdf50866d478477d01aac95184c6e.440d8cd7817ef5d331a7345b64eb6b41",
      "is_regulator": false,
      "regulator_balance": "0.00000000",
      "last_nft_generation": null,
      "nft_generation_count": 0
    },
    {
      "id": 8,
      "username": "Nikita",
      "password": "c6e6ad1df7ccd60cb6d2948ae04ac83da3e8608a37f544f7650c52c5271c027e6aa6aa8cf5618cfd951ee33fd6a2a83b0badfc2ad2992d8e3e54ad5f0e110553.345c80e97a319d2a0a275f7031c672b3",
      "is_regulator": false,
      "regulator_balance": "0.00000000",
      "last_nft_generation": null,
      "nft_generation_count": 0
    },
    {
      "id": 9,
      "username": "Maksim4440432",
      "password": "07f040ac39b3254bcbf515cab85c28458bb1c85f31533340fae085449eddc73095dd1d37f1d5c132fdcf2df6d116aef9af57f511208936af7745c0ff87330d9c.3bc39831b34601ec4b225bb10900ea4c",
      "is_regulator": false,
      "regulator_balance": "0.00000000",
      "last_nft_generation": null,
      "nft_generation_count": 0
    },
    {
      "id": 10,
      "username": "1 g",
      "password": "a3a57271d41d1591da6c1c1bf889033a812bc225bc67397e5b1ce6c20cc29484ef2e4a84d0ee9122b9f287a1dddc6a55f3c7a386fb7fa88941d9285d94ae07c5.276f3bc1e701cad1cebd9ad03cc291a1",
      "is_regulator": false,
      "regulator_balance": "0.00000000",
      "last_nft_generation": null,
      "nft_generation_count": 0
    },
    {
      "id": 11,
      "username": "Miller ",
      "password": "bceecb61482bb5f672f47d4e8be3a9d3b1ad6fa84ac77b0ce6a402f72844d558b0e2c62198268049453f24bf7a1b72dd89cd068eefa18a6e554cf5372e2bbda8.8d56cf629d853514ac9775a56176587c",
      "is_regulator": false,
      "regulator_balance": "0.00000000",
      "last_nft_generation": null,
      "nft_generation_count": 0
    },
    {
      "id": 12,
      "username": "6877",
      "password": "aaeb99e853f851a297f47a5883edc107310cc81fa53f75fa737ae12baae3a492ef6e4f56a652f220c8af5463a568470a4e642a200a0f7b5de019081d06cfbc2c.d0117dd2f3daf3923a4d00c2425fbc91",
      "is_regulator": false,
      "regulator_balance": "0.00000000",
      "last_nft_generation": null,
      "nft_generation_count": 0
    },
    {
      "id": 13,
      "username": "1",
      "password": "d712134b93f00f1e14d3d80a0ba8a60babf90c965e1d4bb9ea6c16d3b72a37701291841cec8152d32e0b1f16fdf3ae39df122d1f4ecda2198fecdb5ad6f8dd0f.ec6732530dca428510483251f9aa9e21",
      "is_regulator": false,
      "regulator_balance": "0.00000000",
      "last_nft_generation": null,
      "nft_generation_count": 0
    },
    {
      "id": 14,
      "username": "Dimka",
      "password": "6c09f7fc6dc81052322822e8b925a2e75e34eea027aba911a7a01f25a92f413b4e231304506057d7adff7a3f561a902cbbe670d5318991de95cf8487733033e9.e614b2009048cddd17eac92c9341da94",
      "is_regulator": false,
      "regulator_balance": "0.00000000",
      "last_nft_generation": null,
      "nft_generation_count": 0
    },
    {
      "id": 15,
      "username": "2",
      "password": "ee5107ced647eff88796c1b1ad723a58492de993fdf56d5f6b3868ee5052014a68a00e8f6ab2b4b69884f05ae3cab66958c3600fb1c5d012ccad0bd2ab36a48b.50788c962d1238f45d61dfec68040a84",
      "is_regulator": false,
      "regulator_balance": "0.00000000",
      "last_nft_generation": null,
      "nft_generation_count": 0
    },
    {
      "id": 16,
      "username": "2huy",
      "password": "34934760eb4d9c9b8c7cc94c9da6bd1c303ec11115b3c434d69ba1c696cc807aaeeb6d72b4c8525c02a3c914c28f047a930c5567d72f895b3f4e1e4bfd645229.ed35588e3f5a5c7a73bb27e91db5a535",
      "is_regulator": false,
      "regulator_balance": "0.00000000",
      "last_nft_generation": null,
      "nft_generation_count": 0
    },
    {
      "id": 17,
      "username": "4",
      "password": "6c8b92e579546eec5fcd989d70b2ca29080b8ecfd086dbe49f06297c26c862fb862e0c9c22a336044eece23fb4cda2b41d8328e77856e8ec5df6a10fb3df7b58.6f51f4f51b760cfa0201fbda0e8b5d85",
      "is_regulator": false,
      "regulator_balance": "0.00000000",
      "last_nft_generation": null,
      "nft_generation_count": 0
    },
    {
      "id": 18,
      "username": "5",
      "password": "71e08f928de2c9c2b73da9687b0cb024993f0724e3bc05cf7fa86139809760b240b6537c58b7444c681443529e1dca79e044a7711f038cb4d7b25d1e78062e48.8b2dd39a53fa646e7a4b99cb3d8d115e",
      "is_regulator": false,
      "regulator_balance": "0.00000000",
      "last_nft_generation": null,
      "nft_generation_count": 0
    },
    {
      "id": 19,
      "username": "sergey1988",
      "password": "806f7e7382a12d1cd4d456ac749114717de254d421b23fc6be3e82d1207d8254190165faa8182e7f9ace26299341ad844b178931e9d0f3b55842163b17aa2e11.fae8ea5578f000e04e67d40a0c850bba",
      "is_regulator": false,
      "regulator_balance": "0.00000000",
      "last_nft_generation": null,
      "nft_generation_count": 0
    },
    {
      "id": 20,
      "username": "12",
      "password": "194412e35b64c62441dc101fa007c24ed860ce087a5013ab21d6401d2a788766098b856171d8d8d73e5df163df50e577a72536360a3f3b9c1e06eb6fef08f98b.b0346ad44472aa612dbe6428023e8079",
      "is_regulator": false,
      "regulator_balance": "0.00000000",
      "last_nft_generation": null,
      "nft_generation_count": 0
    },
    {
      "id": 21,
      "username": "gy",
      "password": "f91cb2bcc0b018390e5db17417c4478d9063e5dd9f04a5e556e1278431afb8102477552f0bfd873c68df54d2725cfc5a0bd292bee28b49ab0cf9152426872898.f357ce6220ac6a3b2325c877cef2931a",
      "is_regulator": false,
      "regulator_balance": "0.00000000",
      "last_nft_generation": null,
      "nft_generation_count": 0
    },
    {
      "id": 1,
      "username": "admin",
      "password": "73992c62ca47be0e8d949ad8df64324bae8f542007c0f2ef886f1b39418963c8b4ccc9c63939340a0a0f9c96d170dd0705075c728a35c76e3c340650970417cc.32567ef87fc584ec22cea70d4dbd6f46",
      "is_regulator": true,
      "regulator_balance": "6641.19494238",
      "last_nft_generation": null,
      "nft_generation_count": 0
    }
  ],
  "cards": [
    {
      "id": 5,
      "userId": 5,
      "type": "usd",
      "number": "4283764713218456",
      "expiry": "12/25",
      "cvv": "981",
      "balance": "0.00000000",
      "btcBalance": "0.00000000",
      "ethBalance": "0.00000000",
      "btcAddress": null,
      "ethAddress": null
    },
    {
      "id": 6,
      "userId": 5,
      "type": "uah",
      "number": "4496364436548156",
      "expiry": "02/29",
      "cvv": "238",
      "balance": "0.00000000",
      "btcBalance": "0.00000000",
      "ethBalance": "0.00000000",
      "btcAddress": null,
      "ethAddress": null
    },
    {
      "id": 4,
      "userId": 5,
      "type": "crypto",
      "number": "4705253597553356",
      "expiry": "08/27",
      "cvv": "734",
      "balance": "26930.00000000",
      "btcBalance": "0.00000000",
      "ethBalance": "0.00000000",
      "btcAddress": "1e99e3cb491521598822e872e9a693f979",
      "ethAddress": "0xcee3853a474711b2f9205306252dce9f14d3899a"
    },
    {
      "id": 8,
      "userId": 6,
      "type": "usd",
      "number": "4823612607289428",
      "expiry": "10/27",
      "cvv": "624",
      "balance": "296219.35000000",
      "btcBalance": "0.00000000",
      "ethBalance": "0.00000000",
      "btcAddress": null,
      "ethAddress": null
    },
    {
      "id": 30,
      "userId": 13,
      "type": "crypto",
      "number": "4235221482047224",
      "expiry": "02/28",
      "cvv": "732",
      "balance": "0.00000000",
      "btcBalance": "6.64728498",
      "ethBalance": "15.00000000",
      "btcAddress": "13Nvkm3KU2ac4SHFGn4rMaCRRkZbVw4tc6",
      "ethAddress": "0x6B2527441FCd1db9c183397A5C7e9044B61FD236"
    },
    {
      "id": 26,
      "userId": 12,
      "type": "usd",
      "number": "7336737187794917",
      "expiry": "02/28",
      "cvv": "963",
      "balance": "150.00000000",
      "btcBalance": "0.00000000",
      "ethBalance": "0.00000000",
      "btcAddress": null,
      "ethAddress": null
    },
    {
      "id": 44,
      "userId": 19,
      "type": "uah",
      "number": "4111174747608822",
      "expiry": "02/29",
      "cvv": "363",
      "balance": "14223276.84000000",
      "btcBalance": "0.00000000",
      "ethBalance": "0.00000000",
      "btcAddress": "0",
      "ethAddress": "0"
    },
    {
      "id": 43,
      "userId": 19,
      "type": "usd",
      "number": "4111335868451217",
      "expiry": "02/29",
      "cvv": "978",
      "balance": "9548.84000000",
      "btcBalance": "0.00000000",
      "ethBalance": "0.00000000",
      "btcAddress": "0",
      "ethAddress": "0"
    },
    {
      "id": 50,
      "userId": 21,
      "type": "uah",
      "number": "4111812997807538",
      "expiry": "02/29",
      "cvv": "128",
      "balance": "83420.00000000",
      "btcBalance": "0.00000000",
      "ethBalance": "0.00000000",
      "btcAddress": "0",
      "ethAddress": "0"
    },
    {
      "id": 20,
      "userId": 9,
      "type": "crypto",
      "number": "4822340036956025",
      "expiry": "07/28",
      "cvv": "416",
      "balance": "234.00000000",
      "btcBalance": "240.00000000",
      "ethBalance": "0.00000000",
      "btcAddress": "12M4YnqbpEEGDdk78p83yj9TZRvxGevUEd",
      "ethAddress": "0xd2109e57ea685590465fd67fe0f9581fab7df589"
    },
    {
      "id": 49,
      "userId": 21,
      "type": "usd",
      "number": "4111966513505909",
      "expiry": "02/29",
      "cvv": "490",
      "balance": "2332.38000000",
      "btcBalance": "0.00000000",
      "ethBalance": "0.00000000",
      "btcAddress": "0",
      "ethAddress": "0"
    },
    {
      "id": 19,
      "userId": 9,
      "type": "usd",
      "number": "4699878420571000",
      "expiry": "07/26",
      "cvv": "620",
      "balance": "93518.98000000",
      "btcBalance": "0.00000000",
      "ethBalance": "0.00000000",
      "btcAddress": null,
      "ethAddress": null
    },
    {
      "id": 21,
      "userId": 9,
      "type": "uah",
      "number": "4502993597804046",
      "expiry": "10/25",
      "cvv": "558",
      "balance": "169462.72000000",
      "btcBalance": "0.00000000",
      "ethBalance": "0.00000000",
      "btcAddress": null,
      "ethAddress": null
    },
    {
      "id": 22,
      "userId": 11,
      "type": "uah",
      "number": "2453768786073922",
      "expiry": "02/28",
      "cvv": "117",
      "balance": "37000.00000000",
      "btcBalance": "0.00000000",
      "ethBalance": "0.00000000",
      "btcAddress": null,
      "ethAddress": null
    },
    {
      "id": 23,
      "userId": 11,
      "type": "usd",
      "number": "2826705500542841",
      "expiry": "02/28",
      "cvv": "117",
      "balance": "1000.00000000",
      "btcBalance": "0.00000000",
      "ethBalance": "0.00000000",
      "btcAddress": null,
      "ethAddress": null
    },
    {
      "id": 24,
      "userId": 11,
      "type": "crypto",
      "number": "0072753985021707",
      "expiry": "02/28",
      "cvv": "117",
      "balance": "0.00000000",
      "btcBalance": "0.05000000",
      "ethBalance": "1.00000000",
      "btcAddress": "176fEuAKeyViwvntKi3fCBqtgF1w78WHNg",
      "ethAddress": "0x49667Df500e2440914276AE8528CF8e35d5345c9"
    },
    {
      "id": 25,
      "userId": 12,
      "type": "uah",
      "number": "4969281187573426",
      "expiry": "02/28",
      "cvv": "963",
      "balance": "0.00000000",
      "btcBalance": "0.00000000",
      "ethBalance": "0.00000000",
      "btcAddress": null,
      "ethAddress": null
    },
    {
      "id": 27,
      "userId": 12,
      "type": "crypto",
      "number": "2699251780233529",
      "expiry": "02/28",
      "cvv": "963",
      "balance": "0.00000000",
      "btcBalance": "0.00000000",
      "ethBalance": "0.00000000",
      "btcAddress": "15fGV89N7x1wVivEB8hKA98XLSnroKqtwp",
      "ethAddress": "0xd4D2B0137034FC50e4ab0feCe124907073E70CaE"
    },
    {
      "id": 28,
      "userId": 13,
      "type": "usd",
      "number": "5946327404556138",
      "expiry": "02/28",
      "cvv": "732",
      "balance": "93996.49000000",
      "btcBalance": "0.00000000",
      "ethBalance": "0.00000000",
      "btcAddress": null,
      "ethAddress": null
    },
    {
      "id": 29,
      "userId": 13,
      "type": "uah",
      "number": "7012919897050653",
      "expiry": "02/28",
      "cvv": "732",
      "balance": "3051.08000000",
      "btcBalance": "0.00000000",
      "ethBalance": "0.00000000",
      "btcAddress": null,
      "ethAddress": null
    },
    {
      "id": 1,
      "userId": 1,
      "type": "crypto",
      "number": "4686080646631828",
      "expiry": "02/29",
      "cvv": "505",
      "balance": "4883.31000000",
      "btcBalance": "4789.10944377",
      "ethBalance": "12814.94137800",
      "btcAddress": "1NpXrBFqLtpzFncjFeZn5f7bTMM8yiXmTE",
      "ethAddress": "0xe4d787118bfdf3fe7099351946eb4ea14e965a91"
    },
    {
      "id": 3,
      "userId": 1,
      "type": "uah",
      "number": "4763950103360695",
      "expiry": "12/28",
      "cvv": "808",
      "balance": "900000.00000000",
      "btcBalance": "0.00000000",
      "ethBalance": "0.00000000",
      "btcAddress": null,
      "ethAddress": null
    },
    {
      "id": 2,
      "userId": 1,
      "type": "usd",
      "number": "4593125478989946",
      "expiry": "01/25",
      "cvv": "483",
      "balance": "408000.00000000",
      "btcBalance": "0.00000000",
      "ethBalance": "0.00000000",
      "btcAddress": null,
      "ethAddress": null
    }
  ],
  "transactions": [
    {
      "id": 1,
      "fromCardId": 1,
      "toCardId": 7,
      "amount": "2648.00000000",
      "convertedAmount": "2648.00000000",
      "type": "transfer",
      "wallet": null,
      "status": "completed",
      "createdAt": "2025-02-22T17:39:00.658Z",
      "description": "Transfer from card 4686080646631828 to 4279465421080570",
      "fromCardNumber": "4686080646631828",
      "toCardNumber": "4279465421080570"
    },
    {
      "id": 2,
      "fromCardId": 3,
      "toCardId": 9,
      "amount": "64507.00000000",
      "convertedAmount": "64507.00000000",
      "type": "transfer",
      "wallet": null,
      "status": "completed",
      "createdAt": "2025-02-22T18:08:31.659Z",
      "description": "Transfer from card 4763950103360695 to 4199184831816278",
      "fromCardNumber": "4763950103360695",
      "toCardNumber": "4199184831816278"
    },
    {
      "id": 3,
      "fromCardId": 9,
      "toCardId": 8,
      "amount": "1000.00000000",
      "convertedAmount": "1000.00000000",
      "type": "transfer",
      "wallet": null,
      "status": "completed",
      "createdAt": "2025-02-22T18:12:00.555Z",
      "description": "Transfer from card 4199184831816278 to 4823612607289428",
      "fromCardNumber": "4199184831816278",
      "toCardNumber": "4823612607289428"
    },
    {
      "id": 4,
      "fromCardId": 9,
      "toCardId": 8,
      "amount": "60000.00000000",
      "convertedAmount": "60000.00000000",
      "type": "transfer",
      "wallet": null,
      "status": "completed",
      "createdAt": "2025-02-22T18:13:30.817Z",
      "description": "Transfer from card 4199184831816278 to 4823612607289428",
      "fromCardNumber": "4199184831816278",
      "toCardNumber": "4823612607289428"
    },
    {
      "id": 5,
      "fromCardId": 1,
      "toCardId": 7,
      "amount": "56067.00000000",
      "convertedAmount": "56067.00000000",
      "type": "transfer",
      "wallet": null,
      "status": "completed",
      "createdAt": "2025-02-22T18:21:36.282Z",
      "description": "Transfer from card 4686080646631828 to 4279465421080570",
      "fromCardNumber": "4686080646631828",
      "toCardNumber": "4279465421080570"
    },
    {
      "id": 6,
      "fromCardId": 9,
      "toCardId": 8,
      "amount": "10000000.00000000",
      "convertedAmount": "240153.70000000",
      "type": "transfer",
      "wallet": null,
      "status": "completed",
      "createdAt": "2025-02-22T19:22:59.996Z",
      "description": "Transfer from 4199184831816278 to 4823612607289428",
      "fromCardNumber": "4199184831816278",
      "toCardNumber": "4823612607289428"
    },
    {
      "id": 7,
      "fromCardId": 2,
      "toCardId": 3,
      "amount": "1000.00000000",
      "convertedAmount": "41640.00000000",
      "type": "transfer",
      "wallet": null,
      "status": "completed",
      "createdAt": "2025-02-22T21:01:47.364Z",
      "description": "Transfer from 4593125478989946 to 4763950103360695",
      "fromCardNumber": "4593125478989946",
      "toCardNumber": "4763950103360695"
    },
    {
      "id": 8,
      "fromCardId": 1,
      "toCardId": 2,
      "amount": "362.00000000",
      "convertedAmount": "34999246.00000000",
      "type": "transfer",
      "wallet": null,
      "status": "completed",
      "createdAt": "2025-02-23T06:12:52.883Z",
      "description": "Transfer from 4686080646631828 to 4593125478989946",
      "fromCardNumber": "4686080646631828",
      "toCardNumber": "4593125478989946"
    },
    {
      "id": 9,
      "fromCardId": 1,
      "toCardId": 2,
      "amount": "15.00000000",
      "convertedAmount": "1450245.00000000",
      "type": "transfer",
      "wallet": null,
      "status": "completed",
      "createdAt": "2025-02-23T06:16:56.005Z",
      "description": "Transfer from 4686080646631828 to 4593125478989946",
      "fromCardNumber": "4686080646631828",
      "toCardNumber": "4593125478989946"
    },
    {
      "id": 10,
      "fromCardId": 1,
      "toCardId": 2,
      "amount": "400.00000000",
      "convertedAmount": "38673200.00000000",
      "type": "transfer",
      "wallet": null,
      "status": "completed",
      "createdAt": "2025-02-23T06:26:11.711Z",
      "description": "Transfer from 4686080646631828 to 4593125478989946",
      "fromCardNumber": "4686080646631828",
      "toCardNumber": "4593125478989946"
    },
    {
      "id": 11,
      "fromCardId": 1,
      "toCardId": 2,
      "amount": "701.00000000",
      "convertedAmount": "67774783.00000000",
      "type": "transfer",
      "wallet": null,
      "status": "completed",
      "createdAt": "2025-02-23T06:32:38.251Z",
      "description": "Transfer from 4686080646631828 to 4593125478989946",
      "fromCardNumber": "4686080646631828",
      "toCardNumber": "4593125478989946"
    },
    {
      "id": 12,
      "fromCardId": 1,
      "toCardId": 2,
      "amount": "2.00000000",
      "convertedAmount": "193366.00000000",
      "type": "transfer",
      "wallet": null,
      "status": "completed",
      "createdAt": "2025-02-23T06:39:23.534Z",
      "description": "Transfer from 4686080646631828 to 4593125478989946",
      "fromCardNumber": "4686080646631828",
      "toCardNumber": "4593125478989946"
    },
    {
      "id": 13,
      "fromCardId": 1,
      "toCardId": 2,
      "amount": "13.00000000",
      "convertedAmount": "1256879.00000000",
      "type": "transfer",
      "wallet": null,
      "status": "completed",
      "createdAt": "2025-02-23T06:42:41.933Z",
      "description": "Transfer from 4686080646631828 to 4593125478989946",
      "fromCardNumber": "4686080646631828",
      "toCardNumber": "4593125478989946"
    },
    {
      "id": 14,
      "fromCardId": 1,
      "toCardId": 2,
      "amount": "13.00000000",
      "convertedAmount": "1256879.00000000",
      "type": "transfer",
      "wallet": null,
      "status": "completed",
      "createdAt": "2025-02-23T06:45:40.036Z",
      "description": "Transfer from 4686080646631828 to 4593125478989946",
      "fromCardNumber": "4686080646631828",
      "toCardNumber": "4593125478989946"
    },
    {
      "id": 15,
      "fromCardId": 1,
      "toCardId": 2,
      "amount": "0.00000000",
      "convertedAmount": "1.00000000",
      "type": "transfer",
      "wallet": "btc",
      "status": "completed",
      "createdAt": "2025-02-23T06:48:29.449Z",
      "description": "Transfer from 4686080646631828 to 4593125478989946",
      "fromCardNumber": "4686080646631828",
      "toCardNumber": "4593125478989946"
    },
    {
      "id": 16,
      "fromCardId": 2,
      "toCardId": 1,
      "amount": "250.00000000",
      "convertedAmount": "0.00259735",
      "type": "transfer",
      "wallet": "btc",
      "status": "completed",
      "createdAt": "2025-02-23T10:17:47.481Z",
      "description": "Convert 250 USD to 0.00259735 BTC",
      "fromCardNumber": "4593125478989946",
      "toCardNumber": "4686080646631828"
    },
    {
      "id": 17,
      "fromCardId": 2,
      "toCardId": 19,
      "amount": "2656.00000000",
      "convertedAmount": "2656.00000000",
      "type": "transfer",
      "wallet": null,
      "status": "completed",
      "createdAt": "2025-02-23T15:41:49.097Z",
      "description": "Перевод 2656.00 USD",
      "fromCardNumber": "4593125478989946",
      "toCardNumber": "4699878420571000"
    },
    {
      "id": 18,
      "fromCardId": 19,
      "toCardId": 8,
      "amount": "565.00000000",
      "convertedAmount": "565.00000000",
      "type": "transfer",
      "wallet": null,
      "status": "completed",
      "createdAt": "2025-02-23T15:49:01.514Z",
      "description": "Перевод 565.00 USD",
      "fromCardNumber": "4699878420571000",
      "toCardNumber": "4823612607289428"
    },
    {
      "id": 19,
      "fromCardId": 19,
      "toCardId": 8,
      "amount": "57.00000000",
      "convertedAmount": "57.00000000",
      "type": "transfer",
      "wallet": null,
      "status": "completed",
      "createdAt": "2025-02-23T15:50:51.773Z",
      "description": "Перевод 57.00 USD",
      "fromCardNumber": "4699878420571000",
      "toCardNumber": "4823612607289428"
    },
    {
      "id": 20,
      "fromCardId": 1,
      "toCardId": 1,
      "amount": "555.00000000",
      "convertedAmount": "555.00000000",
      "type": "transfer",
      "wallet": "12M4YnqbpEEGDdk78p83yj9TZRvxGevUEd",
      "status": "completed",
      "createdAt": "2025-02-23T15:58:02.955Z",
      "description": "Перевод 555.00000000 BTC на адрес 12M4YnqbpEEGDdk78p83yj9TZRvxGevUEd",
      "fromCardNumber": "4686080646631828",
      "toCardNumber": "4686080646631828"
    },
    {
      "id": 21,
      "fromCardId": 1,
      "toCardId": 20,
      "amount": "223.00000000",
      "convertedAmount": "223.00000000",
      "type": "transfer",
      "wallet": "12M4YnqbpEEGDdk78p83yj9TZRvxGevUEd",
      "status": "completed",
      "createdAt": "2025-02-23T16:06:33.937Z",
      "description": "Перевод 223.00000000 BTC на карту 12M4YnqbpEEGDdk78p83yj9TZRvxGevUEd",
      "fromCardNumber": "4686080646631828",
      "toCardNumber": "4822340036956025"
    },
    {
      "id": 22,
      "fromCardId": 19,
      "toCardId": 21,
      "amount": "1000.00000000",
      "convertedAmount": "38500.00000000",
      "type": "transfer",
      "wallet": null,
      "status": "completed",
      "createdAt": "2025-02-23T16:07:45.864Z",
      "description": "Перевод 1000.00 USD -> 38500.00 UAH",
      "fromCardNumber": "4699878420571000",
      "toCardNumber": "4502993597804046"
    },
    {
      "id": 23,
      "fromCardId": 1,
      "toCardId": 2,
      "amount": "1.00000000",
      "convertedAmount": "95652.99000000",
      "type": "transfer",
      "wallet": null,
      "status": "completed",
      "createdAt": "2025-02-23T16:39:34.764Z",
      "description": "Перевод 1.00000000 CRYPTO -> 95652.99000000 USD",
      "fromCardNumber": "4686080646631828",
      "toCardNumber": "4593125478989946"
    },
    {
      "id": 24,
      "fromCardId": 1,
      "toCardId": 20,
      "amount": "12.00000000",
      "convertedAmount": "12.00000000",
      "type": "transfer",
      "wallet": "12M4YnqbpEEGDdk78p83yj9TZRvxGevUEd",
      "status": "completed",
      "createdAt": "2025-02-23T16:47:53.889Z",
      "description": "Перевод 12.00000000 BTC на карту 12M4YnqbpEEGDdk78p83yj9TZRvxGevUEd",
      "fromCardNumber": "4686080646631828",
      "toCardNumber": "4822340036956025"
    },
    {
      "id": 25,
      "fromCardId": 20,
      "toCardId": 19,
      "amount": "1.00000000",
      "convertedAmount": "95652.99000000",
      "type": "transfer",
      "wallet": null,
      "status": "completed",
      "createdAt": "2025-02-23T17:11:02.081Z",
      "description": "Перевод 1.00000000 CRYPTO -> 95652.99000000 USD",
      "fromCardNumber": "4822340036956025",
      "toCardNumber": "4699878420571000"
    },
    {
      "id": 26,
      "fromCardId": 19,
      "toCardId": 21,
      "amount": "1147.00000000",
      "convertedAmount": "47761.08000000",
      "type": "transfer",
      "wallet": null,
      "status": "completed",
      "createdAt": "2025-02-23T17:11:58.373Z",
      "description": "Перевод 1147.00000000 USD -> 47761.08000000 UAH",
      "fromCardNumber": "4699878420571000",
      "toCardNumber": "4502993597804046"
    },
    {
      "id": 27,
      "fromCardId": 1,
      "toCardId": 20,
      "amount": "5.00000000",
      "convertedAmount": "5.00000000",
      "type": "transfer",
      "wallet": "12M4YnqbpEEGDdk78p83yj9TZRvxGevUEd",
      "status": "completed",
      "createdAt": "2025-02-23T19:59:50.278Z",
      "description": "Перевод 5.00000000 BTC на карту 12M4YnqbpEEGDdk78p83yj9TZRvxGevUEd",
      "fromCardNumber": "4686080646631828",
      "toCardNumber": "4822340036956025"
    },
    {
      "id": 28,
      "fromCardId": 19,
      "toCardId": 21,
      "amount": "1.00000000",
      "convertedAmount": "41.64000000",
      "type": "transfer",
      "wallet": null,
      "status": "completed",
      "createdAt": "2025-02-23T20:12:13.467Z",
      "description": "Перевод 1.00000000 USD -> 41.64000000 UAH",
      "fromCardNumber": "4699878420571000",
      "toCardNumber": "4502993597804046"
    },
    {
      "id": 29,
      "fromCardId": 19,
      "toCardId": 21,
      "amount": "0.01000000",
      "convertedAmount": "0.00000010",
      "type": "commission",
      "wallet": null,
      "status": "completed",
      "createdAt": "2025-02-23T20:12:13.543Z",
      "description": "Комиссия 1% (0.00000010 BTC)",
      "fromCardNumber": "4699878420571000",
      "toCardNumber": "4502993597804046"
    },
    {
      "id": 30,
      "fromCardId": 19,
      "toCardId": 21,
      "amount": "1000.00000000",
      "convertedAmount": "41580.00000000",
      "type": "transfer",
      "wallet": null,
      "status": "completed",
      "createdAt": "2025-02-23T20:30:16.793Z",
      "description": "Перевод 1000.00000000 USD -> 41580.00000000 UAH",
      "fromCardNumber": "4699878420571000",
      "toCardNumber": "4502993597804046"
    },
    {
      "id": 31,
      "fromCardId": 19,
      "toCardId": 1,
      "amount": "10.00000000",
      "convertedAmount": "0.00010445",
      "type": "commission",
      "wallet": null,
      "status": "completed",
      "createdAt": "2025-02-23T20:30:16.825Z",
      "description": "Комиссия 1% от перевода с карты 4699878420571000 на карту 4502993597804046 (0.00010445 BTC)",
      "fromCardNumber": "4699878420571000",
      "toCardNumber": "REGULATOR"
    },
    {
      "id": 32,
      "fromCardId": 19,
      "toCardId": 21,
      "amount": "1000.00000000",
      "convertedAmount": "41580.00000000",
      "type": "exchange",
      "wallet": null,
      "status": "completed",
      "createdAt": "2025-02-23T20:45:34.365Z",
      "description": "Обмен 1000.00 USD → 41580.00 UAH",
      "fromCardNumber": "4699878420571000",
      "toCardNumber": "4502993597804046"
    },
    {
      "id": 33,
      "fromCardId": 19,
      "toCardId": 1,
      "amount": "10.00000000",
      "convertedAmount": "0.00010443",
      "type": "commission",
      "wallet": null,
      "status": "completed",
      "createdAt": "2025-02-23T20:45:34.397Z",
      "description": "💰 Комиссия за обмен 1000.00 USD (0.00010443 BTC)",
      "fromCardNumber": "4699878420571000",
      "toCardNumber": "REGULATOR"
    },
    {
      "id": 34,
      "fromCardId": 2,
      "toCardId": 3,
      "amount": "1206.00000000",
      "convertedAmount": "50145.48000000",
      "type": "exchange",
      "wallet": null,
      "status": "completed",
      "createdAt": "2025-02-23T23:17:38.127Z",
      "description": "Обмен 1206.00 USD → 50145.48 UAH",
      "fromCardNumber": "4593125478989946",
      "toCardNumber": "4763950103360695"
    },
    {
      "id": 35,
      "fromCardId": 2,
      "toCardId": 1,
      "amount": "12.06000000",
      "convertedAmount": "0.00012557",
      "type": "commission",
      "wallet": null,
      "status": "completed",
      "createdAt": "2025-02-23T23:17:38.197Z",
      "description": "💰 Комиссия за обмен 1206.00 USD (0.00012557 BTC)",
      "fromCardNumber": "4593125478989946",
      "toCardNumber": "REGULATOR"
    },
    {
      "id": 36,
      "fromCardId": 1,
      "toCardId": 28,
      "amount": "0.20000000",
      "convertedAmount": "0.20000000",
      "type": "transfer",
      "wallet": null,
      "status": "completed",
      "createdAt": "2025-02-24T14:04:27.093Z",
      "description": "Перевод 0.20 CRYPTO",
      "fromCardNumber": "4686080646631828",
      "toCardNumber": "5946327404556138"
    },
    {
      "id": 37,
      "fromCardId": 2,
      "toCardId": 28,
      "amount": "260.00000000",
      "convertedAmount": "260.00000000",
      "type": "transfer",
      "wallet": null,
      "status": "completed",
      "createdAt": "2025-02-24T14:05:34.113Z",
      "description": "Перевод 260.00 USD",
      "fromCardNumber": "4593125478989946",
      "toCardNumber": "5946327404556138"
    },
    {
      "id": 38,
      "fromCardId": 1,
      "toCardId": 28,
      "amount": "0.20000000",
      "convertedAmount": "0.20000000",
      "type": "transfer",
      "wallet": null,
      "status": "completed",
      "createdAt": "2025-02-24T14:14:42.055Z",
      "description": "Перевод 0.20 CRYPTO",
      "fromCardNumber": "4686080646631828",
      "toCardNumber": "5946327404556138"
    },
    {
      "id": 39,
      "fromCardId": 1,
      "toCardId": 28,
      "amount": "0.20000000",
      "convertedAmount": "0.20000000",
      "type": "transfer",
      "wallet": null,
      "status": "completed",
      "createdAt": "2025-02-24T14:17:32.333Z",
      "description": "Перевод 0.20 CRYPTO",
      "fromCardNumber": "4686080646631828",
      "toCardNumber": "5946327404556138"
    },
    {
      "id": 40,
      "fromCardId": 1,
      "toCardId": 28,
      "amount": "50.00000000",
      "convertedAmount": "50.00000000",
      "type": "transfer",
      "wallet": null,
      "status": "completed",
      "createdAt": "2025-02-24T14:43:47.370Z",
      "description": "Перевод 50.00 CRYPTO",
      "fromCardNumber": "4686080646631828",
      "toCardNumber": "5946327404556138"
    },
    {
      "id": 41,
      "fromCardId": 28,
      "toCardId": 26,
      "amount": "150.00000000",
      "convertedAmount": "150.00000000",
      "type": "transfer",
      "wallet": null,
      "status": "completed",
      "createdAt": "2025-02-24T14:49:47.770Z",
      "description": "Перевод 150.00 USD",
      "fromCardNumber": "5946327404556138",
      "toCardNumber": "7336737187794917"
    },
    {
      "id": 42,
      "fromCardId": 28,
      "toCardId": 29,
      "amount": "160.00000000",
      "convertedAmount": "160.00000000",
      "type": "transfer",
      "wallet": null,
      "status": "completed",
      "createdAt": "2025-02-24T14:51:15.610Z",
      "description": "Перевод 160.00 USD",
      "fromCardNumber": "5946327404556138",
      "toCardNumber": "7012919897050653"
    },
    {
      "id": 43,
      "fromCardId": 2,
      "toCardId": 3,
      "amount": "1569.00000000",
      "convertedAmount": "65239.02000000",
      "type": "transfer",
      "wallet": null,
      "status": "completed",
      "createdAt": "2025-02-24T15:57:25.712Z",
      "description": "Перевод 1569.00 USD → 65239.02 UAH",
      "fromCardNumber": "4593125478989946",
      "toCardNumber": "4763950103360695"
    },
    {
      "id": 44,
      "fromCardId": 2,
      "toCardId": 1,
      "amount": "15.69000000",
      "convertedAmount": "15.69000000",
      "type": "commission",
      "wallet": null,
      "status": "completed",
      "createdAt": "2025-02-24T15:57:25.788Z",
      "description": "Комиссия 1% за перевод (15.69000000 BTC)",
      "fromCardNumber": "4593125478989946",
      "toCardNumber": "REGULATOR"
    },
    {
      "id": 45,
      "fromCardId": 2,
      "toCardId": 28,
      "amount": "60000.00000000",
      "convertedAmount": "60000.00000000",
      "type": "transfer",
      "wallet": null,
      "status": "completed",
      "createdAt": "2025-02-24T16:47:33.199Z",
      "description": "Перевод 60000.00 USD",
      "fromCardNumber": "4593125478989946",
      "toCardNumber": "5946327404556138"
    },
    {
      "id": 96,
      "fromCardId": 28,
      "toCardId": 1,
      "amount": "0.50000000",
      "convertedAmount": "0.00000532",
      "type": "commission",
      "wallet": null,
      "status": "completed",
      "createdAt": "2025-02-24T19:47:25.938Z",
      "description": "Комиссия 1% (0.00000532 BTC)",
      "fromCardNumber": "5946327404556138",
      "toCardNumber": "REGULATOR"
    },
    {
      "id": 97,
      "fromCardId": 1,
      "toCardId": null,
      "amount": "244140.00000000",
      "convertedAmount": "2.60000000",
      "type": "transfer",
      "wallet": "13Nvkm3KU2ac4SHFGn4rMaCRRkZbVw4tc6",
      "status": "completed",
      "createdAt": "2025-02-24T19:51:41.027Z",
      "description": "Перевод 2.60000000 BTC на адрес 13Nvkm3KU2ac4SHFGn4rMaCRRkZbVw4tc6",
      "fromCardNumber": "4686080646631828",
      "toCardNumber": null
    },
    {
      "id": 98,
      "fromCardId": 1,
      "toCardId": 1,
      "amount": "2441.40000000",
      "convertedAmount": "0.02600000",
      "type": "commission",
      "wallet": null,
      "status": "completed",
      "createdAt": "2025-02-24T19:51:41.056Z",
      "description": "Комиссия 1% (0.02600000 BTC)",
      "fromCardNumber": "4686080646631828",
      "toCardNumber": "REGULATOR"
    },
    {
      "id": 99,
      "fromCardId": 28,
      "toCardId": 29,
      "amount": "300.00000000",
      "convertedAmount": "12474.00000000",
      "type": "transfer",
      "wallet": null,
      "status": "completed",
      "createdAt": "2025-02-24T20:04:29.941Z",
      "description": "Перевод 300.00 USD → 12474.00 UAH",
      "fromCardNumber": "5946327404556138",
      "toCardNumber": "7012919897050653"
    },
    {
      "id": 100,
      "fromCardId": 28,
      "toCardId": 1,
      "amount": "3.00000000",
      "convertedAmount": "3.00000000",
      "type": "commission",
      "wallet": null,
      "status": "completed",
      "createdAt": "2025-02-24T20:04:29.983Z",
      "description": "Комиссия 1% (3.00000000 BTC)",
      "fromCardNumber": "5946327404556138",
      "toCardNumber": "REGULATOR"
    },
    {
      "id": 101,
      "fromCardId": 29,
      "toCardId": 28,
      "amount": "25550.00000000",
      "convertedAmount": "614.47811448",
      "type": "transfer",
      "wallet": null,
      "status": "completed",
      "createdAt": "2025-02-24T20:05:31.563Z",
      "description": "Перевод 25550.00 UAH → 614.48 USD",
      "fromCardNumber": "7012919897050653",
      "toCardNumber": "5946327404556138"
    },
    {
      "id": 102,
      "fromCardId": 29,
      "toCardId": 1,
      "amount": "255.50000000",
      "convertedAmount": "255.50000000",
      "type": "commission",
      "wallet": null,
      "status": "completed",
      "createdAt": "2025-02-24T20:05:31.594Z",
      "description": "Комиссия 1% (255.50000000 BTC)",
      "fromCardNumber": "7012919897050653",
      "toCardNumber": "REGULATOR"
    },
    {
      "id": 103,
      "fromCardId": 29,
      "toCardId": null,
      "amount": "200.00000000",
      "convertedAmount": "0.07555952",
      "type": "transfer",
      "wallet": "0x6B2527441FCd1db9c183397A5C7e9044B61FD236",
      "status": "completed",
      "createdAt": "2025-02-24T20:07:40.581Z",
      "description": "Перевод 200.00 UAH (0.07555952 ETH) на адрес 0x6B2527441FCd1db9c183397A5C7e9044B61FD236",
      "fromCardNumber": "7012919897050653",
      "toCardNumber": null
    },
    {
      "id": 104,
      "fromCardId": 29,
      "toCardId": 1,
      "amount": "2.00000000",
      "convertedAmount": "0.00002125",
      "type": "commission",
      "wallet": null,
      "status": "completed",
      "createdAt": "2025-02-24T20:07:40.612Z",
      "description": "Комиссия 1% (0.00002125 BTC)",
      "fromCardNumber": "7012919897050653",
      "toCardNumber": "REGULATOR"
    },
    {
      "id": 105,
      "fromCardId": 29,
      "toCardId": 28,
      "amount": "200000.00000000",
      "convertedAmount": "4810.00481000",
      "type": "transfer",
      "wallet": null,
      "status": "completed",
      "createdAt": "2025-02-24T20:08:52.548Z",
      "description": "Перевод 200000.00 UAH → 4810.00 USD",
      "fromCardNumber": "7012919897050653",
      "toCardNumber": "5946327404556138"
    },
    {
      "id": 106,
      "fromCardId": 29,
      "toCardId": 1,
      "amount": "2000.00000000",
      "convertedAmount": "2000.00000000",
      "type": "commission",
      "wallet": null,
      "status": "completed",
      "createdAt": "2025-02-24T20:08:52.579Z",
      "description": "Комиссия 1% (2000.00000000 BTC)",
      "fromCardNumber": "7012919897050653",
      "toCardNumber": "REGULATOR"
    },
    {
      "id": 107,
      "fromCardId": 30,
      "toCardId": 28,
      "amount": "0.00540000",
      "convertedAmount": "509.03640000",
      "type": "transfer",
      "wallet": null,
      "status": "completed",
      "createdAt": "2025-02-24T20:27:23.726Z",
      "description": "Перевод 0.00540000 BTC → 509.04 USD",
      "fromCardNumber": "4235221482047224",
      "toCardNumber": "5946327404556138"
    },
    {
      "id": 108,
      "fromCardId": 30,
      "toCardId": 1,
      "amount": "0.00005400",
      "convertedAmount": "0.00005400",
      "type": "commission",
      "wallet": null,
      "status": "completed",
      "createdAt": "2025-02-24T20:27:23.757Z",
      "description": "Комиссия 1% (0.00005400 BTC)",
      "fromCardNumber": "4235221482047224",
      "toCardNumber": "REGULATOR"
    },
    {
      "id": 109,
      "fromCardId": 29,
      "toCardId": null,
      "amount": "20000.00000000",
      "convertedAmount": "0.21216557",
      "type": "transfer",
      "wallet": "13Nvkm3KU2ac4SHFGn4rMaCRRkZbVw4tc6",
      "status": "completed",
      "createdAt": "2025-02-24T20:28:07.798Z",
      "description": "Перевод 20000.00 UAH (0.21216557 BTC) на адрес 13Nvkm3KU2ac4SHFGn4rMaCRRkZbVw4tc6",
      "fromCardNumber": "7012919897050653",
      "toCardNumber": null
    },
    {
      "id": 110,
      "fromCardId": 29,
      "toCardId": 1,
      "amount": "200.00000000",
      "convertedAmount": "0.00212166",
      "type": "commission",
      "wallet": null,
      "status": "completed",
      "createdAt": "2025-02-24T20:28:07.831Z",
      "description": "Комиссия 1% (0.00212166 BTC)",
      "fromCardNumber": "7012919897050653",
      "toCardNumber": "REGULATOR"
    },
    {
      "id": 111,
      "fromCardId": 1,
      "toCardId": 28,
      "amount": "2.00000000",
      "convertedAmount": "188286.00000000",
      "type": "transfer",
      "wallet": null,
      "status": "completed",
      "createdAt": "2025-02-24T20:31:33.970Z",
      "description": "Перевод 2.00000000 BTC → 188286.00 USD",
      "fromCardNumber": "4686080646631828",
      "toCardNumber": "5946327404556138"
    },
    {
      "id": 112,
      "fromCardId": 1,
      "toCardId": 1,
      "amount": "0.02000000",
      "convertedAmount": "0.02000000",
      "type": "commission",
      "wallet": null,
      "status": "completed",
      "createdAt": "2025-02-24T20:31:34.002Z",
      "description": "Комиссия 1% (0.02000000 BTC)",
      "fromCardNumber": "4686080646631828",
      "toCardNumber": "REGULATOR"
    },
    {
      "id": 113,
      "fromCardId": 1,
      "toCardId": 2,
      "amount": "1.00000000",
      "convertedAmount": "94587.00000000",
      "type": "transfer",
      "wallet": null,
      "status": "completed",
      "createdAt": "2025-02-24T20:38:20.112Z",
      "description": "Перевод 1.00000000 BTC → 94587.00 USD",
      "fromCardNumber": "4686080646631828",
      "toCardNumber": "4593125478989946"
    },
    {
      "id": 114,
      "fromCardId": 1,
      "toCardId": 1,
      "amount": "0.01000000",
      "convertedAmount": "0.01000000",
      "type": "commission",
      "wallet": null,
      "status": "completed",
      "createdAt": "2025-02-24T20:38:20.142Z",
      "description": "Комиссия 1% (0.01000000 BTC)",
      "fromCardNumber": "4686080646631828",
      "toCardNumber": "REGULATOR"
    },
    {
      "id": 115,
      "fromCardId": 1,
      "toCardId": null,
      "amount": "559206.40000000",
      "convertedAmount": "6.40000000",
      "type": "transfer",
      "wallet": "13Nvkm3KU2ac4SHFGn4rMaCRRkZbVw4tc6",
      "status": "completed",
      "createdAt": "2025-02-25T17:07:16.124Z",
      "description": "Перевод 6.40000000 BTC на адрес 13Nvkm3KU2ac4SHFGn4rMaCRRkZbVw4tc6",
      "fromCardNumber": "4686080646631828",
      "toCardNumber": null
    },
    {
      "id": 116,
      "fromCardId": 1,
      "toCardId": 1,
      "amount": "5592.06400000",
      "convertedAmount": "0.06400000",
      "type": "commission",
      "wallet": null,
      "status": "completed",
      "createdAt": "2025-02-25T17:07:16.167Z",
      "description": "Комиссия 1% (0.06400000 BTC)",
      "fromCardNumber": "4686080646631828",
      "toCardNumber": "REGULATOR"
    },
    {
      "id": 117,
      "fromCardId": 1,
      "toCardId": null,
      "amount": "43585.00000000",
      "convertedAmount": "0.50000000",
      "type": "transfer",
      "wallet": "bc13d10220117c86850fcb9ac2b26e02d3983d9733",
      "status": "completed",
      "createdAt": "2025-02-25T17:13:06.490Z",
      "description": "Перевод 0.50000000 BTC на адрес bc13d10220117c86850fcb9ac2b26e02d3983d9733",
      "fromCardNumber": "4686080646631828",
      "toCardNumber": null
    },
    {
      "id": 118,
      "fromCardId": 1,
      "toCardId": 1,
      "amount": "435.85000000",
      "convertedAmount": "0.00500000",
      "type": "commission",
      "wallet": null,
      "status": "completed",
      "createdAt": "2025-02-25T17:13:06.522Z",
      "description": "Комиссия 1% (0.00500000 BTC)",
      "fromCardNumber": "4686080646631828",
      "toCardNumber": "REGULATOR"
    },
    {
      "id": 119,
      "fromCardId": 1,
      "toCardId": 29,
      "amount": "13.00000000",
      "convertedAmount": "13.00000000",
      "type": "transfer",
      "wallet": null,
      "status": "completed",
      "createdAt": "2025-02-25T17:15:07.236Z",
      "description": "Перевод 13.00000000 BTC → 13.00 UAH",
      "fromCardNumber": "4686080646631828",
      "toCardNumber": "7012919897050653"
    },
    {
      "id": 120,
      "fromCardId": 1,
      "toCardId": 1,
      "amount": "0.13000000",
      "convertedAmount": "0.13000000",
      "type": "commission",
      "wallet": null,
      "status": "completed",
      "createdAt": "2025-02-25T17:15:07.265Z",
      "description": "Комиссия 1% (0.13000000 BTC)",
      "fromCardNumber": "4686080646631828",
      "toCardNumber": "REGULATOR"
    },
    {
      "id": 121,
      "fromCardId": 2,
      "toCardId": null,
      "amount": "50000.00000000",
      "convertedAmount": "0.57138286",
      "type": "transfer",
      "wallet": "13Nvkm3KU2ac4SHFGn4rMaCRRkZbVw4tc6",
      "status": "completed",
      "createdAt": "2025-02-25T17:17:03.265Z",
      "description": "Перевод 50000.00 USD (0.57138286 BTC) на адрес 13Nvkm3KU2ac4SHFGn4rMaCRRkZbVw4tc6",
      "fromCardNumber": "4593125478989946",
      "toCardNumber": null
    },
    {
      "id": 122,
      "fromCardId": 2,
      "toCardId": 1,
      "amount": "500.00000000",
      "convertedAmount": "0.00571383",
      "type": "commission",
      "wallet": null,
      "status": "completed",
      "createdAt": "2025-02-25T17:17:03.297Z",
      "description": "Комиссия 1% (0.00571383 BTC)",
      "fromCardNumber": "4593125478989946",
      "toCardNumber": "REGULATOR"
    },
    {
      "id": 123,
      "fromCardId": 1,
      "toCardId": null,
      "amount": "87309.00000000",
      "convertedAmount": "1.00000000",
      "type": "transfer",
      "wallet": "bc19a0298ea72af0b567efb1ea65c0f3440c56271b",
      "status": "completed",
      "createdAt": "2025-02-25T18:17:01.484Z",
      "description": "Перевод 1.00000000 BTC на адрес bc19a0298ea72af0b567efb1ea65c0f3440c56271b",
      "fromCardNumber": "4686080646631828",
      "toCardNumber": null
    },
    {
      "id": 124,
      "fromCardId": 1,
      "toCardId": 1,
      "amount": "873.09000000",
      "convertedAmount": "0.01000000",
      "type": "commission",
      "wallet": null,
      "status": "completed",
      "createdAt": "2025-02-25T18:17:01.560Z",
      "description": "Комиссия 1% (0.01000000 BTC)",
      "fromCardNumber": "4686080646631828",
      "toCardNumber": "REGULATOR"
    },
    {
      "id": 125,
      "fromCardId": 1,
      "toCardId": 2,
      "amount": "1.00000000",
      "convertedAmount": "87309.00000000",
      "type": "transfer",
      "wallet": null,
      "status": "completed",
      "createdAt": "2025-02-25T18:18:03.282Z",
      "description": "Перевод 1.00000000 BTC → 87309.00 USD",
      "fromCardNumber": "4686080646631828",
      "toCardNumber": "4593125478989946"
    },
    {
      "id": 126,
      "fromCardId": 1,
      "toCardId": 1,
      "amount": "0.01000000",
      "convertedAmount": "0.01000000",
      "type": "commission",
      "wallet": null,
      "status": "completed",
      "createdAt": "2025-02-25T18:18:03.314Z",
      "description": "Комиссия 1% (0.01000000 BTC)",
      "fromCardNumber": "4686080646631828",
      "toCardNumber": "REGULATOR"
    },
    {
      "id": 127,
      "fromCardId": 2,
      "toCardId": 43,
      "amount": "10563.00000000",
      "convertedAmount": "10563.00000000",
      "type": "transfer",
      "wallet": null,
      "status": "completed",
      "createdAt": "2025-02-25T18:19:38.659Z",
      "description": "Перевод 10563.00 USD",
      "fromCardNumber": "4593125478989946",
      "toCardNumber": "4111335868451217"
    },
    {
      "id": 128,
      "fromCardId": 2,
      "toCardId": 1,
      "amount": "105.63000000",
      "convertedAmount": "105.63000000",
      "type": "commission",
      "wallet": null,
      "status": "completed",
      "createdAt": "2025-02-25T18:19:38.689Z",
      "description": "Комиссия 1% (105.63000000 BTC)",
      "fromCardNumber": "4593125478989946",
      "toCardNumber": "REGULATOR"
    },
    {
      "id": 129,
      "fromCardId": 2,
      "toCardId": 44,
      "amount": "340000.00000000",
      "convertedAmount": "14181400.00000000",
      "type": "transfer",
      "wallet": null,
      "status": "completed",
      "createdAt": "2025-02-25T18:20:52.785Z",
      "description": "Перевод 340000.00000000 USD → 14181400.00 UAH",
      "fromCardNumber": "4593125478989946",
      "toCardNumber": "4111174747608822"
    },
    {
      "id": 130,
      "fromCardId": 2,
      "toCardId": 1,
      "amount": "3400.00000000",
      "convertedAmount": "3400.00000000",
      "type": "commission",
      "wallet": null,
      "status": "completed",
      "createdAt": "2025-02-25T18:20:52.815Z",
      "description": "Комиссия 1% (3400.00000000 BTC)",
      "fromCardNumber": "4593125478989946",
      "toCardNumber": "REGULATOR"
    },
    {
      "id": 131,
      "fromCardId": 3,
      "toCardId": null,
      "amount": "150000.00000000",
      "convertedAmount": "1.72506987",
      "type": "transfer",
      "wallet": "bc19a0298ea72af0b567efb1ea65c0f3440c56271b",
      "status": "completed",
      "createdAt": "2025-02-25T18:22:07.723Z",
      "description": "Перевод 150000.00 UAH (1.72506987 BTC) на адрес bc19a0298ea72af0b567efb1ea65c0f3440c56271b",
      "fromCardNumber": "4763950103360695",
      "toCardNumber": null
    },
    {
      "id": 132,
      "fromCardId": 3,
      "toCardId": 1,
      "amount": "1500.00000000",
      "convertedAmount": "0.01725070",
      "type": "commission",
      "wallet": null,
      "status": "completed",
      "createdAt": "2025-02-25T18:22:07.757Z",
      "description": "Комиссия 1% (0.01725070 BTC)",
      "fromCardNumber": "4763950103360695",
      "toCardNumber": "REGULATOR"
    },
    {
      "id": 133,
      "fromCardId": 2,
      "toCardId": null,
      "amount": "23000.00000000",
      "convertedAmount": "9.53514114",
      "type": "transfer",
      "wallet": "0x107eBA75B4B58A8050D4B6CC7EcfE087243d952D",
      "status": "completed",
      "createdAt": "2025-02-25T18:24:38.809Z",
      "description": "Перевод 23000.00 USD (9.53514114 ETH) на адрес 0x107eBA75B4B58A8050D4B6CC7EcfE087243d952D",
      "fromCardNumber": "4593125478989946",
      "toCardNumber": null
    },
    {
      "id": 134,
      "fromCardId": 2,
      "toCardId": 1,
      "amount": "230.00000000",
      "convertedAmount": "0.00264511",
      "type": "commission",
      "wallet": null,
      "status": "completed",
      "createdAt": "2025-02-25T18:24:38.840Z",
      "description": "Комиссия 1% (0.00264511 BTC)",
      "fromCardNumber": "4593125478989946",
      "toCardNumber": "REGULATOR"
    },
    {
      "id": 135,
      "fromCardId": 1,
      "toCardId": null,
      "amount": "220454.44110000",
      "convertedAmount": "2.53230000",
      "type": "transfer",
      "wallet": "bc19a0298ea72af0b567efb1ea65c0f3440c56271b",
      "status": "completed",
      "createdAt": "2025-02-25T18:30:55.683Z",
      "description": "Перевод 2.53230000 BTC на адрес bc19a0298ea72af0b567efb1ea65c0f3440c56271b",
      "fromCardNumber": "4686080646631828",
      "toCardNumber": null
    },
    {
      "id": 136,
      "fromCardId": 1,
      "toCardId": 1,
      "amount": "2204.54441100",
      "convertedAmount": "0.02532300",
      "type": "commission",
      "wallet": null,
      "status": "completed",
      "createdAt": "2025-02-25T18:30:55.715Z",
      "description": "Комиссия 1% (0.02532300 BTC)",
      "fromCardNumber": "4686080646631828",
      "toCardNumber": "REGULATOR"
    },
    {
      "id": 137,
      "fromCardId": 3,
      "toCardId": null,
      "amount": "15000.00000000",
      "convertedAmount": "0.17230091",
      "type": "transfer",
      "wallet": "bc19a0298ea72af0b567efb1ea65c0f3440c56271b",
      "status": "completed",
      "createdAt": "2025-02-25T18:31:51.889Z",
      "description": "Перевод 15000.00 UAH (0.17230091 BTC) на адрес bc19a0298ea72af0b567efb1ea65c0f3440c56271b",
      "fromCardNumber": "4763950103360695",
      "toCardNumber": null
    },
    {
      "id": 138,
      "fromCardId": 3,
      "toCardId": 1,
      "amount": "150.00000000",
      "convertedAmount": "0.00172301",
      "type": "commission",
      "wallet": null,
      "status": "completed",
      "createdAt": "2025-02-25T18:31:51.919Z",
      "description": "Комиссия 1% (0.00172301 BTC)",
      "fromCardNumber": "4763950103360695",
      "toCardNumber": "REGULATOR"
    },
    {
      "id": 139,
      "fromCardId": 1,
      "toCardId": null,
      "amount": "173756.00000000",
      "convertedAmount": "2.00000000",
      "type": "transfer",
      "wallet": "bc19a0298ea72af0b567efb1ea65c0f3440c56271b",
      "status": "completed",
      "createdAt": "2025-02-25T18:35:47.588Z",
      "description": "Перевод 2.00000000 BTC на адрес bc19a0298ea72af0b567efb1ea65c0f3440c56271b",
      "fromCardNumber": "4686080646631828",
      "toCardNumber": null
    },
    {
      "id": 140,
      "fromCardId": 1,
      "toCardId": 1,
      "amount": "1737.56000000",
      "convertedAmount": "0.02000000",
      "type": "commission",
      "wallet": null,
      "status": "completed",
      "createdAt": "2025-02-25T18:35:47.618Z",
      "description": "Комиссия 1% (0.02000000 BTC)",
      "fromCardNumber": "4686080646631828",
      "toCardNumber": "REGULATOR"
    },
    {
      "id": 141,
      "fromCardId": 2,
      "toCardId": null,
      "amount": "2000.00000000",
      "convertedAmount": "0.02302079",
      "type": "transfer",
      "wallet": "bc19a0298ea72af0b567efb1ea65c0f3440c56271b",
      "status": "completed",
      "createdAt": "2025-02-25T18:36:39.256Z",
      "description": "Перевод 2000.00 USD (0.02302079 BTC) на адрес bc19a0298ea72af0b567efb1ea65c0f3440c56271b",
      "fromCardNumber": "4593125478989946",
      "toCardNumber": null
    },
    {
      "id": 142,
      "fromCardId": 2,
      "toCardId": 1,
      "amount": "20.00000000",
      "convertedAmount": "0.00023021",
      "type": "commission",
      "wallet": null,
      "status": "completed",
      "createdAt": "2025-02-25T18:36:39.288Z",
      "description": "Комиссия 1% (0.00023021 BTC)",
      "fromCardNumber": "4593125478989946",
      "toCardNumber": "REGULATOR"
    },
    {
      "id": 143,
      "fromCardId": 1,
      "toCardId": null,
      "amount": "174152.00000000",
      "convertedAmount": "2.00000000",
      "type": "transfer",
      "wallet": "bc19a0298ea72af0b567efb1ea65c0f3440c56271b",
      "status": "completed",
      "createdAt": "2025-02-25T18:40:04.791Z",
      "description": "Перевод 2.00000000 BTC на адрес bc19a0298ea72af0b567efb1ea65c0f3440c56271b",
      "fromCardNumber": "4686080646631828",
      "toCardNumber": null
    },
    {
      "id": 144,
      "fromCardId": 1,
      "toCardId": 1,
      "amount": "1741.52000000",
      "convertedAmount": "0.02000000",
      "type": "commission",
      "wallet": null,
      "status": "completed",
      "createdAt": "2025-02-25T18:40:04.826Z",
      "description": "Комиссия 1% (0.02000000 BTC)",
      "fromCardNumber": "4686080646631828",
      "toCardNumber": "REGULATOR"
    },
    {
      "id": 145,
      "fromCardId": 3,
      "toCardId": null,
      "amount": "25000.00000000",
      "convertedAmount": "0.28710552",
      "type": "transfer",
      "wallet": "bc19a0298ea72af0b567efb1ea65c0f3440c56271b",
      "status": "completed",
      "createdAt": "2025-02-25T18:40:45.000Z",
      "description": "Перевод 25000.00 UAH (0.28710552 BTC) на адрес bc19a0298ea72af0b567efb1ea65c0f3440c56271b",
      "fromCardNumber": "4763950103360695",
      "toCardNumber": null
    },
    {
      "id": 146,
      "fromCardId": 3,
      "toCardId": 1,
      "amount": "250.00000000",
      "convertedAmount": "0.00287106",
      "type": "commission",
      "wallet": null,
      "status": "completed",
      "createdAt": "2025-02-25T18:40:45.032Z",
      "description": "Комиссия 1% (0.00287106 BTC)",
      "fromCardNumber": "4763950103360695",
      "toCardNumber": "REGULATOR"
    },
    {
      "id": 147,
      "fromCardId": 1,
      "toCardId": null,
      "amount": "87330.00000000",
      "convertedAmount": "1.00000000",
      "type": "transfer",
      "wallet": "bc19a0298ea72af0b567efb1ea65c0f3440c56271b",
      "status": "completed",
      "createdAt": "2025-02-25T18:44:56.656Z",
      "description": "Перевод 1.00000000 BTC на адрес bc19a0298ea72af0b567efb1ea65c0f3440c56271b",
      "fromCardNumber": "4686080646631828",
      "toCardNumber": null
    },
    {
      "id": 148,
      "fromCardId": 1,
      "toCardId": 1,
      "amount": "873.30000000",
      "convertedAmount": "0.01000000",
      "type": "commission",
      "wallet": null,
      "status": "completed",
      "createdAt": "2025-02-25T18:44:56.688Z",
      "description": "Комиссия 1% (0.01000000 BTC)",
      "fromCardNumber": "4686080646631828",
      "toCardNumber": "REGULATOR"
    },
    {
      "id": 149,
      "fromCardId": 2,
      "toCardId": null,
      "amount": "16321.00000000",
      "convertedAmount": "0.18688881",
      "type": "transfer",
      "wallet": "bc19a0298ea72af0b567efb1ea65c0f3440c56271b",
      "status": "completed",
      "createdAt": "2025-02-25T18:45:40.871Z",
      "description": "Перевод 16321.00 USD (0.18688881 BTC) на адрес bc19a0298ea72af0b567efb1ea65c0f3440c56271b",
      "fromCardNumber": "4593125478989946",
      "toCardNumber": null
    },
    {
      "id": 150,
      "fromCardId": 2,
      "toCardId": 1,
      "amount": "163.21000000",
      "convertedAmount": "0.00186889",
      "type": "commission",
      "wallet": null,
      "status": "completed",
      "createdAt": "2025-02-25T18:45:40.903Z",
      "description": "Комиссия 1% (0.00186889 BTC)",
      "fromCardNumber": "4593125478989946",
      "toCardNumber": "REGULATOR"
    }
  ],
  "rates": [
    {
      "id": 1,
      "usdToUah": "41.41",
      "btcToUsd": "92398.00",
      "ethToUsd": "2354.89",
      "updatedAt": "2025-03-03T10:59:30.446Z"
    },
    {
      "id": 2,
      "usdToUah": "41.41",
      "btcToUsd": "92398.00",
      "ethToUsd": "2354.89",
      "updatedAt": "2025-03-03T10:59:59.786Z"
    },
    {
      "id": 3,
      "usdToUah": "41.41",
      "btcToUsd": "92398.00",
      "ethToUsd": "2354.89",
      "updatedAt": "2025-03-03T11:00:29.786Z"
    },
    {
      "id": 4,
      "usdToUah": "41.41",
      "btcToUsd": "92398.00",
      "ethToUsd": "2354.89",
      "updatedAt": "2025-03-03T11:00:59.787Z"
    },
    {
      "id": 5,
      "usdToUah": "41.41",
      "btcToUsd": "92398.00",
      "ethToUsd": "2354.89",
      "updatedAt": "2025-03-03T11:01:29.787Z"
    },
    {
      "id": 6,
      "usdToUah": "41.41",
      "btcToUsd": "92398.00",
      "ethToUsd": "2354.89",
      "updatedAt": "2025-03-03T11:01:59.788Z"
    },
    {
      "id": 7,
      "usdToUah": "41.41",
      "btcToUsd": "92398.00",
      "ethToUsd": "2354.89",
      "updatedAt": "2025-03-03T11:02:29.789Z"
    },
    {
      "id": 8,
      "usdToUah": "41.58",
      "btcToUsd": "87330.00",
      "ethToUsd": "2413.67",
      "updatedAt": "2025-03-03T11:02:33.387Z"
    },
    {
      "id": 9,
      "usdToUah": "41.41",
      "btcToUsd": "92522.00",
      "ethToUsd": "2358.29",
      "updatedAt": "2025-03-03T11:02:42.593Z"
    },
    {
      "id": 10,
      "usdToUah": "41.41",
      "btcToUsd": "92522.00",
      "ethToUsd": "2358.29",
      "updatedAt": "2025-03-03T11:03:11.866Z"
    },
    {
      "id": 11,
      "usdToUah": "41.41",
      "btcToUsd": "92522.00",
      "ethToUsd": "2358.29",
      "updatedAt": "2025-03-03T11:03:41.866Z"
    },
    {
      "id": 12,
      "usdToUah": "41.41",
      "btcToUsd": "92522.00",
      "ethToUsd": "2358.29",
      "updatedAt": "2025-03-03T11:04:11.866Z"
    },
    {
      "id": 13,
      "usdToUah": "41.41",
      "btcToUsd": "92522.00",
      "ethToUsd": "2358.29",
      "updatedAt": "2025-03-03T11:04:41.866Z"
    },
    {
      "id": 14,
      "usdToUah": "41.41",
      "btcToUsd": "92522.00",
      "ethToUsd": "2358.29",
      "updatedAt": "2025-03-03T11:05:11.866Z"
    },
    {
      "id": 15,
      "usdToUah": "41.41",
      "btcToUsd": "92522.00",
      "ethToUsd": "2358.29",
      "updatedAt": "2025-03-03T11:05:41.867Z"
    },
    {
      "id": 16,
      "usdToUah": "41.41",
      "btcToUsd": "92522.00",
      "ethToUsd": "2358.29",
      "updatedAt": "2025-03-03T11:06:11.866Z"
    },
    {
      "id": 17,
      "usdToUah": "41.41",
      "btcToUsd": "92522.00",
      "ethToUsd": "2358.29",
      "updatedAt": "2025-03-03T11:06:41.868Z"
    },
    {
      "id": 18,
      "usdToUah": "41.41",
      "btcToUsd": "92522.00",
      "ethToUsd": "2358.29",
      "updatedAt": "2025-03-03T11:07:11.869Z"
    },
    {
      "id": 19,
      "usdToUah": "41.41",
      "btcToUsd": "92522.00",
      "ethToUsd": "2358.29",
      "updatedAt": "2025-03-03T11:07:41.870Z"
    },
    {
      "id": 20,
      "usdToUah": "41.41",
      "btcToUsd": "92465.00",
      "ethToUsd": "2354.77",
      "updatedAt": "2025-03-03T11:08:12.122Z"
    },
    {
      "id": 21,
      "usdToUah": "41.41",
      "btcToUsd": "92465.00",
      "ethToUsd": "2354.77",
      "updatedAt": "2025-03-03T11:08:41.872Z"
    },
    {
      "id": 22,
      "usdToUah": "41.41",
      "btcToUsd": "92444.00",
      "ethToUsd": "2355.12",
      "updatedAt": "2025-03-03T11:09:15.167Z"
    },
    {
      "id": 23,
      "usdToUah": "41.41",
      "btcToUsd": "92444.00",
      "ethToUsd": "2355.12",
      "updatedAt": "2025-03-03T11:09:44.392Z"
    },
    {
      "id": 24,
      "usdToUah": "41.41",
      "btcToUsd": "92444.00",
      "ethToUsd": "2355.12",
      "updatedAt": "2025-03-03T11:10:14.392Z"
    },
    {
      "id": 25,
      "usdToUah": "41.41",
      "btcToUsd": "92444.00",
      "ethToUsd": "2355.12",
      "updatedAt": "2025-03-03T11:10:44.393Z"
    },
    {
      "id": 26,
      "usdToUah": "41.41",
      "btcToUsd": "92444.00",
      "ethToUsd": "2355.12",
      "updatedAt": "2025-03-03T11:11:14.394Z"
    },
    {
      "id": 27,
      "usdToUah": "41.41",
      "btcToUsd": "92444.00",
      "ethToUsd": "2355.12",
      "updatedAt": "2025-03-03T11:11:44.396Z"
    },
    {
      "id": 28,
      "usdToUah": "41.41",
      "btcToUsd": "92444.00",
      "ethToUsd": "2355.12",
      "updatedAt": "2025-03-03T11:12:14.397Z"
    },
    {
      "id": 29,
      "usdToUah": "41.41",
      "btcToUsd": "92444.00",
      "ethToUsd": "2355.12",
      "updatedAt": "2025-03-03T11:12:44.397Z"
    },
    {
      "id": 30,
      "usdToUah": "41.41",
      "btcToUsd": "92444.00",
      "ethToUsd": "2355.12",
      "updatedAt": "2025-03-03T11:13:14.397Z"
    },
    {
      "id": 31,
      "usdToUah": "41.41",
      "btcToUsd": "92444.00",
      "ethToUsd": "2355.12",
      "updatedAt": "2025-03-03T11:13:44.398Z"
    },
    {
      "id": 32,
      "usdToUah": "41.41",
      "btcToUsd": "92444.00",
      "ethToUsd": "2355.12",
      "updatedAt": "2025-03-03T11:14:14.398Z"
    },
    {
      "id": 33,
      "usdToUah": "41.41",
      "btcToUsd": "92792.00",
      "ethToUsd": "2360.63",
      "updatedAt": "2025-03-03T11:14:44.603Z"
    },
    {
      "id": 34,
      "usdToUah": "41.41",
      "btcToUsd": "92792.00",
      "ethToUsd": "2360.63",
      "updatedAt": "2025-03-03T11:15:14.398Z"
    },
    {
      "id": 35,
      "usdToUah": "41.41",
      "btcToUsd": "92792.00",
      "ethToUsd": "2360.63",
      "updatedAt": "2025-03-03T11:15:44.399Z"
    },
    {
      "id": 36,
      "usdToUah": "41.41",
      "btcToUsd": "92792.00",
      "ethToUsd": "2360.63",
      "updatedAt": "2025-03-03T11:16:14.400Z"
    },
    {
      "id": 37,
      "usdToUah": "41.41",
      "btcToUsd": "92792.00",
      "ethToUsd": "2360.63",
      "updatedAt": "2025-03-03T11:16:44.399Z"
    },
    {
      "id": 38,
      "usdToUah": "41.41",
      "btcToUsd": "92792.00",
      "ethToUsd": "2360.63",
      "updatedAt": "2025-03-03T11:17:14.400Z"
    },
    {
      "id": 39,
      "usdToUah": "41.41",
      "btcToUsd": "92792.00",
      "ethToUsd": "2360.63",
      "updatedAt": "2025-03-03T11:17:44.399Z"
    },
    {
      "id": 40,
      "usdToUah": "41.41",
      "btcToUsd": "92792.00",
      "ethToUsd": "2360.63",
      "updatedAt": "2025-03-03T11:18:14.400Z"
    },
    {
      "id": 41,
      "usdToUah": "41.41",
      "btcToUsd": "92792.00",
      "ethToUsd": "2360.63",
      "updatedAt": "2025-03-03T11:18:44.399Z"
    },
    {
      "id": 42,
      "usdToUah": "41.41",
      "btcToUsd": "92792.00",
      "ethToUsd": "2360.63",
      "updatedAt": "2025-03-03T11:19:14.400Z"
    },
    {
      "id": 43,
      "usdToUah": "41.41",
      "btcToUsd": "92792.00",
      "ethToUsd": "2360.63",
      "updatedAt": "2025-03-03T11:19:44.400Z"
    },
    {
      "id": 44,
      "usdToUah": "41.41",
      "btcToUsd": "92639.00",
      "ethToUsd": "2353.24",
      "updatedAt": "2025-03-03T11:20:14.616Z"
    },
    {
      "id": 45,
      "usdToUah": "41.41",
      "btcToUsd": "92639.00",
      "ethToUsd": "2353.24",
      "updatedAt": "2025-03-03T11:20:44.401Z"
    },
    {
      "id": 46,
      "usdToUah": "41.41",
      "btcToUsd": "92592.00",
      "ethToUsd": "2350.91",
      "updatedAt": "2025-03-03T11:21:20.810Z"
    },
    {
      "id": 47,
      "usdToUah": "41.41",
      "btcToUsd": "92592.00",
      "ethToUsd": "2350.91",
      "updatedAt": "2025-03-03T11:21:50.312Z"
    },
    {
      "id": 48,
      "usdToUah": "41.41",
      "btcToUsd": "92592.00",
      "ethToUsd": "2350.91",
      "updatedAt": "2025-03-03T11:22:20.312Z"
    },
    {
      "id": 49,
      "usdToUah": "41.41",
      "btcToUsd": "92592.00",
      "ethToUsd": "2350.91",
      "updatedAt": "2025-03-03T11:22:50.313Z"
    },
    {
      "id": 50,
      "usdToUah": "41.41",
      "btcToUsd": "92592.00",
      "ethToUsd": "2350.91",
      "updatedAt": "2025-03-03T11:23:20.313Z"
    },
    {
      "id": 51,
      "usdToUah": "41.41",
      "btcToUsd": "92592.00",
      "ethToUsd": "2350.91",
      "updatedAt": "2025-03-03T11:23:50.314Z"
    },
    {
      "id": 52,
      "usdToUah": "41.41",
      "btcToUsd": "92592.00",
      "ethToUsd": "2350.91",
      "updatedAt": "2025-03-03T11:24:20.316Z"
    },
    {
      "id": 53,
      "usdToUah": "41.41",
      "btcToUsd": "92592.00",
      "ethToUsd": "2350.91",
      "updatedAt": "2025-03-03T11:24:50.316Z"
    },
    {
      "id": 54,
      "usdToUah": "41.41",
      "btcToUsd": "92592.00",
      "ethToUsd": "2350.91",
      "updatedAt": "2025-03-03T11:25:20.316Z"
    },
    {
      "id": 55,
      "usdToUah": "41.41",
      "btcToUsd": "92592.00",
      "ethToUsd": "2350.91",
      "updatedAt": "2025-03-03T11:25:50.317Z"
    },
    {
      "id": 56,
      "usdToUah": "41.41",
      "btcToUsd": "92592.00",
      "ethToUsd": "2350.91",
      "updatedAt": "2025-03-03T11:26:20.316Z"
    },
    {
      "id": 57,
      "usdToUah": "41.41",
      "btcToUsd": "92613.00",
      "ethToUsd": "2349.21",
      "updatedAt": "2025-03-03T11:26:50.534Z"
    },
    {
      "id": 58,
      "usdToUah": "41.41",
      "btcToUsd": "92613.00",
      "ethToUsd": "2349.21",
      "updatedAt": "2025-03-03T11:27:20.318Z"
    },
    {
      "id": 59,
      "usdToUah": "41.41",
      "btcToUsd": "92613.00",
      "ethToUsd": "2349.21",
      "updatedAt": "2025-03-03T11:27:50.319Z"
    },
    {
      "id": 60,
      "usdToUah": "41.41",
      "btcToUsd": "92613.00",
      "ethToUsd": "2349.21",
      "updatedAt": "2025-03-03T11:28:20.320Z"
    },
    {
      "id": 61,
      "usdToUah": "41.41",
      "btcToUsd": "92613.00",
      "ethToUsd": "2349.21",
      "updatedAt": "2025-03-03T11:28:50.321Z"
    },
    {
      "id": 62,
      "usdToUah": "41.41",
      "btcToUsd": "92613.00",
      "ethToUsd": "2349.21",
      "updatedAt": "2025-03-03T11:29:20.321Z"
    },
    {
      "id": 63,
      "usdToUah": "41.41",
      "btcToUsd": "92613.00",
      "ethToUsd": "2349.21",
      "updatedAt": "2025-03-03T11:29:50.322Z"
    },
    {
      "id": 64,
      "usdToUah": "41.41",
      "btcToUsd": "92613.00",
      "ethToUsd": "2349.21",
      "updatedAt": "2025-03-03T11:30:20.323Z"
    },
    {
      "id": 65,
      "usdToUah": "41.41",
      "btcToUsd": "92613.00",
      "ethToUsd": "2349.21",
      "updatedAt": "2025-03-03T11:30:50.324Z"
    },
    {
      "id": 66,
      "usdToUah": "41.41",
      "btcToUsd": "92699.00",
      "ethToUsd": "2353.40",
      "updatedAt": "2025-03-03T11:31:18.616Z"
    },
    {
      "id": 67,
      "usdToUah": "41.41",
      "btcToUsd": "92699.00",
      "ethToUsd": "2353.40",
      "updatedAt": "2025-03-03T11:31:47.763Z"
    },
    {
      "id": 68,
      "usdToUah": "41.41",
      "btcToUsd": "92699.00",
      "ethToUsd": "2353.40",
      "updatedAt": "2025-03-03T11:32:17.763Z"
    },
    {
      "id": 69,
      "usdToUah": "41.41",
      "btcToUsd": "92699.00",
      "ethToUsd": "2353.40",
      "updatedAt": "2025-03-03T11:32:47.763Z"
    },
    {
      "id": 70,
      "usdToUah": "41.41",
      "btcToUsd": "92699.00",
      "ethToUsd": "2353.40",
      "updatedAt": "2025-03-03T11:33:17.765Z"
    },
    {
      "id": 71,
      "usdToUah": "41.41",
      "btcToUsd": "92699.00",
      "ethToUsd": "2353.40",
      "updatedAt": "2025-03-03T11:33:47.765Z"
    },
    {
      "id": 72,
      "usdToUah": "41.41",
      "btcToUsd": "92699.00",
      "ethToUsd": "2353.40",
      "updatedAt": "2025-03-03T11:34:17.766Z"
    },
    {
      "id": 73,
      "usdToUah": "41.41",
      "btcToUsd": "92699.00",
      "ethToUsd": "2353.40",
      "updatedAt": "2025-03-03T11:34:47.768Z"
    },
    {
      "id": 74,
      "usdToUah": "41.41",
      "btcToUsd": "92699.00",
      "ethToUsd": "2353.40",
      "updatedAt": "2025-03-03T11:35:17.769Z"
    },
    {
      "id": 75,
      "usdToUah": "41.41",
      "btcToUsd": "92699.00",
      "ethToUsd": "2353.40",
      "updatedAt": "2025-03-03T11:35:47.769Z"
    },
    {
      "id": 76,
      "usdToUah": "41.41",
      "btcToUsd": "92699.00",
      "ethToUsd": "2353.40",
      "updatedAt": "2025-03-03T11:36:17.770Z"
    },
    {
      "id": 77,
      "usdToUah": "41.41",
      "btcToUsd": "92500.00",
      "ethToUsd": "2351.21",
      "updatedAt": "2025-03-03T11:36:47.990Z"
    },
    {
      "id": 78,
      "usdToUah": "41.41",
      "btcToUsd": "92500.00",
      "ethToUsd": "2351.21",
      "updatedAt": "2025-03-03T11:37:17.773Z"
    },
    {
      "id": 79,
      "usdToUah": "41.41",
      "btcToUsd": "92500.00",
      "ethToUsd": "2351.21",
      "updatedAt": "2025-03-03T11:37:47.773Z"
    },
    {
      "id": 80,
      "usdToUah": "41.41",
      "btcToUsd": "92500.00",
      "ethToUsd": "2351.21",
      "updatedAt": "2025-03-03T11:38:17.773Z"
    },
    {
      "id": 81,
      "usdToUah": "41.41",
      "btcToUsd": "92500.00",
      "ethToUsd": "2351.21",
      "updatedAt": "2025-03-03T11:38:47.774Z"
    },
    {
      "id": 82,
      "usdToUah": "41.41",
      "btcToUsd": "92500.00",
      "ethToUsd": "2351.21",
      "updatedAt": "2025-03-03T11:39:17.775Z"
    },
    {
      "id": 83,
      "usdToUah": "41.41",
      "btcToUsd": "92500.00",
      "ethToUsd": "2351.21",
      "updatedAt": "2025-03-03T11:39:47.775Z"
    },
    {
      "id": 84,
      "usdToUah": "41.41",
      "btcToUsd": "92500.00",
      "ethToUsd": "2351.21",
      "updatedAt": "2025-03-03T11:40:17.776Z"
    },
    {
      "id": 85,
      "usdToUah": "41.41",
      "btcToUsd": "92500.00",
      "ethToUsd": "2351.21",
      "updatedAt": "2025-03-03T11:40:47.776Z"
    },
    {
      "id": 86,
      "usdToUah": "41.41",
      "btcToUsd": "92500.00",
      "ethToUsd": "2351.21",
      "updatedAt": "2025-03-03T11:41:17.776Z"
    },
    {
      "id": 87,
      "usdToUah": "41.41",
      "btcToUsd": "92500.00",
      "ethToUsd": "2351.21",
      "updatedAt": "2025-03-03T11:41:47.776Z"
    },
    {
      "id": 88,
      "usdToUah": "41.41",
      "btcToUsd": "92482.00",
      "ethToUsd": "2352.60",
      "updatedAt": "2025-03-03T11:42:17.977Z"
    },
    {
      "id": 89,
      "usdToUah": "41.41",
      "btcToUsd": "92482.00",
      "ethToUsd": "2352.60",
      "updatedAt": "2025-03-03T11:42:47.776Z"
    },
    {
      "id": 90,
      "usdToUah": "41.41",
      "btcToUsd": "92482.00",
      "ethToUsd": "2352.60",
      "updatedAt": "2025-03-03T11:43:17.776Z"
    },
    {
      "id": 91,
      "usdToUah": "41.41",
      "btcToUsd": "92482.00",
      "ethToUsd": "2352.60",
      "updatedAt": "2025-03-03T11:43:47.775Z"
    },
    {
      "id": 92,
      "usdToUah": "41.41",
      "btcToUsd": "92482.00",
      "ethToUsd": "2352.60",
      "updatedAt": "2025-03-03T11:44:17.776Z"
    },
    {
      "id": 93,
      "usdToUah": "41.41",
      "btcToUsd": "92482.00",
      "ethToUsd": "2352.60",
      "updatedAt": "2025-03-03T11:44:47.775Z"
    },
    {
      "id": 94,
      "usdToUah": "41.41",
      "btcToUsd": "92482.00",
      "ethToUsd": "2352.60",
      "updatedAt": "2025-03-03T11:45:17.776Z"
    },
    {
      "id": 95,
      "usdToUah": "41.41",
      "btcToUsd": "92482.00",
      "ethToUsd": "2352.60",
      "updatedAt": "2025-03-03T11:45:47.777Z"
    },
    {
      "id": 96,
      "usdToUah": "41.41",
      "btcToUsd": "92482.00",
      "ethToUsd": "2352.60",
      "updatedAt": "2025-03-03T11:46:17.778Z"
    },
    {
      "id": 97,
      "usdToUah": "41.41",
      "btcToUsd": "92482.00",
      "ethToUsd": "2352.60",
      "updatedAt": "2025-03-03T11:46:47.779Z"
    },
    {
      "id": 98,
      "usdToUah": "41.41",
      "btcToUsd": "92482.00",
      "ethToUsd": "2352.60",
      "updatedAt": "2025-03-03T11:47:17.779Z"
    },
    {
      "id": 99,
      "usdToUah": "41.41",
      "btcToUsd": "92571.00",
      "ethToUsd": "2354.35",
      "updatedAt": "2025-03-03T11:47:39.103Z"
    },
    {
      "id": 100,
      "usdToUah": "41.41",
      "btcToUsd": "92571.00",
      "ethToUsd": "2354.35",
      "updatedAt": "2025-03-03T11:48:07.807Z"
    },
    {
      "id": 101,
      "usdToUah": "41.41",
      "btcToUsd": "92571.00",
      "ethToUsd": "2354.35",
      "updatedAt": "2025-03-03T11:48:37.807Z"
    },
    {
      "id": 102,
      "usdToUah": "41.41",
      "btcToUsd": "92571.00",
      "ethToUsd": "2354.35",
      "updatedAt": "2025-03-03T11:49:07.807Z"
    },
    {
      "id": 103,
      "usdToUah": "41.41",
      "btcToUsd": "92571.00",
      "ethToUsd": "2354.35",
      "updatedAt": "2025-03-03T11:49:37.808Z"
    },
    {
      "id": 104,
      "usdToUah": "41.41",
      "btcToUsd": "92571.00",
      "ethToUsd": "2354.35",
      "updatedAt": "2025-03-03T11:50:07.809Z"
    },
    {
      "id": 105,
      "usdToUah": "41.41",
      "btcToUsd": "92571.00",
      "ethToUsd": "2354.35",
      "updatedAt": "2025-03-03T11:50:37.810Z"
    },
    {
      "id": 106,
      "usdToUah": "41.41",
      "btcToUsd": "92571.00",
      "ethToUsd": "2354.35",
      "updatedAt": "2025-03-03T11:51:07.810Z"
    },
    {
      "id": 107,
      "usdToUah": "41.41",
      "btcToUsd": "92571.00",
      "ethToUsd": "2354.35",
      "updatedAt": "2025-03-03T11:51:37.812Z"
    },
    {
      "id": 108,
      "usdToUah": "41.41",
      "btcToUsd": "92571.00",
      "ethToUsd": "2354.35",
      "updatedAt": "2025-03-03T11:52:07.812Z"
    },
    {
      "id": 109,
      "usdToUah": "41.41",
      "btcToUsd": "92571.00",
      "ethToUsd": "2354.35",
      "updatedAt": "2025-03-03T11:52:37.812Z"
    },
    {
      "id": 110,
      "usdToUah": "41.41",
      "btcToUsd": "92607.00",
      "ethToUsd": "2354.57",
      "updatedAt": "2025-03-03T11:53:08.025Z"
    },
    {
      "id": 111,
      "usdToUah": "41.41",
      "btcToUsd": "92607.00",
      "ethToUsd": "2354.57",
      "updatedAt": "2025-03-03T11:53:37.812Z"
    },
    {
      "id": 112,
      "usdToUah": "41.41",
      "btcToUsd": "92607.00",
      "ethToUsd": "2354.57",
      "updatedAt": "2025-03-03T11:54:07.812Z"
    },
    {
      "id": 113,
      "usdToUah": "41.41",
      "btcToUsd": "92607.00",
      "ethToUsd": "2354.57",
      "updatedAt": "2025-03-03T11:54:37.812Z"
    },
    {
      "id": 114,
      "usdToUah": "41.41",
      "btcToUsd": "92607.00",
      "ethToUsd": "2354.57",
      "updatedAt": "2025-03-03T11:55:07.812Z"
    },
    {
      "id": 115,
      "usdToUah": "41.41",
      "btcToUsd": "92607.00",
      "ethToUsd": "2354.57",
      "updatedAt": "2025-03-03T11:55:37.813Z"
    },
    {
      "id": 116,
      "usdToUah": "41.41",
      "btcToUsd": "92607.00",
      "ethToUsd": "2354.57",
      "updatedAt": "2025-03-03T11:56:07.813Z"
    },
    {
      "id": 117,
      "usdToUah": "41.41",
      "btcToUsd": "92607.00",
      "ethToUsd": "2354.57",
      "updatedAt": "2025-03-03T11:56:37.815Z"
    },
    {
      "id": 118,
      "usdToUah": "41.41",
      "btcToUsd": "92607.00",
      "ethToUsd": "2354.57",
      "updatedAt": "2025-03-03T11:57:07.815Z"
    },
    {
      "id": 119,
      "usdToUah": "41.41",
      "btcToUsd": "92607.00",
      "ethToUsd": "2354.57",
      "updatedAt": "2025-03-03T11:57:37.817Z"
    },
    {
      "id": 120,
      "usdToUah": "41.41",
      "btcToUsd": "92607.00",
      "ethToUsd": "2354.57",
      "updatedAt": "2025-03-03T11:58:07.818Z"
    },
    {
      "id": 121,
      "usdToUah": "41.41",
      "btcToUsd": "92577.00",
      "ethToUsd": "2352.21",
      "updatedAt": "2025-03-03T11:58:38.019Z"
    },
    {
      "id": 122,
      "usdToUah": "41.41",
      "btcToUsd": "92577.00",
      "ethToUsd": "2352.21",
      "updatedAt": "2025-03-03T11:59:07.820Z"
    },
    {
      "id": 123,
      "usdToUah": "41.41",
      "btcToUsd": "92577.00",
      "ethToUsd": "2352.21",
      "updatedAt": "2025-03-03T11:59:37.820Z"
    },
    {
      "id": 124,
      "usdToUah": "41.41",
      "btcToUsd": "92577.00",
      "ethToUsd": "2352.21",
      "updatedAt": "2025-03-03T12:00:07.821Z"
    },
    {
      "id": 125,
      "usdToUah": "41.41",
      "btcToUsd": "92577.00",
      "ethToUsd": "2352.21",
      "updatedAt": "2025-03-03T12:00:37.821Z"
    },
    {
      "id": 126,
      "usdToUah": "41.41",
      "btcToUsd": "92577.00",
      "ethToUsd": "2352.21",
      "updatedAt": "2025-03-03T12:01:07.822Z"
    },
    {
      "id": 127,
      "usdToUah": "41.41",
      "btcToUsd": "92577.00",
      "ethToUsd": "2352.21",
      "updatedAt": "2025-03-03T12:01:37.822Z"
    },
    {
      "id": 128,
      "usdToUah": "41.41",
      "btcToUsd": "92577.00",
      "ethToUsd": "2352.21",
      "updatedAt": "2025-03-03T12:02:07.823Z"
    },
    {
      "id": 129,
      "usdToUah": "41.41",
      "btcToUsd": "92577.00",
      "ethToUsd": "2352.21",
      "updatedAt": "2025-03-03T12:02:37.825Z"
    },
    {
      "id": 130,
      "usdToUah": "41.41",
      "btcToUsd": "92577.00",
      "ethToUsd": "2352.21",
      "updatedAt": "2025-03-03T12:03:07.825Z"
    },
    {
      "id": 131,
      "usdToUah": "41.41",
      "btcToUsd": "92577.00",
      "ethToUsd": "2352.21",
      "updatedAt": "2025-03-03T12:03:37.825Z"
    },
    {
      "id": 132,
      "usdToUah": "41.41",
      "btcToUsd": "93007.00",
      "ethToUsd": "2361.87",
      "updatedAt": "2025-03-03T12:04:08.021Z"
    },
    {
      "id": 133,
      "usdToUah": "41.41",
      "btcToUsd": "93007.00",
      "ethToUsd": "2361.87",
      "updatedAt": "2025-03-03T12:04:37.826Z"
    },
    {
      "id": 134,
      "usdToUah": "41.41",
      "btcToUsd": "93007.00",
      "ethToUsd": "2361.87",
      "updatedAt": "2025-03-03T12:05:07.827Z"
    },
    {
      "id": 135,
      "usdToUah": "41.41",
      "btcToUsd": "93007.00",
      "ethToUsd": "2361.87",
      "updatedAt": "2025-03-03T12:05:37.827Z"
    },
    {
      "id": 136,
      "usdToUah": "41.41",
      "btcToUsd": "93007.00",
      "ethToUsd": "2361.87",
      "updatedAt": "2025-03-03T12:06:07.827Z"
    },
    {
      "id": 137,
      "usdToUah": "41.41",
      "btcToUsd": "93007.00",
      "ethToUsd": "2361.87",
      "updatedAt": "2025-03-03T12:06:37.827Z"
    },
    {
      "id": 138,
      "usdToUah": "41.41",
      "btcToUsd": "93007.00",
      "ethToUsd": "2361.87",
      "updatedAt": "2025-03-03T12:07:07.828Z"
    },
    {
      "id": 139,
      "usdToUah": "41.41",
      "btcToUsd": "93007.00",
      "ethToUsd": "2361.87",
      "updatedAt": "2025-03-03T12:07:37.828Z"
    },
    {
      "id": 140,
      "usdToUah": "41.41",
      "btcToUsd": "93007.00",
      "ethToUsd": "2361.87",
      "updatedAt": "2025-03-03T12:08:07.829Z"
    },
    {
      "id": 141,
      "usdToUah": "41.41",
      "btcToUsd": "93007.00",
      "ethToUsd": "2361.87",
      "updatedAt": "2025-03-03T12:08:37.829Z"
    },
    {
      "id": 142,
      "usdToUah": "41.41",
      "btcToUsd": "93007.00",
      "ethToUsd": "2361.87",
      "updatedAt": "2025-03-03T12:09:07.829Z"
    },
    {
      "id": 143,
      "usdToUah": "41.41",
      "btcToUsd": "93232.00",
      "ethToUsd": "2371.15",
      "updatedAt": "2025-03-03T12:09:38.050Z"
    },
    {
      "id": 144,
      "usdToUah": "41.41",
      "btcToUsd": "93232.00",
      "ethToUsd": "2371.15",
      "updatedAt": "2025-03-03T12:10:07.829Z"
    },
    {
      "id": 145,
      "usdToUah": "41.41",
      "btcToUsd": "93232.00",
      "ethToUsd": "2371.15",
      "updatedAt": "2025-03-03T12:10:37.830Z"
    },
    {
      "id": 146,
      "usdToUah": "41.41",
      "btcToUsd": "93232.00",
      "ethToUsd": "2371.15",
      "updatedAt": "2025-03-03T12:11:07.830Z"
    },
    {
      "id": 147,
      "usdToUah": "41.41",
      "btcToUsd": "93232.00",
      "ethToUsd": "2371.15",
      "updatedAt": "2025-03-03T12:11:37.831Z"
    },
    {
      "id": 148,
      "usdToUah": "41.41",
      "btcToUsd": "93232.00",
      "ethToUsd": "2371.15",
      "updatedAt": "2025-03-03T12:12:07.832Z"
    },
    {
      "id": 149,
      "usdToUah": "41.41",
      "btcToUsd": "93232.00",
      "ethToUsd": "2371.15",
      "updatedAt": "2025-03-03T12:12:37.833Z"
    },
    {
      "id": 150,
      "usdToUah": "41.41",
      "btcToUsd": "93232.00",
      "ethToUsd": "2371.15",
      "updatedAt": "2025-03-03T12:13:07.833Z"
    },
    {
      "id": 151,
      "usdToUah": "41.41",
      "btcToUsd": "93232.00",
      "ethToUsd": "2371.15",
      "updatedAt": "2025-03-03T12:13:37.834Z"
    },
    {
      "id": 152,
      "usdToUah": "41.41",
      "btcToUsd": "93232.00",
      "ethToUsd": "2371.15",
      "updatedAt": "2025-03-03T12:14:07.834Z"
    },
    {
      "id": 153,
      "usdToUah": "41.41",
      "btcToUsd": "93232.00",
      "ethToUsd": "2371.15",
      "updatedAt": "2025-03-03T12:14:37.835Z"
    },
    {
      "id": 154,
      "usdToUah": "41.41",
      "btcToUsd": "93075.00",
      "ethToUsd": "2365.01",
      "updatedAt": "2025-03-03T12:15:08.032Z"
    },
    {
      "id": 155,
      "usdToUah": "41.41",
      "btcToUsd": "93075.00",
      "ethToUsd": "2365.01",
      "updatedAt": "2025-03-03T12:15:37.838Z"
    },
    {
      "id": 156,
      "usdToUah": "41.41",
      "btcToUsd": "93075.00",
      "ethToUsd": "2365.01",
      "updatedAt": "2025-03-03T12:16:07.839Z"
    },
    {
      "id": 157,
      "usdToUah": "41.41",
      "btcToUsd": "93075.00",
      "ethToUsd": "2365.01",
      "updatedAt": "2025-03-03T12:16:37.840Z"
    },
    {
      "id": 158,
      "usdToUah": "41.41",
      "btcToUsd": "93075.00",
      "ethToUsd": "2365.01",
      "updatedAt": "2025-03-03T12:17:07.840Z"
    },
    {
      "id": 159,
      "usdToUah": "41.41",
      "btcToUsd": "93075.00",
      "ethToUsd": "2365.01",
      "updatedAt": "2025-03-03T12:17:37.841Z"
    },
    {
      "id": 160,
      "usdToUah": "41.41",
      "btcToUsd": "93075.00",
      "ethToUsd": "2365.01",
      "updatedAt": "2025-03-03T12:18:07.841Z"
    },
    {
      "id": 161,
      "usdToUah": "41.41",
      "btcToUsd": "93075.00",
      "ethToUsd": "2365.01",
      "updatedAt": "2025-03-03T12:18:37.842Z"
    },
    {
      "id": 162,
      "usdToUah": "41.41",
      "btcToUsd": "93075.00",
      "ethToUsd": "2365.01",
      "updatedAt": "2025-03-03T12:19:07.842Z"
    },
    {
      "id": 163,
      "usdToUah": "41.41",
      "btcToUsd": "93075.00",
      "ethToUsd": "2365.01",
      "updatedAt": "2025-03-03T12:19:37.842Z"
    },
    {
      "id": 164,
      "usdToUah": "41.41",
      "btcToUsd": "93075.00",
      "ethToUsd": "2365.01",
      "updatedAt": "2025-03-03T12:20:07.843Z"
    },
    {
      "id": 165,
      "usdToUah": "41.41",
      "btcToUsd": "92957.00",
      "ethToUsd": "2357.25",
      "updatedAt": "2025-03-03T12:20:38.075Z"
    },
    {
      "id": 166,
      "usdToUah": "41.41",
      "btcToUsd": "92957.00",
      "ethToUsd": "2357.25",
      "updatedAt": "2025-03-03T12:21:07.843Z"
    },
    {
      "id": 167,
      "usdToUah": "41.41",
      "btcToUsd": "92957.00",
      "ethToUsd": "2357.25",
      "updatedAt": "2025-03-03T12:21:37.843Z"
    },
    {
      "id": 168,
      "usdToUah": "41.41",
      "btcToUsd": "92957.00",
      "ethToUsd": "2357.25",
      "updatedAt": "2025-03-03T12:22:07.843Z"
    },
    {
      "id": 169,
      "usdToUah": "41.41",
      "btcToUsd": "92957.00",
      "ethToUsd": "2357.25",
      "updatedAt": "2025-03-03T12:22:37.844Z"
    },
    {
      "id": 170,
      "usdToUah": "41.41",
      "btcToUsd": "92957.00",
      "ethToUsd": "2357.25",
      "updatedAt": "2025-03-03T12:23:07.845Z"
    },
    {
      "id": 171,
      "usdToUah": "41.41",
      "btcToUsd": "92957.00",
      "ethToUsd": "2357.25",
      "updatedAt": "2025-03-03T12:23:37.844Z"
    },
    {
      "id": 172,
      "usdToUah": "41.41",
      "btcToUsd": "92957.00",
      "ethToUsd": "2357.25",
      "updatedAt": "2025-03-03T12:24:07.845Z"
    },
    {
      "id": 173,
      "usdToUah": "41.41",
      "btcToUsd": "92957.00",
      "ethToUsd": "2357.25",
      "updatedAt": "2025-03-03T12:24:37.845Z"
    },
    {
      "id": 174,
      "usdToUah": "41.41",
      "btcToUsd": "92957.00",
      "ethToUsd": "2357.25",
      "updatedAt": "2025-03-03T12:25:07.845Z"
    },
    {
      "id": 175,
      "usdToUah": "41.41",
      "btcToUsd": "92957.00",
      "ethToUsd": "2357.25",
      "updatedAt": "2025-03-03T12:25:37.845Z"
    },
    {
      "id": 176,
      "usdToUah": "41.41",
      "btcToUsd": "93068.00",
      "ethToUsd": "2360.74",
      "updatedAt": "2025-03-03T12:26:08.047Z"
    },
    {
      "id": 177,
      "usdToUah": "41.41",
      "btcToUsd": "93068.00",
      "ethToUsd": "2360.74",
      "updatedAt": "2025-03-03T12:26:37.847Z"
    },
    {
      "id": 178,
      "usdToUah": "41.41",
      "btcToUsd": "93068.00",
      "ethToUsd": "2360.74",
      "updatedAt": "2025-03-03T12:27:07.847Z"
    },
    {
      "id": 179,
      "usdToUah": "41.41",
      "btcToUsd": "93068.00",
      "ethToUsd": "2360.74",
      "updatedAt": "2025-03-03T12:27:37.848Z"
    },
    {
      "id": 180,
      "usdToUah": "41.41",
      "btcToUsd": "93068.00",
      "ethToUsd": "2360.74",
      "updatedAt": "2025-03-03T12:28:07.849Z"
    },
    {
      "id": 181,
      "usdToUah": "41.41",
      "btcToUsd": "93068.00",
      "ethToUsd": "2360.74",
      "updatedAt": "2025-03-03T12:28:37.850Z"
    },
    {
      "id": 182,
      "usdToUah": "41.41",
      "btcToUsd": "93068.00",
      "ethToUsd": "2360.74",
      "updatedAt": "2025-03-03T12:29:07.851Z"
    },
    {
      "id": 183,
      "usdToUah": "41.41",
      "btcToUsd": "93068.00",
      "ethToUsd": "2360.74",
      "updatedAt": "2025-03-03T12:29:37.852Z"
    },
    {
      "id": 184,
      "usdToUah": "41.41",
      "btcToUsd": "93068.00",
      "ethToUsd": "2360.74",
      "updatedAt": "2025-03-03T12:30:07.854Z"
    },
    {
      "id": 185,
      "usdToUah": "41.41",
      "btcToUsd": "93068.00",
      "ethToUsd": "2360.74",
      "updatedAt": "2025-03-03T12:30:37.854Z"
    },
    {
      "id": 186,
      "usdToUah": "41.41",
      "btcToUsd": "93068.00",
      "ethToUsd": "2360.74",
      "updatedAt": "2025-03-03T12:31:07.855Z"
    },
    {
      "id": 187,
      "usdToUah": "41.41",
      "btcToUsd": "92846.00",
      "ethToUsd": "2357.39",
      "updatedAt": "2025-03-03T12:31:38.054Z"
    },
    {
      "id": 188,
      "usdToUah": "41.41",
      "btcToUsd": "92846.00",
      "ethToUsd": "2357.39",
      "updatedAt": "2025-03-03T12:32:07.856Z"
    },
    {
      "id": 189,
      "usdToUah": "41.41",
      "btcToUsd": "92846.00",
      "ethToUsd": "2357.39",
      "updatedAt": "2025-03-03T12:32:37.858Z"
    },
    {
      "id": 190,
      "usdToUah": "41.41",
      "btcToUsd": "92846.00",
      "ethToUsd": "2357.39",
      "updatedAt": "2025-03-03T12:33:07.859Z"
    },
    {
      "id": 191,
      "usdToUah": "41.41",
      "btcToUsd": "92846.00",
      "ethToUsd": "2357.39",
      "updatedAt": "2025-03-03T12:33:37.859Z"
    },
    {
      "id": 192,
      "usdToUah": "41.41",
      "btcToUsd": "92846.00",
      "ethToUsd": "2357.39",
      "updatedAt": "2025-03-03T12:34:07.860Z"
    },
    {
      "id": 193,
      "usdToUah": "41.41",
      "btcToUsd": "92846.00",
      "ethToUsd": "2357.39",
      "updatedAt": "2025-03-03T12:34:37.860Z"
    },
    {
      "id": 194,
      "usdToUah": "41.41",
      "btcToUsd": "92656.00",
      "ethToUsd": "2353.40",
      "updatedAt": "2025-03-03T12:35:04.487Z"
    },
    {
      "id": 195,
      "usdToUah": "41.41",
      "btcToUsd": "92656.00",
      "ethToUsd": "2353.40",
      "updatedAt": "2025-03-03T12:35:33.125Z"
    },
    {
      "id": 196,
      "usdToUah": "41.41",
      "btcToUsd": "92656.00",
      "ethToUsd": "2353.40",
      "updatedAt": "2025-03-03T12:36:03.124Z"
    },
    {
      "id": 197,
      "usdToUah": "41.41",
      "btcToUsd": "92656.00",
      "ethToUsd": "2353.40",
      "updatedAt": "2025-03-03T12:36:33.125Z"
    },
    {
      "id": 198,
      "usdToUah": "41.41",
      "btcToUsd": "92656.00",
      "ethToUsd": "2353.40",
      "updatedAt": "2025-03-03T12:37:03.125Z"
    },
    {
      "id": 199,
      "usdToUah": "41.41",
      "btcToUsd": "92656.00",
      "ethToUsd": "2353.40",
      "updatedAt": "2025-03-03T12:37:33.126Z"
    },
    {
      "id": 200,
      "usdToUah": "41.41",
      "btcToUsd": "92656.00",
      "ethToUsd": "2353.40",
      "updatedAt": "2025-03-03T12:38:03.127Z"
    },
    {
      "id": 201,
      "usdToUah": "41.41",
      "btcToUsd": "92656.00",
      "ethToUsd": "2353.40",
      "updatedAt": "2025-03-03T12:38:33.127Z"
    },
    {
      "id": 202,
      "usdToUah": "41.41",
      "btcToUsd": "92656.00",
      "ethToUsd": "2353.40",
      "updatedAt": "2025-03-03T12:39:03.128Z"
    },
    {
      "id": 203,
      "usdToUah": "41.41",
      "btcToUsd": "92656.00",
      "ethToUsd": "2353.40",
      "updatedAt": "2025-03-03T12:39:33.127Z"
    },
    {
      "id": 204,
      "usdToUah": "41.41",
      "btcToUsd": "92656.00",
      "ethToUsd": "2353.40",
      "updatedAt": "2025-03-03T12:40:03.128Z"
    },
    {
      "id": 205,
      "usdToUah": "41.41",
      "btcToUsd": "92914.00",
      "ethToUsd": "2358.72",
      "updatedAt": "2025-03-03T12:40:31.383Z"
    },
    {
      "id": 206,
      "usdToUah": "41.41",
      "btcToUsd": "92914.00",
      "ethToUsd": "2358.72",
      "updatedAt": "2025-03-03T12:41:00.890Z"
    },
    {
      "id": 207,
      "usdToUah": "41.41",
      "btcToUsd": "92914.00",
      "ethToUsd": "2358.72",
      "updatedAt": "2025-03-03T12:41:30.890Z"
    },
    {
      "id": 208,
      "usdToUah": "41.41",
      "btcToUsd": "92914.00",
      "ethToUsd": "2358.72",
      "updatedAt": "2025-03-03T12:42:00.890Z"
    },
    {
      "id": 209,
      "usdToUah": "41.41",
      "btcToUsd": "92914.00",
      "ethToUsd": "2358.72",
      "updatedAt": "2025-03-03T12:42:30.891Z"
    },
    {
      "id": 210,
      "usdToUah": "41.41",
      "btcToUsd": "92914.00",
      "ethToUsd": "2358.72",
      "updatedAt": "2025-03-03T12:43:00.892Z"
    },
    {
      "id": 211,
      "usdToUah": "41.41",
      "btcToUsd": "92914.00",
      "ethToUsd": "2358.72",
      "updatedAt": "2025-03-03T12:43:30.892Z"
    },
    {
      "id": 212,
      "usdToUah": "41.41",
      "btcToUsd": "92914.00",
      "ethToUsd": "2358.72",
      "updatedAt": "2025-03-03T12:44:00.893Z"
    },
    {
      "id": 213,
      "usdToUah": "41.41",
      "btcToUsd": "92914.00",
      "ethToUsd": "2358.72",
      "updatedAt": "2025-03-03T12:44:30.893Z"
    },
    {
      "id": 214,
      "usdToUah": "41.41",
      "btcToUsd": "92914.00",
      "ethToUsd": "2358.72",
      "updatedAt": "2025-03-03T12:45:00.893Z"
    },
    {
      "id": 215,
      "usdToUah": "41.41",
      "btcToUsd": "92914.00",
      "ethToUsd": "2358.72",
      "updatedAt": "2025-03-03T12:45:30.893Z"
    },
    {
      "id": 216,
      "usdToUah": "41.41",
      "btcToUsd": "93030.00",
      "ethToUsd": "2366.47",
      "updatedAt": "2025-03-03T12:46:01.106Z"
    },
    {
      "id": 217,
      "usdToUah": "41.41",
      "btcToUsd": "93030.00",
      "ethToUsd": "2366.47",
      "updatedAt": "2025-03-03T12:46:30.893Z"
    },
    {
      "id": 218,
      "usdToUah": "41.41",
      "btcToUsd": "93030.00",
      "ethToUsd": "2366.47",
      "updatedAt": "2025-03-03T12:46:44.961Z"
    }
  ],
  "backupDate": "2025-03-03T12-46-45-059Z",
  "version": "1.0"
}