[
  {
    "id": 1,
    "usdToUah": "41.41",
    "btcToUsd": "92398.00",
    "ethToUsd": "2354.89",
    "updatedAt": "2025-03-03T10:59:30.446Z"
  },
  {
    "id": 2,
    "usdToUah": "41.41",
    "btcToUsd": "92398.00",
    "ethToUsd": "2354.89",
    "updatedAt": "2025-03-03T10:59:59.786Z"
  },
  {
    "id": 3,
    "usdToUah": "41.41",
    "btcToUsd": "92398.00",
    "ethToUsd": "2354.89",
    "updatedAt": "2025-03-03T11:00:29.786Z"
  },
  {
    "id": 4,
    "usdToUah": "41.41",
    "btcToUsd": "92398.00",
    "ethToUsd": "2354.89",
    "updatedAt": "2025-03-03T11:00:59.787Z"
  },
  {
    "id": 5,
    "usdToUah": "41.41",
    "btcToUsd": "92398.00",
    "ethToUsd": "2354.89",
    "updatedAt": "2025-03-03T11:01:29.787Z"
  },
  {
    "id": 6,
    "usdToUah": "41.41",
    "btcToUsd": "92398.00",
    "ethToUsd": "2354.89",
    "updatedAt": "2025-03-03T11:01:59.788Z"
  },
  {
    "id": 7,
    "usdToUah": "41.41",
    "btcToUsd": "92398.00",
    "ethToUsd": "2354.89",
    "updatedAt": "2025-03-03T11:02:29.789Z"
  },
  {
    "id": 8,
    "usdToUah": "41.58",
    "btcToUsd": "87330.00",
    "ethToUsd": "2413.67",
    "updatedAt": "2025-03-03T11:02:33.387Z"
  },
  {
    "id": 9,
    "usdToUah": "41.41",
    "btcToUsd": "92522.00",
    "ethToUsd": "2358.29",
    "updatedAt": "2025-03-03T11:02:42.593Z"
  },
  {
    "id": 10,
    "usdToUah": "41.41",
    "btcToUsd": "92522.00",
    "ethToUsd": "2358.29",
    "updatedAt": "2025-03-03T11:03:11.866Z"
  },
  {
    "id": 11,
    "usdToUah": "41.41",
    "btcToUsd": "92522.00",
    "ethToUsd": "2358.29",
    "updatedAt": "2025-03-03T11:03:41.866Z"
  },
  {
    "id": 12,
    "usdToUah": "41.41",
    "btcToUsd": "92522.00",
    "ethToUsd": "2358.29",
    "updatedAt": "2025-03-03T11:04:11.866Z"
  },
  {
    "id": 13,
    "usdToUah": "41.41",
    "btcToUsd": "92522.00",
    "ethToUsd": "2358.29",
    "updatedAt": "2025-03-03T11:04:41.866Z"
  },
  {
    "id": 14,
    "usdToUah": "41.41",
    "btcToUsd": "92522.00",
    "ethToUsd": "2358.29",
    "updatedAt": "2025-03-03T11:05:11.866Z"
  },
  {
    "id": 15,
    "usdToUah": "41.41",
    "btcToUsd": "92522.00",
    "ethToUsd": "2358.29",
    "updatedAt": "2025-03-03T11:05:41.867Z"
  },
  {
    "id": 16,
    "usdToUah": "41.41",
    "btcToUsd": "92522.00",
    "ethToUsd": "2358.29",
    "updatedAt": "2025-03-03T11:06:11.866Z"
  },
  {
    "id": 17,
    "usdToUah": "41.41",
    "btcToUsd": "92522.00",
    "ethToUsd": "2358.29",
    "updatedAt": "2025-03-03T11:06:41.868Z"
  },
  {
    "id": 18,
    "usdToUah": "41.41",
    "btcToUsd": "92522.00",
    "ethToUsd": "2358.29",
    "updatedAt": "2025-03-03T11:07:11.869Z"
  },
  {
    "id": 19,
    "usdToUah": "41.41",
    "btcToUsd": "92522.00",
    "ethToUsd": "2358.29",
    "updatedAt": "2025-03-03T11:07:41.870Z"
  },
  {
    "id": 20,
    "usdToUah": "41.41",
    "btcToUsd": "92465.00",
    "ethToUsd": "2354.77",
    "updatedAt": "2025-03-03T11:08:12.122Z"
  },
  {
    "id": 21,
    "usdToUah": "41.41",
    "btcToUsd": "92465.00",
    "ethToUsd": "2354.77",
    "updatedAt": "2025-03-03T11:08:41.872Z"
  },
  {
    "id": 22,
    "usdToUah": "41.41",
    "btcToUsd": "92444.00",
    "ethToUsd": "2355.12",
    "updatedAt": "2025-03-03T11:09:15.167Z"
  },
  {
    "id": 23,
    "usdToUah": "41.41",
    "btcToUsd": "92444.00",
    "ethToUsd": "2355.12",
    "updatedAt": "2025-03-03T11:09:44.392Z"
  },
  {
    "id": 24,
    "usdToUah": "41.41",
    "btcToUsd": "92444.00",
    "ethToUsd": "2355.12",
    "updatedAt": "2025-03-03T11:10:14.392Z"
  },
  {
    "id": 25,
    "usdToUah": "41.41",
    "btcToUsd": "92444.00",
    "ethToUsd": "2355.12",
    "updatedAt": "2025-03-03T11:10:44.393Z"
  },
  {
    "id": 26,
    "usdToUah": "41.41",
    "btcToUsd": "92444.00",
    "ethToUsd": "2355.12",
    "updatedAt": "2025-03-03T11:11:14.394Z"
  },
  {
    "id": 27,
    "usdToUah": "41.41",
    "btcToUsd": "92444.00",
    "ethToUsd": "2355.12",
    "updatedAt": "2025-03-03T11:11:44.396Z"
  },
  {
    "id": 28,
    "usdToUah": "41.41",
    "btcToUsd": "92444.00",
    "ethToUsd": "2355.12",
    "updatedAt": "2025-03-03T11:12:14.397Z"
  },
  {
    "id": 29,
    "usdToUah": "41.41",
    "btcToUsd": "92444.00",
    "ethToUsd": "2355.12",
    "updatedAt": "2025-03-03T11:12:44.397Z"
  },
  {
    "id": 30,
    "usdToUah": "41.41",
    "btcToUsd": "92444.00",
    "ethToUsd": "2355.12",
    "updatedAt": "2025-03-03T11:13:14.397Z"
  },
  {
    "id": 31,
    "usdToUah": "41.41",
    "btcToUsd": "92444.00",
    "ethToUsd": "2355.12",
    "updatedAt": "2025-03-03T11:13:44.398Z"
  },
  {
    "id": 32,
    "usdToUah": "41.41",
    "btcToUsd": "92444.00",
    "ethToUsd": "2355.12",
    "updatedAt": "2025-03-03T11:14:14.398Z"
  },
  {
    "id": 33,
    "usdToUah": "41.41",
    "btcToUsd": "92792.00",
    "ethToUsd": "2360.63",
    "updatedAt": "2025-03-03T11:14:44.603Z"
  },
  {
    "id": 34,
    "usdToUah": "41.41",
    "btcToUsd": "92792.00",
    "ethToUsd": "2360.63",
    "updatedAt": "2025-03-03T11:15:14.398Z"
  },
  {
    "id": 35,
    "usdToUah": "41.41",
    "btcToUsd": "92792.00",
    "ethToUsd": "2360.63",
    "updatedAt": "2025-03-03T11:15:44.399Z"
  },
  {
    "id": 36,
    "usdToUah": "41.41",
    "btcToUsd": "92792.00",
    "ethToUsd": "2360.63",
    "updatedAt": "2025-03-03T11:16:14.400Z"
  },
  {
    "id": 37,
    "usdToUah": "41.41",
    "btcToUsd": "92792.00",
    "ethToUsd": "2360.63",
    "updatedAt": "2025-03-03T11:16:44.399Z"
  },
  {
    "id": 38,
    "usdToUah": "41.41",
    "btcToUsd": "92792.00",
    "ethToUsd": "2360.63",
    "updatedAt": "2025-03-03T11:17:14.400Z"
  },
  {
    "id": 39,
    "usdToUah": "41.41",
    "btcToUsd": "92792.00",
    "ethToUsd": "2360.63",
    "updatedAt": "2025-03-03T11:17:44.399Z"
  },
  {
    "id": 40,
    "usdToUah": "41.41",
    "btcToUsd": "92792.00",
    "ethToUsd": "2360.63",
    "updatedAt": "2025-03-03T11:18:14.400Z"
  },
  {
    "id": 41,
    "usdToUah": "41.41",
    "btcToUsd": "92792.00",
    "ethToUsd": "2360.63",
    "updatedAt": "2025-03-03T11:18:44.399Z"
  },
  {
    "id": 42,
    "usdToUah": "41.41",
    "btcToUsd": "92792.00",
    "ethToUsd": "2360.63",
    "updatedAt": "2025-03-03T11:19:14.400Z"
  },
  {
    "id": 43,
    "usdToUah": "41.41",
    "btcToUsd": "92792.00",
    "ethToUsd": "2360.63",
    "updatedAt": "2025-03-03T11:19:44.400Z"
  },
  {
    "id": 44,
    "usdToUah": "41.41",
    "btcToUsd": "92639.00",
    "ethToUsd": "2353.24",
    "updatedAt": "2025-03-03T11:20:14.616Z"
  },
  {
    "id": 45,
    "usdToUah": "41.41",
    "btcToUsd": "92639.00",
    "ethToUsd": "2353.24",
    "updatedAt": "2025-03-03T11:20:44.401Z"
  },
  {
    "id": 46,
    "usdToUah": "41.41",
    "btcToUsd": "92592.00",
    "ethToUsd": "2350.91",
    "updatedAt": "2025-03-03T11:21:20.810Z"
  },
  {
    "id": 47,
    "usdToUah": "41.41",
    "btcToUsd": "92592.00",
    "ethToUsd": "2350.91",
    "updatedAt": "2025-03-03T11:21:50.312Z"
  },
  {
    "id": 48,
    "usdToUah": "41.41",
    "btcToUsd": "92592.00",
    "ethToUsd": "2350.91",
    "updatedAt": "2025-03-03T11:22:20.312Z"
  },
  {
    "id": 49,
    "usdToUah": "41.41",
    "btcToUsd": "92592.00",
    "ethToUsd": "2350.91",
    "updatedAt": "2025-03-03T11:22:50.313Z"
  },
  {
    "id": 50,
    "usdToUah": "41.41",
    "btcToUsd": "92592.00",
    "ethToUsd": "2350.91",
    "updatedAt": "2025-03-03T11:23:20.313Z"
  },
  {
    "id": 51,
    "usdToUah": "41.41",
    "btcToUsd": "92592.00",
    "ethToUsd": "2350.91",
    "updatedAt": "2025-03-03T11:23:50.314Z"
  },
  {
    "id": 52,
    "usdToUah": "41.41",
    "btcToUsd": "92592.00",
    "ethToUsd": "2350.91",
    "updatedAt": "2025-03-03T11:24:20.316Z"
  },
  {
    "id": 53,
    "usdToUah": "41.41",
    "btcToUsd": "92592.00",
    "ethToUsd": "2350.91",
    "updatedAt": "2025-03-03T11:24:50.316Z"
  },
  {
    "id": 54,
    "usdToUah": "41.41",
    "btcToUsd": "92592.00",
    "ethToUsd": "2350.91",
    "updatedAt": "2025-03-03T11:25:20.316Z"
  },
  {
    "id": 55,
    "usdToUah": "41.41",
    "btcToUsd": "92592.00",
    "ethToUsd": "2350.91",
    "updatedAt": "2025-03-03T11:25:50.317Z"
  },
  {
    "id": 56,
    "usdToUah": "41.41",
    "btcToUsd": "92592.00",
    "ethToUsd": "2350.91",
    "updatedAt": "2025-03-03T11:26:20.316Z"
  },
  {
    "id": 57,
    "usdToUah": "41.41",
    "btcToUsd": "92613.00",
    "ethToUsd": "2349.21",
    "updatedAt": "2025-03-03T11:26:50.534Z"
  },
  {
    "id": 58,
    "usdToUah": "41.41",
    "btcToUsd": "92613.00",
    "ethToUsd": "2349.21",
    "updatedAt": "2025-03-03T11:27:20.318Z"
  },
  {
    "id": 59,
    "usdToUah": "41.41",
    "btcToUsd": "92613.00",
    "ethToUsd": "2349.21",
    "updatedAt": "2025-03-03T11:27:50.319Z"
  },
  {
    "id": 60,
    "usdToUah": "41.41",
    "btcToUsd": "92613.00",
    "ethToUsd": "2349.21",
    "updatedAt": "2025-03-03T11:28:20.320Z"
  },
  {
    "id": 61,
    "usdToUah": "41.41",
    "btcToUsd": "92613.00",
    "ethToUsd": "2349.21",
    "updatedAt": "2025-03-03T11:28:50.321Z"
  },
  {
    "id": 62,
    "usdToUah": "41.41",
    "btcToUsd": "92613.00",
    "ethToUsd": "2349.21",
    "updatedAt": "2025-03-03T11:29:20.321Z"
  },
  {
    "id": 63,
    "usdToUah": "41.41",
    "btcToUsd": "92613.00",
    "ethToUsd": "2349.21",
    "updatedAt": "2025-03-03T11:29:50.322Z"
  },
  {
    "id": 64,
    "usdToUah": "41.41",
    "btcToUsd": "92613.00",
    "ethToUsd": "2349.21",
    "updatedAt": "2025-03-03T11:30:20.323Z"
  },
  {
    "id": 65,
    "usdToUah": "41.41",
    "btcToUsd": "92613.00",
    "ethToUsd": "2349.21",
    "updatedAt": "2025-03-03T11:30:50.324Z"
  },
  {
    "id": 66,
    "usdToUah": "41.41",
    "btcToUsd": "92699.00",
    "ethToUsd": "2353.40",
    "updatedAt": "2025-03-03T11:31:18.616Z"
  },
  {
    "id": 67,
    "usdToUah": "41.41",
    "btcToUsd": "92699.00",
    "ethToUsd": "2353.40",
    "updatedAt": "2025-03-03T11:31:47.763Z"
  },
  {
    "id": 68,
    "usdToUah": "41.41",
    "btcToUsd": "92699.00",
    "ethToUsd": "2353.40",
    "updatedAt": "2025-03-03T11:32:17.763Z"
  },
  {
    "id": 69,
    "usdToUah": "41.41",
    "btcToUsd": "92699.00",
    "ethToUsd": "2353.40",
    "updatedAt": "2025-03-03T11:32:47.763Z"
  },
  {
    "id": 70,
    "usdToUah": "41.41",
    "btcToUsd": "92699.00",
    "ethToUsd": "2353.40",
    "updatedAt": "2025-03-03T11:33:17.765Z"
  },
  {
    "id": 71,
    "usdToUah": "41.41",
    "btcToUsd": "92699.00",
    "ethToUsd": "2353.40",
    "updatedAt": "2025-03-03T11:33:47.765Z"
  },
  {
    "id": 72,
    "usdToUah": "41.41",
    "btcToUsd": "92699.00",
    "ethToUsd": "2353.40",
    "updatedAt": "2025-03-03T11:34:17.766Z"
  },
  {
    "id": 73,
    "usdToUah": "41.41",
    "btcToUsd": "92699.00",
    "ethToUsd": "2353.40",
    "updatedAt": "2025-03-03T11:34:47.768Z"
  },
  {
    "id": 74,
    "usdToUah": "41.41",
    "btcToUsd": "92699.00",
    "ethToUsd": "2353.40",
    "updatedAt": "2025-03-03T11:35:17.769Z"
  },
  {
    "id": 75,
    "usdToUah": "41.41",
    "btcToUsd": "92699.00",
    "ethToUsd": "2353.40",
    "updatedAt": "2025-03-03T11:35:47.769Z"
  },
  {
    "id": 76,
    "usdToUah": "41.41",
    "btcToUsd": "92699.00",
    "ethToUsd": "2353.40",
    "updatedAt": "2025-03-03T11:36:17.770Z"
  },
  {
    "id": 77,
    "usdToUah": "41.41",
    "btcToUsd": "92500.00",
    "ethToUsd": "2351.21",
    "updatedAt": "2025-03-03T11:36:47.990Z"
  },
  {
    "id": 78,
    "usdToUah": "41.41",
    "btcToUsd": "92500.00",
    "ethToUsd": "2351.21",
    "updatedAt": "2025-03-03T11:37:17.773Z"
  },
  {
    "id": 79,
    "usdToUah": "41.41",
    "btcToUsd": "92500.00",
    "ethToUsd": "2351.21",
    "updatedAt": "2025-03-03T11:37:47.773Z"
  },
  {
    "id": 80,
    "usdToUah": "41.41",
    "btcToUsd": "92500.00",
    "ethToUsd": "2351.21",
    "updatedAt": "2025-03-03T11:38:17.773Z"
  },
  {
    "id": 81,
    "usdToUah": "41.41",
    "btcToUsd": "92500.00",
    "ethToUsd": "2351.21",
    "updatedAt": "2025-03-03T11:38:47.774Z"
  },
  {
    "id": 82,
    "usdToUah": "41.41",
    "btcToUsd": "92500.00",
    "ethToUsd": "2351.21",
    "updatedAt": "2025-03-03T11:39:17.775Z"
  },
  {
    "id": 83,
    "usdToUah": "41.41",
    "btcToUsd": "92500.00",
    "ethToUsd": "2351.21",
    "updatedAt": "2025-03-03T11:39:47.775Z"
  },
  {
    "id": 84,
    "usdToUah": "41.41",
    "btcToUsd": "92500.00",
    "ethToUsd": "2351.21",
    "updatedAt": "2025-03-03T11:40:17.776Z"
  },
  {
    "id": 85,
    "usdToUah": "41.41",
    "btcToUsd": "92500.00",
    "ethToUsd": "2351.21",
    "updatedAt": "2025-03-03T11:40:47.776Z"
  },
  {
    "id": 86,
    "usdToUah": "41.41",
    "btcToUsd": "92500.00",
    "ethToUsd": "2351.21",
    "updatedAt": "2025-03-03T11:41:17.776Z"
  },
  {
    "id": 87,
    "usdToUah": "41.41",
    "btcToUsd": "92500.00",
    "ethToUsd": "2351.21",
    "updatedAt": "2025-03-03T11:41:47.776Z"
  },
  {
    "id": 88,
    "usdToUah": "41.41",
    "btcToUsd": "92482.00",
    "ethToUsd": "2352.60",
    "updatedAt": "2025-03-03T11:42:17.977Z"
  },
  {
    "id": 89,
    "usdToUah": "41.41",
    "btcToUsd": "92482.00",
    "ethToUsd": "2352.60",
    "updatedAt": "2025-03-03T11:42:47.776Z"
  },
  {
    "id": 90,
    "usdToUah": "41.41",
    "btcToUsd": "92482.00",
    "ethToUsd": "2352.60",
    "updatedAt": "2025-03-03T11:43:17.776Z"
  },
  {
    "id": 91,
    "usdToUah": "41.41",
    "btcToUsd": "92482.00",
    "ethToUsd": "2352.60",
    "updatedAt": "2025-03-03T11:43:47.775Z"
  },
  {
    "id": 92,
    "usdToUah": "41.41",
    "btcToUsd": "92482.00",
    "ethToUsd": "2352.60",
    "updatedAt": "2025-03-03T11:44:17.776Z"
  },
  {
    "id": 93,
    "usdToUah": "41.41",
    "btcToUsd": "92482.00",
    "ethToUsd": "2352.60",
    "updatedAt": "2025-03-03T11:44:47.775Z"
  },
  {
    "id": 94,
    "usdToUah": "41.41",
    "btcToUsd": "92482.00",
    "ethToUsd": "2352.60",
    "updatedAt": "2025-03-03T11:45:17.776Z"
  },
  {
    "id": 95,
    "usdToUah": "41.41",
    "btcToUsd": "92482.00",
    "ethToUsd": "2352.60",
    "updatedAt": "2025-03-03T11:45:47.777Z"
  },
  {
    "id": 96,
    "usdToUah": "41.41",
    "btcToUsd": "92482.00",
    "ethToUsd": "2352.60",
    "updatedAt": "2025-03-03T11:46:17.778Z"
  },
  {
    "id": 97,
    "usdToUah": "41.41",
    "btcToUsd": "92482.00",
    "ethToUsd": "2352.60",
    "updatedAt": "2025-03-03T11:46:47.779Z"
  },
  {
    "id": 98,
    "usdToUah": "41.41",
    "btcToUsd": "92482.00",
    "ethToUsd": "2352.60",
    "updatedAt": "2025-03-03T11:47:17.779Z"
  },
  {
    "id": 99,
    "usdToUah": "41.41",
    "btcToUsd": "92571.00",
    "ethToUsd": "2354.35",
    "updatedAt": "2025-03-03T11:47:39.103Z"
  },
  {
    "id": 100,
    "usdToUah": "41.41",
    "btcToUsd": "92571.00",
    "ethToUsd": "2354.35",
    "updatedAt": "2025-03-03T11:48:07.807Z"
  },
  {
    "id": 101,
    "usdToUah": "41.41",
    "btcToUsd": "92571.00",
    "ethToUsd": "2354.35",
    "updatedAt": "2025-03-03T11:48:37.807Z"
  },
  {
    "id": 102,
    "usdToUah": "41.41",
    "btcToUsd": "92571.00",
    "ethToUsd": "2354.35",
    "updatedAt": "2025-03-03T11:49:07.807Z"
  },
  {
    "id": 103,
    "usdToUah": "41.41",
    "btcToUsd": "92571.00",
    "ethToUsd": "2354.35",
    "updatedAt": "2025-03-03T11:49:37.808Z"
  },
  {
    "id": 104,
    "usdToUah": "41.41",
    "btcToUsd": "92571.00",
    "ethToUsd": "2354.35",
    "updatedAt": "2025-03-03T11:50:07.809Z"
  },
  {
    "id": 105,
    "usdToUah": "41.41",
    "btcToUsd": "92571.00",
    "ethToUsd": "2354.35",
    "updatedAt": "2025-03-03T11:50:37.810Z"
  },
  {
    "id": 106,
    "usdToUah": "41.41",
    "btcToUsd": "92571.00",
    "ethToUsd": "2354.35",
    "updatedAt": "2025-03-03T11:51:07.810Z"
  },
  {
    "id": 107,
    "usdToUah": "41.41",
    "btcToUsd": "92571.00",
    "ethToUsd": "2354.35",
    "updatedAt": "2025-03-03T11:51:37.812Z"
  },
  {
    "id": 108,
    "usdToUah": "41.41",
    "btcToUsd": "92571.00",
    "ethToUsd": "2354.35",
    "updatedAt": "2025-03-03T11:52:07.812Z"
  },
  {
    "id": 109,
    "usdToUah": "41.41",
    "btcToUsd": "92571.00",
    "ethToUsd": "2354.35",
    "updatedAt": "2025-03-03T11:52:37.812Z"
  },
  {
    "id": 110,
    "usdToUah": "41.41",
    "btcToUsd": "92607.00",
    "ethToUsd": "2354.57",
    "updatedAt": "2025-03-03T11:53:08.025Z"
  },
  {
    "id": 111,
    "usdToUah": "41.41",
    "btcToUsd": "92607.00",
    "ethToUsd": "2354.57",
    "updatedAt": "2025-03-03T11:53:37.812Z"
  },
  {
    "id": 112,
    "usdToUah": "41.41",
    "btcToUsd": "92607.00",
    "ethToUsd": "2354.57",
    "updatedAt": "2025-03-03T11:54:07.812Z"
  },
  {
    "id": 113,
    "usdToUah": "41.41",
    "btcToUsd": "92607.00",
    "ethToUsd": "2354.57",
    "updatedAt": "2025-03-03T11:54:37.812Z"
  },
  {
    "id": 114,
    "usdToUah": "41.41",
    "btcToUsd": "92607.00",
    "ethToUsd": "2354.57",
    "updatedAt": "2025-03-03T11:55:07.812Z"
  },
  {
    "id": 115,
    "usdToUah": "41.41",
    "btcToUsd": "92607.00",
    "ethToUsd": "2354.57",
    "updatedAt": "2025-03-03T11:55:37.813Z"
  },
  {
    "id": 116,
    "usdToUah": "41.41",
    "btcToUsd": "92607.00",
    "ethToUsd": "2354.57",
    "updatedAt": "2025-03-03T11:56:07.813Z"
  },
  {
    "id": 117,
    "usdToUah": "41.41",
    "btcToUsd": "92607.00",
    "ethToUsd": "2354.57",
    "updatedAt": "2025-03-03T11:56:37.815Z"
  },
  {
    "id": 118,
    "usdToUah": "41.41",
    "btcToUsd": "92607.00",
    "ethToUsd": "2354.57",
    "updatedAt": "2025-03-03T11:57:07.815Z"
  },
  {
    "id": 119,
    "usdToUah": "41.41",
    "btcToUsd": "92607.00",
    "ethToUsd": "2354.57",
    "updatedAt": "2025-03-03T11:57:37.817Z"
  },
  {
    "id": 120,
    "usdToUah": "41.41",
    "btcToUsd": "92607.00",
    "ethToUsd": "2354.57",
    "updatedAt": "2025-03-03T11:58:07.818Z"
  },
  {
    "id": 121,
    "usdToUah": "41.41",
    "btcToUsd": "92577.00",
    "ethToUsd": "2352.21",
    "updatedAt": "2025-03-03T11:58:38.019Z"
  },
  {
    "id": 122,
    "usdToUah": "41.41",
    "btcToUsd": "92577.00",
    "ethToUsd": "2352.21",
    "updatedAt": "2025-03-03T11:59:07.820Z"
  },
  {
    "id": 123,
    "usdToUah": "41.41",
    "btcToUsd": "92577.00",
    "ethToUsd": "2352.21",
    "updatedAt": "2025-03-03T11:59:37.820Z"
  },
  {
    "id": 124,
    "usdToUah": "41.41",
    "btcToUsd": "92577.00",
    "ethToUsd": "2352.21",
    "updatedAt": "2025-03-03T12:00:07.821Z"
  },
  {
    "id": 125,
    "usdToUah": "41.41",
    "btcToUsd": "92577.00",
    "ethToUsd": "2352.21",
    "updatedAt": "2025-03-03T12:00:37.821Z"
  },
  {
    "id": 126,
    "usdToUah": "41.41",
    "btcToUsd": "92577.00",
    "ethToUsd": "2352.21",
    "updatedAt": "2025-03-03T12:01:07.822Z"
  },
  {
    "id": 127,
    "usdToUah": "41.41",
    "btcToUsd": "92577.00",
    "ethToUsd": "2352.21",
    "updatedAt": "2025-03-03T12:01:37.822Z"
  },
  {
    "id": 128,
    "usdToUah": "41.41",
    "btcToUsd": "92577.00",
    "ethToUsd": "2352.21",
    "updatedAt": "2025-03-03T12:02:07.823Z"
  },
  {
    "id": 129,
    "usdToUah": "41.41",
    "btcToUsd": "92577.00",
    "ethToUsd": "2352.21",
    "updatedAt": "2025-03-03T12:02:37.825Z"
  },
  {
    "id": 130,
    "usdToUah": "41.41",
    "btcToUsd": "92577.00",
    "ethToUsd": "2352.21",
    "updatedAt": "2025-03-03T12:03:07.825Z"
  },
  {
    "id": 131,
    "usdToUah": "41.41",
    "btcToUsd": "92577.00",
    "ethToUsd": "2352.21",
    "updatedAt": "2025-03-03T12:03:37.825Z"
  },
  {
    "id": 132,
    "usdToUah": "41.41",
    "btcToUsd": "93007.00",
    "ethToUsd": "2361.87",
    "updatedAt": "2025-03-03T12:04:08.021Z"
  },
  {
    "id": 133,
    "usdToUah": "41.41",
    "btcToUsd": "93007.00",
    "ethToUsd": "2361.87",
    "updatedAt": "2025-03-03T12:04:37.826Z"
  },
  {
    "id": 134,
    "usdToUah": "41.41",
    "btcToUsd": "93007.00",
    "ethToUsd": "2361.87",
    "updatedAt": "2025-03-03T12:05:07.827Z"
  },
  {
    "id": 135,
    "usdToUah": "41.41",
    "btcToUsd": "93007.00",
    "ethToUsd": "2361.87",
    "updatedAt": "2025-03-03T12:05:37.827Z"
  },
  {
    "id": 136,
    "usdToUah": "41.41",
    "btcToUsd": "93007.00",
    "ethToUsd": "2361.87",
    "updatedAt": "2025-03-03T12:06:07.827Z"
  },
  {
    "id": 137,
    "usdToUah": "41.41",
    "btcToUsd": "93007.00",
    "ethToUsd": "2361.87",
    "updatedAt": "2025-03-03T12:06:37.827Z"
  },
  {
    "id": 138,
    "usdToUah": "41.41",
    "btcToUsd": "93007.00",
    "ethToUsd": "2361.87",
    "updatedAt": "2025-03-03T12:07:07.828Z"
  },
  {
    "id": 139,
    "usdToUah": "41.41",
    "btcToUsd": "93007.00",
    "ethToUsd": "2361.87",
    "updatedAt": "2025-03-03T12:07:37.828Z"
  },
  {
    "id": 140,
    "usdToUah": "41.41",
    "btcToUsd": "93007.00",
    "ethToUsd": "2361.87",
    "updatedAt": "2025-03-03T12:08:07.829Z"
  },
  {
    "id": 141,
    "usdToUah": "41.41",
    "btcToUsd": "93007.00",
    "ethToUsd": "2361.87",
    "updatedAt": "2025-03-03T12:08:37.829Z"
  },
  {
    "id": 142,
    "usdToUah": "41.41",
    "btcToUsd": "93007.00",
    "ethToUsd": "2361.87",
    "updatedAt": "2025-03-03T12:09:07.829Z"
  },
  {
    "id": 143,
    "usdToUah": "41.41",
    "btcToUsd": "93232.00",
    "ethToUsd": "2371.15",
    "updatedAt": "2025-03-03T12:09:38.050Z"
  },
  {
    "id": 144,
    "usdToUah": "41.41",
    "btcToUsd": "93232.00",
    "ethToUsd": "2371.15",
    "updatedAt": "2025-03-03T12:10:07.829Z"
  },
  {
    "id": 145,
    "usdToUah": "41.41",
    "btcToUsd": "93232.00",
    "ethToUsd": "2371.15",
    "updatedAt": "2025-03-03T12:10:37.830Z"
  },
  {
    "id": 146,
    "usdToUah": "41.41",
    "btcToUsd": "93232.00",
    "ethToUsd": "2371.15",
    "updatedAt": "2025-03-03T12:11:07.830Z"
  },
  {
    "id": 147,
    "usdToUah": "41.41",
    "btcToUsd": "93232.00",
    "ethToUsd": "2371.15",
    "updatedAt": "2025-03-03T12:11:37.831Z"
  },
  {
    "id": 148,
    "usdToUah": "41.41",
    "btcToUsd": "93232.00",
    "ethToUsd": "2371.15",
    "updatedAt": "2025-03-03T12:12:07.832Z"
  },
  {
    "id": 149,
    "usdToUah": "41.41",
    "btcToUsd": "93232.00",
    "ethToUsd": "2371.15",
    "updatedAt": "2025-03-03T12:12:37.833Z"
  },
  {
    "id": 150,
    "usdToUah": "41.41",
    "btcToUsd": "93232.00",
    "ethToUsd": "2371.15",
    "updatedAt": "2025-03-03T12:13:07.833Z"
  },
  {
    "id": 151,
    "usdToUah": "41.41",
    "btcToUsd": "93232.00",
    "ethToUsd": "2371.15",
    "updatedAt": "2025-03-03T12:13:37.834Z"
  },
  {
    "id": 152,
    "usdToUah": "41.41",
    "btcToUsd": "93232.00",
    "ethToUsd": "2371.15",
    "updatedAt": "2025-03-03T12:14:07.834Z"
  },
  {
    "id": 153,
    "usdToUah": "41.41",
    "btcToUsd": "93232.00",
    "ethToUsd": "2371.15",
    "updatedAt": "2025-03-03T12:14:37.835Z"
  },
  {
    "id": 154,
    "usdToUah": "41.41",
    "btcToUsd": "93075.00",
    "ethToUsd": "2365.01",
    "updatedAt": "2025-03-03T12:15:08.032Z"
  },
  {
    "id": 155,
    "usdToUah": "41.41",
    "btcToUsd": "93075.00",
    "ethToUsd": "2365.01",
    "updatedAt": "2025-03-03T12:15:37.838Z"
  },
  {
    "id": 156,
    "usdToUah": "41.41",
    "btcToUsd": "93075.00",
    "ethToUsd": "2365.01",
    "updatedAt": "2025-03-03T12:16:07.839Z"
  },
  {
    "id": 157,
    "usdToUah": "41.41",
    "btcToUsd": "93075.00",
    "ethToUsd": "2365.01",
    "updatedAt": "2025-03-03T12:16:37.840Z"
  },
  {
    "id": 158,
    "usdToUah": "41.41",
    "btcToUsd": "93075.00",
    "ethToUsd": "2365.01",
    "updatedAt": "2025-03-03T12:17:07.840Z"
  },
  {
    "id": 159,
    "usdToUah": "41.41",
    "btcToUsd": "93075.00",
    "ethToUsd": "2365.01",
    "updatedAt": "2025-03-03T12:17:37.841Z"
  },
  {
    "id": 160,
    "usdToUah": "41.41",
    "btcToUsd": "93075.00",
    "ethToUsd": "2365.01",
    "updatedAt": "2025-03-03T12:18:07.841Z"
  },
  {
    "id": 161,
    "usdToUah": "41.41",
    "btcToUsd": "93075.00",
    "ethToUsd": "2365.01",
    "updatedAt": "2025-03-03T12:18:37.842Z"
  },
  {
    "id": 162,
    "usdToUah": "41.41",
    "btcToUsd": "93075.00",
    "ethToUsd": "2365.01",
    "updatedAt": "2025-03-03T12:19:07.842Z"
  },
  {
    "id": 163,
    "usdToUah": "41.41",
    "btcToUsd": "93075.00",
    "ethToUsd": "2365.01",
    "updatedAt": "2025-03-03T12:19:37.842Z"
  },
  {
    "id": 164,
    "usdToUah": "41.41",
    "btcToUsd": "93075.00",
    "ethToUsd": "2365.01",
    "updatedAt": "2025-03-03T12:20:07.843Z"
  },
  {
    "id": 165,
    "usdToUah": "41.41",
    "btcToUsd": "92957.00",
    "ethToUsd": "2357.25",
    "updatedAt": "2025-03-03T12:20:38.075Z"
  },
  {
    "id": 166,
    "usdToUah": "41.41",
    "btcToUsd": "92957.00",
    "ethToUsd": "2357.25",
    "updatedAt": "2025-03-03T12:21:07.843Z"
  },
  {
    "id": 167,
    "usdToUah": "41.41",
    "btcToUsd": "92957.00",
    "ethToUsd": "2357.25",
    "updatedAt": "2025-03-03T12:21:37.843Z"
  },
  {
    "id": 168,
    "usdToUah": "41.41",
    "btcToUsd": "92957.00",
    "ethToUsd": "2357.25",
    "updatedAt": "2025-03-03T12:22:07.843Z"
  },
  {
    "id": 169,
    "usdToUah": "41.41",
    "btcToUsd": "92957.00",
    "ethToUsd": "2357.25",
    "updatedAt": "2025-03-03T12:22:37.844Z"
  },
  {
    "id": 170,
    "usdToUah": "41.41",
    "btcToUsd": "92957.00",
    "ethToUsd": "2357.25",
    "updatedAt": "2025-03-03T12:23:07.845Z"
  },
  {
    "id": 171,
    "usdToUah": "41.41",
    "btcToUsd": "92957.00",
    "ethToUsd": "2357.25",
    "updatedAt": "2025-03-03T12:23:37.844Z"
  },
  {
    "id": 172,
    "usdToUah": "41.41",
    "btcToUsd": "92957.00",
    "ethToUsd": "2357.25",
    "updatedAt": "2025-03-03T12:24:07.845Z"
  },
  {
    "id": 173,
    "usdToUah": "41.41",
    "btcToUsd": "92957.00",
    "ethToUsd": "2357.25",
    "updatedAt": "2025-03-03T12:24:37.845Z"
  },
  {
    "id": 174,
    "usdToUah": "41.41",
    "btcToUsd": "92957.00",
    "ethToUsd": "2357.25",
    "updatedAt": "2025-03-03T12:25:07.845Z"
  },
  {
    "id": 175,
    "usdToUah": "41.41",
    "btcToUsd": "92957.00",
    "ethToUsd": "2357.25",
    "updatedAt": "2025-03-03T12:25:37.845Z"
  },
  {
    "id": 176,
    "usdToUah": "41.41",
    "btcToUsd": "93068.00",
    "ethToUsd": "2360.74",
    "updatedAt": "2025-03-03T12:26:08.047Z"
  },
  {
    "id": 177,
    "usdToUah": "41.41",
    "btcToUsd": "93068.00",
    "ethToUsd": "2360.74",
    "updatedAt": "2025-03-03T12:26:37.847Z"
  },
  {
    "id": 178,
    "usdToUah": "41.41",
    "btcToUsd": "93068.00",
    "ethToUsd": "2360.74",
    "updatedAt": "2025-03-03T12:27:07.847Z"
  },
  {
    "id": 179,
    "usdToUah": "41.41",
    "btcToUsd": "93068.00",
    "ethToUsd": "2360.74",
    "updatedAt": "2025-03-03T12:27:37.848Z"
  },
  {
    "id": 180,
    "usdToUah": "41.41",
    "btcToUsd": "93068.00",
    "ethToUsd": "2360.74",
    "updatedAt": "2025-03-03T12:28:07.849Z"
  },
  {
    "id": 181,
    "usdToUah": "41.41",
    "btcToUsd": "93068.00",
    "ethToUsd": "2360.74",
    "updatedAt": "2025-03-03T12:28:37.850Z"
  },
  {
    "id": 182,
    "usdToUah": "41.41",
    "btcToUsd": "93068.00",
    "ethToUsd": "2360.74",
    "updatedAt": "2025-03-03T12:29:07.851Z"
  },
  {
    "id": 183,
    "usdToUah": "41.41",
    "btcToUsd": "93068.00",
    "ethToUsd": "2360.74",
    "updatedAt": "2025-03-03T12:29:37.852Z"
  },
  {
    "id": 184,
    "usdToUah": "41.41",
    "btcToUsd": "93068.00",
    "ethToUsd": "2360.74",
    "updatedAt": "2025-03-03T12:30:07.854Z"
  },
  {
    "id": 185,
    "usdToUah": "41.41",
    "btcToUsd": "93068.00",
    "ethToUsd": "2360.74",
    "updatedAt": "2025-03-03T12:30:37.854Z"
  },
  {
    "id": 186,
    "usdToUah": "41.41",
    "btcToUsd": "93068.00",
    "ethToUsd": "2360.74",
    "updatedAt": "2025-03-03T12:31:07.855Z"
  },
  {
    "id": 187,
    "usdToUah": "41.41",
    "btcToUsd": "92846.00",
    "ethToUsd": "2357.39",
    "updatedAt": "2025-03-03T12:31:38.054Z"
  },
  {
    "id": 188,
    "usdToUah": "41.41",
    "btcToUsd": "92846.00",
    "ethToUsd": "2357.39",
    "updatedAt": "2025-03-03T12:32:07.856Z"
  },
  {
    "id": 189,
    "usdToUah": "41.41",
    "btcToUsd": "92846.00",
    "ethToUsd": "2357.39",
    "updatedAt": "2025-03-03T12:32:37.858Z"
  },
  {
    "id": 190,
    "usdToUah": "41.41",
    "btcToUsd": "92846.00",
    "ethToUsd": "2357.39",
    "updatedAt": "2025-03-03T12:33:07.859Z"
  },
  {
    "id": 191,
    "usdToUah": "41.41",
    "btcToUsd": "92846.00",
    "ethToUsd": "2357.39",
    "updatedAt": "2025-03-03T12:33:37.859Z"
  },
  {
    "id": 192,
    "usdToUah": "41.41",
    "btcToUsd": "92846.00",
    "ethToUsd": "2357.39",
    "updatedAt": "2025-03-03T12:34:07.860Z"
  },
  {
    "id": 193,
    "usdToUah": "41.41",
    "btcToUsd": "92846.00",
    "ethToUsd": "2357.39",
    "updatedAt": "2025-03-03T12:34:37.860Z"
  },
  {
    "id": 194,
    "usdToUah": "41.41",
    "btcToUsd": "92656.00",
    "ethToUsd": "2353.40",
    "updatedAt": "2025-03-03T12:35:04.487Z"
  },
  {
    "id": 195,
    "usdToUah": "41.41",
    "btcToUsd": "92656.00",
    "ethToUsd": "2353.40",
    "updatedAt": "2025-03-03T12:35:33.125Z"
  },
  {
    "id": 196,
    "usdToUah": "41.41",
    "btcToUsd": "92656.00",
    "ethToUsd": "2353.40",
    "updatedAt": "2025-03-03T12:36:03.124Z"
  },
  {
    "id": 197,
    "usdToUah": "41.41",
    "btcToUsd": "92656.00",
    "ethToUsd": "2353.40",
    "updatedAt": "2025-03-03T12:36:33.125Z"
  },
  {
    "id": 198,
    "usdToUah": "41.41",
    "btcToUsd": "92656.00",
    "ethToUsd": "2353.40",
    "updatedAt": "2025-03-03T12:37:03.125Z"
  },
  {
    "id": 199,
    "usdToUah": "41.41",
    "btcToUsd": "92656.00",
    "ethToUsd": "2353.40",
    "updatedAt": "2025-03-03T12:37:33.126Z"
  },
  {
    "id": 200,
    "usdToUah": "41.41",
    "btcToUsd": "92656.00",
    "ethToUsd": "2353.40",
    "updatedAt": "2025-03-03T12:38:03.127Z"
  },
  {
    "id": 201,
    "usdToUah": "41.41",
    "btcToUsd": "92656.00",
    "ethToUsd": "2353.40",
    "updatedAt": "2025-03-03T12:38:33.127Z"
  },
  {
    "id": 202,
    "usdToUah": "41.41",
    "btcToUsd": "92656.00",
    "ethToUsd": "2353.40",
    "updatedAt": "2025-03-03T12:39:03.128Z"
  },
  {
    "id": 203,
    "usdToUah": "41.41",
    "btcToUsd": "92656.00",
    "ethToUsd": "2353.40",
    "updatedAt": "2025-03-03T12:39:33.127Z"
  },
  {
    "id": 204,
    "usdToUah": "41.41",
    "btcToUsd": "92656.00",
    "ethToUsd": "2353.40",
    "updatedAt": "2025-03-03T12:40:03.128Z"
  },
  {
    "id": 205,
    "usdToUah": "41.41",
    "btcToUsd": "92914.00",
    "ethToUsd": "2358.72",
    "updatedAt": "2025-03-03T12:40:31.383Z"
  },
  {
    "id": 206,
    "usdToUah": "41.41",
    "btcToUsd": "92914.00",
    "ethToUsd": "2358.72",
    "updatedAt": "2025-03-03T12:41:00.890Z"
  },
  {
    "id": 207,
    "usdToUah": "41.41",
    "btcToUsd": "92914.00",
    "ethToUsd": "2358.72",
    "updatedAt": "2025-03-03T12:41:30.890Z"
  },
  {
    "id": 208,
    "usdToUah": "41.41",
    "btcToUsd": "92914.00",
    "ethToUsd": "2358.72",
    "updatedAt": "2025-03-03T12:42:00.890Z"
  },
  {
    "id": 209,
    "usdToUah": "41.41",
    "btcToUsd": "92914.00",
    "ethToUsd": "2358.72",
    "updatedAt": "2025-03-03T12:42:30.891Z"
  },
  {
    "id": 210,
    "usdToUah": "41.41",
    "btcToUsd": "92914.00",
    "ethToUsd": "2358.72",
    "updatedAt": "2025-03-03T12:43:00.892Z"
  },
  {
    "id": 211,
    "usdToUah": "41.41",
    "btcToUsd": "92914.00",
    "ethToUsd": "2358.72",
    "updatedAt": "2025-03-03T12:43:30.892Z"
  },
  {
    "id": 212,
    "usdToUah": "41.41",
    "btcToUsd": "92914.00",
    "ethToUsd": "2358.72",
    "updatedAt": "2025-03-03T12:44:00.893Z"
  },
  {
    "id": 213,
    "usdToUah": "41.41",
    "btcToUsd": "92914.00",
    "ethToUsd": "2358.72",
    "updatedAt": "2025-03-03T12:44:30.893Z"
  },
  {
    "id": 214,
    "usdToUah": "41.41",
    "btcToUsd": "92914.00",
    "ethToUsd": "2358.72",
    "updatedAt": "2025-03-03T12:45:00.893Z"
  },
  {
    "id": 215,
    "usdToUah": "41.41",
    "btcToUsd": "92914.00",
    "ethToUsd": "2358.72",
    "updatedAt": "2025-03-03T12:45:30.893Z"
  },
  {
    "id": 216,
    "usdToUah": "41.41",
    "btcToUsd": "93030.00",
    "ethToUsd": "2366.47",
    "updatedAt": "2025-03-03T12:46:01.106Z"
  },
  {
    "id": 217,
    "usdToUah": "41.41",
    "btcToUsd": "93030.00",
    "ethToUsd": "2366.47",
    "updatedAt": "2025-03-03T12:46:30.893Z"
  },
  {
    "id": 218,
    "usdToUah": "41.41",
    "btcToUsd": "93030.00",
    "ethToUsd": "2366.47",
    "updatedAt": "2025-03-03T12:46:44.961Z"
  }
]