[
  {
    "id": 5,
    "username": "Tod Kolinsk",
    "password": "dda845d60595df05ca8c90a32c72f721eaa6f73bfa8a25a063f1981fe45b87910c31bc45a7724ab945b1a9e33a0a68b08e2296fb73b960877d85c57b42ac5ff7.e307a6994d6eb04c87392ce530309630",
    "is_regulator": false,
    "regulator_balance": "0.00000000",
    "last_nft_generation": null,
    "nft_generation_count": 0
  },
  {
    "id": 6,
    "username": "Tod Kolins",
    "password": "5ef77cb19fc9406965acb4e028683a124ca1ebb17b338208661127275f108424d8af6b26dea963f3570d1d8939d2ec7a4a8b32fc191a9551832e611a90b4ac4d.a877e8fe8f6f620a3a7589d048534602",
    "is_regulator": false,
    "regulator_balance": "0.00000000",
    "last_nft_generation": null,
    "nft_generation_count": 0
  },
  {
    "id": 2,
    "username": "Kich32",
    "password": "password123",
    "is_regulator": false,
    "regulator_balance": "0.00000000",
    "last_nft_generation": null,
    "nft_generation_count": 0
  },
  {
    "id": 7,
    "username": "olektreyd@gmail.com",
    "password": "9187c19246b7ef132ba5cff07bf1a528b8e19c112dbdaea27045df3e77408c479bac1a59225e4aef6409f1aa337cd490cebbdf50866d478477d01aac95184c6e.440d8cd7817ef5d331a7345b64eb6b41",
    "is_regulator": false,
    "regulator_balance": "0.00000000",
    "last_nft_generation": null,
    "nft_generation_count": 0
  },
  {
    "id": 8,
    "username": "Nikita",
    "password": "c6e6ad1df7ccd60cb6d2948ae04ac83da3e8608a37f544f7650c52c5271c027e6aa6aa8cf5618cfd951ee33fd6a2a83b0badfc2ad2992d8e3e54ad5f0e110553.345c80e97a319d2a0a275f7031c672b3",
    "is_regulator": false,
    "regulator_balance": "0.00000000",
    "last_nft_generation": null,
    "nft_generation_count": 0
  },
  {
    "id": 9,
    "username": "Maksim4440432",
    "password": "07f040ac39b3254bcbf515cab85c28458bb1c85f31533340fae085449eddc73095dd1d37f1d5c132fdcf2df6d116aef9af57f511208936af7745c0ff87330d9c.3bc39831b34601ec4b225bb10900ea4c",
    "is_regulator": false,
    "regulator_balance": "0.00000000",
    "last_nft_generation": null,
    "nft_generation_count": 0
  },
  {
    "id": 10,
    "username": "1 g",
    "password": "a3a57271d41d1591da6c1c1bf889033a812bc225bc67397e5b1ce6c20cc29484ef2e4a84d0ee9122b9f287a1dddc6a55f3c7a386fb7fa88941d9285d94ae07c5.276f3bc1e701cad1cebd9ad03cc291a1",
    "is_regulator": false,
    "regulator_balance": "0.00000000",
    "last_nft_generation": null,
    "nft_generation_count": 0
  },
  {
    "id": 11,
    "username": "Miller ",
    "password": "bceecb61482bb5f672f47d4e8be3a9d3b1ad6fa84ac77b0ce6a402f72844d558b0e2c62198268049453f24bf7a1b72dd89cd068eefa18a6e554cf5372e2bbda8.8d56cf629d853514ac9775a56176587c",
    "is_regulator": false,
    "regulator_balance": "0.00000000",
    "last_nft_generation": null,
    "nft_generation_count": 0
  },
  {
    "id": 12,
    "username": "6877",
    "password": "aaeb99e853f851a297f47a5883edc107310cc81fa53f75fa737ae12baae3a492ef6e4f56a652f220c8af5463a568470a4e642a200a0f7b5de019081d06cfbc2c.d0117dd2f3daf3923a4d00c2425fbc91",
    "is_regulator": false,
    "regulator_balance": "0.00000000",
    "last_nft_generation": null,
    "nft_generation_count": 0
  },
  {
    "id": 13,
    "username": "1",
    "password": "d712134b93f00f1e14d3d80a0ba8a60babf90c965e1d4bb9ea6c16d3b72a37701291841cec8152d32e0b1f16fdf3ae39df122d1f4ecda2198fecdb5ad6f8dd0f.ec6732530dca428510483251f9aa9e21",
    "is_regulator": false,
    "regulator_balance": "0.00000000",
    "last_nft_generation": null,
    "nft_generation_count": 0
  },
  {
    "id": 14,
    "username": "Dimka",
    "password": "6c09f7fc6dc81052322822e8b925a2e75e34eea027aba911a7a01f25a92f413b4e231304506057d7adff7a3f561a902cbbe670d5318991de95cf8487733033e9.e614b2009048cddd17eac92c9341da94",
    "is_regulator": false,
    "regulator_balance": "0.00000000",
    "last_nft_generation": null,
    "nft_generation_count": 0
  },
  {
    "id": 15,
    "username": "2",
    "password": "ee5107ced647eff88796c1b1ad723a58492de993fdf56d5f6b3868ee5052014a68a00e8f6ab2b4b69884f05ae3cab66958c3600fb1c5d012ccad0bd2ab36a48b.50788c962d1238f45d61dfec68040a84",
    "is_regulator": false,
    "regulator_balance": "0.00000000",
    "last_nft_generation": null,
    "nft_generation_count": 0
  },
  {
    "id": 16,
    "username": "2huy",
    "password": "34934760eb4d9c9b8c7cc94c9da6bd1c303ec11115b3c434d69ba1c696cc807aaeeb6d72b4c8525c02a3c914c28f047a930c5567d72f895b3f4e1e4bfd645229.ed35588e3f5a5c7a73bb27e91db5a535",
    "is_regulator": false,
    "regulator_balance": "0.00000000",
    "last_nft_generation": null,
    "nft_generation_count": 0
  },
  {
    "id": 17,
    "username": "4",
    "password": "6c8b92e579546eec5fcd989d70b2ca29080b8ecfd086dbe49f06297c26c862fb862e0c9c22a336044eece23fb4cda2b41d8328e77856e8ec5df6a10fb3df7b58.6f51f4f51b760cfa0201fbda0e8b5d85",
    "is_regulator": false,
    "regulator_balance": "0.00000000",
    "last_nft_generation": null,
    "nft_generation_count": 0
  },
  {
    "id": 18,
    "username": "5",
    "password": "71e08f928de2c9c2b73da9687b0cb024993f0724e3bc05cf7fa86139809760b240b6537c58b7444c681443529e1dca79e044a7711f038cb4d7b25d1e78062e48.8b2dd39a53fa646e7a4b99cb3d8d115e",
    "is_regulator": false,
    "regulator_balance": "0.00000000",
    "last_nft_generation": null,
    "nft_generation_count": 0
  },
  {
    "id": 19,
    "username": "sergey1988",
    "password": "806f7e7382a12d1cd4d456ac749114717de254d421b23fc6be3e82d1207d8254190165faa8182e7f9ace26299341ad844b178931e9d0f3b55842163b17aa2e11.fae8ea5578f000e04e67d40a0c850bba",
    "is_regulator": false,
    "regulator_balance": "0.00000000",
    "last_nft_generation": null,
    "nft_generation_count": 0
  },
  {
    "id": 20,
    "username": "12",
    "password": "194412e35b64c62441dc101fa007c24ed860ce087a5013ab21d6401d2a788766098b856171d8d8d73e5df163df50e577a72536360a3f3b9c1e06eb6fef08f98b.b0346ad44472aa612dbe6428023e8079",
    "is_regulator": false,
    "regulator_balance": "0.00000000",
    "last_nft_generation": null,
    "nft_generation_count": 0
  },
  {
    "id": 21,
    "username": "gy",
    "password": "f91cb2bcc0b018390e5db17417c4478d9063e5dd9f04a5e556e1278431afb8102477552f0bfd873c68df54d2725cfc5a0bd292bee28b49ab0cf9152426872898.f357ce6220ac6a3b2325c877cef2931a",
    "is_regulator": false,
    "regulator_balance": "0.00000000",
    "last_nft_generation": null,
    "nft_generation_count": 0
  },
  {
    "id": 1,
    "username": "admin",
    "password": "73992c62ca47be0e8d949ad8df64324bae8f542007c0f2ef886f1b39418963c8b4ccc9c63939340a0a0f9c96d170dd0705075c728a35c76e3c340650970417cc.32567ef87fc584ec22cea70d4dbd6f46",
    "is_regulator": true,
    "regulator_balance": "6641.19494238",
    "last_nft_generation": null,
    "nft_generation_count": 0
  }
]