INSERT INTO users (id, username, password, is_regulator, regulator_balance, last_nft_generation, nft_generation_count) VALUES
(1, 'MaksimHR', '5cf101120e99d53570511b81f9e7c1916684201ab1df4668c461bbed59f37a3caba4d8778339d6f499a2b312e944192edc357421ad2c2d72ea1599cc40405691.c471b13138deee427db96178aa30fdf4', false, 0, NULL, 0),
(6, 'Kich9999', '28d98fdaa7be8a875d10a9b62314f6c43126397d9f564d8768a11a7e03edcdce2b56b4b63a6ce28633a045afb5df6daaf416c3a50a7a602a6fff22f50b283ee7.bb3487721834f95a60a70623f2df1bcd', false, 0, NULL, 0),
(7, 'Denchik', '31eb00c952c85d35395cafb4efbdf80a7ecab427db7885a21d50de1ef282f642c53318264e44cef77fe95e81170904751463d65e162993a90883eb345d7f0dfa.32dc555cc4a9cfec73b6cbde27e1272a', false, 0, NULL, 0),
(8, 'hdfhdsfesh3', '17123f90398670982b5b83ac0364d0fe956f0d0b153089b4ac4b6c0a966adc8957d33c898fd32baeee173905264360996184f962025d872367b73cfe7645acce.c0c099827ee77df9c0d8a41867cb3c79', false, 0, NULL, 0),
(9, 'ytjfgjrtdt6', 'd4ffb48f086edfe45f97d52f16d329694170989d64e226ddd89ce6cabe42da9d0c15697a743a0c048e286d6edb06bb12da03be41829a23c6d2cec1295d529459.a8b0e69a20d59423f4e3be1aaa8911a2', false, 0, NULL, 0),
(10, 'Kich', '093b56f4be1b8af7d10d9d09cb750fbbf015e9af2ae1169aa76615f633472b35f9fccd625b1e1b89c11ecf4e3497ac814f5c9fbdc95909cb5903e207c49b5837.a12556a6a7730847363f333ae4aa597c', false, 0, NULL, 0),
(11, 'Tod_Kolins', '01b423385563d013d8f3594bba7e9b6133cfe55c3d9f418ce61ac4789e5590de51c3260dce1a9a4271428da22e3308f3fa87e48ecc117cbd9c54afce70112fb7.39831d0654fbd13c70b0f2c173a6c794', false, 0, NULL, 0),
(12, 'Kich7777', '2d1a1cf8606bd38e6a279c7dc91a04d56bb38051941fd42d4b387abca152eb1c6096ffb5b4d7119d775362d959e57d59b3071fbe14ca29dab1bb2e30953ef7c6.cf302d101af46eff3e48cc033a22c80e', false, 0, NULL, 0),
(13, 'Tod_Kolinsk', 'acd77b3d18e9566c6da7f3e0ee1518fd4a167344206c28f3e296a098ff2e4057660a9f6a18ea234eb0bbb1e1f18f0df5db569bf522b42f6d54085eff96816b23.1befeb491aef8daaecdb9200c4271ecb', false, 0, NULL, 0),
(14, 'Anatoliy', 'UMXWT3vudaiwt8H', false, 0, NULL, 0),
(17, 'Oleg', 'uhdkdn66', false, 0, NULL, 0),
(18, 'KICH', 'o!EkVPTG1$hdTZG', false, 0, NULL, 0),
(5, 'admin', 'admin123', true, 10000000.05770837, NULL, 0),
(2, 'regulator', '$2b$10$pvacunM0bEDs8FAM2Pro/uD6.WF28c3RHBNs3hCFo9MVxgBAAqs4G', true, 1000000.42764340, NULL, 0),
(19, 'vitaminOlef', 'Gjdnd d7268', false, 0, NULL, 0);

INSERT INTO cards (id, user_id, type, number, expiry, cvv, balance, btc_balance, eth_balance, btc_address, eth_address) VALUES
(1, 1, 'crypto', '4000656684230545', '03/28', '709', 0.00, 0.00000000, 0.00000000, '1PBWkivAUBLP4PBbkZKBX75h8yeh49LpwH', '0x586E803a94777286f7cA370983091Bb290303e41'),
(2, 1, 'usd', '4111891201988062', '03/28', '495', 0.00, 0.00000000, 0.00000000, NULL, NULL),
(3, 1, 'uah', '5555624368885501', '03/28', '989', 0.00, 0.00000000, 0.00000000, NULL, NULL),
(4, 2, 'crypto', '4000589306345761', '06/28', '863', 0, 0.001, 0.01, '1EhLKWQokncBnpZM3RrxmuVeybbHM3RM8s', '0xbCDcfD1014c0CD2eBF4facF058a553BA77b20F98'),
(5, 2, 'usd', '4111238058472974', '09/28', '919', 1000, 0, 0, NULL, NULL),
(6, 2, 'uah', '5555248950789491', '08/28', '823', 40000, 0, 0, NULL, NULL),
(15, 5, 'uah', '5555423163670631', '12/28', '349', 400000000, 0, 0, NULL, NULL),
(16, 6, 'crypto', '4111330535985631', '03/28', '696', 0.00, 0.00000000, 0.00000000, '13X8tNp3vTK8oV9HMQx6T4YxDuquhgtTBW', '0x9436CF533f2c3433806838b73aB2B5A6000bf6c9'),
(17, 6, 'usd', '4112185546212195', '03/28', '614', 0.00, 0.00000000, 0.00000000, NULL, NULL),
(18, 6, 'uah', '4113271946207582', '03/28', '338', 0.00, 0.00000000, 0.00000000, NULL, NULL),
(19, 7, 'crypto', '4111413957644346', '03/28', '960', 0.00, 0.00000000, 0.00000000, '1E4HGQ8TiTEU3iK73VqNCjxSbwUMKGpMrj', '0xd6e6A39977EA1b52B49924beCb81DB2f67Ee21Dc'),
(20, 7, 'usd', '4112818239176215', '03/28', '373', 0.00, 0.00000000, 0.00000000, NULL, NULL),
(21, 7, 'uah', '4113633308331620', '03/28', '630', 0.00, 0.00000000, 0.00000000, NULL, NULL),
(22, 8, 'crypto', '4111660863622836', '03/28', '940', 0.00, 0.00000000, 0.00000000, '124cq2jhYTwjwy6awGg1hi4wsK8JxEcCpw', '0x9419a912CDBBeF4983F667146Abe48864156c84b'),
(23, 8, 'usd', '4112473829066479', '03/28', '735', 0.00, 0.00000000, 0.00000000, NULL, NULL),
(24, 8, 'uah', '4113851669913815', '03/28', '766', 0.00, 0.00000000, 0.00000000, NULL, NULL),
(25, 9, 'crypto', '4111336238703704', '03/28', '269', 0.00, 0.00, 0.00, NULL, NULL),
(26, 9, 'usd', '4112054801321449', '03/28', '995', 0.00, 0.00, 0.00, NULL, NULL),
(27, 9, 'uah', '4113927624941486', '03/28', '338', 0.00, 0.00, 0.00, NULL, NULL),
(28, 10, 'crypto', '4111619791721415', '03/28', '577', 0.00, 0.00, 0.00, NULL, NULL),
(29, 10, 'usd', '4112221420670073', '03/28', '265', 0.00, 0.00, 0.00, NULL, NULL),
(30, 10, 'uah', '4113331149807020', '03/28', '131', 0.00, 0.00, 0.00, NULL, NULL),
(31, 11, 'crypto', '4111806775933316', '03/28', '124', 0.00, 0.00, 0.00, NULL, NULL),
(32, 11, 'usd', '4112288902688677', '03/28', '295', 0.00, 0.00, 0.00, NULL, NULL),
(33, 11, 'uah', '4113214354850143', '03/28', '955', 0.00, 0.00, 0.00, NULL, NULL),
(34, 1, 'crypto', '4111608844434692', '03/28', '142', 0.00, 0.00, 0.00, NULL, NULL),
(35, 1, 'usd', '4112387550332652', '03/28', '354', 82157.00, 0.00, 0.00, NULL, NULL),
(91, 17, 'crypto', '4111448008862359', '03/28', '989', 0, 3.15584577, 0, '1ETADiiQQQUyQjwQiRrd6sn4PjfhnGZoY1', '0xAd3a5F2C5d51a8AEe38988cDF7513d47F2D35dD7'),
(92, 17, 'usd', '4112967511269249', '03/28', '989', 69617.00, 0, 0, NULL, NULL),
(93, 17, 'uah', '4113516001378315', '03/28', '989', 3539414.91, 0, 0, NULL, NULL),
(96, 18, 'uah', '4113270183649032', '03/28', '787', 0.00, 0.00000000, 0.00000000, NULL, NULL),
(95, 18, 'usd', '4112376747946500', '03/28', '821', 42376.74, 0.00000000, 0.00000000, NULL, NULL),
(14, 5, 'usd', '4111323103306819', '01/28', '761', 200085155.00, 0, 0, NULL, NULL),
(13, 5, 'crypto', '4000101461947771', '10/28', '240', 0, 968345.41900000, 179843.89000000, '16L3S7YZ2SVaZjRn7wt1G2UE4aVW8vGpyb', '0x8AFf45c3aE9F66fAc33EA042f3A7fC2C338E4b2E'),
(94, 18, 'crypto', '4111151178490202', '03/28', '923', 0.00, 3.07990000, 17.98715755, '1MhprVFAKXW5URUYK7xKLq7fk4ry8Cq851', '0x9A28cD7272f0D3ED3272ECEA195c8762dE75708D'),
(97, 19, 'crypto', '4111476435185066', '03/28', '527', 0.00, 0.00000000, 0.00000000, '1AKNBMHcjCtyG1kXK4eqQUxVjxYyVs8SrL', '0xd5aBB0E3886e2be2158DdB1A3D9a1B55aaFbcf34'),
(98, 19, 'usd', '4112328296461587', '03/28', '847', 0.00, 0.00000000, 0.00000000, NULL, NULL),
(99, 19, 'uah', '4113543889015041', '03/28', '781', 0.00, 0.00000000, 0.00000000, NULL, NULL);

INSERT INTO transactions (id, from_card_id, to_card_id, amount, converted_amount, type, wallet, status, created_at, description, from_card_number, to_card_number) VALUES
(14, 34, 2, 0.01, 0.00000012023999903808, 'commission', NULL, 'completed', '2025-03-21T14:15:03.551Z', 'Комиссия за перевод (0.00000012 BTC)', '4111608844434692', 'REGULATOR'),
(51, 13, 2, 0.02, 0.02, 'commission', NULL, 'completed', '2025-03-21T19:55:25.912Z', 'Комиссия за перевод криптовалюты (0.02000000 BTC)', '4000101461947771', 'REGULATOR'),
(47, 13, 2, 0.01, 1.1894425082963615e-7, 'commission', NULL, 'completed', '2025-03-21T19:18:55.251Z', 'Комиссия за перевод (0.00000012 BTC)', '4000101461947771', 'REGULATOR'),
(43, 91, 2, 0.002, 2.3733238400379734e-8, 'commission', NULL, 'completed', '2025-03-21T18:51:32.633Z', 'Комиссия за перевод (0.00000002 BTC)', '4111448008862359', 'REGULATOR'),
(39, 13, 2, 0.01, 0.01, 'commission', NULL, 'completed', '2025-03-21T18:39:46.176Z', 'Комиссия за перевод криптовалюты (0.01000000 BTC)', '4000101461947771', 'REGULATOR'),
(35, 13, 2, 0.02, 0.02, 'commission', NULL, 'completed', '2025-03-21T17:54:16.669Z', 'Комиссия за перевод криптовалюты (0.02000000 BTC)', '4000101461947771', 'REGULATOR'),
(12, 13, 2, 0.34, 0.34, 'commission', NULL, 'completed', '2025-03-21T14:15:03.551Z', 'Комиссия за перевод криптовалюты (0.34000000 BTC)', '4000101461947771', 'REGULATOR'),
(53, 13, 5, 0.01, 1.1886083773118433e-7, 'commission', NULL, 'completed', '2025-03-21T22:53:54.452Z', 'Комиссия за перевод (0.00000012 BTC)', '4000101461947771', 'REGULATOR'),
(37, 13, 5, 0.02, 0.02, 'commission', NULL, 'completed', '2025-03-21T18:26:45.168Z', 'Комиссия за перевод криптовалюты (0.02000000 BTC)', '4000101461947771', 'REGULATOR'),
(41, 13, 5, 0.01, 0.01, 'commission', NULL, 'completed', '2025-03-21T18:49:40.569Z', 'Комиссия за перевод криптовалюты (0.01000000 BTC)', '4000101461947771', 'REGULATOR'),
(45, 92, 5, 10, 0.00011906604593568053, 'commission', NULL, 'completed', '2025-03-21T19:11:40.805Z', 'Комиссия за перевод (0.00011907 BTC)', '4112967511269249', 'REGULATOR'),
(49, 92, 5, 300, 0.003578457684737878, 'commission', NULL, 'completed', '2025-03-21T19:45:39.434Z', 'Комиссия за перевод криптовалюты (0.00357846 BTC)', '4112967511269249', 'REGULATOR'),
(11, 13, 34, 34, 34, 'crypto_transfer', '1L3g4xY6XV1F5YZXt5Qyrc8fiPh1w9eu3y', 'completed', '2025-03-21T14:15:03.551Z', 'Отправка 34.00000000 BTC на 1L3g4xY6XV1F5YZXt5Qyrc8fiPh1w9eu3y', '4000101461947771', '4111608844434692'),
(13, 34, 35, 1, 83167, 'transfer', NULL, 'completed', '2025-03-21T14:15:03.551Z', 'Перевод 1.00000000 CRYPTO → 83167.00 USD (курс: 83167.00)', '4111608844434692', '4112387550332652'),
(48, 92, 91, 30000, 0.3578457684737878, 'crypto_transfer', '1ETADiiQQQUyQjwQiRrd6sn4PjfhnGZoY1', 'completed', '2025-03-21T19:45:39.434Z', 'Конвертация 30000.00 USD → 0.35784577 BTC и отправка на 1ETADiiQQQUyQjwQiRrd6sn4PjfhnGZoY1', '4112967511269249', '4111448008862359'),
(40, 13, 91, 1, 1, 'crypto_transfer', '1ETADiiQQQUyQjwQiRrd6sn4PjfhnGZoY1', 'completed', '2025-03-21T18:49:40.569Z', 'Отправка 1.00000000 BTC на 1ETADiiQQQUyQjwQiRrd6sn4PjfhnGZoY1', '4000101461947771', '4111448008862359'),
(50, 13, 91, 2, 2, 'crypto_transfer', '1ETADiiQQQUyQjwQiRrd6sn4PjfhnGZoY1', 'completed', '2025-03-21T19:55:25.912Z', 'Отправка 2.00000000 BTC на 1ETADiiQQQUyQjwQiRrd6sn4PjfhnGZoY1', '4000101461947771', '4111448008862359'),
(42, 91, 92, 0.2, 16854, 'transfer', NULL, 'completed', '2025-03-21T18:51:32.589Z', 'Перевод 0.20000000 CRYPTO → 16854.00 USD (курс: 84270.00)', '4111448008862359', '4112967511269249'),
(46, 13, 92, 1, 84073, 'transfer', NULL, 'completed', '2025-03-21T19:18:55.205Z', 'Перевод 1.00000000 CRYPTO → 84073.00 USD (курс: 84073.00)', '4000101461947771', '4112967511269249'),
(52, 13, 93, 1, 3497839.3046520003, 'transfer', NULL, 'completed', '2025-03-21T22:53:54.399Z', 'Перевод 1.00000000 CRYPTO → 3497839.30 UAH (курс: 3497839.30)', '4000101461947771', '4113516001378315'),
(44, 92, 93, 1000, 41575.611000000004, 'transfer', NULL, 'completed', '2025-03-21T19:11:40.758Z', 'Перевод 1000.00 USD → 41575.61 UAH (курс: 41.58)', '4112967511269249', '4113516001378315'),
(9, 13, NULL, 164.85, 164.85, 'withdrawal', '1BTC000005c76e03739156312f66b7d3', 'pending', '2025-03-21T14:15:03.551Z', 'Снятие средств', '40006734456250066', NULL),
(8, 14, NULL, 525.05, 525.05, 'withdrawal', '1BTC000005d48db8d26641337e6a7f3e', 'pending', '2025-03-21T14:15:03.551Z', 'Снятие средств', '4111437867524511', NULL),
(7, 14, NULL, 236.11, 236.11, 'deposit', '1BTC000005a32156854a20c050b4da58', 'completed', '2025-03-21T14:15:03.551Z', 'Пополнение счета', '4111437867524511', NULL),
(6, 13, NULL, 614.84, 614.84, 'deposit', '0xB7E8f8D7a7671FA8f368EE771cd4BC02f51679c7', 'completed', '2025-03-21T14:15:03.551Z', 'Пополнение счета', '40006734456250066', NULL),
(10, 15, NULL, 692.03, 28546.24, 'exchange', NULL, 'completed', '2025-03-21T14:15:03.551Z', 'Обмен валюты', '55555175370227243', NULL),
(34, 13, NULL, 2, 2, 'crypto_transfer', '1ETADiiQQQUyQjwQiRrd6sn4PjfhnGZoY1', 'completed', '2025-03-21T17:54:16.622Z', 'Отправка 2.00000000 BTC на 1ETADiiQQQUyQjwQiRrd6sn4PjfhnGZoY1', '4000101461947771', NULL),
(38, 13, NULL, 1, 1, 'crypto_transfer', '1ETADiiQQQUyQjwQiRrd6sn4PjfhnGZoY1', 'completed', '2025-03-21T18:39:46.176Z', 'Отправка 1.00000000 BTC на 1ETADiiQQQUyQjwQiRrd6sn4PjfhnGZoY1', '4000101461947771', NULL),
(36, 13, NULL, 2, 2, 'crypto_transfer', '1ETADiiQQQUyQjwQiRrd6sn4PjfhnGZoY1', 'completed', '2025-03-21T18:26:45.168Z', 'Отправка 2.00000000 BTC на 1ETADiiQQQUyQjwQiRrd6sn4PjfhnGZoY1', '4000101461947771', NULL),
(54, 13, 94, 0.1, 0.1, 'crypto_transfer', '1MhprVFAKXW5URUYK7xKLq7fk4ry8Cq851', 'completed', '2025-03-23T13:39:09.913Z', 'Отправка 0.10000000 BTC на 1MhprVFAKXW5URUYK7xKLq7fk4ry8Cq851', '4000101461947771', '4111151178490202'),
(55, 13, 2, 0.001, 0.001, 'commission', NULL, 'completed', '2025-03-23T13:39:09.989Z', 'Комиссия за перевод криптовалюты (0.00100000 BTC)', '4000101461947771', 'REGULATOR'),
(56, 94, 95, 0.01, 849.84, 'transfer', NULL, 'completed', '2025-03-23T13:40:00.099Z', 'Перевод 0.01000000 CRYPTO → 849.84 USD (курс: 84984.00)', '4111151178490202', '4112376747946500'),
(57, 94, 5, 0.0001, 1.1766920832156642e-9, 'commission', NULL, 'completed', '2025-03-23T13:40:00.164Z', 'Комиссия за перевод (0.00000000 BTC)', '4111151178490202', 'REGULATOR'),
(58, 13, NULL, 1, 1, 'crypto_transfer', '0x9A28cD7272f0D3ED3272ECEA195c8762dE75708D', 'completed', '2025-03-23T13:51:27.400Z', 'Отправка 1.00000000 ETH на 0x9A28cD7272f0D3ED3272ECEA195c8762dE75708D', '4000101461947771', NULL),
(59, 13, 2, 0.01, 0.01, 'commission', NULL, 'completed', '2025-03-23T13:51:27.471Z', 'Комиссия за перевод криптовалюты (0.01000000 BTC)', '4000101461947771', 'REGULATOR'),
(60, 13, NULL, 1, 0.023743951968921068, 'crypto_transfer', '0x9A28cD7272f0D3ED3272ECEA195c8762dE75708D', 'completed', '2025-03-23T13:57:26.941Z', 'Отправка 1.00000000 ETH на адрес 0x9A28cD7272f0D3ED3272ECEA195c8762dE75708D', '4000101461947771', NULL),
(61, 13, 5, 0.01, 0.00023743951968921068, 'commission', NULL, 'completed', '2025-03-23T13:57:27.020Z', 'Комиссия за перевод ETH (0.01000000 ETH ~ 0.00023744 BTC)', '4000101461947771', 'REGULATOR'),
(62, 13, NULL, 1, 0.02372569558871993, 'crypto_transfer', '0x9A28cD7272f0D3ED3272ECEA195c8762dE75708D', 'completed', '2025-03-23T14:17:04.422Z', 'Отправка 1.00000000 ETH на адрес 0x9A28cD7272f0D3ED3272ECEA195c8762dE75708D (СИМУЛЯЦИЯ - средства списаны, но блокчейн-транзакция не выполнена)', '4000101461947771', NULL),
(63, 13, 2, 0.01, 0.0002372569558871993, 'commission', NULL, 'completed', '2025-03-23T14:17:04.501Z', 'Комиссия за перевод ETH (0.01000000 ETH ~ 0.00023726 BTC)', '4000101461947771', 'REGULATOR'),
(64, 13, 94, 1, 1, 'crypto_transfer', '1MhprVFAKXW5URUYK7xKLq7fk4ry8Cq851', 'completed', '2025-03-23T14:29:51.306Z', 'Отправка 1.00000000 BTC на адрес 1MhprVFAKXW5URUYK7xKLq7fk4ry8Cq851 (внутренний перевод)', '4000101461947771', '4111151178490202'),
(65, 13, 5, 0.01, 0.01, 'commission', NULL, 'completed', '2025-03-23T14:29:51.374Z', 'Комиссия за перевод BTC (0.01000000 BTC)', '4000101461947771', 'REGULATOR'),
(66, 13, NULL, 1, 0.02367973786876937, 'crypto_transfer', '0x9A28cD7272f0D3ED3272ECEA195c8762dE75708D', 'completed', '2025-03-23T14:30:17.291Z', 'Отправка 1.00000000 ETH на адрес 0x9A28cD7272f0D3ED3272ECEA195c8762dE75708D (СИМУЛЯЦИЯ - средства списаны, но блокчейн-транзакция не выполнена)', '4000101461947771', NULL),
(67, 13, 2, 0.01, 0.00023679737868769371, 'commission', NULL, 'completed', '2025-03-23T14:30:17.361Z', 'Комиссия за перевод ETH (0.01000000 ETH ~ 0.00023680 BTC)', '4000101461947771', 'REGULATOR'),
(68, 13, NULL, 1, 0.023659611058105705, 'crypto_transfer', '0x9A28cD7272f0D3ED3272ECEA195c8762dE75708D', 'completed', '2025-03-23T14:32:42.604Z', 'Отправка 1.00000000 ETH на адрес 0x9A28cD7272f0D3ED3272ECEA195c8762dE75708D (СИМУЛЯЦИЯ - средства списаны, но блокчейн-транзакция не выполнена)', '4000101461947771', NULL),
(69, 13, 5, 0.01, 0.00023659611058105706, 'commission', NULL, 'completed', '2025-03-23T14:32:42.671Z', 'Комиссия за перевод ETH (0.01000000 ETH ~ 0.00023660 BTC)', '4000101461947771', 'REGULATOR'),
(70, 13, NULL, 1, 0.02364948550707575, 'crypto_transfer', '0x9A28cD7272f0D3ED3272ECEA195c8762dE75708D', 'completed', '2025-03-23T14:37:41.017Z', 'Отправка 1.00000000 ETH на адрес 0x9A28cD7272f0D3ED3272ECEA195c8762dE75708D (СИМУЛЯЦИЯ - средства списаны, но блокчейн-транзакция не выполнена)', '4000101461947771', NULL),
(71, 13, 2, 0.01, 0.00023649485507075752, 'commission', NULL, 'completed', '2025-03-23T14:37:41.086Z', 'Комиссия за перевод ETH (0.01000000 ETH ~ 0.00023649 BTC)', '4000101461947771', 'REGULATOR'),
(72, 13, NULL, 1, 0.023626674822665835, 'crypto_transfer', '0x9A28cD7272f0D3ED3272ECEA195c8762dE75708D', 'completed', '2025-03-23T14:52:30.505Z', 'Отправка 1.00000000 ETH на адрес 0x9A28cD7272f0D3ED3272ECEA195c8762dE75708D (блокчейн)', '4000101461947771', NULL),
(73, 13, 5, 0.01, 0.00023626674822665834, 'commission', NULL, 'completed', '2025-03-23T14:52:30.579Z', 'Комиссия за перевод ETH (0.01000000 ETH ~ 0.00023627 BTC)', '4000101461947771', 'REGULATOR'),
(74, 13, NULL, 1, 0.023624899825578652, 'crypto_transfer', '0x9A28cD7272f0D3ED3272ECEA195c8762dE75708D', 'completed', '2025-03-23T14:58:29.072Z', 'Отправка 1.00000000 ETH на адрес 0x9A28cD7272f0D3ED3272ECEA195c8762dE75708D (СИМУЛЯЦИЯ - средства списаны, но блокчейн-транзакция не выполнена)', '4000101461947771', NULL),
(75, 13, 2, 0.01, 0.00023624899825578654, 'commission', NULL, 'completed', '2025-03-23T14:58:29.141Z', 'Комиссия за перевод ETH (0.01000000 ETH ~ 0.00023625 BTC)', '4000101461947771', 'REGULATOR'),
(76, 13, 94, 1, 1, 'crypto_transfer', '1MhprVFAKXW5URUYK7xKLq7fk4ry8Cq851', 'completed', '2025-03-23T14:59:03.357Z', 'Отправка 1.00000000 BTC на адрес 1MhprVFAKXW5URUYK7xKLq7fk4ry8Cq851 (внутренний перевод)', '4000101461947771', '4111151178490202'),
(77, 13, 5, 0.01, 0.01, 'commission', NULL, 'completed', '2025-03-23T14:59:03.421Z', 'Комиссия за перевод BTC (0.01000000 BTC)', '4000101461947771', 'REGULATOR'),
(78, 13, 94, 1, 1, 'crypto_transfer', '1MhprVFAKXW5URUYK7xKLq7fk4ry8Cq851', 'completed', '2025-03-23T15:30:40.116Z', 'Отправка 1.00000000 BTC на адрес 1MhprVFAKXW5URUYK7xKLq7fk4ry8Cq851 (внутренний перевод)', '4000101461947771', '4111151178490202'),
(79, 13, 2, 0.01, 0.01, 'commission', NULL, 'completed', '2025-03-23T15:30:40.180Z', 'Комиссия за перевод BTC (0.01000000 BTC)', '4000101461947771', 'REGULATOR'),
(80, 13, NULL, 1, 0.023610566019999293, 'crypto_transfer', '0x9A28cD7272f0D3ED3272ECEA195c8762dE75708D', 'completed', '2025-03-23T15:31:09.705Z', 'Отправка 1.00000000 ETH на адрес 0x9A28cD7272f0D3ED3272ECEA195c8762dE75708D (СИМУЛЯЦИЯ - средства списаны, но блокчейн-транзакция не выполнена)', '4000101461947771', NULL),
(81, 13, 5, 0.01, 0.00023610566019999294, 'commission', NULL, 'completed', '2025-03-23T15:31:09.770Z', 'Комиссия за перевод ETH (0.01000000 ETH ~ 0.00023611 BTC)', '4000101461947771', 'REGULATOR'),
(82, 13, NULL, 1, 0.023589906401392222, 'crypto_transfer', '0x9A28cD7272f0D3ED3272ECEA195c8762dE75708D', 'completed', '2025-03-23T15:35:37.548Z', 'Отправка 1.00000000 ETH на адрес 0x9A28cD7272f0D3ED3272ECEA195c8762dE75708D (блокчейн)', '4000101461947771', NULL),
(83, 13, 2, 0.01, 0.00023589906401392223, 'commission', NULL, 'completed', '2025-03-23T15:35:37.615Z', 'Комиссия за перевод ETH (0.01000000 ETH ~ 0.00023590 BTC)', '4000101461947771', 'REGULATOR'),
(84, 2, 13, 1.01, 0, 'refund', NULL, 'completed', '2025-03-23T15:35:42.548Z', 'Возврат средств: 1.00000000 ETH (транзакция не прошла)', 'SYSTEM', '4000101461947771'),
(85, 13, NULL, 1, 0.0235904873752202, 'crypto_transfer', '0x9A28cD7272f0D3ED3272ECEA195c8762dE75708D', 'completed', '2025-03-23T15:40:01.337Z', 'Отправка 1.00000000 ETH на адрес 0x9A28cD7272f0D3ED3272ECEA195c8762dE75708D (блокчейн)', '4000101461947771', NULL),
(86, 13, 5, 0.01, 0.000235904873752202, 'commission', NULL, 'completed', '2025-03-23T15:40:01.407Z', 'Комиссия за перевод ETH (0.01000000 ETH ~ 0.00023590 BTC)', '4000101461947771', 'REGULATOR'),
(87, 5, 13, 1.01, 0, 'refund', NULL, 'completed', '2025-03-23T15:40:06.336Z', 'Возврат средств: 1.00000000 ETH (транзакция не прошла)', 'SYSTEM', '4000101461947771'),
(88, 13, NULL, 1, 0.02356807346344442, 'crypto_transfer', '0x9A28cD7272f0D3ED3272ECEA195c8762dE75708D', 'completed', '2025-03-23T15:50:38.421Z', 'Отправка 1.00000000 ETH на адрес 0x9A28cD7272f0D3ED3272ECEA195c8762dE75708D (блокчейн)', '4000101461947771', NULL),
(89, 13, 2, 0.01, 0.0002356807346344442, 'commission', NULL, 'completed', '2025-03-23T15:50:38.492Z', 'Комиссия за перевод ETH (0.01000000 ETH ~ 0.00023568 BTC)', '4000101461947771', 'REGULATOR'),
(90, 2, 13, 1.01, 0, 'refund', NULL, 'completed', '2025-03-23T15:50:43.420Z', 'Возврат средств: 1.00000000 ETH (транзакция не прошла)', 'SYSTEM', '4000101461947771'),
(91, 94, 95, 1, 85169, 'transfer', NULL, 'completed', '2025-03-23T15:53:18.673Z', 'Перевод 1.00000000 CRYPTO → 85169.00 USD (курс: 85169.00)', '4111151178490202', '4112376747946500'),
(92, 94, 5, 0.01, 1.174136129342836e-7, 'commission', NULL, 'completed', '2025-03-23T15:53:18.740Z', 'Комиссия за перевод (0.00000012 BTC)', '4111151178490202', 'REGULATOR'),
(93, 95, NULL, 30000, 0.35238565085629714, 'crypto_transfer', '0x9A28cD7272f0D3ED3272ECEA195c8762dE75708D', 'completed', '2025-03-23T15:53:49.388Z', 'Конвертация 30000.00 USD → 14.95133341 ETH и отправка на адрес 0x9A28cD7272f0D3ED3272ECEA195c8762dE75708D (СИМУЛЯЦИЯ - средства списаны, но блокчейн-транзакция не выполнена)', '4112376747946500', NULL),
(94, 95, 2, 300, 0.0035238565085629714, 'commission', NULL, 'completed', '2025-03-23T15:53:49.458Z', 'Комиссия за перевод ETH (300.00000000 ETH ~ 0.00352386 BTC)', '4112376747946500', 'REGULATOR'),
(95, 95, NULL, 10, 0.00011746188361876571, 'crypto_transfer', '0x9A28cD7272f0D3ED3272ECEA195c8762dE75708D', 'completed', '2025-03-23T15:55:09.107Z', 'Конвертация 10.00 USD → 0.00498378 ETH и отправка на адрес 0x9A28cD7272f0D3ED3272ECEA195c8762dE75708D (СИМУЛЯЦИЯ - средства списаны, но блокчейн-транзакция не выполнена)', '4112376747946500', NULL),
(96, 95, 5, 0.1, 0.0000011746188361876573, 'commission', NULL, 'completed', '2025-03-23T15:55:09.176Z', 'Комиссия за перевод ETH (0.10000000 ETH ~ 0.00000117 BTC)', '4112376747946500', 'REGULATOR'),
(97, 95, NULL, 1200, 0.014096253920520621, 'crypto_transfer', '0x9A28cD7272f0D3ED3272ECEA195c8762dE75708D', 'completed', '2025-03-23T16:00:11.515Z', 'Конвертация 1200.00 USD → 0.59801459 ETH и отправка на адрес 0x9A28cD7272f0D3ED3272ECEA195c8762dE75708D (СИМУЛЯЦИЯ - средства списаны, но блокчейн-транзакция не выполнена)', '4112376747946500', NULL),
(98, 95, 2, 12, 0.0001409625392052062, 'commission', NULL, 'completed', '2025-03-23T16:00:11.585Z', 'Комиссия за перевод ETH (12.00000000 ETH ~ 0.00014096 BTC)', '4112376747946500', 'REGULATOR'),
(99, 13, 94, 12, 0.28269917017325275, 'crypto_transfer', '0x9A28cD7272f0D3ED3272ECEA195c8762dE75708D', 'completed', '2025-03-23T16:06:12.351Z', 'Отправка 12.00000000 ETH на адрес 0x9A28cD7272f0D3ED3272ECEA195c8762dE75708D (внутренний перевод)', '4000101461947771', '4111151178490202'),
(100, 13, 5, 0.12, 0.0028269917017325276, 'commission', NULL, 'completed', '2025-03-23T16:06:12.421Z', 'Комиссия за перевод ETH (0.12000000 ETH ~ 0.00282699 BTC)', '4000101461947771', 'REGULATOR'),
(101, 95, 94, 12000, 0.14104703918756906, 'crypto_transfer', '0x9A28cD7272f0D3ED3272ECEA195c8762dE75708D', 'completed', '2025-03-23T16:06:47.667Z', 'Конвертация 12000.00 USD → 5.98715755 ETH и отправка на адрес 0x9A28cD7272f0D3ED3272ECEA195c8762dE75708D (внутренний перевод)', '4112376747946500', '4111151178490202'),
(102, 95, 2, 120, 0.0014104703918756906, 'commission', NULL, 'completed', '2025-03-23T16:06:47.729Z', 'Комиссия за перевод ETH (120.00000000 ETH ~ 0.00141047 BTC)', '4112376747946500', 'REGULATOR'),
(103, 13, 14, 1, 85155, 'transfer', NULL, 'completed', '2025-03-23T20:58:01.835Z', 'Перевод 1.00000000 CRYPTO → 85155.00 USD (курс: 85155.00)', '4000101461947771', '4111323103306819'),
(104, 13, 5, 0.01, 1.1743291644647995e-7, 'commission', NULL, 'completed', '2025-03-23T20:58:01.915Z', 'Комиссия за перевод (0.00000012 BTC)', '4000101461947771', 'REGULATOR'),
(105, 13, 94, 1, 1, 'crypto_transfer', '1MhprVFAKXW5URUYK7xKLq7fk4ry8Cq851', 'completed', '2025-03-23T20:58:25.446Z', 'Отправка 1.00000000 BTC на адрес 1MhprVFAKXW5URUYK7xKLq7fk4ry8Cq851 (внутренний перевод)', '4000101461947771', '4111151178490202'),
(106, 13, 2, 0.01, 0.01, 'commission', NULL, 'completed', '2025-03-23T20:58:25.513Z', 'Комиссия за перевод BTC (0.01000000 BTC)', '4000101461947771', 'REGULATOR');

INSERT INTO exchange_rates (id, usd_to_uah, btc_to_usd, eth_to_usd, updated_at) VALUES
(1, 41.583626, 84413, 1967.75, '2025-03-21T14:15:03.551Z'),
(2, 41.527912, 84195, 1994.33, '2025-03-22T18:40:51.517Z'),
(3, 41.527912, 84195, 1994.33, '2025-03-22T18:41:20.210Z'),
(4, 41.527912, 84195, 1994.33, '2025-03-22T18:41:50.210Z'),
(5, 41.527912, 84195, 1994.33, '2025-03-22T18:42:20.210Z'),
(6, 41.527912, 84195, 1994.33, '2025-03-22T18:42:50.211Z'),
(7, 41.527912, 84195, 1994.33, '2025-03-22T18:43:20.212Z'),
(8, 41.527912, 84195, 1994.33, '2025-03-22T18:43:50.213Z'),
(9, 41.527912, 84195, 1994.33, '2025-03-22T18:44:20.214Z'),
(10, 41.527912, 84195, 1994.33, '2025-03-22T18:44:50.215Z'),
(11, 41.527912, 84195, 1994.33, '2025-03-22T18:45:20.216Z'),
(12, 41.527912, 84195, 1994.33, '2025-03-22T18:45:50.217Z'),
(13, 41.527912, 84258, 1996.47, '2025-03-22T18:46:20.381Z'),
(14, 41.527912, 84258, 1996.47, '2025-03-22T18:46:50.219Z'),
(15, 41.527912, 84258, 1996.47, '2025-03-22T18:47:20.220Z'),
(16, 41.527912, 84258, 1996.47, '2025-03-22T18:47:50.221Z'),
(17, 41.527912, 84258, 1996.47, '2025-03-22T18:48:20.222Z'),
(18, 41.527912, 84258, 1996.47, '2025-03-22T18:48:50.223Z'),
(19, 41.527912, 84258, 1996.47, '2025-03-22T18:49:20.224Z'),
(20, 41.527912, 84258, 1996.47, '2025-03-22T18:49:50.225Z'),
(21, 41.527912, 84258, 1996.47, '2025-03-22T18:50:20.225Z'),
(22, 41.527912, 84258, 1996.47, '2025-03-22T18:50:50.225Z'),
(23, 41.527912, 84258, 1996.47, '2025-03-22T18:51:20.226Z'),
(24, 41.527912, 84303, 1997.08, '2025-03-22T18:51:50.388Z'),
(25, 41.527912, 84303, 1997.08, '2025-03-22T18:52:20.226Z'),
(26, 41.527912, 84303, 1997.08, '2025-03-22T18:52:50.227Z'),
(27, 41.527912, 84303, 1997.08, '2025-03-22T18:53:20.227Z'),
(28, 41.527912, 84303, 1997.08, '2025-03-22T18:53:50.227Z'),
(29, 41.527912, 84303, 1997.08, '2025-03-22T18:54:20.227Z'),
(30, 41.527912, 84303, 1997.08, '2025-03-22T18:54:50.227Z'),
(31, 41.527912, 84303, 1997.08, '2025-03-22T18:55:20.228Z'),
(32, 41.527912, 84303, 1997.08, '2025-03-22T18:55:50.228Z'),
(33, 41.527912, 84303, 1997.08, '2025-03-22T18:56:20.228Z'),
(34, 41.527912, 84303, 1997.08, '2025-03-22T18:56:50.228Z'),
(35, 41.527912, 84263, 1996.95, '2025-03-22T18:57:20.382Z'),
(36, 41.527912, 84263, 1996.95, '2025-03-22T18:57:50.228Z'),
(37, 41.527912, 84263, 1996.95, '2025-03-22T18:58:20.229Z'),
(38, 41.527912, 84263, 1996.95, '2025-03-22T18:58:50.230Z'),
(39, 41.527912, 84263, 1996.95, '2025-03-22T18:59:20.231Z'),
(40, 41.527912, 84263, 1996.95, '2025-03-22T18:59:50.232Z'),
(41, 41.527912, 84263, 1996.95, '2025-03-22T19:00:20.233Z'),
(42, 41.527912, 84263, 1996.95, '2025-03-22T19:00:50.234Z'),
(43, 41.527912, 84263, 1996.95, '2025-03-22T19:01:20.235Z'),
(44, 41.527912, 84263, 1996.95, '2025-03-22T19:01:50.236Z'),
(45, 41.527912, 84263, 1996.95, '2025-03-22T19:02:20.236Z'),
(46, 41.527912, 84224, 1995.43, '2025-03-22T19:02:50.397Z'),
(47, 41.527912, 84224, 1995.43, '2025-03-22T19:03:20.238Z'),
(48, 41.527912, 84224, 1995.43, '2025-03-22T19:03:50.239Z'),
(49, 41.527912, 84224, 1995.43, '2025-03-22T19:04:20.240Z'),
(50, 41.527912, 84224, 1995.43, '2025-03-22T19:04:50.241Z'),
(51, 41.527912, 84224, 1995.43, '2025-03-22T19:05:20.241Z'),
(52, 41.527912, 84224, 1995.43, '2025-03-22T19:05:50.241Z'),
(53, 41.527912, 84224, 1995.43, '2025-03-22T19:06:20.242Z'),
(54, 41.527912, 84224, 1995.43, '2025-03-22T19:06:50.242Z'),
(55, 41.527912, 84224, 1995.43, '2025-03-22T19:07:20.242Z'),
(56, 41.527912, 84224, 1995.43, '2025-03-22T19:07:50.242Z'),
(57, 41.527912, 84221, 1995.11, '2025-03-22T19:08:20.386Z'),
(58, 41.527912, 84221, 1995.11, '2025-03-22T19:08:50.243Z'),
(59, 41.527912, 84221, 1995.11, '2025-03-22T19:09:20.243Z'),
(60, 41.527912, 84221, 1995.11, '2025-03-22T19:09:50.244Z'),
(61, 41.527912, 84221, 1995.11, '2025-03-22T19:10:20.244Z'),
(62, 41.527912, 84221, 1995.11, '2025-03-22T19:10:50.245Z'),
(63, 41.527912, 84221, 1995.11, '2025-03-22T19:11:20.245Z'),
(64, 41.527912, 84221, 1995.11, '2025-03-22T19:11:50.245Z'),
(65, 41.527912, 84221, 1995.11, '2025-03-22T19:12:20.245Z'),
(66, 41.527912, 84221, 1995.11, '2025-03-22T19:12:50.245Z'),
(67, 41.527912, 84221, 1995.11, '2025-03-22T19:13:20.245Z'),
(68, 41.527912, 84239, 1996.54, '2025-03-22T19:13:50.401Z'),
(69, 41.527912, 84239, 1996.54, '2025-03-22T19:14:20.246Z'),
(70, 41.527912, 84239, 1996.54, '2025-03-22T19:14:50.246Z'),
(71, 41.527912, 84239, 1996.54, '2025-03-22T19:15:20.247Z'),
(72, 41.527912, 84239, 1996.54, '2025-03-22T19:15:50.248Z'),
(73, 41.527912, 84239, 1996.54, '2025-03-22T19:16:20.249Z'),
(74, 41.527912, 84239, 1996.54, '2025-03-22T19:16:50.249Z'),
(75, 41.527912, 84239, 1996.54, '2025-03-22T19:17:20.250Z'),
(76, 41.527912, 84239, 1996.54, '2025-03-22T19:17:50.250Z'),
(77, 41.527912, 84239, 1996.54, '2025-03-22T19:18:20.251Z'),
(78, 41.527912, 84239, 1996.54, '2025-03-22T19:18:50.252Z'),
(79, 41.527912, 84198, 1994.89, '2025-03-22T19:19:20.425Z'),
(80, 41.527912, 84198, 1994.89, '2025-03-22T19:19:50.254Z'),
(81, 41.527912, 84198, 1994.89, '2025-03-22T19:20:20.254Z'),
(82, 41.527912, 84188, 1994.98, '2025-03-22T19:30:38.843Z'),
(83, 41.527912, 84188, 1994.98, '2025-03-22T19:31:07.751Z'),
(84, 41.527912, 84188, 1994.98, '2025-03-22T19:31:37.751Z'),
(85, 41.527912, 84188, 1994.98, '2025-03-22T19:32:07.751Z'),
(86, 41.527912, 84188, 1994.98, '2025-03-22T19:32:37.751Z'),
(87, 41.527912, 84188, 1994.98, '2025-03-22T19:33:07.751Z'),
(88, 41.527912, 84188, 1994.98, '2025-03-22T19:33:37.751Z'),
(89, 41.527912, 84188, 1994.98, '2025-03-22T19:34:07.752Z'),
(90, 41.527912, 84188, 1994.98, '2025-03-22T19:34:37.752Z'),
(91, 41.527912, 84188, 1994.98, '2025-03-22T19:35:07.752Z'),
(92, 41.527912, 84188, 1994.98, '2025-03-22T19:35:37.752Z'),
(93, 41.527912, 84217, 1995.15, '2025-03-22T19:36:07.910Z'),
(94, 41.527912, 84217, 1995.15, '2025-03-22T19:36:37.753Z'),
(95, 41.527912, 84217, 1995.15, '2025-03-22T19:37:07.752Z'),
(96, 41.527912, 84217, 1995.15, '2025-03-22T19:37:37.753Z'),
(97, 41.527912, 84217, 1995.15, '2025-03-22T19:38:07.752Z'),
(98, 41.527912, 84217, 1995.15, '2025-03-22T19:38:37.752Z'),
(99, 41.527912, 84217, 1995.15, '2025-03-22T19:39:07.752Z'),
(100, 41.527912, 84217, 1995.15, '2025-03-22T19:39:37.752Z'),
(101, 41.527912, 84217, 1995.15, '2025-03-22T19:40:07.753Z'),
(102, 41.527912, 84217, 1995.15, '2025-03-22T19:40:37.753Z'),
(103, 41.527912, 84217, 1995.15, '2025-03-22T19:41:07.752Z'),
(104, 41.527912, 84213, 1995.51, '2025-03-22T19:41:37.906Z'),
(105, 41.527912, 84213, 1995.51, '2025-03-22T19:42:07.752Z'),
(106, 41.527912, 84213, 1995.51, '2025-03-22T19:42:37.752Z'),
(107, 41.527912, 84213, 1995.51, '2025-03-22T19:43:07.752Z'),
(108, 41.527912, 84213, 1995.51, '2025-03-22T19:43:37.752Z'),
(109, 41.527912, 84213, 1995.51, '2025-03-22T19:44:07.752Z'),
(110, 41.527912, 84213, 1995.51, '2025-03-22T19:44:37.752Z'),
(111, 41.527912, 84213, 1995.51, '2025-03-22T19:45:07.753Z'),
(112, 41.527912, 84213, 1995.51, '2025-03-22T19:45:37.755Z'),
(113, 41.527912, 84213, 1995.51, '2025-03-22T19:46:07.754Z'),
(114, 41.527912, 84213, 1995.51, '2025-03-22T19:46:37.754Z'),
(115, 41.527912, 84203, 1995.37, '2025-03-22T19:47:07.910Z'),
(116, 41.527912, 84203, 1995.37, '2025-03-22T19:47:37.755Z'),
(117, 41.527912, 84203, 1995.37, '2025-03-22T19:48:07.756Z'),
(118, 41.527912, 84203, 1995.37, '2025-03-22T19:48:37.755Z'),
(119, 41.527912, 84203, 1995.37, '2025-03-22T19:49:07.755Z'),
(120, 41.527912, 84203, 1995.37, '2025-03-22T19:49:37.755Z'),
(121, 41.527912, 84203, 1995.37, '2025-03-22T19:50:07.755Z'),
(122, 41.527912, 84203, 1995.37, '2025-03-22T19:50:37.755Z'),
(124, 41.527912, 84203, 1995.37, '2025-03-22T19:51:37.755Z'),
(128, 41.527912, 84164, 1994.06, '2025-03-22T19:53:37.755Z'),
(129, 41.527912, 84164, 1994.06, '2025-03-22T19:54:07.755Z'),
(131, 41.527912, 84164, 1994.06, '2025-03-22T19:55:07.755Z'),
(132, 41.527912, 84164, 1994.06, '2025-03-22T19:55:37.756Z'),
(133, 41.527912, 84164, 1994.06, '2025-03-22T19:56:07.756Z'),
(134, 41.527912, 84164, 1994.06, '2025-03-22T19:56:37.756Z'),
(135, 41.527912, 84164, 1994.06, '2025-03-22T19:57:07.756Z'),
(136, 41.527912, 84164, 1994.06, '2025-03-22T19:57:37.756Z'),
(138, 41.527912, 84151, 1993.99, '2025-03-22T19:58:37.756Z'),
(123, 41.527912, 84203, 1995.37, '2025-03-22T19:51:07.755Z'),
(125, 41.527912, 84203, 1995.37, '2025-03-22T19:52:07.756Z'),
(130, 41.527912, 84164, 1994.06, '2025-03-22T19:54:37.755Z'),
(137, 41.527912, 84151, 1993.99, '2025-03-22T19:58:07.918Z'),
(126, 41.527912, 84164, 1994.06, '2025-03-22T19:52:37.906Z'),
(127, 41.527912, 84164, 1994.06, '2025-03-22T19:53:07.755Z'),
(139, 41.527912, 84151, 1993.99, '2025-03-22T19:59:07.757Z'),
(140, 41.527912, 84151, 1993.99, '2025-03-22T19:59:37.757Z'),
(141, 41.527912, 84151, 1993.99, '2025-03-22T20:00:07.757Z'),
(142, 41.527912, 84151, 1993.99, '2025-03-22T20:00:37.757Z'),
(143, 41.527912, 84151, 1993.99, '2025-03-22T20:01:07.757Z'),
(144, 41.527912, 84151, 1993.99, '2025-03-22T20:01:37.758Z'),
(145, 41.527912, 84151, 1993.99, '2025-03-22T20:02:07.757Z'),
(146, 41.527912, 84151, 1993.99, '2025-03-22T20:02:37.757Z'),
(147, 41.527912, 84151, 1993.99, '2025-03-22T20:03:07.757Z'),
(148, 41.527912, 84170, 1995.65, '2025-03-22T20:03:37.917Z'),
(149, 41.527912, 84170, 1995.65, '2025-03-22T20:04:07.757Z'),
(150, 41.527912, 84170, 1995.65, '2025-03-22T20:04:37.757Z'),
(151, 41.527912, 84170, 1995.65, '2025-03-22T20:05:07.757Z'),
(152, 41.527912, 84170, 1995.65, '2025-03-22T20:05:37.758Z'),
(153, 41.527912, 84170, 1995.65, '2025-03-22T20:06:07.757Z'),
(154, 41.527912, 84170, 1995.65, '2025-03-22T20:06:37.757Z'),
(155, 41.527912, 84170, 1995.65, '2025-03-22T20:07:07.757Z'),
(156, 41.527912, 84170, 1995.65, '2025-03-22T20:07:37.757Z'),
(157, 41.527912, 84170, 1995.65, '2025-03-22T20:08:07.757Z'),
(158, 41.527912, 84170, 1995.65, '2025-03-22T20:08:37.757Z'),
(159, 41.527912, 84153, 1996.15, '2025-03-22T20:09:07.907Z'),
(160, 41.527912, 84153, 1996.15, '2025-03-22T20:09:37.757Z'),
(161, 41.527912, 84153, 1996.15, '2025-03-22T20:10:07.758Z'),
(162, 41.527912, 84153, 1996.15, '2025-03-22T20:10:37.757Z'),
(163, 41.527912, 84153, 1996.15, '2025-03-22T20:11:07.758Z'),
(164, 41.527912, 84153, 1996.15, '2025-03-22T20:11:37.758Z'),
(165, 41.527912, 84153, 1996.15, '2025-03-22T20:12:07.760Z'),
(166, 41.527912, 84153, 1996.15, '2025-03-22T20:12:37.761Z'),
(167, 41.527912, 84153, 1996.15, '2025-03-22T20:13:07.760Z'),
(168, 41.527912, 84153, 1996.15, '2025-03-22T20:13:37.760Z'),
(169, 41.527912, 84153, 1996.15, '2025-03-22T20:14:07.760Z'),
(170, 41.527912, 84196, 2000.07, '2025-03-22T20:14:37.926Z'),
(171, 41.527912, 84196, 2000.07, '2025-03-22T20:15:07.761Z'),
(172, 41.527912, 84196, 2000.07, '2025-03-22T20:15:37.762Z'),
(173, 41.527912, 84196, 2000.07, '2025-03-22T20:16:07.761Z'),
(174, 41.527912, 84196, 2000.07, '2025-03-22T20:16:37.761Z'),
(175, 41.527912, 84196, 2000.07, '2025-03-22T20:17:07.762Z'),
(176, 41.527912, 84196, 2000.07, '2025-03-22T20:17:37.761Z'),
(177, 41.527912, 84196, 2000.07, '2025-03-22T20:18:07.761Z'),
(178, 41.527912, 84196, 2000.07, '2025-03-22T20:18:37.761Z'),
(179, 41.527912, 84196, 2000.07, '2025-03-22T20:19:07.762Z'),
(180, 41.527912, 84196, 2000.07, '2025-03-22T20:19:37.763Z'),
(181, 41.527912, 84139, 1998.43, '2025-03-22T20:20:07.933Z'),
(182, 41.527912, 84139, 1998.43, '2025-03-22T20:20:37.765Z'),
(183, 41.527912, 84139, 1998.43, '2025-03-22T20:21:07.765Z'),
(184, 41.527912, 84139, 1998.43, '2025-03-22T20:21:37.765Z'),
(185, 41.527912, 84139, 1998.43, '2025-03-22T20:22:07.765Z'),
(186, 41.527912, 84139, 1998.43, '2025-03-22T20:22:37.765Z'),
(187, 41.527912, 84139, 1998.43, '2025-03-22T20:23:07.765Z'),
(188, 41.527912, 84139, 1998.43, '2025-03-22T20:23:37.766Z'),
(189, 41.527912, 84139, 1998.43, '2025-03-22T20:24:07.766Z'),
(190, 41.527912, 84139, 1998.43, '2025-03-22T20:24:37.766Z'),
(191, 41.527912, 84139, 1998.43, '2025-03-22T20:25:07.766Z'),
(192, 41.527912, 84140, 1998.12, '2025-03-22T20:25:37.928Z'),
(193, 41.527912, 84140, 1998.12, '2025-03-22T20:26:07.766Z'),
(194, 41.527912, 84140, 1998.12, '2025-03-22T20:26:37.766Z'),
(195, 41.527912, 84140, 1998.12, '2025-03-22T20:27:07.766Z'),
(196, 41.527912, 84140, 1998.12, '2025-03-22T20:27:37.766Z'),
(197, 41.527912, 84140, 1998.12, '2025-03-22T20:28:07.766Z'),
(198, 41.527912, 84140, 1998.12, '2025-03-22T20:28:37.766Z'),
(199, 41.527912, 84140, 1998.12, '2025-03-22T20:29:07.766Z'),
(200, 41.527912, 84140, 1998.12, '2025-03-22T20:29:37.766Z'),
(201, 41.527912, 84140, 1998.12, '2025-03-22T20:30:07.766Z'),
(202, 41.527912, 84140, 1998.12, '2025-03-22T20:30:37.767Z'),
(203, 41.527912, 84161, 1999.49, '2025-03-22T20:31:07.934Z'),
(204, 41.527912, 84161, 1999.49, '2025-03-22T20:31:37.767Z'),
(205, 41.527912, 84161, 1999.49, '2025-03-22T20:32:07.767Z'),
(206, 41.527912, 84161, 1999.49, '2025-03-22T20:32:37.768Z'),
(207, 41.527912, 84161, 1999.49, '2025-03-22T20:33:07.768Z'),
(208, 41.527912, 84161, 1999.49, '2025-03-22T20:33:37.767Z'),
(209, 41.527912, 84161, 1999.49, '2025-03-22T20:34:07.767Z'),
(210, 41.527912, 84161, 1999.49, '2025-03-22T20:34:37.767Z'),
(211, 41.527912, 84161, 1999.49, '2025-03-22T20:35:07.767Z'),
(212, 41.527912, 84161, 1999.49, '2025-03-22T20:35:37.767Z'),
(213, 41.527912, 84161, 1999.49, '2025-03-22T20:36:07.768Z'),
(214, 41.527912, 84182, 2000.18, '2025-03-22T20:36:37.928Z'),
(215, 41.527912, 84182, 2000.18, '2025-03-22T20:37:07.768Z'),
(216, 41.527912, 84182, 2000.18, '2025-03-22T20:37:37.768Z'),
(217, 41.527912, 84182, 2000.18, '2025-03-22T20:38:07.768Z'),
(218, 41.527912, 84182, 2000.18, '2025-03-22T20:38:37.768Z'),
(219, 41.527912, 84182, 2000.18, '2025-03-22T20:39:07.768Z'),
(220, 41.527912, 84182, 2000.18, '2025-03-22T20:39:37.768Z'),
(221, 41.527912, 84182, 2000.18, '2025-03-22T20:40:07.768Z'),
(222, 41.527912, 84182, 2000.18, '2025-03-22T20:40:37.768Z'),
(223, 41.527912, 84182, 2000.18, '2025-03-22T20:41:07.768Z'),
(224, 41.527912, 84182, 2000.18, '2025-03-22T20:41:37.768Z'),
(225, 41.527912, 84146, 2000.31, '2025-03-22T20:42:07.958Z'),
(226, 41.527912, 84146, 2000.31, '2025-03-22T20:42:37.769Z'),
(227, 41.527912, 84146, 2000.31, '2025-03-22T20:43:07.770Z'),
(228, 41.527912, 84146, 2000.31, '2025-03-22T20:43:37.770Z'),
(229, 41.527912, 84146, 2000.31, '2025-03-22T20:44:07.769Z'),
(230, 41.527912, 84146, 2000.31, '2025-03-22T20:44:37.770Z'),
(231, 41.527912, 84146, 2000.31, '2025-03-22T20:45:07.769Z'),
(232, 41.527912, 84146, 2000.31, '2025-03-22T20:45:37.769Z'),
(233, 41.527912, 84146, 2000.31, '2025-03-22T20:46:07.769Z'),
(234, 41.527912, 84146, 2000.31, '2025-03-22T20:46:37.770Z'),
(235, 41.527912, 84146, 2000.31, '2025-03-22T20:47:07.770Z'),
(236, 41.527912, 84147, 1999.81, '2025-03-22T20:47:37.927Z'),
(237, 41.527912, 84147, 1999.81, '2025-03-22T20:48:07.769Z'),
(238, 41.527912, 84147, 1999.81, '2025-03-22T20:48:37.769Z'),
(239, 41.527912, 84147, 1999.81, '2025-03-22T20:49:07.769Z'),
(240, 41.527912, 84147, 1999.81, '2025-03-22T20:49:37.769Z'),
(241, 41.527912, 84147, 1999.81, '2025-03-22T20:50:07.770Z'),
(242, 41.527912, 84147, 1999.81, '2025-03-22T20:50:37.770Z'),
(243, 41.527912, 84147, 1999.81, '2025-03-22T20:51:07.770Z'),
(244, 41.527912, 84147, 1999.81, '2025-03-22T20:51:37.770Z'),
(245, 41.527912, 84147, 1999.81, '2025-03-22T20:52:07.770Z'),
(246, 41.527912, 84147, 1999.81, '2025-03-22T20:52:37.771Z'),
(247, 41.527912, 84049, 1997.3, '2025-03-22T20:53:07.938Z'),
(248, 41.527912, 84049, 1997.3, '2025-03-22T20:53:37.771Z'),
(249, 41.527912, 84049, 1997.3, '2025-03-22T20:54:07.772Z'),
(250, 41.527912, 84049, 1997.3, '2025-03-22T20:54:37.771Z'),
(251, 41.527912, 84049, 1997.3, '2025-03-22T20:55:07.771Z'),
(252, 41.527912, 84049, 1997.3, '2025-03-22T20:55:37.771Z'),
(253, 41.527912, 84049, 1997.3, '2025-03-22T20:56:07.771Z'),
(254, 41.527912, 84049, 1997.3, '2025-03-22T20:56:37.772Z'),
(255, 41.527912, 84049, 1997.3, '2025-03-22T20:57:07.771Z'),
(256, 41.527912, 84049, 1997.3, '2025-03-22T20:57:37.771Z'),
(257, 41.527912, 84049, 1997.3, '2025-03-22T20:58:07.772Z'),
(261, 41.527912, 84007, 1995.35, '2025-03-22T21:00:07.773Z'),
(262, 41.527912, 84007, 1995.35, '2025-03-22T21:00:37.773Z'),
(263, 41.527912, 84007, 1995.35, '2025-03-22T21:01:07.773Z'),
(266, 41.527912, 84007, 1995.35, '2025-03-22T21:02:37.775Z'),
(258, 41.527912, 84007, 1995.35, '2025-03-22T20:58:37.931Z'),
(259, 41.527912, 84007, 1995.35, '2025-03-22T20:59:07.773Z'),
(260, 41.527912, 84007, 1995.35, '2025-03-22T20:59:37.772Z'),
(264, 41.527912, 84007, 1995.35, '2025-03-22T21:01:37.774Z'),
(265, 41.527912, 84007, 1995.35, '2025-03-22T21:02:07.774Z'),
(267, 41.527912, 84007, 1995.35, '2025-03-22T21:03:07.775Z'),
(268, 41.527912, 84007, 1995.35, '2025-03-22T21:03:37.776Z'),
(269, 41.527912, 83873, 1991.05, '2025-03-22T21:04:07.926Z'),
(270, 41.527912, 83873, 1991.05, '2025-03-22T21:04:37.777Z'),
(271, 41.527912, 83873, 1991.05, '2025-03-22T21:05:07.777Z'),
(272, 41.527912, 83873, 1991.05, '2025-03-22T21:05:37.776Z'),
(273, 41.527912, 83873, 1991.05, '2025-03-22T21:06:07.776Z'),
(274, 41.527912, 83873, 1991.05, '2025-03-22T21:06:37.776Z'),
(275, 41.527912, 83873, 1991.05, '2025-03-22T21:07:07.776Z'),
(276, 41.527912, 83873, 1991.05, '2025-03-22T21:07:37.777Z'),
(277, 41.527912, 83873, 1991.05, '2025-03-22T21:08:07.776Z'),
(278, 41.527912, 83873, 1991.05, '2025-03-22T21:08:37.776Z'),
(279, 41.527912, 83924, 1991.81, '2025-03-22T21:09:08.160Z'),
(280, 41.527912, 83935, 1992.04, '2025-03-22T21:09:41.056Z'),
(281, 41.527912, 83935, 1992.04, '2025-03-22T21:10:10.467Z'),
(282, 41.527912, 83935, 1992.04, '2025-03-22T21:10:40.466Z'),
(283, 41.527912, 83935, 1992.04, '2025-03-22T21:11:10.466Z'),
(284, 41.527912, 83964, 1993.3, '2025-03-22T21:11:42.111Z'),
(285, 41.527912, 83964, 1993.3, '2025-03-22T21:12:11.199Z'),
(286, 41.527912, 83964, 1993.3, '2025-03-22T21:12:33.169Z'),
(287, 41.527912, 83964, 1993.3, '2025-03-22T21:13:02.678Z'),
(288, 41.527912, 83964, 1993.3, '2025-03-22T21:13:32.679Z'),
(289, 41.527912, 83964, 1993.3, '2025-03-22T21:14:02.679Z'),
(290, 41.527912, 83964, 1993.3, '2025-03-22T21:14:32.679Z'),
(291, 41.527912, 83964, 1993.3, '2025-03-22T21:15:02.678Z'),
(292, 41.527912, 83964, 1993.3, '2025-03-22T21:15:32.678Z'),
(293, 41.527912, 83964, 1993.3, '2025-03-22T21:16:02.678Z'),
(294, 41.527912, 84074, 1994.72, '2025-03-22T21:16:23.459Z'),
(295, 41.527912, 84074, 1994.72, '2025-03-22T21:16:52.621Z'),
(296, 41.527912, 84074, 1994.72, '2025-03-22T21:17:22.621Z'),
(297, 41.527912, 84074, 1994.72, '2025-03-22T21:17:52.622Z'),
(298, 41.527912, 84074, 1994.72, '2025-03-22T21:18:22.622Z'),
(299, 41.527912, 84074, 1994.72, '2025-03-22T21:18:52.622Z'),
(300, 41.527912, 84074, 1994.72, '2025-03-22T21:19:22.623Z'),
(301, 41.527912, 84074, 1994.72, '2025-03-22T21:19:52.623Z'),
(302, 41.527912, 84074, 1994.72, '2025-03-22T21:20:22.624Z'),
(303, 41.527912, 84074, 1994.72, '2025-03-22T21:20:52.624Z'),
(304, 41.527912, 84074, 1994.72, '2025-03-22T21:21:22.623Z'),
(305, 41.527912, 84034, 1992.14, '2025-03-22T21:21:52.782Z'),
(306, 41.527912, 84034, 1992.14, '2025-03-22T21:22:22.624Z'),
(307, 41.527912, 84034, 1992.14, '2025-03-22T21:22:52.623Z'),
(308, 41.527912, 84034, 1992.14, '2025-03-22T21:23:22.623Z'),
(309, 41.527912, 84034, 1992.14, '2025-03-22T21:23:52.623Z'),
(310, 41.527912, 84034, 1992.14, '2025-03-22T21:24:22.624Z'),
(311, 41.527912, 84034, 1992.14, '2025-03-22T21:24:52.625Z'),
(312, 41.527912, 84034, 1992.14, '2025-03-22T21:25:22.624Z'),
(313, 41.527912, 84034, 1992.14, '2025-03-22T21:25:52.624Z'),
(314, 41.527912, 84034, 1992.14, '2025-03-22T21:26:22.624Z'),
(315, 41.527912, 84034, 1992.14, '2025-03-22T21:26:52.624Z'),
(316, 41.527912, 84006, 1990.8, '2025-03-22T21:27:22.787Z'),
(317, 41.527912, 84006, 1990.8, '2025-03-22T21:27:52.624Z'),
(318, 41.527912, 84006, 1990.8, '2025-03-22T21:28:22.625Z'),
(319, 41.527912, 84009, 1990.42, '2025-03-22T21:28:27.694Z'),
(320, 41.527912, 84009, 1990.42, '2025-03-22T21:28:56.660Z'),
(321, 41.527912, 84009, 1990.42, '2025-03-22T21:29:26.660Z'),
(322, 41.527912, 84009, 1990.42, '2025-03-22T21:29:56.660Z'),
(323, 41.527912, 84009, 1990.42, '2025-03-22T21:30:26.660Z'),
(324, 41.527912, 84009, 1990.42, '2025-03-22T21:30:56.660Z'),
(325, 41.527912, 84009, 1990.42, '2025-03-22T21:31:26.661Z'),
(326, 41.527912, 84009, 1990.42, '2025-03-22T21:31:56.660Z'),
(327, 41.527912, 84009, 1990.42, '2025-03-22T21:32:26.660Z'),
(328, 41.527912, 84009, 1990.42, '2025-03-22T21:32:56.660Z'),
(329, 41.527912, 84009, 1990.42, '2025-03-22T21:33:26.660Z'),
(330, 41.527912, 84030, 1991.79, '2025-03-22T21:33:56.825Z'),
(331, 41.527912, 84030, 1991.79, '2025-03-22T21:34:26.660Z'),
(332, 41.527912, 84030, 1991.79, '2025-03-22T21:34:56.660Z'),
(333, 41.527912, 84030, 1991.79, '2025-03-22T21:35:26.660Z'),
(334, 41.527912, 84030, 1991.79, '2025-03-22T21:35:56.661Z'),
(335, 41.527912, 84030, 1991.79, '2025-03-22T21:36:26.662Z'),
(336, 41.527912, 84030, 1991.79, '2025-03-22T21:36:56.663Z'),
(337, 41.527912, 84030, 1991.79, '2025-03-22T21:37:26.664Z'),
(338, 41.527912, 84030, 1991.79, '2025-03-22T21:37:56.665Z'),
(339, 41.527912, 84030, 1991.79, '2025-03-22T21:38:26.665Z'),
(340, 41.527912, 84030, 1991.79, '2025-03-22T21:38:56.665Z'),
(341, 41.527912, 84015, 1990.91, '2025-03-22T21:39:26.823Z'),
(342, 41.527912, 84015, 1990.91, '2025-03-22T21:39:56.665Z'),
(343, 41.527912, 84015, 1990.91, '2025-03-22T21:40:26.666Z'),
(344, 41.527912, 84015, 1990.91, '2025-03-22T21:40:56.666Z'),
(345, 41.527912, 84015, 1990.91, '2025-03-22T21:41:26.666Z'),
(346, 41.527912, 84015, 1990.91, '2025-03-22T21:41:56.666Z'),
(347, 41.527912, 84015, 1990.91, '2025-03-22T21:42:26.666Z'),
(348, 41.527912, 84015, 1990.91, '2025-03-22T21:42:56.666Z'),
(349, 41.527912, 84015, 1990.91, '2025-03-22T21:43:26.667Z'),
(350, 41.527912, 84015, 1990.91, '2025-03-22T21:43:56.667Z'),
(351, 41.527912, 84015, 1990.91, '2025-03-22T21:44:26.667Z'),
(352, 41.527912, 83952, 1988.03, '2025-03-22T21:44:56.818Z'),
(353, 41.527912, 83952, 1988.03, '2025-03-22T21:45:26.668Z'),
(354, 41.527912, 83952, 1988.03, '2025-03-22T21:45:56.667Z'),
(355, 41.527912, 83952, 1988.03, '2025-03-22T21:46:26.667Z'),
(356, 41.527912, 83952, 1988.03, '2025-03-22T21:46:56.667Z'),
(357, 41.527912, 83952, 1988.03, '2025-03-22T21:47:26.667Z'),
(358, 41.527912, 83952, 1988.03, '2025-03-22T21:47:56.668Z'),
(359, 41.527912, 83952, 1988.03, '2025-03-22T21:48:26.667Z'),
(360, 41.527912, 83952, 1988.03, '2025-03-22T21:48:56.667Z'),
(361, 41.527912, 83952, 1988.03, '2025-03-22T21:49:26.667Z'),
(362, 41.527912, 83952, 1988.03, '2025-03-22T21:49:56.667Z'),
(363, 41.527912, 84049, 1989.83, '2025-03-22T21:50:26.816Z'),
(364, 41.527912, 84049, 1989.83, '2025-03-22T21:50:56.667Z'),
(365, 41.527912, 84049, 1989.83, '2025-03-22T21:51:26.668Z'),
(366, 41.527912, 84049, 1989.83, '2025-03-22T21:51:56.668Z'),
(367, 41.527912, 84049, 1989.83, '2025-03-22T21:52:26.667Z'),
(368, 41.527912, 84049, 1989.83, '2025-03-22T21:52:56.667Z'),
(369, 41.527912, 84049, 1989.83, '2025-03-22T21:53:26.668Z'),
(370, 41.527912, 84049, 1989.83, '2025-03-22T21:53:56.667Z'),
(371, 41.527912, 84049, 1989.83, '2025-03-22T21:54:26.667Z'),
(372, 41.527912, 84049, 1989.83, '2025-03-22T21:54:56.668Z'),
(373, 41.527912, 84049, 1989.83, '2025-03-22T21:55:26.668Z'),
(374, 41.527912, 84037, 1989, '2025-03-22T21:55:56.845Z'),
(375, 41.527912, 84037, 1989, '2025-03-22T21:56:26.668Z'),
(376, 41.527912, 84037, 1989, '2025-03-22T21:56:56.669Z'),
(377, 41.527912, 84037, 1989, '2025-03-22T21:57:26.669Z'),
(378, 41.527912, 84037, 1989, '2025-03-22T21:57:56.669Z'),
(379, 41.527912, 84037, 1989, '2025-03-22T21:58:26.669Z'),
(380, 41.527912, 84037, 1989, '2025-03-22T21:58:56.670Z'),
(381, 41.527912, 84037, 1989, '2025-03-22T21:59:26.669Z'),
(382, 41.527912, 84037, 1989, '2025-03-22T21:59:56.670Z'),
(386, 41.527912, 84001, 1986.43, '2025-03-22T22:01:56.669Z'),
(387, 41.527912, 84001, 1986.43, '2025-03-22T22:02:26.669Z'),
(391, 41.527912, 84001, 1986.43, '2025-03-22T22:04:26.669Z'),
(393, 41.527912, 84001, 1986.43, '2025-03-22T22:05:26.669Z'),
(395, 41.527912, 84001, 1986.43, '2025-03-22T22:06:26.669Z'),
(397, 41.527912, 83985, 1986.23, '2025-03-22T22:07:26.669Z'),
(399, 41.527912, 83985, 1986.23, '2025-03-22T22:08:26.669Z'),
(401, 41.527912, 83985, 1986.23, '2025-03-22T22:09:26.669Z'),
(403, 41.527912, 83985, 1986.23, '2025-03-22T22:10:26.669Z'),
(405, 41.527912, 83985, 1986.23, '2025-03-22T22:11:26.670Z'),
(407, 41.527912, 84020, 1987.55, '2025-03-22T22:12:26.818Z'),
(408, 41.527912, 84020, 1987.55, '2025-03-22T22:12:56.671Z'),
(409, 41.527912, 84020, 1987.55, '2025-03-22T22:13:26.670Z'),
(410, 41.527912, 84020, 1987.55, '2025-03-22T22:13:56.670Z'),
(411, 41.527912, 84020, 1987.55, '2025-03-22T22:14:26.670Z'),
(412, 41.527912, 84020, 1987.55, '2025-03-22T22:14:56.670Z'),
(413, 41.527912, 84020, 1987.55, '2025-03-22T22:15:26.670Z'),
(414, 41.527912, 84020, 1987.55, '2025-03-22T22:15:56.671Z'),
(415, 41.527912, 84020, 1987.55, '2025-03-22T22:16:26.670Z'),
(416, 41.527912, 84020, 1987.55, '2025-03-22T22:16:56.670Z'),
(420, 41.527912, 84041, 1988.22, '2025-03-22T22:18:56.671Z'),
(422, 41.527912, 84041, 1988.22, '2025-03-22T22:19:56.671Z'),
(424, 41.527912, 84041, 1988.22, '2025-03-22T22:20:56.671Z'),
(426, 41.527912, 84041, 1988.22, '2025-03-22T22:21:56.671Z'),
(428, 41.527912, 84041, 1988.22, '2025-03-22T22:22:56.671Z'),
(430, 41.527912, 84064, 1988.84, '2025-03-22T22:23:56.671Z'),
(432, 41.527912, 84064, 1988.84, '2025-03-22T22:24:56.672Z'),
(434, 41.527912, 84064, 1988.84, '2025-03-22T22:25:56.672Z'),
(436, 41.527912, 84064, 1988.84, '2025-03-22T22:26:56.673Z'),
(438, 41.527912, 84064, 1988.84, '2025-03-22T22:27:56.674Z'),
(440, 41.527912, 84009, 1987.26, '2025-03-22T22:28:56.852Z'),
(383, 41.527912, 84037, 1989, '2025-03-22T22:00:26.669Z'),
(384, 41.527912, 84037, 1989, '2025-03-22T22:00:56.669Z'),
(385, 41.527912, 84001, 1986.43, '2025-03-22T22:01:26.851Z'),
(388, 41.527912, 84001, 1986.43, '2025-03-22T22:02:56.669Z'),
(389, 41.527912, 84001, 1986.43, '2025-03-22T22:03:26.670Z'),
(390, 41.527912, 84001, 1986.43, '2025-03-22T22:03:56.670Z'),
(392, 41.527912, 84001, 1986.43, '2025-03-22T22:04:56.669Z'),
(394, 41.527912, 84001, 1986.43, '2025-03-22T22:05:56.670Z'),
(396, 41.527912, 83985, 1986.23, '2025-03-22T22:06:56.831Z'),
(398, 41.527912, 83985, 1986.23, '2025-03-22T22:07:56.669Z'),
(400, 41.527912, 83985, 1986.23, '2025-03-22T22:08:56.670Z'),
(402, 41.527912, 83985, 1986.23, '2025-03-22T22:09:56.669Z'),
(404, 41.527912, 83985, 1986.23, '2025-03-22T22:10:56.670Z'),
(406, 41.527912, 83985, 1986.23, '2025-03-22T22:11:56.670Z'),
(417, 41.527912, 84020, 1987.55, '2025-03-22T22:17:26.670Z'),
(418, 41.527912, 84041, 1988.22, '2025-03-22T22:17:56.820Z'),
(419, 41.527912, 84041, 1988.22, '2025-03-22T22:18:26.671Z'),
(421, 41.527912, 84041, 1988.22, '2025-03-22T22:19:26.671Z'),
(423, 41.527912, 84041, 1988.22, '2025-03-22T22:20:26.672Z'),
(425, 41.527912, 84041, 1988.22, '2025-03-22T22:21:26.671Z'),
(427, 41.527912, 84041, 1988.22, '2025-03-22T22:22:26.672Z'),
(429, 41.527912, 84064, 1988.84, '2025-03-22T22:23:26.817Z'),
(431, 41.527912, 84064, 1988.84, '2025-03-22T22:24:26.672Z'),
(433, 41.527912, 84064, 1988.84, '2025-03-22T22:25:26.672Z'),
(435, 41.527912, 84064, 1988.84, '2025-03-22T22:26:26.673Z'),
(437, 41.527912, 84064, 1988.84, '2025-03-22T22:27:26.673Z'),
(439, 41.527912, 84064, 1988.84, '2025-03-22T22:28:26.675Z'),
(441, 41.527912, 84009, 1987.26, '2025-03-22T22:29:26.674Z'),
(442, 41.527912, 84009, 1987.26, '2025-03-22T22:29:56.675Z'),
(443, 41.527912, 84009, 1987.26, '2025-03-22T22:30:26.676Z'),
(444, 41.527912, 84009, 1987.26, '2025-03-22T22:30:56.675Z'),
(445, 41.527912, 84009, 1987.26, '2025-03-22T22:31:26.675Z'),
(446, 41.527912, 84009, 1987.26, '2025-03-22T22:31:56.675Z'),
(447, 41.527912, 84009, 1987.26, '2025-03-22T22:32:26.675Z'),
(448, 41.527912, 84009, 1987.26, '2025-03-22T22:32:56.676Z'),
(449, 41.527912, 84009, 1987.26, '2025-03-22T22:33:26.675Z'),
(450, 41.527912, 84009, 1987.26, '2025-03-22T22:33:56.675Z'),
(451, 41.527912, 83995, 1986.01, '2025-03-22T22:34:26.818Z'),
(452, 41.527912, 83995, 1986.01, '2025-03-22T22:34:56.675Z'),
(453, 41.527912, 83995, 1986.01, '2025-03-22T22:35:26.675Z'),
(454, 41.527912, 83995, 1986.01, '2025-03-22T22:35:56.676Z'),
(455, 41.527912, 83995, 1986.01, '2025-03-22T22:36:26.676Z'),
(456, 41.527912, 83995, 1986.01, '2025-03-22T22:36:56.676Z'),
(457, 41.527912, 83995, 1986.01, '2025-03-22T22:37:26.677Z'),
(458, 41.527912, 83995, 1986.01, '2025-03-22T22:37:56.676Z'),
(459, 41.527912, 83995, 1986.01, '2025-03-22T22:38:26.676Z'),
(460, 41.527912, 83995, 1986.01, '2025-03-22T22:38:56.676Z'),
(461, 41.527912, 83995, 1986.01, '2025-03-22T22:39:26.677Z'),
(462, 41.527912, 83982, 1985.82, '2025-03-22T22:39:56.828Z'),
(463, 41.527912, 83982, 1985.82, '2025-03-22T22:40:26.677Z'),
(464, 41.527912, 83982, 1985.82, '2025-03-22T22:40:56.677Z'),
(465, 41.527912, 83982, 1985.82, '2025-03-22T22:41:26.677Z'),
(466, 41.527912, 83982, 1985.82, '2025-03-22T22:41:56.677Z'),
(467, 41.527912, 83982, 1985.82, '2025-03-22T22:42:26.677Z'),
(468, 41.527912, 83982, 1985.82, '2025-03-22T22:42:56.676Z'),
(469, 41.527912, 83982, 1985.82, '2025-03-22T22:43:26.677Z'),
(470, 41.527912, 83982, 1985.82, '2025-03-22T22:43:56.677Z'),
(471, 41.527912, 83982, 1985.82, '2025-03-22T22:44:26.677Z'),
(472, 41.527912, 83982, 1985.82, '2025-03-22T22:44:56.677Z'),
(473, 41.527912, 84004, 1986.31, '2025-03-22T22:45:26.864Z'),
(474, 41.527912, 84004, 1986.31, '2025-03-22T22:45:56.677Z'),
(475, 41.527912, 84004, 1986.31, '2025-03-22T22:46:26.677Z'),
(476, 41.527912, 84004, 1986.31, '2025-03-22T22:46:56.677Z'),
(477, 41.527912, 84004, 1986.31, '2025-03-22T22:47:26.677Z'),
(478, 41.527912, 84004, 1986.31, '2025-03-22T22:47:56.677Z'),
(479, 41.527912, 84004, 1986.31, '2025-03-22T22:48:26.678Z'),
(480, 41.527912, 84004, 1986.31, '2025-03-22T22:48:56.677Z'),
(481, 41.527912, 84004, 1986.31, '2025-03-22T22:49:26.677Z'),
(482, 41.527912, 84004, 1986.31, '2025-03-22T22:49:56.678Z'),
(483, 41.527912, 84004, 1986.31, '2025-03-22T22:50:26.677Z'),
(484, 41.527912, 83974, 1985.53, '2025-03-22T22:50:56.847Z'),
(485, 41.527912, 83974, 1985.53, '2025-03-22T22:51:26.677Z'),
(486, 41.527912, 83974, 1985.53, '2025-03-22T22:51:56.677Z'),
(487, 41.527912, 83974, 1985.53, '2025-03-22T22:52:26.677Z'),
(488, 41.527912, 83974, 1985.53, '2025-03-22T22:52:56.677Z'),
(489, 41.527912, 83974, 1985.53, '2025-03-22T22:53:26.677Z'),
(490, 41.527912, 83974, 1985.53, '2025-03-22T22:53:56.677Z'),
(491, 41.527912, 83974, 1985.53, '2025-03-22T22:54:26.678Z'),
(492, 41.527912, 83974, 1985.53, '2025-03-22T22:54:56.677Z'),
(493, 41.527912, 83974, 1985.53, '2025-03-22T22:55:26.677Z'),
(494, 41.527912, 83974, 1985.53, '2025-03-22T22:55:56.677Z'),
(495, 41.527912, 83949, 1984.57, '2025-03-22T22:56:26.842Z'),
(496, 41.527912, 83949, 1984.57, '2025-03-22T22:56:56.677Z'),
(497, 41.527912, 83949, 1984.57, '2025-03-22T22:57:26.678Z'),
(498, 41.527912, 83949, 1984.57, '2025-03-22T22:57:56.678Z'),
(499, 41.527912, 83949, 1984.57, '2025-03-22T22:58:26.677Z'),
(500, 41.527912, 83949, 1984.57, '2025-03-22T22:58:56.677Z'),
(501, 41.527912, 83949, 1984.57, '2025-03-22T22:59:26.677Z'),
(502, 41.527912, 83949, 1984.57, '2025-03-22T22:59:56.677Z'),
(503, 41.527912, 83949, 1984.57, '2025-03-22T23:00:26.677Z'),
(504, 41.527912, 83949, 1984.57, '2025-03-22T23:00:56.678Z'),
(505, 41.527912, 83949, 1984.57, '2025-03-22T23:01:26.677Z'),
(506, 41.527912, 83950, 1984.56, '2025-03-22T23:01:56.822Z'),
(507, 41.527912, 83950, 1984.56, '2025-03-22T23:02:26.678Z'),
(508, 41.527912, 83950, 1984.56, '2025-03-22T23:02:56.678Z'),
(509, 41.527912, 83950, 1984.56, '2025-03-22T23:03:26.678Z'),
(510, 41.527912, 83950, 1984.56, '2025-03-22T23:03:56.678Z'),
(511, 41.527912, 83950, 1984.56, '2025-03-22T23:04:26.678Z'),
(512, 41.527912, 83950, 1984.56, '2025-03-22T23:04:56.678Z'),
(513, 41.527912, 83950, 1984.56, '2025-03-22T23:05:26.678Z'),
(514, 41.527912, 83950, 1984.56, '2025-03-22T23:05:56.678Z'),
(515, 41.527912, 83950, 1984.56, '2025-03-22T23:06:26.678Z'),
(516, 41.527912, 83950, 1984.56, '2025-03-22T23:06:56.678Z'),
(517, 41.527912, 83899, 1983.23, '2025-03-22T23:07:26.832Z'),
(518, 41.527912, 83899, 1983.23, '2025-03-22T23:07:56.679Z'),
(519, 41.527912, 83899, 1983.23, '2025-03-22T23:08:26.679Z'),
(520, 41.527912, 83899, 1983.23, '2025-03-22T23:08:56.680Z'),
(521, 41.527912, 83899, 1983.23, '2025-03-22T23:09:26.680Z'),
(522, 41.527912, 83899, 1983.23, '2025-03-22T23:09:56.680Z'),
(523, 41.527912, 83899, 1983.23, '2025-03-22T23:10:26.680Z'),
(524, 41.527912, 83899, 1983.23, '2025-03-22T23:10:56.680Z'),
(525, 41.527912, 83899, 1983.23, '2025-03-22T23:11:26.680Z'),
(526, 41.527912, 83899, 1983.23, '2025-03-22T23:11:56.680Z'),
(527, 41.527912, 83899, 1983.23, '2025-03-22T23:12:26.680Z'),
(528, 41.527912, 83847, 1980.16, '2025-03-22T23:12:56.843Z'),
(529, 41.527912, 83847, 1980.16, '2025-03-22T23:13:26.680Z'),
(530, 41.527912, 83847, 1980.16, '2025-03-22T23:13:56.680Z'),
(531, 41.527912, 83847, 1980.16, '2025-03-22T23:14:26.680Z'),
(532, 41.527912, 83847, 1980.16, '2025-03-22T23:14:56.680Z'),
(533, 41.527912, 83847, 1980.16, '2025-03-22T23:15:26.680Z'),
(534, 41.527912, 83847, 1980.16, '2025-03-22T23:15:56.680Z'),
(535, 41.527912, 83847, 1980.16, '2025-03-22T23:16:26.680Z'),
(536, 41.527912, 83847, 1980.16, '2025-03-22T23:16:56.680Z'),
(537, 41.527912, 83847, 1980.16, '2025-03-22T23:17:26.680Z'),
(538, 41.527912, 83847, 1980.16, '2025-03-22T23:17:56.680Z'),
(539, 41.527912, 83905, 1979.04, '2025-03-22T23:18:26.827Z'),
(540, 41.527912, 83905, 1979.04, '2025-03-22T23:18:56.680Z'),
(541, 41.527912, 83905, 1979.04, '2025-03-22T23:19:26.680Z'),
(542, 41.527912, 83905, 1979.04, '2025-03-22T23:19:56.680Z'),
(543, 41.527912, 83905, 1979.04, '2025-03-22T23:20:26.680Z'),
(544, 41.527912, 83905, 1979.04, '2025-03-22T23:20:56.681Z'),
(545, 41.527912, 83905, 1979.04, '2025-03-22T23:21:26.681Z'),
(546, 41.527912, 83905, 1979.04, '2025-03-22T23:21:56.682Z'),
(547, 41.527912, 83905, 1979.04, '2025-03-22T23:22:26.682Z'),
(548, 41.527912, 83905, 1979.04, '2025-03-22T23:22:56.683Z'),
(549, 41.527912, 83905, 1979.04, '2025-03-22T23:23:26.682Z'),
(550, 41.527912, 83911, 1979.26, '2025-03-22T23:23:56.832Z'),
(551, 41.527912, 83911, 1979.26, '2025-03-22T23:24:26.682Z'),
(552, 41.527912, 83911, 1979.26, '2025-03-22T23:24:56.682Z'),
(553, 41.527912, 83911, 1979.26, '2025-03-22T23:25:26.682Z'),
(554, 41.527912, 83911, 1979.26, '2025-03-22T23:25:56.682Z'),
(555, 41.527912, 83911, 1979.26, '2025-03-22T23:26:26.682Z'),
(556, 41.527912, 83911, 1979.26, '2025-03-22T23:26:56.682Z'),
(557, 41.527912, 83911, 1979.26, '2025-03-22T23:27:26.683Z'),
(558, 41.527912, 83911, 1979.26, '2025-03-22T23:27:56.683Z'),
(559, 41.527912, 83911, 1979.26, '2025-03-22T23:28:26.683Z'),
(560, 41.527912, 83911, 1979.26, '2025-03-22T23:28:56.684Z'),
(561, 41.527912, 83890, 1978.64, '2025-03-22T23:29:26.834Z'),
(562, 41.527912, 83890, 1978.64, '2025-03-22T23:29:56.684Z'),
(563, 41.527912, 83890, 1978.64, '2025-03-22T23:30:26.684Z'),
(564, 41.527912, 83890, 1978.64, '2025-03-22T23:30:56.684Z'),
(565, 41.527912, 83890, 1978.64, '2025-03-22T23:31:26.685Z'),
(566, 41.527912, 83890, 1978.64, '2025-03-22T23:31:56.685Z'),
(567, 41.527912, 83890, 1978.64, '2025-03-22T23:32:26.685Z'),
(568, 41.527912, 83890, 1978.64, '2025-03-22T23:32:56.685Z'),
(569, 41.527912, 83890, 1978.64, '2025-03-22T23:33:26.686Z'),
(570, 41.527912, 83890, 1978.64, '2025-03-22T23:33:56.685Z'),
(571, 41.527912, 83890, 1978.64, '2025-03-22T23:34:26.685Z'),
(572, 41.527912, 83861, 1977.93, '2025-03-22T23:34:56.854Z'),
(573, 41.527912, 83861, 1977.93, '2025-03-22T23:35:26.685Z'),
(574, 41.527912, 83861, 1977.93, '2025-03-22T23:35:56.686Z'),
(575, 41.527912, 83861, 1977.93, '2025-03-22T23:36:26.685Z'),
(576, 41.527912, 83861, 1977.93, '2025-03-22T23:36:56.685Z'),
(577, 41.527912, 83861, 1977.93, '2025-03-22T23:37:26.685Z'),
(578, 41.527912, 83861, 1977.93, '2025-03-22T23:37:56.685Z'),
(579, 41.527912, 83861, 1977.93, '2025-03-22T23:38:26.685Z'),
(580, 41.527912, 83861, 1977.93, '2025-03-22T23:38:56.685Z'),
(581, 41.527912, 83861, 1977.93, '2025-03-22T23:39:26.685Z'),
(582, 41.527912, 83861, 1977.93, '2025-03-22T23:39:56.685Z'),
(583, 41.527912, 83711, 1974.96, '2025-03-22T23:40:26.829Z'),
(584, 41.527912, 83711, 1974.96, '2025-03-22T23:40:56.685Z'),
(585, 41.527912, 83711, 1974.96, '2025-03-22T23:41:26.685Z'),
(586, 41.527912, 83711, 1974.96, '2025-03-22T23:41:56.686Z'),
(587, 41.527912, 83711, 1974.96, '2025-03-22T23:42:26.685Z'),
(588, 41.527912, 83711, 1974.96, '2025-03-22T23:42:56.685Z'),
(589, 41.527912, 83711, 1974.96, '2025-03-22T23:43:26.686Z'),
(590, 41.527912, 83711, 1974.96, '2025-03-22T23:43:56.686Z'),
(591, 41.527912, 83711, 1974.96, '2025-03-22T23:44:26.686Z'),
(592, 41.527912, 83711, 1974.96, '2025-03-22T23:44:56.686Z'),
(593, 41.527912, 83711, 1974.96, '2025-03-22T23:45:26.686Z'),
(594, 41.527912, 83759, 1977.13, '2025-03-22T23:45:56.849Z'),
(595, 41.527912, 83759, 1977.13, '2025-03-22T23:46:26.686Z'),
(596, 41.527912, 83759, 1977.13, '2025-03-22T23:46:56.686Z'),
(597, 41.527912, 83759, 1977.13, '2025-03-22T23:47:26.686Z'),
(598, 41.527912, 83759, 1977.13, '2025-03-22T23:47:56.687Z'),
(599, 41.527912, 83759, 1977.13, '2025-03-22T23:48:26.688Z'),
(600, 41.527912, 83759, 1977.13, '2025-03-22T23:48:56.687Z'),
(601, 41.527912, 83759, 1977.13, '2025-03-22T23:49:26.687Z'),
(602, 41.527912, 83759, 1977.13, '2025-03-22T23:49:56.687Z'),
(603, 41.527912, 83759, 1977.13, '2025-03-22T23:50:26.687Z'),
(604, 41.527912, 83759, 1977.13, '2025-03-22T23:50:56.687Z'),
(605, 41.527912, 83793, 1978.87, '2025-03-22T23:51:26.833Z'),
(606, 41.527912, 83793, 1978.87, '2025-03-22T23:51:56.687Z'),
(607, 41.527912, 83793, 1978.87, '2025-03-22T23:52:26.688Z'),
(608, 41.527912, 83793, 1978.87, '2025-03-22T23:52:56.688Z'),
(609, 41.527912, 83793, 1978.87, '2025-03-22T23:53:26.688Z'),
(610, 41.527912, 83793, 1978.87, '2025-03-22T23:53:56.689Z'),
(611, 41.527912, 83793, 1978.87, '2025-03-22T23:54:26.689Z'),
(612, 41.527912, 83793, 1978.87, '2025-03-22T23:54:56.689Z'),
(613, 41.527912, 83793, 1978.87, '2025-03-22T23:55:26.689Z'),
(614, 41.527912, 83793, 1978.87, '2025-03-22T23:55:56.689Z'),
(615, 41.527912, 83793, 1978.87, '2025-03-22T23:56:26.689Z'),
(616, 41.527912, 83793, 1979.55, '2025-03-22T23:56:56.850Z'),
(617, 41.527912, 83793, 1979.55, '2025-03-22T23:57:26.689Z'),
(618, 41.527912, 83793, 1979.55, '2025-03-22T23:57:56.690Z'),
(619, 41.527912, 83793, 1979.55, '2025-03-22T23:58:26.690Z'),
(620, 41.527912, 83793, 1979.55, '2025-03-22T23:58:56.690Z'),
(621, 41.527912, 83793, 1979.55, '2025-03-22T23:59:26.691Z'),
(622, 41.527912, 83793, 1979.55, '2025-03-22T23:59:56.691Z'),
(623, 41.527912, 83793, 1979.55, '2025-03-23T00:00:26.691Z'),
(624, 41.527912, 83793, 1979.55, '2025-03-23T00:00:56.691Z'),
(625, 41.527912, 83793, 1979.55, '2025-03-23T00:01:26.691Z'),
(626, 41.527912, 83793, 1979.55, '2025-03-23T00:01:56.691Z'),
(627, 41.527912, 83823, 1980.36, '2025-03-23T00:02:26.856Z'),
(628, 41.527912, 83823, 1980.36, '2025-03-23T00:02:56.691Z'),
(629, 41.527912, 83823, 1980.36, '2025-03-23T00:03:26.691Z'),
(630, 41.527912, 83823, 1980.36, '2025-03-23T00:03:56.692Z'),
(631, 41.527912, 83823, 1980.36, '2025-03-23T00:04:26.691Z'),
(632, 41.527912, 83823, 1980.36, '2025-03-23T00:04:56.691Z'),
(633, 41.527912, 83823, 1980.36, '2025-03-23T00:05:26.691Z'),
(634, 41.527912, 83823, 1980.36, '2025-03-23T00:05:56.692Z'),
(635, 41.527912, 83823, 1980.36, '2025-03-23T00:06:26.691Z'),
(636, 41.527912, 83823, 1980.36, '2025-03-23T00:06:56.691Z'),
(637, 41.527912, 83823, 1980.36, '2025-03-23T00:07:26.691Z'),
(638, 41.527912, 83861, 1980.47, '2025-03-23T00:07:56.850Z'),
(639, 41.527912, 83861, 1980.47, '2025-03-23T00:08:26.691Z'),
(640, 41.527912, 83861, 1980.47, '2025-03-23T00:08:56.691Z'),
(641, 41.527912, 83861, 1980.47, '2025-03-23T00:09:26.691Z'),
(642, 41.527912, 83861, 1980.47, '2025-03-23T00:09:56.691Z'),
(643, 41.527912, 83861, 1980.47, '2025-03-23T00:10:26.691Z'),
(644, 41.527912, 83861, 1980.47, '2025-03-23T00:10:56.691Z'),
(645, 41.527912, 83861, 1980.47, '2025-03-23T00:11:26.692Z'),
(646, 41.527912, 83861, 1980.47, '2025-03-23T00:11:56.692Z'),
(647, 41.527912, 83861, 1980.47, '2025-03-23T00:12:26.692Z'),
(648, 41.527912, 83861, 1980.47, '2025-03-23T00:12:56.692Z'),
(649, 41.527912, 83879, 1981.22, '2025-03-23T00:13:26.838Z'),
(650, 41.527912, 83879, 1981.22, '2025-03-23T00:13:56.692Z'),
(651, 41.527912, 83879, 1981.22, '2025-03-23T00:14:26.692Z'),
(652, 41.527912, 83879, 1981.22, '2025-03-23T00:14:56.692Z'),
(653, 41.527912, 83879, 1981.22, '2025-03-23T00:15:26.692Z'),
(654, 41.527912, 83879, 1981.22, '2025-03-23T00:15:56.693Z'),
(656, 41.527912, 83879, 1981.22, '2025-03-23T00:16:56.692Z'),
(658, 41.527912, 83879, 1981.22, '2025-03-23T00:17:56.692Z'),
(660, 41.527912, 83933, 1982.92, '2025-03-23T00:18:56.831Z'),
(661, 41.527912, 83933, 1982.92, '2025-03-23T00:19:26.692Z'),
(662, 41.527912, 83933, 1982.92, '2025-03-23T00:19:56.692Z'),
(664, 41.527912, 83933, 1982.92, '2025-03-23T00:20:56.692Z'),
(666, 41.527912, 83933, 1982.92, '2025-03-23T00:21:56.692Z'),
(667, 41.527912, 83933, 1982.92, '2025-03-23T00:22:26.692Z'),
(668, 41.527912, 83933, 1982.92, '2025-03-23T00:22:56.692Z'),
(655, 41.527912, 83879, 1981.22, '2025-03-23T00:16:26.692Z'),
(657, 41.527912, 83879, 1981.22, '2025-03-23T00:17:26.692Z'),
(659, 41.527912, 83879, 1981.22, '2025-03-23T00:18:26.692Z'),
(663, 41.527912, 83933, 1982.92, '2025-03-23T00:20:26.692Z'),
(665, 41.527912, 83933, 1982.92, '2025-03-23T00:21:26.692Z'),
(669, 41.527912, 83933, 1982.92, '2025-03-23T00:23:26.692Z'),
(670, 41.527912, 83933, 1982.92, '2025-03-23T00:23:56.692Z'),
(671, 41.527912, 83968, 1983.45, '2025-03-23T00:24:26.846Z'),
(672, 41.527912, 83968, 1983.45, '2025-03-23T00:24:56.693Z'),
(673, 41.527912, 83968, 1983.45, '2025-03-23T00:25:26.692Z'),
(674, 41.527912, 83968, 1983.45, '2025-03-23T00:25:56.693Z'),
(675, 41.527912, 83968, 1983.45, '2025-03-23T00:26:26.692Z'),
(676, 41.527912, 83968, 1983.45, '2025-03-23T00:26:56.692Z'),
(677, 41.527912, 83968, 1983.45, '2025-03-23T00:27:26.692Z'),
(678, 41.527912, 83968, 1983.45, '2025-03-23T00:27:56.692Z'),
(679, 41.527912, 83968, 1983.45, '2025-03-23T00:28:26.692Z'),
(680, 41.527912, 83968, 1983.45, '2025-03-23T00:28:56.692Z'),
(681, 41.527912, 83968, 1983.45, '2025-03-23T00:29:26.692Z'),
(682, 41.527912, 83993, 1984.17, '2025-03-23T00:29:56.840Z'),
(683, 41.527912, 83993, 1984.17, '2025-03-23T00:30:26.693Z'),
(684, 41.527912, 83993, 1984.17, '2025-03-23T00:30:56.692Z'),
(685, 41.527912, 83993, 1984.17, '2025-03-23T00:31:26.692Z'),
(686, 41.527912, 83993, 1984.17, '2025-03-23T00:31:56.692Z'),
(687, 41.527912, 83993, 1984.17, '2025-03-23T00:32:26.693Z'),
(688, 41.527912, 83993, 1984.17, '2025-03-23T00:32:56.693Z'),
(689, 41.527183, 84911, 2013.48, '2025-03-23T13:26:26.267Z'),
(690, 41.527183, 84911, 2013.48, '2025-03-23T13:26:54.819Z'),
(691, 41.527183, 84911, 2013.48, '2025-03-23T13:27:24.820Z'),
(692, 41.527183, 84911, 2013.48, '2025-03-23T13:27:54.822Z'),
(693, 41.527183, 84911, 2013.48, '2025-03-23T13:28:24.823Z'),
(694, 41.527183, 84911, 2013.48, '2025-03-23T13:28:54.823Z'),
(695, 41.527183, 84911, 2013.48, '2025-03-23T13:29:24.824Z'),
(696, 41.527183, 84911, 2013.48, '2025-03-23T13:29:54.823Z'),
(697, 41.527183, 84911, 2013.48, '2025-03-23T13:30:24.823Z'),
(698, 41.527183, 84911, 2013.48, '2025-03-23T13:30:54.824Z'),
(700, 41.527183, 84951, 2016.29, '2025-03-23T13:31:55.001Z'),
(701, 41.527183, 84951, 2016.29, '2025-03-23T13:32:24.825Z'),
(702, 41.527183, 84951, 2016.29, '2025-03-23T13:32:54.826Z'),
(704, 41.527183, 84978, 2017.48, '2025-03-23T13:33:53.466Z'),
(705, 41.527183, 84978, 2017.48, '2025-03-23T13:34:22.771Z'),
(706, 41.527183, 84978, 2017.48, '2025-03-23T13:34:52.772Z'),
(707, 41.527183, 84978, 2017.48, '2025-03-23T13:35:22.773Z'),
(708, 41.527183, 85031, 2018.62, '2025-03-23T13:35:48.677Z'),
(709, 41.527183, 85031, 2018.62, '2025-03-23T13:36:17.774Z'),
(710, 41.527183, 85031, 2018.62, '2025-03-23T13:36:47.775Z'),
(711, 41.527183, 85031, 2018.62, '2025-03-23T13:37:17.774Z'),
(712, 41.527183, 85007, 2018.36, '2025-03-23T13:37:30.430Z'),
(713, 41.527183, 84984, 2017.52, '2025-03-23T13:37:52.745Z'),
(714, 41.527183, 84984, 2017.52, '2025-03-23T13:38:22.162Z'),
(715, 41.527183, 84984, 2017.52, '2025-03-23T13:38:52.162Z'),
(716, 41.527183, 84984, 2017.52, '2025-03-23T13:39:22.162Z'),
(717, 41.527183, 84984, 2017.52, '2025-03-23T13:39:52.165Z'),
(718, 41.527183, 84984, 2017.52, '2025-03-23T13:40:22.163Z'),
(719, 41.527183, 84984, 2017.52, '2025-03-23T13:40:52.163Z'),
(720, 41.527183, 84984, 2017.52, '2025-03-23T13:41:22.163Z'),
(721, 41.527183, 84984, 2017.52, '2025-03-23T13:41:52.163Z'),
(722, 41.527183, 84984, 2017.52, '2025-03-23T13:42:22.163Z'),
(723, 41.527183, 84984, 2017.52, '2025-03-23T13:42:52.163Z'),
(724, 41.527183, 84883, 2014.49, '2025-03-23T13:43:22.316Z'),
(725, 41.527183, 84883, 2014.49, '2025-03-23T13:43:52.164Z'),
(726, 41.527183, 84883, 2014.49, '2025-03-23T13:44:22.163Z'),
(727, 41.527183, 84883, 2014.49, '2025-03-23T13:44:52.164Z'),
(728, 41.527183, 84883, 2014.49, '2025-03-23T13:45:22.164Z'),
(729, 41.527183, 84883, 2014.49, '2025-03-23T13:45:52.164Z'),
(730, 41.527183, 84883, 2014.49, '2025-03-23T13:46:22.164Z'),
(731, 41.527183, 84883, 2014.49, '2025-03-23T13:46:52.164Z'),
(732, 41.527183, 84883, 2014.49, '2025-03-23T13:47:22.164Z'),
(733, 41.527183, 84883, 2014.49, '2025-03-23T13:47:52.164Z'),
(734, 41.527183, 84883, 2014.49, '2025-03-23T13:48:22.164Z'),
(735, 41.527183, 84862, 2014.04, '2025-03-23T13:48:52.330Z'),
(736, 41.527183, 84896, 2015.05, '2025-03-23T13:49:19.320Z'),
(737, 41.527183, 84896, 2015.05, '2025-03-23T13:49:48.512Z'),
(738, 41.527183, 84896, 2015.05, '2025-03-23T13:50:18.513Z'),
(739, 41.527183, 84896, 2015.05, '2025-03-23T13:50:48.512Z'),
(740, 41.527183, 84896, 2015.05, '2025-03-23T13:51:18.512Z'),
(741, 41.527183, 84896, 2015.05, '2025-03-23T13:51:48.512Z'),
(742, 41.527183, 84896, 2015.05, '2025-03-23T13:52:18.513Z'),
(743, 41.527183, 84896, 2015.05, '2025-03-23T13:52:48.514Z'),
(744, 41.527183, 84896, 2015.05, '2025-03-23T13:53:18.514Z'),
(745, 41.527183, 84896, 2015.05, '2025-03-23T13:53:48.513Z'),
(746, 41.527183, 84896, 2015.05, '2025-03-23T13:54:18.513Z'),
(747, 41.527183, 84958, 2017.02, '2025-03-23T13:54:48.674Z'),
(748, 41.527183, 84958, 2017.02, '2025-03-23T13:55:18.514Z'),
(749, 41.527183, 84958, 2017.02, '2025-03-23T13:55:48.515Z'),
(750, 41.527183, 84945, 2016.93, '2025-03-23T13:56:15.627Z'),
(751, 41.527183, 84945, 2016.93, '2025-03-23T13:56:44.671Z'),
(752, 41.527183, 84945, 2016.93, '2025-03-23T13:57:14.671Z'),
(753, 41.527183, 84945, 2016.93, '2025-03-23T13:57:44.671Z'),
(754, 41.527183, 84945, 2016.93, '2025-03-23T13:58:14.671Z'),
(755, 41.527183, 84945, 2016.93, '2025-03-23T13:58:44.670Z'),
(756, 41.527183, 84945, 2016.93, '2025-03-23T13:59:14.671Z'),
(757, 41.527183, 84945, 2016.93, '2025-03-23T13:59:44.671Z'),
(758, 41.527183, 85010, 2018.45, '2025-03-23T14:00:06.397Z'),
(759, 41.527183, 85010, 2018.45, '2025-03-23T14:00:35.542Z'),
(760, 41.527183, 85010, 2018.45, '2025-03-23T14:01:05.542Z'),
(761, 41.527183, 85010, 2018.45, '2025-03-23T14:01:35.542Z'),
(762, 41.527183, 85010, 2018.45, '2025-03-23T14:02:05.543Z'),
(763, 41.527183, 85010, 2018.45, '2025-03-23T14:02:35.543Z'),
(764, 41.527183, 85104, 2019.61, '2025-03-23T14:02:42.892Z'),
(765, 41.527183, 85104, 2019.61, '2025-03-23T14:03:12.072Z'),
(766, 41.527183, 85104, 2019.61, '2025-03-23T14:03:42.071Z'),
(767, 41.527183, 85104, 2019.61, '2025-03-23T14:04:12.071Z'),
(768, 41.527183, 85104, 2019.61, '2025-03-23T14:04:42.071Z'),
(769, 41.527183, 85104, 2019.61, '2025-03-23T14:05:12.071Z'),
(770, 41.527183, 85104, 2019.61, '2025-03-23T14:05:42.071Z'),
(771, 41.527183, 85104, 2019.61, '2025-03-23T14:06:12.071Z'),
(772, 41.527183, 85020, 2017.2, '2025-03-23T14:06:19.186Z'),
(773, 41.527183, 85020, 2017.2, '2025-03-23T14:06:48.354Z'),
(774, 41.527183, 85020, 2017.2, '2025-03-23T14:07:18.355Z'),
(775, 41.527183, 85006, 2016.85, '2025-03-23T14:07:38.788Z'),
(776, 41.527183, 85006, 2016.85, '2025-03-23T14:08:07.905Z'),
(777, 41.527183, 85006, 2016.85, '2025-03-23T14:08:37.906Z'),
(778, 41.527183, 85006, 2016.85, '2025-03-23T14:09:07.907Z'),
(779, 41.527183, 84956, 2015.68, '2025-03-23T14:09:38.046Z'),
(780, 41.527183, 84956, 2015.68, '2025-03-23T14:10:07.098Z'),
(781, 41.527183, 84956, 2015.68, '2025-03-23T14:10:37.097Z'),
(782, 41.527183, 84968, 2015.86, '2025-03-23T14:11:07.124Z'),
(783, 41.527183, 84968, 2015.86, '2025-03-23T14:11:36.219Z'),
(784, 41.527183, 84968, 2015.86, '2025-03-23T14:12:06.219Z'),
(785, 41.527183, 84968, 2015.86, '2025-03-23T14:12:36.219Z'),
(786, 41.527183, 84968, 2015.86, '2025-03-23T14:13:06.220Z'),
(787, 41.527183, 84964, 2015.83, '2025-03-23T14:13:19.699Z'),
(788, 41.527183, 84964, 2015.83, '2025-03-23T14:13:49.165Z'),
(789, 41.527183, 84964, 2015.83, '2025-03-23T14:14:19.165Z'),
(790, 41.527183, 84964, 2015.83, '2025-03-23T14:14:49.165Z'),
(791, 41.527183, 84964, 2015.83, '2025-03-23T14:15:19.165Z'),
(792, 41.527183, 84964, 2015.83, '2025-03-23T14:15:49.166Z'),
(793, 41.527183, 84964, 2015.83, '2025-03-23T14:16:19.166Z'),
(794, 41.527183, 84964, 2015.83, '2025-03-23T14:16:49.166Z'),
(795, 41.527183, 84964, 2015.83, '2025-03-23T14:17:19.167Z'),
(796, 41.527183, 84964, 2015.83, '2025-03-23T14:17:49.168Z'),
(797, 41.527183, 84964, 2015.83, '2025-03-23T14:18:19.168Z'),
(798, 41.527183, 85013, 2016.09, '2025-03-23T14:18:49.342Z'),
(799, 41.527183, 85013, 2016.09, '2025-03-23T14:19:19.168Z'),
(800, 41.527183, 85013, 2016.09, '2025-03-23T14:19:49.168Z'),
(801, 41.527183, 85013, 2016.09, '2025-03-23T14:20:19.168Z'),
(802, 41.527183, 85013, 2016.09, '2025-03-23T14:20:49.168Z'),
(803, 41.527183, 85013, 2016.09, '2025-03-23T14:21:19.168Z'),
(804, 41.527183, 85013, 2016.09, '2025-03-23T14:21:49.168Z'),
(805, 41.527183, 84989, 2014.59, '2025-03-23T14:22:09.300Z'),
(806, 41.527183, 84989, 2014.59, '2025-03-23T14:22:38.276Z'),
(807, 41.527183, 84989, 2014.59, '2025-03-23T14:23:08.276Z'),
(808, 41.527183, 84989, 2014.59, '2025-03-23T14:23:38.276Z'),
(809, 41.527183, 84897, 2011.48, '2025-03-23T14:24:01.916Z'),
(810, 41.527183, 84897, 2011.48, '2025-03-23T14:24:31.254Z'),
(811, 41.527183, 84888, 2011.02, '2025-03-23T14:24:53.386Z'),
(812, 41.527183, 84888, 2011.02, '2025-03-23T14:25:22.585Z'),
(813, 41.527183, 84888, 2011.02, '2025-03-23T14:25:52.585Z'),
(814, 41.527183, 84843, 2009.06, '2025-03-23T14:26:14.308Z'),
(815, 41.527183, 84843, 2009.06, '2025-03-23T14:26:43.745Z'),
(816, 41.527183, 84843, 2009.06, '2025-03-23T14:27:13.743Z'),
(817, 41.527183, 84843, 2009.06, '2025-03-23T14:27:43.745Z'),
(818, 41.527183, 84843, 2009.06, '2025-03-23T14:28:13.745Z'),
(819, 41.527183, 84843, 2009.06, '2025-03-23T14:28:43.746Z'),
(820, 41.527183, 84843, 2009.06, '2025-03-23T14:29:13.746Z'),
(821, 41.527183, 84843, 2009.06, '2025-03-23T14:29:43.747Z'),
(822, 41.527183, 84843, 2009.06, '2025-03-23T14:30:13.747Z'),
(823, 41.527183, 84843, 2009.06, '2025-03-23T14:30:43.746Z'),
(824, 41.527183, 84843, 2009.06, '2025-03-23T14:31:13.746Z'),
(825, 41.527183, 84897, 2008.63, '2025-03-23T14:31:43.907Z'),
(826, 41.527183, 84897, 2008.63, '2025-03-23T14:31:55.949Z'),
(827, 41.527183, 84897, 2008.63, '2025-03-23T14:32:25.297Z'),
(828, 41.527183, 84897, 2008.63, '2025-03-23T14:32:55.297Z'),
(829, 41.527183, 84897, 2008.63, '2025-03-23T14:33:25.298Z'),
(830, 41.527183, 84897, 2008.63, '2025-03-23T14:33:55.298Z'),
(831, 41.527183, 84897, 2008.63, '2025-03-23T14:34:25.297Z'),
(832, 41.527183, 84923, 2008.91, '2025-03-23T14:34:47.312Z'),
(833, 41.527183, 84923, 2008.91, '2025-03-23T14:35:16.007Z'),
(834, 41.527183, 84923, 2008.91, '2025-03-23T14:35:46.006Z'),
(835, 41.527183, 84923, 2008.91, '2025-03-23T14:36:16.006Z'),
(836, 41.527183, 84923, 2008.91, '2025-03-23T14:36:46.006Z'),
(837, 41.527183, 84938, 2008.74, '2025-03-23T14:36:54.701Z'),
(838, 41.527183, 84938, 2008.74, '2025-03-23T14:37:23.877Z'),
(839, 41.527183, 84938, 2008.74, '2025-03-23T14:37:53.876Z'),
(840, 41.527183, 84938, 2008.74, '2025-03-23T14:38:23.876Z'),
(841, 41.527183, 84938, 2008.74, '2025-03-23T14:38:53.876Z'),
(842, 41.527183, 84938, 2008.74, '2025-03-23T14:39:23.876Z'),
(843, 41.527183, 84938, 2008.74, '2025-03-23T14:39:53.876Z'),
(844, 41.527183, 84938, 2008.74, '2025-03-23T14:40:23.876Z'),
(845, 41.527183, 84938, 2008.74, '2025-03-23T14:40:53.876Z'),
(846, 41.527183, 85033, 2010.6, '2025-03-23T14:41:04.431Z'),
(847, 41.527183, 85033, 2010.6, '2025-03-23T14:41:33.482Z'),
(848, 41.527183, 85033, 2010.6, '2025-03-23T14:42:03.482Z'),
(849, 41.527183, 85066, 2011.74, '2025-03-23T14:43:34.407Z'),
(850, 41.527183, 85066, 2011.74, '2025-03-23T14:44:03.937Z'),
(851, 41.527183, 84970, 2008.89, '2025-03-23T14:44:25.642Z'),
(852, 41.527183, 84970, 2008.89, '2025-03-23T14:44:54.735Z'),
(853, 41.527183, 84970, 2008.89, '2025-03-23T14:45:24.735Z'),
(854, 41.527183, 84970, 2008.89, '2025-03-23T14:45:54.739Z'),
(855, 41.527183, 84970, 2008.89, '2025-03-23T14:46:24.740Z'),
(856, 41.527183, 84970, 2008.89, '2025-03-23T14:46:54.740Z'),
(857, 41.527183, 84970, 2008.89, '2025-03-23T14:47:24.740Z'),
(858, 41.527183, 85009, 2008.48, '2025-03-23T14:49:22.367Z'),
(859, 41.527183, 85009, 2008.48, '2025-03-23T14:49:51.848Z'),
(860, 41.527183, 85009, 2008.48, '2025-03-23T14:50:21.849Z'),
(861, 41.527183, 85009, 2008.48, '2025-03-23T14:50:51.850Z'),
(862, 41.527183, 85009, 2008.48, '2025-03-23T14:51:21.849Z'),
(863, 41.527183, 85009, 2008.48, '2025-03-23T14:51:51.849Z'),
(864, 41.527183, 85009, 2008.48, '2025-03-23T14:52:21.849Z'),
(865, 41.527183, 85009, 2008.48, '2025-03-23T14:52:51.849Z'),
(866, 41.527183, 85009, 2008.48, '2025-03-23T14:53:21.849Z'),
(867, 41.527183, 85009, 2008.48, '2025-03-23T14:53:51.849Z'),
(868, 41.527183, 85009, 2008.48, '2025-03-23T14:54:21.849Z'),
(869, 41.527183, 84852, 2004.62, '2025-03-23T14:54:52.031Z'),
(870, 41.527183, 84852, 2004.62, '2025-03-23T14:55:23.401Z'),
(871, 41.527183, 84852, 2004.62, '2025-03-23T14:55:52.609Z'),
(872, 41.527183, 84852, 2004.62, '2025-03-23T14:56:22.609Z'),
(873, 41.527183, 84852, 2004.62, '2025-03-23T14:56:52.609Z'),
(874, 41.527183, 84852, 2004.62, '2025-03-23T14:57:22.609Z'),
(875, 41.527183, 84852, 2004.62, '2025-03-23T14:57:52.609Z'),
(876, 41.527183, 84852, 2004.62, '2025-03-23T14:58:22.609Z'),
(877, 41.527183, 84852, 2004.62, '2025-03-23T14:58:52.610Z'),
(878, 41.527183, 84852, 2004.62, '2025-03-23T14:59:22.609Z'),
(879, 41.527183, 84852, 2004.62, '2025-03-23T14:59:52.609Z'),
(880, 41.527183, 84852, 2004.62, '2025-03-23T15:00:22.610Z'),
(881, 41.527183, 84909, 2004.31, '2025-03-23T15:00:52.771Z'),
(882, 41.527183, 84909, 2004.31, '2025-03-23T15:01:22.609Z'),
(883, 41.527183, 84909, 2004.31, '2025-03-23T15:01:52.610Z'),
(884, 41.527183, 84909, 2004.31, '2025-03-23T15:02:22.610Z'),
(885, 41.527183, 84909, 2004.31, '2025-03-23T15:02:52.610Z'),
(886, 41.527183, 84909, 2004.31, '2025-03-23T15:03:22.610Z'),
(887, 41.527183, 84946, 2004.79, '2025-03-23T15:03:34.006Z'),
(888, 41.527183, 84946, 2004.79, '2025-03-23T15:03:43.287Z'),
(889, 41.527183, 84946, 2004.79, '2025-03-23T15:04:12.317Z'),
(890, 41.527183, 84946, 2004.79, '2025-03-23T15:04:42.317Z'),
(891, 41.527183, 84946, 2004.79, '2025-03-23T15:05:12.317Z'),
(892, 41.527183, 84927, 2004.7, '2025-03-23T15:05:33.601Z'),
(893, 41.527183, 84927, 2004.7, '2025-03-23T15:06:02.990Z'),
(894, 41.527183, 84935, 2004.82, '2025-03-23T15:06:32.428Z'),
(895, 41.527183, 84935, 2004.82, '2025-03-23T15:07:01.671Z'),
(896, 41.527183, 84935, 2004.82, '2025-03-23T15:07:31.671Z'),
(897, 41.527183, 84935, 2004.82, '2025-03-23T15:08:01.671Z'),
(898, 41.527183, 84935, 2004.82, '2025-03-23T15:08:31.671Z'),
(899, 41.527183, 84935, 2004.82, '2025-03-23T15:09:01.671Z'),
(900, 41.527183, 84935, 2004.82, '2025-03-23T15:09:31.672Z'),
(901, 41.527183, 84935, 2004.82, '2025-03-23T15:10:01.671Z'),
(902, 41.527183, 84935, 2004.82, '2025-03-23T15:10:31.671Z'),
(903, 41.527183, 84935, 2004.82, '2025-03-23T15:11:01.671Z'),
(904, 41.527183, 84935, 2004.82, '2025-03-23T15:11:31.671Z'),
(905, 41.527183, 85005, 2006.66, '2025-03-23T15:12:01.837Z'),
(906, 41.527183, 85005, 2006.66, '2025-03-23T15:12:31.672Z'),
(915, 41.527183, 85005, 2006.66, '2025-03-23T15:17:01.673Z'),
(916, 41.527183, 85005, 2006.26, '2025-03-23T15:17:31.815Z'),
(917, 41.527183, 85005, 2006.26, '2025-03-23T15:18:01.673Z'),
(918, 41.527183, 85005, 2006.26, '2025-03-23T15:18:31.673Z'),
(920, 41.527183, 85005, 2006.26, '2025-03-23T15:19:31.673Z'),
(921, 41.527183, 85005, 2006.26, '2025-03-23T15:20:01.673Z'),
(922, 41.527183, 85005, 2006.26, '2025-03-23T15:20:31.677Z'),
(926, 41.527183, 85005, 2006.26, '2025-03-23T15:22:31.677Z'),
(928, 41.527183, 85130, 2009.92, '2025-03-23T15:23:31.677Z'),
(935, 41.527183, 85130, 2009.92, '2025-03-23T15:27:01.677Z'),
(936, 41.527183, 85130, 2009.92, '2025-03-23T15:27:31.678Z'),
(907, 41.527183, 85005, 2006.66, '2025-03-23T15:13:01.673Z'),
(923, 41.527183, 85005, 2006.26, '2025-03-23T15:21:01.677Z'),
(927, 41.527183, 85130, 2009.92, '2025-03-23T15:23:01.840Z'),
(929, 41.527183, 85130, 2009.92, '2025-03-23T15:24:01.677Z'),
(931, 41.527183, 85130, 2009.92, '2025-03-23T15:25:01.677Z'),
(942, 41.527183, 85103, 2009.33, '2025-03-23T15:30:31.677Z'),
(947, 41.527183, 85103, 2009.33, '2025-03-23T15:33:01.677Z'),
(908, 41.527183, 85005, 2006.66, '2025-03-23T15:13:31.672Z'),
(913, 41.527183, 85005, 2006.66, '2025-03-23T15:16:01.673Z'),
(932, 41.527183, 85130, 2009.92, '2025-03-23T15:25:31.678Z'),
(937, 41.527183, 85130, 2009.92, '2025-03-23T15:28:01.677Z'),
(943, 41.527183, 85103, 2009.33, '2025-03-23T15:31:01.677Z'),
(945, 41.527183, 85103, 2009.33, '2025-03-23T15:32:01.678Z'),
(909, 41.527183, 85005, 2006.66, '2025-03-23T15:14:01.672Z'),
(910, 41.527183, 85005, 2006.66, '2025-03-23T15:14:31.673Z'),
(930, 41.527183, 85130, 2009.92, '2025-03-23T15:24:31.678Z'),
(933, 41.527183, 85130, 2009.92, '2025-03-23T15:26:01.678Z'),
(934, 41.527183, 85130, 2009.92, '2025-03-23T15:26:31.677Z'),
(939, 41.527183, 85103, 2009.33, '2025-03-23T15:29:01.677Z'),
(940, 41.527183, 85103, 2009.33, '2025-03-23T15:29:31.678Z'),
(946, 41.527183, 85103, 2009.33, '2025-03-23T15:32:31.677Z'),
(911, 41.527183, 85005, 2006.66, '2025-03-23T15:15:01.672Z'),
(912, 41.527183, 85005, 2006.66, '2025-03-23T15:15:31.673Z'),
(914, 41.527183, 85005, 2006.66, '2025-03-23T15:16:31.673Z'),
(919, 41.527183, 85005, 2006.26, '2025-03-23T15:19:01.673Z'),
(924, 41.527183, 85005, 2006.26, '2025-03-23T15:21:31.677Z'),
(925, 41.527183, 85005, 2006.26, '2025-03-23T15:22:01.678Z'),
(938, 41.527183, 85103, 2009.33, '2025-03-23T15:28:31.841Z'),
(941, 41.527183, 85103, 2009.33, '2025-03-23T15:30:01.677Z'),
(944, 41.527183, 85103, 2009.33, '2025-03-23T15:31:31.677Z'),
(948, 41.527183, 85044, 2006.18, '2025-03-23T15:33:28.625Z'),
(949, 41.527183, 85044, 2006.18, '2025-03-23T15:33:57.722Z'),
(950, 41.527183, 85044, 2006.18, '2025-03-23T15:34:27.722Z'),
(951, 41.527183, 85044, 2006.18, '2025-03-23T15:34:57.721Z'),
(952, 41.527183, 85044, 2006.18, '2025-03-23T15:35:27.721Z'),
(953, 41.527183, 85044, 2006.18, '2025-03-23T15:35:57.721Z'),
(954, 41.527183, 85044, 2006.18, '2025-03-23T15:36:27.721Z'),
(955, 41.527183, 85044, 2006.18, '2025-03-23T15:36:57.721Z'),
(956, 41.527183, 85044, 2006.18, '2025-03-23T15:37:27.721Z'),
(957, 41.527183, 85044, 2006.18, '2025-03-23T15:37:57.727Z'),
(958, 41.527183, 85044, 2006.18, '2025-03-23T15:38:27.726Z'),
(959, 41.527183, 85112, 2007.58, '2025-03-23T15:38:47.428Z'),
(960, 41.527183, 85150, 2008.73, '2025-03-23T15:39:09.469Z'),
(961, 41.527183, 85150, 2008.73, '2025-03-23T15:39:38.961Z'),
(962, 41.527183, 85150, 2008.73, '2025-03-23T15:40:08.961Z'),
(963, 41.527183, 85150, 2008.73, '2025-03-23T15:40:38.962Z'),
(964, 41.527183, 85150, 2008.73, '2025-03-23T15:41:08.963Z'),
(965, 41.527183, 85150, 2008.73, '2025-03-23T15:41:38.963Z'),
(966, 41.527183, 85150, 2008.73, '2025-03-23T15:42:08.963Z'),
(967, 41.527183, 85150, 2008.73, '2025-03-23T15:42:38.963Z'),
(968, 41.527183, 85150, 2008.73, '2025-03-23T15:43:08.963Z'),
(969, 41.527183, 85150, 2008.73, '2025-03-23T15:43:38.963Z'),
(970, 41.527183, 85150, 2008.73, '2025-03-23T15:44:08.963Z'),
(971, 41.527183, 85223, 2009.41, '2025-03-23T15:44:25.396Z'),
(972, 41.527183, 85223, 2009.41, '2025-03-23T15:44:35.328Z'),
(973, 41.527183, 85223, 2009.41, '2025-03-23T15:45:04.271Z'),
(974, 41.527183, 85223, 2009.41, '2025-03-23T15:45:34.271Z'),
(975, 41.527183, 85102, 2006.42, '2025-03-23T15:46:01.411Z'),
(976, 41.527183, 85102, 2006.42, '2025-03-23T15:46:10.009Z'),
(977, 41.527183, 85102, 2006.42, '2025-03-23T15:46:39.518Z'),
(978, 41.527183, 85102, 2006.42, '2025-03-23T15:47:09.517Z'),
(979, 41.527183, 85102, 2006.42, '2025-03-23T15:47:39.517Z'),
(980, 41.527183, 85102, 2006.42, '2025-03-23T15:48:09.519Z'),
(981, 41.527183, 85165, 2007.44, '2025-03-23T15:48:32.015Z'),
(982, 41.527183, 85165, 2007.44, '2025-03-23T15:49:01.444Z'),
(983, 41.527183, 85165, 2007.44, '2025-03-23T15:49:31.445Z'),
(984, 41.527183, 85158, 2007.01, '2025-03-23T15:49:48.673Z'),
(985, 41.527183, 85158, 2007.01, '2025-03-23T15:50:15.899Z'),
(986, 41.527183, 85158, 2007.01, '2025-03-23T15:50:44.519Z'),
(987, 41.527183, 85158, 2007.01, '2025-03-23T15:51:14.519Z'),
(988, 41.527183, 85158, 2007.01, '2025-03-23T15:51:44.519Z'),
(989, 41.527183, 85158, 2007.01, '2025-03-23T15:52:14.519Z'),
(990, 41.527183, 85158, 2007.01, '2025-03-23T15:52:44.520Z'),
(991, 41.527183, 85169, 2007.31, '2025-03-23T15:52:57.983Z'),
(992, 41.527183, 85169, 2007.31, '2025-03-23T15:53:27.064Z'),
(993, 41.527183, 85134, 2006.51, '2025-03-23T15:53:46.180Z'),
(994, 41.527183, 85134, 2006.51, '2025-03-23T15:54:15.283Z'),
(995, 41.527183, 85134, 2006.51, '2025-03-23T15:54:45.283Z'),
(996, 41.527183, 85134, 2006.51, '2025-03-23T15:55:15.283Z'),
(997, 41.527183, 85134, 2006.51, '2025-03-23T15:55:45.283Z'),
(998, 41.527183, 85134, 2006.51, '2025-03-23T15:56:15.283Z'),
(999, 41.527183, 85134, 2006.51, '2025-03-23T15:56:45.283Z'),
(1000, 41.527183, 85134, 2006.51, '2025-03-23T15:57:15.283Z'),
(1001, 41.527183, 85134, 2006.51, '2025-03-23T15:57:45.283Z'),
(1002, 41.527183, 85129, 2006.64, '2025-03-23T15:57:54.944Z'),
(1003, 41.527183, 85129, 2006.64, '2025-03-23T15:58:23.535Z'),
(1004, 41.527183, 85129, 2006.64, '2025-03-23T15:58:53.535Z'),
(1005, 41.527183, 85129, 2006.64, '2025-03-23T15:59:23.535Z'),
(1006, 41.527183, 85129, 2006.64, '2025-03-23T15:59:53.535Z'),
(1007, 41.527183, 85129, 2006.64, '2025-03-23T16:00:23.536Z'),
(1008, 41.527183, 85129, 2006.64, '2025-03-23T16:00:53.535Z'),
(1009, 41.527183, 85129, 2006.64, '2025-03-23T16:01:23.535Z'),
(1010, 41.527183, 85129, 2006.64, '2025-03-23T16:01:53.536Z'),
(1011, 41.527183, 85129, 2006.64, '2025-03-23T16:02:23.536Z'),
(1012, 41.527183, 85129, 2006.64, '2025-03-23T16:02:53.536Z'),
(1013, 41.527183, 85167, 2006.72, '2025-03-23T16:03:23.730Z'),
(1014, 41.527183, 85167, 2006.72, '2025-03-23T16:03:53.536Z'),
(1015, 41.527183, 85167, 2006.72, '2025-03-23T16:04:23.536Z'),
(1016, 41.527183, 85167, 2006.72, '2025-03-23T16:04:53.536Z'),
(1017, 41.527183, 85078, 2004.29, '2025-03-23T16:05:14.598Z'),
(1018, 41.527183, 85078, 2004.29, '2025-03-23T16:05:44.061Z'),
(1019, 41.527183, 85078, 2004.29, '2025-03-23T16:06:14.061Z'),
(1020, 41.527183, 85078, 2004.29, '2025-03-23T16:06:44.062Z'),
(1021, 41.527183, 85078, 2004.29, '2025-03-23T16:07:14.061Z'),
(1022, 41.527183, 85078, 2004.29, '2025-03-23T16:07:44.061Z'),
(1023, 41.527183, 85078, 2004.29, '2025-03-23T16:08:14.062Z'),
(1024, 41.527183, 85078, 2004.29, '2025-03-23T16:08:44.061Z'),
(1025, 41.527183, 85078, 2004.29, '2025-03-23T16:09:14.061Z'),
(1026, 41.527183, 85078, 2004.29, '2025-03-23T16:09:44.061Z'),
(1027, 41.527183, 85078, 2004.29, '2025-03-23T16:10:14.061Z'),
(1028, 41.527183, 85159, 2004.51, '2025-03-23T16:10:44.227Z'),
(1029, 41.527183, 85159, 2004.51, '2025-03-23T16:11:14.061Z'),
(1030, 41.527183, 85159, 2004.51, '2025-03-23T16:11:44.062Z'),
(1031, 41.527183, 85159, 2004.51, '2025-03-23T16:12:14.061Z'),
(1032, 41.527183, 85159, 2004.51, '2025-03-23T16:12:44.061Z'),
(1033, 41.527183, 85159, 2004.51, '2025-03-23T16:13:14.061Z'),
(1034, 41.527183, 85175, 2004.27, '2025-03-23T16:13:45.997Z'),
(1035, 41.527183, 85175, 2004.27, '2025-03-23T16:14:15.657Z'),
(1036, 41.527183, 85175, 2004.27, '2025-03-23T16:14:45.660Z'),
(1037, 41.527183, 85175, 2004.27, '2025-03-23T16:15:15.663Z'),
(1038, 41.527183, 85175, 2004.27, '2025-03-23T16:15:45.663Z'),
(1039, 41.527183, 85175, 2004.27, '2025-03-23T16:16:15.662Z'),
(1040, 41.527183, 85251, 2005.87, '2025-03-23T16:16:37.691Z'),
(1041, 41.527183, 85251, 2005.87, '2025-03-23T16:16:50.852Z'),
(1042, 41.527183, 85261, 2006.18, '2025-03-23T16:17:15.682Z'),
(1043, 41.527183, 85261, 2006.18, '2025-03-23T16:17:45.040Z'),
(1044, 41.527183, 85261, 2006.18, '2025-03-23T16:18:15.041Z'),
(1045, 41.527183, 85261, 2006.18, '2025-03-23T16:18:45.040Z'),
(1046, 41.527183, 85261, 2006.18, '2025-03-23T16:19:15.040Z'),
(1047, 41.527183, 85261, 2006.18, '2025-03-23T16:19:45.040Z'),
(1048, 41.527183, 85261, 2006.18, '2025-03-23T16:20:15.040Z'),
(1049, 41.527183, 85261, 2006.18, '2025-03-23T16:20:45.042Z'),
(1050, 41.527183, 85261, 2006.18, '2025-03-23T16:21:15.043Z'),
(1051, 41.527183, 85254, 2004.75, '2025-03-23T16:21:42.663Z'),
(1052, 41.527183, 85254, 2004.75, '2025-03-23T16:22:11.803Z'),
(1053, 41.527183, 85254, 2004.75, '2025-03-23T16:22:41.802Z'),
(1054, 41.527183, 85254, 2004.75, '2025-03-23T16:23:11.803Z'),
(1055, 41.527183, 85254, 2004.75, '2025-03-23T16:23:41.803Z'),
(1056, 41.527183, 85254, 2004.75, '2025-03-23T16:24:11.803Z'),
(1057, 41.527183, 85254, 2004.75, '2025-03-23T16:24:41.804Z'),
(1058, 41.527183, 85254, 2004.75, '2025-03-23T16:25:11.804Z'),
(1059, 41.527183, 85254, 2004.75, '2025-03-23T16:25:41.804Z'),
(1060, 41.527183, 85286, 2003.75, '2025-03-23T16:26:08.857Z'),
(1061, 41.527183, 85286, 2003.75, '2025-03-23T16:26:37.850Z'),
(1062, 41.527183, 85286, 2003.75, '2025-03-23T16:27:07.850Z'),
(1063, 41.527183, 85286, 2003.75, '2025-03-23T16:27:37.850Z'),
(1064, 41.527183, 85286, 2003.75, '2025-03-23T16:28:07.850Z'),
(1065, 41.527183, 85286, 2003.75, '2025-03-23T16:28:37.850Z'),
(1066, 41.527183, 85286, 2003.75, '2025-03-23T16:29:07.850Z'),
(1067, 41.527183, 85286, 2003.75, '2025-03-23T16:29:37.851Z'),
(1068, 41.527183, 85286, 2003.75, '2025-03-23T16:30:07.850Z'),
(1069, 41.527183, 85286, 2003.75, '2025-03-23T16:30:37.851Z'),
(1070, 41.527183, 85286, 2003.75, '2025-03-23T16:31:07.850Z'),
(1071, 41.527183, 85254, 2004.57, '2025-03-23T16:31:38.024Z'),
(1072, 41.527183, 85254, 2004.57, '2025-03-23T16:32:07.852Z'),
(1073, 41.527183, 85254, 2004.57, '2025-03-23T16:32:37.852Z'),
(1074, 41.527183, 85254, 2004.57, '2025-03-23T16:33:07.852Z'),
(1075, 41.527183, 85254, 2004.57, '2025-03-23T16:33:37.853Z'),
(1076, 41.527183, 85254, 2004.57, '2025-03-23T16:34:07.853Z'),
(1077, 41.527183, 85254, 2004.57, '2025-03-23T16:34:37.854Z'),
(1078, 41.527183, 85168, 2002.55, '2025-03-23T16:35:03.015Z'),
(1079, 41.527183, 85168, 2002.55, '2025-03-23T16:35:32.055Z'),
(1080, 41.527183, 85168, 2002.55, '2025-03-23T16:36:02.054Z'),
(1081, 41.527183, 85168, 2002.55, '2025-03-23T16:36:32.055Z'),
(1082, 41.527183, 85168, 2002.55, '2025-03-23T16:37:02.056Z'),
(1083, 41.527183, 85168, 2002.55, '2025-03-23T16:37:32.056Z'),
(1084, 41.527183, 85168, 2002.55, '2025-03-23T16:38:02.057Z'),
(1085, 41.527183, 85168, 2002.55, '2025-03-23T16:38:32.056Z'),
(1086, 41.527183, 85168, 2002.55, '2025-03-23T16:39:02.057Z'),
(1087, 41.527183, 84945, 1997.5, '2025-03-23T16:39:35.211Z'),
(1088, 41.527183, 84945, 1997.5, '2025-03-23T16:40:04.724Z'),
(1089, 41.527183, 84945, 1997.5, '2025-03-23T16:40:34.723Z'),
(1090, 41.527183, 84945, 1997.5, '2025-03-23T16:41:04.723Z'),
(1091, 41.527183, 84945, 1997.5, '2025-03-23T16:41:34.724Z'),
(1092, 41.527183, 84945, 1997.5, '2025-03-23T16:42:04.724Z'),
(1093, 41.527183, 84995, 1998.19, '2025-03-23T16:42:35.788Z'),
(1094, 41.527183, 84995, 1998.19, '2025-03-23T16:43:05.312Z'),
(1095, 41.527183, 84995, 1998.19, '2025-03-23T16:43:35.312Z'),
(1096, 41.527183, 84995, 1998.19, '2025-03-23T16:44:05.313Z'),
(1097, 41.527183, 84995, 1998.19, '2025-03-23T16:44:35.313Z'),
(1098, 41.527183, 85033, 1998.24, '2025-03-23T16:44:54.662Z'),
(1099, 41.527183, 85033, 1998.24, '2025-03-23T16:45:24.142Z'),
(1100, 41.527183, 85033, 1998.24, '2025-03-23T16:45:54.142Z'),
(1101, 41.527183, 85033, 1998.24, '2025-03-23T16:46:24.142Z'),
(1102, 41.527183, 85033, 1998.24, '2025-03-23T16:46:54.143Z'),
(1103, 41.527183, 85033, 1998.24, '2025-03-23T16:47:24.143Z'),
(1104, 41.527183, 85033, 1998.24, '2025-03-23T16:47:54.143Z'),
(1105, 41.527183, 85033, 1998.24, '2025-03-23T16:48:24.143Z'),
(1106, 41.527183, 85314, 2003.76, '2025-03-23T16:48:57.681Z'),
(1107, 41.527183, 85314, 2003.76, '2025-03-23T16:49:26.840Z'),
(1108, 41.527183, 85314, 2003.76, '2025-03-23T16:49:44.191Z'),
(1109, 41.527183, 85314, 2003.76, '2025-03-23T16:50:13.675Z'),
(1110, 41.527183, 85314, 2003.76, '2025-03-23T16:50:43.675Z'),
(1111, 41.527183, 85314, 2003.76, '2025-03-23T16:51:13.674Z'),
(1112, 41.527183, 85314, 2003.76, '2025-03-23T16:51:43.674Z'),
(1113, 41.527183, 85314, 2003.76, '2025-03-23T16:52:13.674Z'),
(1114, 41.527183, 85314, 2003.76, '2025-03-23T16:52:43.675Z'),
(1115, 41.527183, 85314, 2003.76, '2025-03-23T16:53:13.675Z'),
(1116, 41.527183, 85314, 2003.76, '2025-03-23T16:53:43.675Z'),
(1117, 41.527183, 85314, 2003.76, '2025-03-23T16:54:13.675Z'),
(1118, 41.527183, 85349, 2002.45, '2025-03-23T16:54:28.854Z'),
(1119, 41.527183, 85349, 2002.45, '2025-03-23T16:54:58.293Z'),
(1120, 41.527183, 85349, 2002.45, '2025-03-23T16:55:28.293Z'),
(1121, 41.527183, 85349, 2002.45, '2025-03-23T16:55:58.293Z'),
(1122, 41.527183, 85349, 2002.45, '2025-03-23T16:56:28.293Z'),
(1123, 41.527183, 85236, 1999.6, '2025-03-23T16:56:54.145Z'),
(1124, 41.527183, 85236, 1999.6, '2025-03-23T16:57:23.278Z'),
(1125, 41.527183, 85236, 1999.6, '2025-03-23T16:57:53.278Z'),
(1126, 41.527183, 85236, 1999.6, '2025-03-23T16:58:23.279Z'),
(1127, 41.527183, 85236, 1999.6, '2025-03-23T16:58:53.280Z'),
(1128, 41.527183, 85236, 1999.6, '2025-03-23T16:59:23.280Z'),
(1129, 41.527183, 85236, 1999.6, '2025-03-23T16:59:53.279Z'),
(1130, 41.527183, 85236, 1999.6, '2025-03-23T17:00:23.279Z'),
(1131, 41.527183, 85236, 1999.6, '2025-03-23T17:00:53.280Z'),
(1132, 41.527183, 85236, 1999.6, '2025-03-23T17:01:23.281Z'),
(1133, 41.527183, 85236, 1999.6, '2025-03-23T17:01:53.281Z'),
(1134, 41.527183, 85260, 1998.23, '2025-03-23T17:02:23.425Z'),
(1135, 41.527183, 85260, 1998.23, '2025-03-23T17:02:53.281Z'),
(1136, 41.527183, 85260, 1998.23, '2025-03-23T17:03:23.282Z'),
(1137, 41.527183, 85260, 1998.23, '2025-03-23T17:03:53.281Z'),
(1138, 41.527183, 85260, 1998.23, '2025-03-23T17:04:23.281Z'),
(1139, 41.527183, 85260, 1998.23, '2025-03-23T17:04:53.281Z'),
(1140, 41.527183, 85260, 1998.23, '2025-03-23T17:05:23.281Z'),
(1141, 41.527183, 85260, 1998.23, '2025-03-23T17:05:53.281Z'),
(1142, 41.527183, 85260, 1998.23, '2025-03-23T17:06:23.282Z'),
(1143, 41.527183, 85260, 1998.23, '2025-03-23T17:06:53.281Z'),
(1144, 41.527183, 85260, 1998.23, '2025-03-23T17:07:23.282Z'),
(1145, 41.527183, 85386, 2000.33, '2025-03-23T17:07:53.433Z'),
(1146, 41.527183, 85386, 2000.33, '2025-03-23T17:08:23.281Z'),
(1147, 41.527183, 85386, 2000.33, '2025-03-23T17:08:53.281Z'),
(1148, 41.527183, 85386, 2000.33, '2025-03-23T17:09:23.281Z'),
(1149, 41.527183, 85386, 2000.33, '2025-03-23T17:09:53.281Z'),
(1150, 41.527183, 85386, 2000.33, '2025-03-23T17:10:23.281Z'),
(1151, 41.527183, 85386, 2000.33, '2025-03-23T17:10:53.281Z'),
(1152, 41.527183, 85386, 2000.33, '2025-03-23T17:11:23.281Z'),
(1153, 41.527183, 85386, 2000.33, '2025-03-23T17:11:53.282Z'),
(1154, 41.527183, 85386, 2000.33, '2025-03-23T17:12:23.281Z'),
(1155, 41.527183, 85386, 2000.33, '2025-03-23T17:12:53.281Z'),
(1156, 41.527183, 85337, 1999.06, '2025-03-23T17:13:23.474Z'),
(1157, 41.527183, 85337, 1999.06, '2025-03-23T17:13:53.281Z'),
(1158, 41.527183, 85337, 1999.06, '2025-03-23T17:14:23.281Z'),
(1159, 41.527183, 85337, 1999.06, '2025-03-23T17:14:53.281Z'),
(1160, 41.527183, 85337, 1999.06, '2025-03-23T17:15:23.282Z'),
(1161, 41.527183, 85337, 1999.06, '2025-03-23T17:15:53.282Z'),
(1162, 41.527183, 85337, 1999.06, '2025-03-23T17:16:23.283Z'),
(1163, 41.527183, 85337, 1999.06, '2025-03-23T17:16:53.284Z'),
(1164, 41.527183, 85337, 1999.06, '2025-03-23T17:17:23.283Z'),
(1165, 41.527183, 85337, 1999.06, '2025-03-23T17:17:53.283Z'),
(1166, 41.527183, 85337, 1999.06, '2025-03-23T17:18:23.283Z'),
(1167, 41.527183, 85362, 1999.21, '2025-03-23T17:18:53.439Z'),
(1168, 41.527183, 85362, 1999.21, '2025-03-23T17:19:23.283Z'),
(1169, 41.527183, 85362, 1999.21, '2025-03-23T17:19:53.283Z'),
(1170, 41.527183, 85362, 1999.21, '2025-03-23T17:20:23.283Z'),
(1171, 41.527183, 85362, 1999.21, '2025-03-23T17:20:53.284Z'),
(1172, 41.527183, 85362, 1999.21, '2025-03-23T17:21:23.284Z'),
(1173, 41.527183, 85362, 1999.21, '2025-03-23T17:21:53.283Z'),
(1174, 41.527183, 85362, 1999.21, '2025-03-23T17:22:23.283Z'),
(1175, 41.527183, 85362, 1999.21, '2025-03-23T17:22:53.284Z'),
(1176, 41.527183, 85362, 1999.21, '2025-03-23T17:23:23.284Z'),
(1177, 41.527183, 85362, 1999.21, '2025-03-23T17:23:53.284Z'),
(1178, 41.527183, 85361, 2000.76, '2025-03-23T17:24:23.449Z'),
(1179, 41.527183, 85361, 2000.76, '2025-03-23T17:24:53.284Z'),
(1192, 41.527183, 85284, 1999.01, '2025-03-23T17:31:23.290Z'),
(1193, 41.527183, 85284, 1999.01, '2025-03-23T17:31:53.290Z'),
(1180, 41.527183, 85361, 2000.76, '2025-03-23T17:25:23.284Z'),
(1181, 41.527183, 85361, 2000.76, '2025-03-23T17:25:53.284Z'),
(1200, 41.527183, 85129, 1995.6, '2025-03-23T17:35:23.453Z'),
(1202, 41.527183, 85129, 1995.6, '2025-03-23T17:36:23.291Z'),
(1208, 41.527183, 85129, 1995.6, '2025-03-23T17:39:23.291Z'),
(1209, 41.527183, 85129, 1995.6, '2025-03-23T17:39:53.291Z'),
(1215, 41.527183, 85070, 1994.86, '2025-03-23T17:42:53.292Z'),
(1182, 41.527183, 85361, 2000.76, '2025-03-23T17:26:23.285Z'),
(1184, 41.527183, 85361, 2000.76, '2025-03-23T17:27:23.285Z'),
(1189, 41.527183, 85284, 1999.01, '2025-03-23T17:29:53.459Z'),
(1195, 41.527183, 85284, 1999.01, '2025-03-23T17:32:53.291Z'),
(1207, 41.527183, 85129, 1995.6, '2025-03-23T17:38:53.291Z'),
(1212, 41.527183, 85070, 1994.86, '2025-03-23T17:41:23.292Z'),
(1214, 41.527183, 85070, 1994.86, '2025-03-23T17:42:23.292Z'),
(1217, 41.527183, 85070, 1994.86, '2025-03-23T17:43:53.292Z'),
(1218, 41.527183, 85070, 1994.86, '2025-03-23T17:44:23.292Z'),
(1220, 41.527183, 85070, 1994.86, '2025-03-23T17:45:23.293Z'),
(1222, 41.527183, 84941, 1990.79, '2025-03-23T17:46:23.452Z'),
(1223, 41.527183, 84941, 1990.79, '2025-03-23T17:46:53.292Z'),
(1231, 41.527183, 84941, 1990.79, '2025-03-23T17:50:53.293Z'),
(1234, 41.527183, 85057, 1992.05, '2025-03-23T17:52:23.292Z'),
(1235, 41.527183, 85057, 1992.05, '2025-03-23T17:52:53.292Z'),
(1236, 41.527183, 85057, 1992.05, '2025-03-23T17:53:23.293Z'),
(1237, 41.527183, 85057, 1992.05, '2025-03-23T17:53:53.292Z'),
(1183, 41.527183, 85361, 2000.76, '2025-03-23T17:26:53.285Z'),
(1188, 41.527183, 85361, 2000.76, '2025-03-23T17:29:23.285Z'),
(1185, 41.527183, 85361, 2000.76, '2025-03-23T17:27:53.285Z'),
(1199, 41.527183, 85284, 1999.01, '2025-03-23T17:34:53.290Z'),
(1203, 41.527183, 85129, 1995.6, '2025-03-23T17:36:53.291Z'),
(1206, 41.527183, 85129, 1995.6, '2025-03-23T17:38:23.291Z'),
(1211, 41.527183, 85070, 1994.86, '2025-03-23T17:40:53.476Z'),
(1213, 41.527183, 85070, 1994.86, '2025-03-23T17:41:53.292Z'),
(1216, 41.527183, 85070, 1994.86, '2025-03-23T17:43:23.292Z'),
(1219, 41.527183, 85070, 1994.86, '2025-03-23T17:44:53.292Z'),
(1221, 41.527183, 85070, 1994.86, '2025-03-23T17:45:53.292Z'),
(1224, 41.527183, 84941, 1990.79, '2025-03-23T17:47:23.292Z'),
(1186, 41.527183, 85361, 2000.76, '2025-03-23T17:28:23.285Z'),
(1190, 41.527183, 85284, 1999.01, '2025-03-23T17:30:23.285Z'),
(1196, 41.527183, 85284, 1999.01, '2025-03-23T17:33:23.290Z'),
(1201, 41.527183, 85129, 1995.6, '2025-03-23T17:35:53.290Z'),
(1204, 41.527183, 85129, 1995.6, '2025-03-23T17:37:23.292Z'),
(1205, 41.527183, 85129, 1995.6, '2025-03-23T17:37:53.292Z'),
(1210, 41.527183, 85129, 1995.6, '2025-03-23T17:40:23.291Z'),
(1187, 41.527183, 85361, 2000.76, '2025-03-23T17:28:53.286Z'),
(1191, 41.527183, 85284, 1999.01, '2025-03-23T17:30:53.289Z'),
(1194, 41.527183, 85284, 1999.01, '2025-03-23T17:32:23.290Z'),
(1197, 41.527183, 85284, 1999.01, '2025-03-23T17:33:53.291Z'),
(1198, 41.527183, 85284, 1999.01, '2025-03-23T17:34:23.291Z'),
(1225, 41.527183, 84941, 1990.79, '2025-03-23T17:47:53.292Z'),
(1226, 41.527183, 84941, 1990.79, '2025-03-23T17:48:23.292Z'),
(1227, 41.527183, 84941, 1990.79, '2025-03-23T17:48:53.292Z'),
(1228, 41.527183, 84941, 1990.79, '2025-03-23T17:49:23.292Z'),
(1229, 41.527183, 84941, 1990.79, '2025-03-23T17:49:53.292Z'),
(1230, 41.527183, 84941, 1990.79, '2025-03-23T17:50:23.292Z'),
(1232, 41.527183, 84941, 1990.79, '2025-03-23T17:51:23.292Z'),
(1233, 41.527183, 85057, 1992.05, '2025-03-23T17:51:53.464Z'),
(1238, 41.527183, 85057, 1992.05, '2025-03-23T17:54:23.292Z'),
(1239, 41.527183, 85057, 1992.05, '2025-03-23T17:54:53.292Z'),
(1240, 41.527183, 85057, 1992.05, '2025-03-23T17:55:23.292Z'),
(1241, 41.527183, 85057, 1992.05, '2025-03-23T17:55:53.292Z'),
(1242, 41.527183, 85057, 1992.05, '2025-03-23T17:56:23.292Z'),
(1243, 41.527183, 85057, 1992.05, '2025-03-23T17:56:53.292Z'),
(1244, 41.527183, 85010, 1990.52, '2025-03-23T17:57:23.447Z'),
(1245, 41.527183, 85010, 1990.52, '2025-03-23T17:57:53.292Z'),
(1246, 41.527183, 85010, 1990.52, '2025-03-23T17:58:23.293Z'),
(1247, 41.527183, 85010, 1990.52, '2025-03-23T17:58:53.292Z'),
(1248, 41.527183, 85010, 1990.52, '2025-03-23T17:59:23.293Z'),
(1249, 41.527183, 85010, 1990.52, '2025-03-23T17:59:53.293Z'),
(1250, 41.527183, 85010, 1990.52, '2025-03-23T18:00:23.294Z'),
(1251, 41.527183, 85010, 1990.52, '2025-03-23T18:00:53.294Z'),
(1252, 41.527183, 85010, 1990.52, '2025-03-23T18:01:23.293Z'),
(1253, 41.527183, 85010, 1990.52, '2025-03-23T18:01:53.294Z'),
(1254, 41.527183, 85010, 1990.52, '2025-03-23T18:02:23.293Z'),
(1255, 41.527183, 84982, 1991.64, '2025-03-23T18:02:53.451Z'),
(1256, 41.527183, 84982, 1991.64, '2025-03-23T18:03:23.293Z'),
(1257, 41.527183, 84982, 1991.64, '2025-03-23T18:03:53.294Z'),
(1258, 41.527183, 84982, 1991.64, '2025-03-23T18:04:23.293Z'),
(1259, 41.527183, 84982, 1991.64, '2025-03-23T18:04:53.293Z'),
(1260, 41.527183, 84982, 1991.64, '2025-03-23T18:05:23.294Z'),
(1261, 41.527183, 84982, 1991.64, '2025-03-23T18:05:53.294Z'),
(1262, 41.527183, 84982, 1991.64, '2025-03-23T18:06:23.295Z'),
(1263, 41.527183, 84982, 1991.64, '2025-03-23T18:06:53.294Z'),
(1264, 41.527183, 84982, 1991.64, '2025-03-23T18:07:23.294Z'),
(1265, 41.527183, 84982, 1991.64, '2025-03-23T18:07:53.294Z'),
(1266, 41.527183, 84951, 1991.18, '2025-03-23T18:08:23.452Z'),
(1267, 41.527183, 84951, 1991.18, '2025-03-23T18:08:53.294Z'),
(1268, 41.527183, 84951, 1991.18, '2025-03-23T18:09:23.295Z'),
(1269, 41.527183, 84951, 1991.18, '2025-03-23T18:09:53.294Z'),
(1270, 41.527183, 84951, 1991.18, '2025-03-23T18:10:23.294Z'),
(1271, 41.527183, 84951, 1991.18, '2025-03-23T18:10:53.295Z'),
(1272, 41.527183, 84951, 1991.18, '2025-03-23T18:11:23.294Z'),
(1273, 41.527183, 84951, 1991.18, '2025-03-23T18:11:53.294Z'),
(1274, 41.527183, 84951, 1991.18, '2025-03-23T18:12:23.294Z'),
(1275, 41.527183, 84951, 1991.18, '2025-03-23T18:12:53.295Z'),
(1276, 41.527183, 84951, 1991.18, '2025-03-23T18:13:23.295Z'),
(1277, 41.527183, 84880, 1990.74, '2025-03-23T18:13:53.473Z'),
(1278, 41.527183, 84880, 1990.74, '2025-03-23T18:14:23.296Z'),
(1279, 41.527183, 84880, 1990.74, '2025-03-23T18:14:53.295Z'),
(1280, 41.527183, 84880, 1990.74, '2025-03-23T18:15:23.296Z'),
(1281, 41.527183, 84880, 1990.74, '2025-03-23T18:15:53.295Z'),
(1282, 41.527183, 84880, 1990.74, '2025-03-23T18:16:23.295Z'),
(1283, 41.527183, 84880, 1990.74, '2025-03-23T18:16:53.295Z'),
(1284, 41.527183, 84880, 1990.74, '2025-03-23T18:17:23.296Z'),
(1285, 41.527183, 84880, 1990.74, '2025-03-23T18:17:53.295Z'),
(1286, 41.527183, 84880, 1990.74, '2025-03-23T18:18:23.295Z'),
(1287, 41.527183, 84880, 1990.74, '2025-03-23T18:18:53.296Z'),
(1288, 41.527183, 84963, 1992.98, '2025-03-23T18:19:23.453Z'),
(1289, 41.527183, 84963, 1992.98, '2025-03-23T18:19:53.296Z'),
(1290, 41.527183, 84963, 1992.98, '2025-03-23T18:20:23.296Z'),
(1291, 41.527183, 84963, 1992.98, '2025-03-23T18:20:53.297Z'),
(1292, 41.527183, 84963, 1992.98, '2025-03-23T18:21:23.296Z'),
(1293, 41.527183, 84963, 1992.98, '2025-03-23T18:21:53.297Z'),
(1294, 41.527183, 84963, 1992.98, '2025-03-23T18:22:23.300Z'),
(1295, 41.527183, 84963, 1992.98, '2025-03-23T18:22:53.300Z'),
(1296, 41.527183, 84963, 1992.98, '2025-03-23T18:23:23.300Z'),
(1297, 41.527183, 84963, 1992.98, '2025-03-23T18:23:53.300Z'),
(1298, 41.527183, 84963, 1992.98, '2025-03-23T18:24:23.301Z'),
(1299, 41.527183, 84879, 1991.76, '2025-03-23T18:24:53.502Z'),
(1300, 41.527183, 84879, 1991.76, '2025-03-23T18:25:23.301Z'),
(1301, 41.527183, 84879, 1991.76, '2025-03-23T18:25:53.301Z'),
(1302, 41.527183, 84879, 1991.76, '2025-03-23T18:26:23.302Z'),
(1303, 41.527183, 84879, 1991.76, '2025-03-23T18:26:53.301Z'),
(1304, 41.527183, 84879, 1991.76, '2025-03-23T18:27:23.302Z'),
(1305, 41.527183, 84879, 1991.76, '2025-03-23T18:27:53.303Z'),
(1306, 41.527183, 84879, 1991.76, '2025-03-23T18:28:23.302Z'),
(1307, 41.527183, 84879, 1991.76, '2025-03-23T18:28:53.303Z'),
(1308, 41.527183, 84879, 1991.76, '2025-03-23T18:29:23.302Z'),
(1309, 41.527183, 84879, 1991.76, '2025-03-23T18:29:53.303Z'),
(1310, 41.527183, 84832, 1991.83, '2025-03-23T18:30:23.466Z'),
(1311, 41.527183, 84832, 1991.83, '2025-03-23T18:30:53.304Z'),
(1312, 41.527183, 84832, 1991.83, '2025-03-23T18:31:23.304Z'),
(1313, 41.527183, 84832, 1991.83, '2025-03-23T18:31:53.305Z'),
(1314, 41.527183, 84832, 1991.83, '2025-03-23T18:32:23.305Z'),
(1315, 41.527183, 84832, 1991.83, '2025-03-23T18:32:53.305Z'),
(1316, 41.527183, 84832, 1991.83, '2025-03-23T18:33:23.306Z'),
(1317, 41.527183, 84832, 1991.83, '2025-03-23T18:33:53.306Z'),
(1318, 41.527183, 84832, 1991.83, '2025-03-23T18:34:23.306Z'),
(1319, 41.527183, 84832, 1991.83, '2025-03-23T18:34:53.307Z'),
(1320, 41.527183, 84832, 1991.83, '2025-03-23T18:35:23.307Z'),
(1321, 41.527183, 84861, 1993.14, '2025-03-23T18:35:53.452Z'),
(1322, 41.527183, 84861, 1993.14, '2025-03-23T18:36:23.307Z'),
(1323, 41.527183, 84861, 1993.14, '2025-03-23T18:36:53.307Z'),
(1324, 41.527183, 84861, 1993.14, '2025-03-23T18:37:23.308Z'),
(1326, 41.527183, 84861, 1993.14, '2025-03-23T18:38:23.308Z'),
(1328, 41.527183, 84943, 1995.52, '2025-03-23T18:39:27.691Z'),
(1329, 41.527183, 84943, 1995.52, '2025-03-23T18:39:56.782Z'),
(1330, 41.527183, 84943, 1995.52, '2025-03-23T18:40:26.782Z'),
(1331, 41.527183, 84943, 1995.52, '2025-03-23T18:40:56.783Z'),
(1332, 41.527183, 84943, 1995.52, '2025-03-23T18:41:26.782Z'),
(1333, 41.527183, 84943, 1995.52, '2025-03-23T18:41:56.783Z'),
(1334, 41.527183, 84943, 1995.52, '2025-03-23T18:42:26.784Z'),
(1335, 41.527183, 84943, 1995.52, '2025-03-23T18:42:56.783Z'),
(1336, 41.527183, 84943, 1995.52, '2025-03-23T18:43:26.783Z'),
(1337, 41.527183, 84878, 1994.3, '2025-03-23T18:44:00.536Z'),
(1338, 41.527183, 84878, 1994.3, '2025-03-23T18:44:29.706Z'),
(1339, 41.527183, 84878, 1994.3, '2025-03-23T18:44:59.706Z'),
(1340, 41.527183, 84878, 1994.3, '2025-03-23T18:45:29.706Z'),
(1341, 41.527183, 84878, 1994.3, '2025-03-23T18:45:59.707Z'),
(1342, 41.527183, 84878, 1994.3, '2025-03-23T18:46:29.706Z'),
(1343, 41.527183, 84938, 1995.61, '2025-03-23T18:47:05.887Z'),
(1344, 41.527183, 84938, 1995.61, '2025-03-23T18:47:35.276Z'),
(1345, 41.527183, 84938, 1995.61, '2025-03-23T18:48:05.277Z'),
(1351, 41.527183, 84938, 1995.61, '2025-03-23T18:51:05.276Z'),
(1346, 41.527183, 84938, 1995.61, '2025-03-23T18:48:35.276Z'),
(1347, 41.527183, 84938, 1995.61, '2025-03-23T18:49:05.277Z'),
(1350, 41.527183, 84938, 1995.61, '2025-03-23T18:50:35.276Z'),
(1352, 41.527183, 84938, 1995.61, '2025-03-23T18:51:35.276Z'),
(1353, 41.527183, 84938, 1995.61, '2025-03-23T18:52:05.276Z'),
(1354, 41.527183, 85006, 1998.04, '2025-03-23T18:52:35.439Z'),
(1355, 41.527183, 85006, 1998.04, '2025-03-23T18:53:05.276Z'),
(1348, 41.527183, 84938, 1995.61, '2025-03-23T18:49:35.277Z'),
(1349, 41.527183, 84938, 1995.61, '2025-03-23T18:50:05.276Z'),
(1356, 41.527183, 85002, 1998.15, '2025-03-23T18:53:38.338Z'),
(1357, 41.527183, 85002, 1998.15, '2025-03-23T18:54:07.744Z'),
(1358, 41.527183, 85002, 1998.15, '2025-03-23T18:54:37.744Z'),
(1359, 41.527183, 85002, 1998.15, '2025-03-23T18:55:07.744Z'),
(1360, 41.527183, 84993, 1998.19, '2025-03-23T18:55:37.365Z'),
(1361, 41.527183, 84993, 1998.19, '2025-03-23T18:56:06.623Z'),
(1362, 41.527183, 84993, 1998.19, '2025-03-23T18:56:36.623Z'),
(1363, 41.527183, 84999, 1998.2, '2025-03-23T18:57:12.523Z'),
(1364, 41.527183, 84999, 1998.2, '2025-03-23T18:57:41.762Z'),
(1365, 41.527183, 84999, 1998.2, '2025-03-23T18:58:11.761Z'),
(1366, 41.527183, 84999, 1998.2, '2025-03-23T18:58:41.762Z'),
(1367, 41.527183, 84999, 1998.2, '2025-03-23T18:59:11.761Z'),
(1368, 41.527183, 84999, 1998.2, '2025-03-23T18:59:41.761Z'),
(1369, 41.527183, 84999, 1998.2, '2025-03-23T19:00:11.761Z'),
(1370, 41.527183, 84977, 1997.75, '2025-03-23T19:00:46.188Z'),
(1371, 41.527183, 84977, 1997.75, '2025-03-23T19:01:15.674Z'),
(1372, 41.527183, 84977, 1997.75, '2025-03-23T19:01:45.675Z'),
(1373, 41.527183, 84977, 1997.75, '2025-03-23T19:02:15.675Z'),
(1374, 41.527183, 84977, 1997.75, '2025-03-23T19:02:45.674Z'),
(1375, 41.527183, 84977, 1997.75, '2025-03-23T19:03:15.674Z'),
(1376, 41.527183, 84977, 1997.75, '2025-03-23T19:03:45.678Z'),
(1377, 41.527183, 84977, 1997.75, '2025-03-23T19:04:15.679Z'),
(1378, 41.527183, 84936, 1996.64, '2025-03-23T19:04:36.052Z'),
(1379, 41.527183, 84936, 1996.64, '2025-03-23T19:05:05.512Z'),
(1380, 41.527183, 84936, 1996.64, '2025-03-23T19:05:35.511Z'),
(1381, 41.527183, 84936, 1996.64, '2025-03-23T19:06:05.511Z'),
(1382, 41.527183, 84936, 1996.64, '2025-03-23T19:06:35.512Z'),
(1383, 41.527183, 84936, 1996.64, '2025-03-23T19:07:05.512Z'),
(1384, 41.527183, 84936, 1996.64, '2025-03-23T19:07:35.512Z'),
(1385, 41.527183, 84939, 1996.62, '2025-03-23T19:08:03.872Z'),
(1386, 41.527183, 84939, 1996.62, '2025-03-23T19:08:33.391Z'),
(1387, 41.527183, 84939, 1996.62, '2025-03-23T19:09:03.392Z'),
(1388, 41.527183, 84939, 1996.62, '2025-03-23T19:09:33.391Z'),
(1389, 41.527183, 84939, 1996.62, '2025-03-23T19:10:03.391Z'),
(1390, 41.527183, 84939, 1996.62, '2025-03-23T19:10:33.391Z'),
(1391, 41.527183, 84939, 1996.62, '2025-03-23T19:11:03.391Z'),
(1392, 41.527183, 84939, 1996.62, '2025-03-23T19:11:33.392Z'),
(1393, 41.527183, 84939, 1996.62, '2025-03-23T19:12:03.392Z'),
(1394, 41.527183, 84939, 1996.62, '2025-03-23T19:12:33.391Z'),
(1395, 41.527183, 84939, 1996.62, '2025-03-23T19:13:03.391Z'),
(1396, 41.527183, 85083, 1998.25, '2025-03-23T19:13:33.557Z'),
(1397, 41.527183, 85083, 1998.25, '2025-03-23T19:14:03.391Z'),
(1398, 41.527183, 85083, 1998.25, '2025-03-23T19:14:33.392Z'),
(1399, 41.527183, 85083, 1998.25, '2025-03-23T19:15:03.391Z'),
(1400, 41.527183, 85083, 1998.25, '2025-03-23T19:15:33.391Z'),
(1401, 41.527183, 85083, 1998.25, '2025-03-23T19:16:03.391Z'),
(1402, 41.527183, 85083, 1998.25, '2025-03-23T19:16:33.391Z'),
(1403, 41.527183, 85083, 1998.25, '2025-03-23T19:17:03.391Z'),
(1404, 41.527183, 85083, 1998.25, '2025-03-23T19:17:33.392Z'),
(1405, 41.527183, 85083, 1998.25, '2025-03-23T19:18:03.393Z'),
(1406, 41.527183, 85083, 1998.25, '2025-03-23T19:18:33.392Z'),
(1407, 41.527183, 85041, 1996.22, '2025-03-23T19:19:03.563Z'),
(1408, 41.527183, 85041, 1996.22, '2025-03-23T19:19:33.393Z'),
(1409, 41.527183, 85026, 1997.45, '2025-03-23T19:26:00.081Z'),
(1410, 41.527183, 85013, 1997.21, '2025-03-23T19:26:13.209Z'),
(1411, 41.527183, 85013, 1997.21, '2025-03-23T19:26:42.720Z'),
(1412, 41.527183, 85013, 1997.21, '2025-03-23T19:27:12.719Z'),
(1413, 41.527183, 85013, 1997.21, '2025-03-23T19:27:42.720Z'),
(1414, 41.527183, 85013, 1997.21, '2025-03-23T19:28:12.721Z'),
(1415, 41.527183, 85013, 1997.21, '2025-03-23T19:28:42.721Z'),
(1416, 41.527183, 85013, 1997.21, '2025-03-23T19:29:12.721Z'),
(1417, 41.527183, 85013, 1997.21, '2025-03-23T19:29:42.721Z'),
(1418, 41.527183, 85013, 1997.21, '2025-03-23T19:30:12.722Z'),
(1419, 41.527183, 85013, 1997.21, '2025-03-23T19:30:42.721Z'),
(1420, 41.527183, 85013, 1997.21, '2025-03-23T19:31:12.722Z'),
(1421, 41.527183, 84970, 1995.84, '2025-03-23T19:31:34.422Z'),
(1422, 41.527183, 84970, 1995.84, '2025-03-23T19:32:03.668Z'),
(1423, 41.527183, 84970, 1995.84, '2025-03-23T19:32:33.668Z'),
(1424, 41.527183, 84970, 1995.84, '2025-03-23T19:33:03.668Z'),
(1425, 41.527183, 84973, 1995.67, '2025-03-23T19:33:11.403Z'),
(1426, 41.527183, 84973, 1995.67, '2025-03-23T19:33:40.898Z'),
(1427, 41.527183, 84973, 1995.67, '2025-03-23T19:34:10.899Z'),
(1428, 41.527183, 84973, 1995.67, '2025-03-23T19:34:40.899Z'),
(1429, 41.527183, 84973, 1995.67, '2025-03-23T19:35:10.899Z'),
(1430, 41.527183, 84973, 1995.67, '2025-03-23T19:35:40.899Z'),
(1431, 41.527183, 84973, 1995.67, '2025-03-23T19:36:10.900Z'),
(1432, 41.527183, 84973, 1995.67, '2025-03-23T19:36:40.901Z'),
(1433, 41.527183, 84973, 1995.67, '2025-03-23T19:37:10.900Z'),
(1434, 41.527183, 84973, 1995.67, '2025-03-23T19:37:40.900Z'),
(1435, 41.527183, 84973, 1995.67, '2025-03-23T19:38:10.900Z'),
(1436, 41.527183, 84975, 1994.77, '2025-03-23T19:38:41.058Z'),
(1437, 41.527183, 84975, 1994.77, '2025-03-23T19:39:10.900Z'),
(1438, 41.527183, 84975, 1994.77, '2025-03-23T19:39:40.901Z'),
(1439, 41.527183, 84975, 1994.77, '2025-03-23T19:40:10.902Z'),
(1440, 41.527183, 84975, 1994.77, '2025-03-23T19:40:40.901Z'),
(1441, 41.527183, 84975, 1994.77, '2025-03-23T19:41:10.901Z'),
(1442, 41.527183, 84975, 1994.77, '2025-03-23T19:41:40.901Z'),
(1443, 41.527183, 84975, 1994.77, '2025-03-23T19:42:10.901Z'),
(1444, 41.527183, 84975, 1994.77, '2025-03-23T19:42:40.901Z'),
(1445, 41.527183, 84975, 1994.77, '2025-03-23T19:43:10.902Z'),
(1446, 41.527183, 84975, 1994.77, '2025-03-23T19:43:40.901Z'),
(1447, 41.527183, 85009, 1995.62, '2025-03-23T19:44:11.059Z'),
(1448, 41.527183, 85009, 1995.62, '2025-03-23T19:44:40.902Z'),
(1449, 41.527183, 85009, 1995.62, '2025-03-23T19:45:10.902Z'),
(1450, 41.527183, 85009, 1995.62, '2025-03-23T19:45:40.902Z'),
(1451, 41.527183, 85009, 1995.62, '2025-03-23T19:46:10.902Z'),
(1452, 41.527183, 85009, 1995.62, '2025-03-23T19:46:40.902Z'),
(1453, 41.527183, 85009, 1995.62, '2025-03-23T19:47:10.902Z'),
(1454, 41.527183, 85009, 1995.62, '2025-03-23T19:47:40.902Z'),
(1455, 41.527183, 85009, 1995.62, '2025-03-23T19:48:10.902Z'),
(1456, 41.527183, 85009, 1995.62, '2025-03-23T19:48:40.902Z'),
(1457, 41.527183, 85009, 1995.62, '2025-03-23T19:49:10.902Z'),
(1458, 41.527183, 85005, 1995.79, '2025-03-23T19:49:41.046Z'),
(1459, 41.527183, 85005, 1995.79, '2025-03-23T19:50:10.903Z'),
(1460, 41.527183, 85005, 1995.79, '2025-03-23T19:50:40.903Z'),
(1461, 41.527183, 85017, 1996.15, '2025-03-23T19:50:48.519Z'),
(1462, 41.527183, 85017, 1996.15, '2025-03-23T19:51:17.843Z'),
(1463, 41.527183, 85017, 1996.15, '2025-03-23T19:51:47.844Z'),
(1464, 41.527183, 85017, 1996.15, '2025-03-23T19:52:17.843Z'),
(1465, 41.527183, 85017, 1996.15, '2025-03-23T19:52:47.843Z'),
(1466, 41.527183, 85023, 1996.6, '2025-03-23T19:53:09.186Z'),
(1467, 41.527183, 85023, 1996.6, '2025-03-23T19:53:38.337Z'),
(1468, 41.527183, 85023, 1996.6, '2025-03-23T19:54:08.338Z'),
(1469, 41.527183, 85023, 1996.6, '2025-03-23T19:54:38.338Z'),
(1470, 41.527183, 85023, 1996.6, '2025-03-23T19:55:08.338Z'),
(1471, 41.527183, 85023, 1996.6, '2025-03-23T19:55:38.338Z'),
(1472, 41.527183, 85023, 1996.6, '2025-03-23T19:56:08.339Z'),
(1473, 41.527183, 85023, 1996.6, '2025-03-23T19:56:38.338Z'),
(1474, 41.527183, 85023, 1996.6, '2025-03-23T19:57:08.338Z'),
(1475, 41.527183, 85023, 1996.6, '2025-03-23T19:57:38.338Z'),
(1476, 41.527183, 85163, 1998.02, '2025-03-23T20:07:47.040Z'),
(1477, 41.527183, 85163, 1998.02, '2025-03-23T20:08:16.228Z'),
(1478, 41.527183, 85163, 1998.02, '2025-03-23T20:08:46.228Z'),
(1479, 41.527183, 85163, 1998.02, '2025-03-23T20:09:16.228Z'),
(1480, 41.527183, 85163, 1998.02, '2025-03-23T20:09:46.229Z'),
(1481, 41.527183, 85163, 1998.02, '2025-03-23T20:10:16.229Z'),
(1482, 41.527183, 85163, 1998.02, '2025-03-23T20:10:46.229Z'),
(1483, 41.527183, 85163, 1998.02, '2025-03-23T20:11:16.229Z'),
(1484, 41.527183, 85163, 1998.02, '2025-03-23T20:11:46.230Z'),
(1485, 41.527183, 85163, 1998.02, '2025-03-23T20:12:16.230Z'),
(1486, 41.527183, 85163, 1998.02, '2025-03-23T20:12:46.231Z'),
(1487, 41.527183, 85152, 1997.82, '2025-03-23T20:13:16.398Z'),
(1488, 41.527183, 85152, 1997.82, '2025-03-23T20:13:46.230Z'),
(1489, 41.527183, 85145, 1997.57, '2025-03-23T20:14:22.131Z'),
(1490, 41.527183, 85145, 1997.57, '2025-03-23T20:14:51.249Z'),
(1491, 41.527183, 85145, 1997.57, '2025-03-23T20:15:21.249Z'),
(1492, 41.527183, 85145, 1997.57, '2025-03-23T20:15:51.249Z'),
(1493, 41.527183, 85145, 1997.57, '2025-03-23T20:16:21.250Z'),
(1494, 41.527183, 85145, 1997.57, '2025-03-23T20:16:51.249Z'),
(1495, 41.527183, 85145, 1997.57, '2025-03-23T20:17:21.249Z'),
(1496, 41.527183, 85145, 1997.57, '2025-03-23T20:17:51.250Z'),
(1497, 41.527183, 85114, 1996.63, '2025-03-23T20:18:12.609Z'),
(1498, 41.527183, 85114, 1996.63, '2025-03-23T20:18:41.809Z'),
(1499, 41.527183, 85114, 1996.63, '2025-03-23T20:18:56.768Z'),
(1500, 41.527183, 85114, 1996.63, '2025-03-23T20:19:26.160Z'),
(1501, 41.527183, 85114, 1996.63, '2025-03-23T20:19:56.160Z'),
(1502, 41.527183, 85114, 1996.63, '2025-03-23T20:20:26.160Z'),
(1503, 41.527183, 85114, 1996.63, '2025-03-23T20:20:56.160Z'),
(1504, 41.527183, 85114, 1996.63, '2025-03-23T20:21:26.160Z'),
(1505, 41.527183, 85114, 1996.63, '2025-03-23T20:21:56.160Z'),
(1506, 41.527183, 85164, 1998.01, '2025-03-23T20:22:29.001Z'),
(1507, 41.527183, 85164, 1998.01, '2025-03-23T20:22:58.162Z'),
(1508, 41.527183, 85164, 1998.01, '2025-03-23T20:23:28.162Z'),
(1509, 41.527183, 85173, 1998.2, '2025-03-23T20:23:59.112Z'),
(1510, 41.527183, 85173, 1998.2, '2025-03-23T20:24:28.432Z'),
(1511, 41.527183, 85173, 1998.2, '2025-03-23T20:24:58.432Z'),
(1512, 41.527183, 85173, 1998.2, '2025-03-23T20:25:28.433Z'),
(1513, 41.527183, 85173, 1998.2, '2025-03-23T20:25:58.433Z'),
(1514, 41.527183, 85173, 1998.2, '2025-03-23T20:26:28.433Z'),
(1515, 41.527183, 85173, 1998.2, '2025-03-23T20:26:58.433Z'),
(1516, 41.527183, 85173, 1998.2, '2025-03-23T20:27:28.434Z'),
(1517, 41.527183, 85173, 1998.2, '2025-03-23T20:27:58.434Z'),
(1518, 41.527183, 85173, 1998.2, '2025-03-23T20:28:28.434Z'),
(1519, 41.527183, 85173, 1998.2, '2025-03-23T20:28:58.434Z'),
(1520, 41.527183, 85163, 1998.13, '2025-03-23T20:29:28.632Z'),
(1521, 41.527183, 85163, 1998.13, '2025-03-23T20:29:50.881Z'),
(1522, 41.527183, 85163, 1998.13, '2025-03-23T20:30:20.084Z'),
(1523, 41.527183, 85163, 1998.13, '2025-03-23T20:30:50.084Z'),
(1524, 41.527183, 85163, 1998.13, '2025-03-23T20:31:20.084Z'),
(1525, 41.527183, 85163, 1998.13, '2025-03-23T20:31:50.085Z'),
(1526, 41.527183, 85163, 1998.13, '2025-03-23T20:32:20.084Z'),
(1529, 41.527183, 85163, 1998.13, '2025-03-23T20:33:50.088Z'),
(1531, 41.527183, 85163, 1998.13, '2025-03-23T20:34:50.089Z'),
(1532, 41.527183, 85238, 1999.85, '2025-03-23T20:35:20.274Z'),
(1533, 41.527183, 85238, 1999.85, '2025-03-23T20:35:50.089Z'),
(1535, 41.527183, 85238, 1999.85, '2025-03-23T20:36:50.090Z'),
(1536, 41.527183, 85238, 1999.85, '2025-03-23T20:37:20.089Z'),
(1537, 41.527183, 85238, 1999.85, '2025-03-23T20:37:50.089Z'),
(1538, 41.527183, 85238, 1999.85, '2025-03-23T20:38:20.089Z'),
(1541, 41.527183, 85193, 1997.92, '2025-03-23T20:39:55.382Z'),
(1542, 41.527183, 85193, 1997.92, '2025-03-23T20:40:23.516Z'),
(1543, 41.527183, 85193, 1997.92, '2025-03-23T20:40:53.515Z'),
(1544, 41.527183, 85193, 1997.92, '2025-03-23T20:41:23.516Z'),
(1545, 41.527183, 85193, 1997.92, '2025-03-23T20:41:53.517Z'),
(1546, 41.527183, 85193, 1997.92, '2025-03-23T20:42:23.516Z'),
(1547, 41.527183, 85193, 1997.92, '2025-03-23T20:42:53.516Z'),
(1548, 41.527183, 85193, 1997.92, '2025-03-23T20:43:23.516Z'),
(1549, 41.527183, 85193, 1997.92, '2025-03-23T20:43:53.517Z'),
(1550, 41.527183, 85193, 1997.92, '2025-03-23T20:44:23.516Z'),
(1551, 41.527183, 85193, 1997.92, '2025-03-23T20:44:53.516Z'),
(1552, 41.527183, 85209, 1997.98, '2025-03-23T20:45:23.680Z'),
(1553, 41.527183, 85209, 1997.98, '2025-03-23T20:45:53.517Z'),
(1554, 41.527183, 85209, 1997.98, '2025-03-23T20:46:23.516Z'),
(1555, 41.527183, 85209, 1997.98, '2025-03-23T20:46:53.516Z'),
(1556, 41.527183, 85209, 1997.98, '2025-03-23T20:47:23.516Z'),
(1557, 41.527183, 85209, 1997.98, '2025-03-23T20:47:53.516Z'),
(1558, 41.527183, 85209, 1997.98, '2025-03-23T20:48:23.517Z'),
(1559, 41.527183, 85209, 1997.98, '2025-03-23T20:48:53.516Z'),
(1560, 41.527183, 85209, 1997.98, '2025-03-23T20:49:23.517Z'),
(1561, 41.527183, 85209, 1997.98, '2025-03-23T20:49:53.516Z'),
(1562, 41.527183, 85209, 1997.98, '2025-03-23T20:50:23.516Z'),
(1563, 41.527183, 85265, 1998.6, '2025-03-23T20:50:53.708Z'),
(1564, 41.527183, 85265, 1998.6, '2025-03-23T20:51:23.516Z'),
(1565, 41.527183, 85265, 1998.6, '2025-03-23T20:51:53.516Z'),
(1566, 41.527183, 85265, 1998.6, '2025-03-23T20:52:23.517Z'),
(1567, 41.527183, 85265, 1998.6, '2025-03-23T20:52:53.516Z'),
(1568, 41.527183, 85265, 1998.6, '2025-03-23T20:53:23.516Z'),
(1569, 41.527183, 85265, 1998.6, '2025-03-23T20:53:53.516Z'),
(1570, 41.527183, 85265, 1998.6, '2025-03-23T20:54:23.516Z'),
(1571, 41.527183, 85265, 1998.6, '2025-03-23T20:54:53.516Z'),
(1572, 41.527183, 85265, 1998.6, '2025-03-23T20:55:23.516Z'),
(1573, 41.527183, 85265, 1998.6, '2025-03-23T20:55:53.516Z'),
(1574, 41.527183, 85155, 1996.04, '2025-03-23T20:56:23.730Z'),
(1575, 41.527183, 85155, 1996.04, '2025-03-23T20:56:53.516Z'),
(1576, 41.527183, 85155, 1996.04, '2025-03-23T20:57:23.516Z'),
(1577, 41.527183, 85155, 1996.04, '2025-03-23T20:57:53.516Z'),
(1578, 41.527183, 85155, 1996.04, '2025-03-23T20:58:23.516Z'),
(1579, 41.527183, 85155, 1996.04, '2025-03-23T20:58:53.516Z'),
(1580, 41.527183, 85155, 1996.04, '2025-03-23T20:59:23.517Z'),
(1581, 41.527183, 85155, 1996.04, '2025-03-23T20:59:53.517Z'),
(1582, 41.527183, 85155, 1996.04, '2025-03-23T21:00:23.516Z'),
(1583, 41.527183, 85155, 1996.04, '2025-03-23T21:00:53.516Z'),
(1584, 41.527183, 85155, 1996.04, '2025-03-23T21:01:23.516Z'),
(1585, 41.527183, 85096, 1992.87, '2025-03-23T21:01:53.706Z'),
(1586, 41.527183, 85096, 1992.87, '2025-03-23T21:02:23.516Z'),
(1587, 41.527183, 85096, 1992.87, '2025-03-23T21:02:53.517Z'),
(1588, 41.527183, 85096, 1992.87, '2025-03-23T21:03:23.517Z'),
(1589, 41.527183, 85096, 1992.87, '2025-03-23T21:03:53.517Z'),
(1590, 41.527183, 85096, 1992.87, '2025-03-23T21:04:23.517Z'),
(1591, 41.527183, 85096, 1992.87, '2025-03-23T21:04:53.517Z'),
(1592, 41.527183, 85096, 1992.87, '2025-03-23T21:05:23.517Z'),
(1593, 41.527183, 85096, 1992.87, '2025-03-23T21:05:53.518Z'),
(1594, 41.527183, 85096, 1992.87, '2025-03-23T21:06:23.518Z'),
(1595, 41.527183, 85096, 1992.87, '2025-03-23T21:06:53.518Z'),
(1601, 41.527183, 85050, 1992.33, '2025-03-23T21:09:53.519Z'),
(1605, 41.527183, 85050, 1992.33, '2025-03-23T21:10:53.520Z'),
(1608, 41.527183, 85050, 1992.33, '2025-03-23T21:12:23.521Z'),
(1612, 41.527183, 84989, 1991.71, '2025-03-23T21:14:23.522Z'),
(1618, 41.527183, 84989, 1991.71, '2025-03-23T21:17:23.523Z'),
(1628, 41.527183, 84932, 1989.42, '2025-03-23T21:19:23.523Z'),
(1630, 41.527183, 84932, 1989.42, '2025-03-23T21:19:53.523Z'),
(1596, 41.527183, 85050, 1992.33, '2025-03-23T21:07:23.677Z'),
(1606, 41.527183, 85050, 1992.33, '2025-03-23T21:11:23.521Z'),
(1610, 41.527183, 84989, 1991.71, '2025-03-23T21:13:23.520Z'),
(1616, 41.527183, 84989, 1991.71, '2025-03-23T21:16:23.523Z'),
(1626, 41.527183, 84932, 1989.42, '2025-03-23T21:18:53.523Z'),
(1632, 41.527183, 84932, 1989.42, '2025-03-23T21:20:23.523Z'),
(1597, 41.527183, 85050, 1992.33, '2025-03-23T21:07:53.518Z'),
(1599, 41.527183, 85050, 1992.33, '2025-03-23T21:08:53.518Z'),
(1598, 41.527183, 85050, 1992.33, '2025-03-23T21:08:23.519Z'),
(1609, 41.527183, 84989, 1991.71, '2025-03-23T21:12:53.690Z'),
(1611, 41.527183, 84989, 1991.71, '2025-03-23T21:13:53.522Z'),
(1613, 41.527183, 84989, 1991.71, '2025-03-23T21:14:53.523Z'),
(1614, 41.527183, 84989, 1991.71, '2025-03-23T21:15:23.523Z'),
(1617, 41.527183, 84989, 1991.71, '2025-03-23T21:16:53.523Z'),
(1624, 41.527183, 84932, 1989.42, '2025-03-23T21:18:23.690Z'),
(1634, 41.527183, 84932, 1989.42, '2025-03-23T21:20:53.523Z'),
(1600, 41.527183, 85050, 1992.33, '2025-03-23T21:09:23.518Z'),
(1602, 41.527183, 85048, 1992.39, '2025-03-23T21:09:57.989Z'),
(1603, 41.527183, 85048, 1992.39, '2025-03-23T21:09:58.789Z'),
(1604, 41.527183, 85050, 1992.33, '2025-03-23T21:10:23.519Z'),
(1607, 41.527183, 85050, 1992.33, '2025-03-23T21:11:53.521Z'),
(1615, 41.527183, 84989, 1991.71, '2025-03-23T21:15:53.523Z'),
(1619, 41.527183, 84989, 1991.71, '2025-03-23T21:17:53.523Z'),
(1620, 41.527183, 84944, 1989.98, '2025-03-23T21:17:54.501Z'),
(1621, 41.527183, 84944, 1989.98, '2025-03-23T21:17:54.490Z'),
(1622, 41.527183, 84944, 1989.98, '2025-03-23T21:17:55.490Z'),
(1623, 41.527183, 84944, 1989.98, '2025-03-23T21:17:57.889Z'),
(1625, 41.527183, 84944, 1989.98, '2025-03-23T21:18:27.889Z'),
(1627, 41.527183, 84944, 1989.98, '2025-03-23T21:18:57.890Z'),
(1629, 41.527183, 84944, 1989.98, '2025-03-23T21:19:27.891Z'),
(1631, 41.527183, 84944, 1989.98, '2025-03-23T21:19:57.892Z'),
(1633, 41.527183, 84944, 1989.98, '2025-03-23T21:20:27.893Z'),
(1635, 41.527183, 84944, 1989.98, '2025-03-23T21:20:57.894Z'),
(1636, 41.527183, 84932, 1989.42, '2025-03-23T21:21:23.523Z'),
(1637, 41.527183, 84944, 1989.98, '2025-03-23T21:21:27.895Z'),
(1638, 41.527183, 84962, 1989.37, '2025-03-23T21:21:54.608Z'),
(1639, 41.527183, 84944, 1989.98, '2025-03-23T21:21:57.895Z'),
(1640, 41.527183, 84962, 1989.37, '2025-03-23T21:22:23.806Z'),
(1641, 41.527183, 84944, 1989.98, '2025-03-23T21:22:27.896Z'),
(1642, 41.527183, 84962, 1989.37, '2025-03-23T21:22:53.806Z'),
(1643, 41.527183, 84978, 1989.14, '2025-03-23T21:22:59.891Z'),
(1644, 41.527183, 84993, 1989.57, '2025-03-23T21:23:16.455Z'),
(1645, 41.527183, 84978, 1989.14, '2025-03-23T21:23:27.897Z'),
(1646, 41.527183, 84993, 1989.57, '2025-03-23T21:23:45.930Z'),
(1647, 41.527183, 84978, 1989.14, '2025-03-23T21:23:57.897Z'),
(1648, 41.527183, 84993, 1989.57, '2025-03-23T21:24:15.930Z'),
(1649, 41.527183, 84978, 1989.14, '2025-03-23T21:24:27.899Z'),
(1650, 41.527183, 84993, 1989.57, '2025-03-23T21:24:45.930Z'),
(1651, 41.527183, 84978, 1989.14, '2025-03-23T21:24:57.900Z'),
(1652, 41.527183, 84993, 1989.57, '2025-03-23T21:25:15.930Z'),
(1653, 41.527183, 84978, 1989.14, '2025-03-23T21:25:27.989Z'),
(1654, 41.527183, 84993, 1989.57, '2025-03-23T21:25:45.930Z'),
(1655, 41.527183, 84978, 1989.14, '2025-03-23T21:25:57.991Z'),
(1656, 41.527183, 84993, 1989.57, '2025-03-23T21:26:15.931Z'),
(1657, 41.527183, 84978, 1989.14, '2025-03-23T21:26:27.991Z'),
(1658, 41.527183, 84993, 1989.57, '2025-03-23T21:26:45.930Z'),
(1659, 41.527183, 84978, 1989.14, '2025-03-23T21:26:57.992Z'),
(1660, 41.527183, 84993, 1989.57, '2025-03-23T21:27:15.930Z'),
(1661, 41.527183, 84978, 1989.14, '2025-03-23T21:27:28.001Z'),
(1662, 41.527183, 84993, 1989.57, '2025-03-23T21:27:45.930Z'),
(1663, 41.527183, 84978, 1989.14, '2025-03-23T21:27:58.001Z'),
(1664, 41.527183, 84993, 1989.57, '2025-03-23T21:28:15.930Z'),
(1665, 41.527183, 85006, 1990.85, '2025-03-23T21:28:28.172Z'),
(1666, 41.527183, 85006, 1990.85, '2025-03-23T21:28:46.093Z'),
(1667, 41.527183, 85006, 1990.85, '2025-03-23T21:28:58.001Z'),
(1668, 41.527183, 85006, 1990.85, '2025-03-23T21:29:15.930Z'),
(1669, 41.527183, 85006, 1990.85, '2025-03-23T21:29:28.001Z'),
(1670, 41.527183, 85006, 1990.85, '2025-03-23T21:29:45.930Z'),
(1671, 41.527183, 85006, 1990.85, '2025-03-23T21:29:58.004Z'),
(1672, 41.527183, 85006, 1990.85, '2025-03-23T21:30:15.930Z'),
(1673, 41.527183, 85006, 1990.85, '2025-03-23T21:30:28.004Z'),
(1674, 41.527183, 85006, 1990.85, '2025-03-23T21:30:45.931Z'),
(1675, 41.527183, 85006, 1990.85, '2025-03-23T21:30:58.005Z'),
(1676, 41.527183, 85006, 1990.85, '2025-03-23T21:31:15.930Z'),
(1677, 41.527183, 85006, 1990.85, '2025-03-23T21:31:28.005Z'),
(1678, 41.527183, 85006, 1990.85, '2025-03-23T21:31:45.931Z'),
(1679, 41.527183, 85006, 1990.85, '2025-03-23T21:31:58.005Z'),
(1680, 41.527183, 85006, 1990.85, '2025-03-23T21:32:15.931Z'),
(1681, 41.527183, 85006, 1990.85, '2025-03-23T21:32:28.006Z'),
(1682, 41.527183, 85006, 1990.85, '2025-03-23T21:32:45.931Z'),
(1683, 41.527183, 85006, 1990.85, '2025-03-23T21:32:58.006Z'),
(1684, 41.527183, 85006, 1990.85, '2025-03-23T21:33:15.932Z'),
(1685, 41.527183, 85006, 1990.85, '2025-03-23T21:33:28.008Z'),
(1686, 41.527183, 85006, 1990.85, '2025-03-23T21:33:45.931Z'),
(1687, 41.527183, 85004, 1990.65, '2025-03-23T21:34:00.690Z'),
(1688, 41.527183, 85004, 1990.65, '2025-03-23T21:34:16.078Z'),
(1689, 41.527183, 85004, 1990.65, '2025-03-23T21:34:28.009Z'),
(1690, 41.527183, 85004, 1990.65, '2025-03-23T21:34:45.932Z'),
(1691, 41.527183, 85004, 1990.65, '2025-03-23T21:34:58.009Z'),
(1692, 41.527183, 85004, 1990.65, '2025-03-23T21:35:15.932Z'),
(1693, 41.527183, 85004, 1990.65, '2025-03-23T21:35:28.009Z'),
(1694, 41.527183, 85004, 1990.65, '2025-03-23T21:35:45.932Z'),
(1695, 41.527183, 85004, 1990.65, '2025-03-23T21:35:58.010Z'),
(1696, 41.527183, 85004, 1990.65, '2025-03-23T21:36:15.933Z'),
(1697, 41.527183, 85004, 1990.65, '2025-03-23T21:36:28.011Z'),
(1698, 41.527183, 85004, 1990.65, '2025-03-23T21:36:45.933Z'),
(1699, 41.527183, 85004, 1990.65, '2025-03-23T21:36:58.011Z'),
(1700, 41.527183, 85004, 1990.65, '2025-03-23T21:37:15.933Z'),
(1701, 41.527183, 85004, 1990.65, '2025-03-23T21:37:28.012Z'),
(1702, 41.527183, 85004, 1990.65, '2025-03-23T21:37:45.933Z'),
(1703, 41.527183, 85004, 1990.65, '2025-03-23T21:37:58.012Z'),
(1704, 41.527183, 85004, 1990.65, '2025-03-23T21:38:15.933Z'),
(1705, 41.527183, 85004, 1990.65, '2025-03-23T21:38:28.013Z'),
(1706, 41.527183, 85004, 1990.65, '2025-03-23T21:38:45.933Z'),
(1707, 41.527183, 85004, 1990.65, '2025-03-23T21:38:58.013Z'),
(1708, 41.527183, 85004, 1990.65, '2025-03-23T21:39:15.934Z'),
(1709, 41.527183, 85033, 1991.41, '2025-03-23T21:39:30.589Z'),
(1710, 41.527183, 85037, 1991.58, '2025-03-23T21:39:46.114Z'),
(1711, 41.527183, 85033, 1991.41, '2025-03-23T21:39:58.015Z'),
(1712, 41.527183, 85037, 1991.58, '2025-03-23T21:40:15.934Z'),
(1713, 41.527183, 85033, 1991.41, '2025-03-23T21:40:28.015Z'),
(1714, 41.527183, 85037, 1991.58, '2025-03-23T21:40:45.934Z'),
(1715, 41.527183, 85043, 1991.72, '2025-03-23T21:40:53.544Z'),
(1716, 41.527183, 85033, 1991.41, '2025-03-23T21:40:58.016Z'),
(1717, 41.527183, 85043, 1991.72, '2025-03-23T21:41:01.825Z'),
(1718, 41.527183, 85037, 1991.58, '2025-03-23T21:41:15.935Z'),
(1719, 41.527183, 85033, 1991.41, '2025-03-23T21:41:28.016Z'),
(1720, 41.527183, 85059, 1991.97, '2025-03-23T21:41:57.649Z'),
(1721, 41.527183, 85033, 1991.41, '2025-03-23T21:41:58.017Z'),
(1722, 41.527183, 85059, 1991.97, '2025-03-23T21:42:07.229Z'),
(1723, 41.527183, 85033, 1991.41, '2025-03-23T21:42:28.018Z'),
(1724, 41.527183, 85033, 1991.41, '2025-03-23T21:42:58.018Z'),
(1725, 41.527183, 85043, 1991.62, '2025-03-23T21:43:17.573Z'),
(1726, 41.527183, 85043, 1991.62, '2025-03-23T21:43:25.575Z'),
(1727, 41.527183, 85033, 1991.41, '2025-03-23T21:43:28.021Z'),
(1728, 41.527183, 85033, 1991.41, '2025-03-23T21:43:58.021Z'),
(1729, 41.527183, 85033, 1991.41, '2025-03-23T21:44:28.021Z'),
(1730, 41.527183, 85040, 1991.38, '2025-03-23T21:44:59.189Z'),
(1731, 41.527183, 85040, 1991.38, '2025-03-23T21:45:28.022Z'),
(1732, 41.527183, 85040, 1991.38, '2025-03-23T21:45:58.023Z'),
(1733, 41.527183, 85040, 1991.38, '2025-03-23T21:46:28.189Z'),
(1734, 41.527183, 85040, 1991.38, '2025-03-23T21:46:58.190Z'),
(1735, 41.527183, 85040, 1991.38, '2025-03-23T21:47:28.190Z'),
(1736, 41.527183, 85040, 1991.38, '2025-03-23T21:47:58.190Z'),
(1737, 41.527183, 85040, 1991.38, '2025-03-23T21:48:28.192Z'),
(1738, 41.527183, 85040, 1991.38, '2025-03-23T21:48:58.192Z'),
(1739, 41.527183, 85040, 1991.38, '2025-03-23T21:49:28.193Z'),
(1740, 41.527183, 85040, 1991.38, '2025-03-23T21:49:58.194Z'),
(1741, 41.527183, 84995, 1990.67, '2025-03-23T21:50:20.798Z'),
(1742, 41.527183, 84995, 1990.67, '2025-03-23T21:50:29.889Z'),
(1743, 41.527183, 84995, 1990.67, '2025-03-23T21:50:49.818Z'),
(1744, 41.527183, 84995, 1990.67, '2025-03-23T21:50:58.195Z'),
(1745, 41.527183, 84995, 1990.67, '2025-03-23T21:51:19.818Z'),
(1746, 41.527183, 84995, 1990.67, '2025-03-23T21:51:28.195Z'),
(1747, 41.527183, 84995, 1990.67, '2025-03-23T21:51:49.818Z'),
(1748, 41.527183, 84995, 1990.67, '2025-03-23T21:51:58.197Z'),
(1749, 41.527183, 84995, 1990.67, '2025-03-23T21:52:19.818Z'),
(1750, 41.527183, 84995, 1990.67, '2025-03-23T21:52:28.197Z'),
(1751, 41.527183, 84995, 1990.67, '2025-03-23T21:52:49.819Z'),
(1752, 41.527183, 84995, 1990.67, '2025-03-23T21:52:58.198Z'),
(1753, 41.527183, 84995, 1990.67, '2025-03-23T21:53:19.818Z'),
(1754, 41.527183, 84995, 1990.67, '2025-03-23T21:53:28.198Z');
