INSERT INTO users (id, username, password, is_regulator, regulator_balance, last_nft_generation, nft_generation_count) VALUES
(1, 'MaksimHR', '5cf101120e99d53570511b81f9e7c1916684201ab1df4668c461bbed59f37a3caba4d8778339d6f499a2b312e944192edc357421ad2c2d72ea1599cc40405691.c471b13138deee427db96178aa30fdf4', false, 0, NULL, 0),
(2, 'regulator', '$2b$10$pvacunM0bEDs8FAM2Pro/uD6.WF28c3RHBNs3hCFo9MVxgBAAqs4G', true, 1000000.39014973, NULL, 0),
(5, 'admin', 'admin123', true, 10000000.03369765, NULL, 0),
(6, 'Kich9999', '28d98fdaa7be8a875d10a9b62314f6c43126397d9f564d8768a11a7e03edcdce2b56b4b63a6ce28633a045afb5df6daaf416c3a50a7a602a6fff22f50b283ee7.bb3487721834f95a60a70623f2df1bcd', false, 0, NULL, 0),
(7, 'Denchik', '31eb00c952c85d35395cafb4efbdf80a7ecab427db7885a21d50de1ef282f642c53318264e44cef77fe95e81170904751463d65e162993a90883eb345d7f0dfa.32dc555cc4a9cfec73b6cbde27e1272a', false, 0, NULL, 0),
(8, 'hdfhdsfesh3', '17123f90398670982b5b83ac0364d0fe956f0d0b153089b4ac4b6c0a966adc8957d33c898fd32baeee173905264360996184f962025d872367b73cfe7645acce.c0c099827ee77df9c0d8a41867cb3c79', false, 0, NULL, 0),
(9, 'ytjfgjrtdt6', 'd4ffb48f086edfe45f97d52f16d329694170989d64e226ddd89ce6cabe42da9d0c15697a743a0c048e286d6edb06bb12da03be41829a23c6d2cec1295d529459.a8b0e69a20d59423f4e3be1aaa8911a2', false, 0, NULL, 0),
(10, 'Kich', '093b56f4be1b8af7d10d9d09cb750fbbf015e9af2ae1169aa76615f633472b35f9fccd625b1e1b89c11ecf4e3497ac814f5c9fbdc95909cb5903e207c49b5837.a12556a6a7730847363f333ae4aa597c', false, 0, NULL, 0),
(11, 'Tod_Kolins', '01b423385563d013d8f3594bba7e9b6133cfe55c3d9f418ce61ac4789e5590de51c3260dce1a9a4271428da22e3308f3fa87e48ecc117cbd9c54afce70112fb7.39831d0654fbd13c70b0f2c173a6c794', false, 0, NULL, 0),
(12, 'Kich7777', '2d1a1cf8606bd38e6a279c7dc91a04d56bb38051941fd42d4b387abca152eb1c6096ffb5b4d7119d775362d959e57d59b3071fbe14ca29dab1bb2e30953ef7c6.cf302d101af46eff3e48cc033a22c80e', false, 0, NULL, 0),
(13, 'Tod_Kolinsk', 'acd77b3d18e9566c6da7f3e0ee1518fd4a167344206c28f3e296a098ff2e4057660a9f6a18ea234eb0bbb1e1f18f0df5db569bf522b42f6d54085eff96816b23.1befeb491aef8daaecdb9200c4271ecb', false, 0, NULL, 0),
(14, 'Anatoliy', 'UMXWT3vudaiwt8H', false, 0, NULL, 0),
(17, 'Oleg', 'uhdkdn66', false, 0, NULL, 0);

INSERT INTO cards (id, user_id, type, number, expiry, cvv, balance, btc_balance, eth_balance, btc_address, eth_address) VALUES
(1, 1, 'crypto', '4000656684230545', '03/28', '709', 0.00, 0.00000000, 0.00000000, '1PBWkivAUBLP4PBbkZKBX75h8yeh49LpwH', '0x586E803a94777286f7cA370983091Bb290303e41'),
(2, 1, 'usd', '4111891201988062', '03/28', '495', 0.00, 0.00000000, 0.00000000, NULL, NULL),
(3, 1, 'uah', '5555624368885501', '03/28', '989', 0.00, 0.00000000, 0.00000000, NULL, NULL),
(4, 2, 'crypto', '4000589306345761', '06/28', '863', 0, 0.001, 0.01, '1EhLKWQokncBnpZM3RrxmuVeybbHM3RM8s', '0xbCDcfD1014c0CD2eBF4facF058a553BA77b20F98'),
(5, 2, 'usd', '4111238058472974', '09/28', '919', 1000, 0, 0, NULL, NULL),
(6, 2, 'uah', '5555248950789491', '08/28', '823', 40000, 0, 0, NULL, NULL),
(13, 5, 'crypto', '4000101461947771', '10/28', '240', 0, 968351.58000000, 179864.09, '16L3S7YZ2SVaZjRn7wt1G2UE4aVW8vGpyb', '0x8AFf45c3aE9F66fAc33EA042f3A7fC2C338E4b2E'),
(14, 5, 'usd', '4111323103306819', '01/28', '761', 200000000, 0, 0, NULL, NULL),
(15, 5, 'uah', '5555423163670631', '12/28', '349', 400000000, 0, 0, NULL, NULL),
(16, 6, 'crypto', '4111330535985631', '03/28', '696', 0.00, 0.00000000, 0.00000000, '13X8tNp3vTK8oV9HMQx6T4YxDuquhgtTBW', '0x9436CF533f2c3433806838b73aB2B5A6000bf6c9'),
(17, 6, 'usd', '4112185546212195', '03/28', '614', 0.00, 0.00000000, 0.00000000, NULL, NULL),
(18, 6, 'uah', '4113271946207582', '03/28', '338', 0.00, 0.00000000, 0.00000000, NULL, NULL),
(19, 7, 'crypto', '4111413957644346', '03/28', '960', 0.00, 0.00000000, 0.00000000, '1E4HGQ8TiTEU3iK73VqNCjxSbwUMKGpMrj', '0xd6e6A39977EA1b52B49924beCb81DB2f67Ee21Dc'),
(20, 7, 'usd', '4112818239176215', '03/28', '373', 0.00, 0.00000000, 0.00000000, NULL, NULL),
(21, 7, 'uah', '4113633308331620', '03/28', '630', 0.00, 0.00000000, 0.00000000, NULL, NULL),
(22, 8, 'crypto', '4111660863622836', '03/28', '940', 0.00, 0.00000000, 0.00000000, '124cq2jhYTwjwy6awGg1hi4wsK8JxEcCpw', '0x9419a912CDBBeF4983F667146Abe48864156c84b'),
(23, 8, 'usd', '4112473829066479', '03/28', '735', 0.00, 0.00000000, 0.00000000, NULL, NULL),
(24, 8, 'uah', '4113851669913815', '03/28', '766', 0.00, 0.00000000, 0.00000000, NULL, NULL),
(25, 9, 'crypto', '4111336238703704', '03/28', '269', 0.00, 0.00, 0.00, NULL, NULL),
(26, 9, 'usd', '4112054801321449', '03/28', '995', 0.00, 0.00, 0.00, NULL, NULL),
(27, 9, 'uah', '4113927624941486', '03/28', '338', 0.00, 0.00, 0.00, NULL, NULL),
(28, 10, 'crypto', '4111619791721415', '03/28', '577', 0.00, 0.00, 0.00, NULL, NULL),
(29, 10, 'usd', '4112221420670073', '03/28', '265', 0.00, 0.00, 0.00, NULL, NULL),
(30, 10, 'uah', '4113331149807020', '03/28', '131', 0.00, 0.00, 0.00, NULL, NULL),
(31, 11, 'crypto', '4111806775933316', '03/28', '124', 0.00, 0.00, 0.00, NULL, NULL),
(32, 11, 'usd', '4112288902688677', '03/28', '295', 0.00, 0.00, 0.00, NULL, NULL),
(33, 11, 'uah', '4113214354850143', '03/28', '955', 0.00, 0.00, 0.00, NULL, NULL),
(34, 1, 'crypto', '4111608844434692', '03/28', '142', 0.00, 0.00, 0.00, NULL, NULL),
(35, 1, 'usd', '4112387550332652', '03/28', '354', 82157.00, 0.00, 0.00, NULL, NULL),
(91, 17, 'crypto', '4111448008862359', '03/28', '989', 0, 3.15584577, 0, '1ETADiiQQQUyQjwQiRrd6sn4PjfhnGZoY1', '0xAd3a5F2C5d51a8AEe38988cDF7513d47F2D35dD7'),
(92, 17, 'usd', '4112967511269249', '03/28', '989', 69617.00, 0, 0, NULL, NULL),
(93, 17, 'uah', '4113516001378315', '03/28', '989', 3539414.91, 0, 0, NULL, NULL);

INSERT INTO transactions (id, from_card_id, to_card_id, amount, converted_amount, type, wallet, status, created_at, description, from_card_number, to_card_number) VALUES
(14, 34, 2, 0.01, 0.00000012023999903808, 'commission', NULL, 'completed', '2025-03-21T14:15:03.551Z', 'Комиссия за перевод (0.00000012 BTC)', '4111608844434692', 'REGULATOR'),
(51, 13, 2, 0.02, 0.02, 'commission', NULL, 'completed', '2025-03-21T19:55:25.912Z', 'Комиссия за перевод криптовалюты (0.02000000 BTC)', '4000101461947771', 'REGULATOR'),
(47, 13, 2, 0.01, 1.1894425082963615e-7, 'commission', NULL, 'completed', '2025-03-21T19:18:55.251Z', 'Комиссия за перевод (0.00000012 BTC)', '4000101461947771', 'REGULATOR'),
(43, 91, 2, 0.002, 2.3733238400379734e-8, 'commission', NULL, 'completed', '2025-03-21T18:51:32.633Z', 'Комиссия за перевод (0.00000002 BTC)', '4111448008862359', 'REGULATOR'),
(39, 13, 2, 0.01, 0.01, 'commission', NULL, 'completed', '2025-03-21T18:39:46.176Z', 'Комиссия за перевод криптовалюты (0.01000000 BTC)', '4000101461947771', 'REGULATOR'),
(35, 13, 2, 0.02, 0.02, 'commission', NULL, 'completed', '2025-03-21T17:54:16.669Z', 'Комиссия за перевод криптовалюты (0.02000000 BTC)', '4000101461947771', 'REGULATOR'),
(12, 13, 2, 0.34, 0.34, 'commission', NULL, 'completed', '2025-03-21T14:15:03.551Z', 'Комиссия за перевод криптовалюты (0.34000000 BTC)', '4000101461947771', 'REGULATOR'),
(53, 13, 5, 0.01, 1.1886083773118433e-7, 'commission', NULL, 'completed', '2025-03-21T22:53:54.452Z', 'Комиссия за перевод (0.00000012 BTC)', '4000101461947771', 'REGULATOR'),
(37, 13, 5, 0.02, 0.02, 'commission', NULL, 'completed', '2025-03-21T18:26:45.168Z', 'Комиссия за перевод криптовалюты (0.02000000 BTC)', '4000101461947771', 'REGULATOR'),
(41, 13, 5, 0.01, 0.01, 'commission', NULL, 'completed', '2025-03-21T18:49:40.569Z', 'Комиссия за перевод криптовалюты (0.01000000 BTC)', '4000101461947771', 'REGULATOR'),
(45, 92, 5, 10, 0.00011906604593568053, 'commission', NULL, 'completed', '2025-03-21T19:11:40.805Z', 'Комиссия за перевод (0.00011907 BTC)', '4112967511269249', 'REGULATOR'),
(49, 92, 5, 300, 0.003578457684737878, 'commission', NULL, 'completed', '2025-03-21T19:45:39.434Z', 'Комиссия за перевод криптовалюты (0.00357846 BTC)', '4112967511269249', 'REGULATOR'),
(11, 13, 34, 34, 34, 'crypto_transfer', '1L3g4xY6XV1F5YZXt5Qyrc8fiPh1w9eu3y', 'completed', '2025-03-21T14:15:03.551Z', 'Отправка 34.00000000 BTC на 1L3g4xY6XV1F5YZXt5Qyrc8fiPh1w9eu3y', '4000101461947771', '4111608844434692'),
(13, 34, 35, 1, 83167, 'transfer', NULL, 'completed', '2025-03-21T14:15:03.551Z', 'Перевод 1.00000000 CRYPTO → 83167.00 USD (курс: 83167.00)', '4111608844434692', '4112387550332652'),
(48, 92, 91, 30000, 0.3578457684737878, 'crypto_transfer', '1ETADiiQQQUyQjwQiRrd6sn4PjfhnGZoY1', 'completed', '2025-03-21T19:45:39.434Z', 'Конвертация 30000.00 USD → 0.35784577 BTC и отправка на 1ETADiiQQQUyQjwQiRrd6sn4PjfhnGZoY1', '4112967511269249', '4111448008862359'),
(40, 13, 91, 1, 1, 'crypto_transfer', '1ETADiiQQQUyQjwQiRrd6sn4PjfhnGZoY1', 'completed', '2025-03-21T18:49:40.569Z', 'Отправка 1.00000000 BTC на 1ETADiiQQQUyQjwQiRrd6sn4PjfhnGZoY1', '4000101461947771', '4111448008862359'),
(50, 13, 91, 2, 2, 'crypto_transfer', '1ETADiiQQQUyQjwQiRrd6sn4PjfhnGZoY1', 'completed', '2025-03-21T19:55:25.912Z', 'Отправка 2.00000000 BTC на 1ETADiiQQQUyQjwQiRrd6sn4PjfhnGZoY1', '4000101461947771', '4111448008862359'),
(42, 91, 92, 0.2, 16854, 'transfer', NULL, 'completed', '2025-03-21T18:51:32.589Z', 'Перевод 0.20000000 CRYPTO → 16854.00 USD (курс: 84270.00)', '4111448008862359', '4112967511269249'),
(46, 13, 92, 1, 84073, 'transfer', NULL, 'completed', '2025-03-21T19:18:55.205Z', 'Перевод 1.00000000 CRYPTO → 84073.00 USD (курс: 84073.00)', '4000101461947771', '4112967511269249'),
(52, 13, 93, 1, 3497839.3046520003, 'transfer', NULL, 'completed', '2025-03-21T22:53:54.399Z', 'Перевод 1.00000000 CRYPTO → 3497839.30 UAH (курс: 3497839.30)', '4000101461947771', '4113516001378315'),
(44, 92, 93, 1000, 41575.611000000004, 'transfer', NULL, 'completed', '2025-03-21T19:11:40.758Z', 'Перевод 1000.00 USD → 41575.61 UAH (курс: 41.58)', '4112967511269249', '4113516001378315'),
(9, 13, NULL, 164.85, 164.85, 'withdrawal', '1BTC000005c76e03739156312f66b7d3', 'pending', '2025-03-21T14:15:03.551Z', 'Снятие средств', '40006734456250066', NULL),
(8, 14, NULL, 525.05, 525.05, 'withdrawal', '1BTC000005d48db8d26641337e6a7f3e', 'pending', '2025-03-21T14:15:03.551Z', 'Снятие средств', '4111437867524511', NULL),
(7, 14, NULL, 236.11, 236.11, 'deposit', '1BTC000005a32156854a20c050b4da58', 'completed', '2025-03-21T14:15:03.551Z', 'Пополнение счета', '4111437867524511', NULL),
(6, 13, NULL, 614.84, 614.84, 'deposit', '0xB7E8f8D7a7671FA8f368EE771cd4BC02f51679c7', 'completed', '2025-03-21T14:15:03.551Z', 'Пополнение счета', '40006734456250066', NULL),
(10, 15, NULL, 692.03, 28546.24, 'exchange', NULL, 'completed', '2025-03-21T14:15:03.551Z', 'Обмен валюты', '55555175370227243', NULL),
(34, 13, NULL, 2, 2, 'crypto_transfer', '1ETADiiQQQUyQjwQiRrd6sn4PjfhnGZoY1', 'completed', '2025-03-21T17:54:16.622Z', 'Отправка 2.00000000 BTC на 1ETADiiQQQUyQjwQiRrd6sn4PjfhnGZoY1', '4000101461947771', NULL),
(38, 13, NULL, 1, 1, 'crypto_transfer', '1ETADiiQQQUyQjwQiRrd6sn4PjfhnGZoY1', 'completed', '2025-03-21T18:39:46.176Z', 'Отправка 1.00000000 BTC на 1ETADiiQQQUyQjwQiRrd6sn4PjfhnGZoY1', '4000101461947771', NULL),
(36, 13, NULL, 2, 2, 'crypto_transfer', '1ETADiiQQQUyQjwQiRrd6sn4PjfhnGZoY1', 'completed', '2025-03-21T18:26:45.168Z', 'Отправка 2.00000000 BTC на 1ETADiiQQQUyQjwQiRrd6sn4PjfhnGZoY1', '4000101461947771', NULL);

INSERT INTO exchange_rates (id, usd_to_uah, btc_to_usd, eth_to_usd, updated_at) VALUES
(1, 41.583626, 84413, 1967.75, '2025-03-21T14:15:03.551Z'),
(2, 41.527912, 84195, 1994.33, '2025-03-22T18:40:51.517Z'),
(3, 41.527912, 84195, 1994.33, '2025-03-22T18:41:20.210Z'),
(4, 41.527912, 84195, 1994.33, '2025-03-22T18:41:50.210Z'),
(5, 41.527912, 84195, 1994.33, '2025-03-22T18:42:20.210Z'),
(6, 41.527912, 84195, 1994.33, '2025-03-22T18:42:50.211Z'),
(7, 41.527912, 84195, 1994.33, '2025-03-22T18:43:20.212Z'),
(8, 41.527912, 84195, 1994.33, '2025-03-22T18:43:50.213Z'),
(9, 41.527912, 84195, 1994.33, '2025-03-22T18:44:20.214Z'),
(10, 41.527912, 84195, 1994.33, '2025-03-22T18:44:50.215Z'),
(11, 41.527912, 84195, 1994.33, '2025-03-22T18:45:20.216Z'),
(12, 41.527912, 84195, 1994.33, '2025-03-22T18:45:50.217Z'),
(13, 41.527912, 84258, 1996.47, '2025-03-22T18:46:20.381Z'),
(14, 41.527912, 84258, 1996.47, '2025-03-22T18:46:50.219Z'),
(15, 41.527912, 84258, 1996.47, '2025-03-22T18:47:20.220Z'),
(16, 41.527912, 84258, 1996.47, '2025-03-22T18:47:50.221Z'),
(17, 41.527912, 84258, 1996.47, '2025-03-22T18:48:20.222Z'),
(18, 41.527912, 84258, 1996.47, '2025-03-22T18:48:50.223Z'),
(19, 41.527912, 84258, 1996.47, '2025-03-22T18:49:20.224Z'),
(20, 41.527912, 84258, 1996.47, '2025-03-22T18:49:50.225Z'),
(21, 41.527912, 84258, 1996.47, '2025-03-22T18:50:20.225Z'),
(22, 41.527912, 84258, 1996.47, '2025-03-22T18:50:50.225Z'),
(23, 41.527912, 84258, 1996.47, '2025-03-22T18:51:20.226Z'),
(24, 41.527912, 84303, 1997.08, '2025-03-22T18:51:50.388Z'),
(25, 41.527912, 84303, 1997.08, '2025-03-22T18:52:20.226Z'),
(26, 41.527912, 84303, 1997.08, '2025-03-22T18:52:50.227Z'),
(27, 41.527912, 84303, 1997.08, '2025-03-22T18:53:20.227Z'),
(28, 41.527912, 84303, 1997.08, '2025-03-22T18:53:50.227Z'),
(29, 41.527912, 84303, 1997.08, '2025-03-22T18:54:20.227Z'),
(30, 41.527912, 84303, 1997.08, '2025-03-22T18:54:50.227Z'),
(31, 41.527912, 84303, 1997.08, '2025-03-22T18:55:20.228Z'),
(32, 41.527912, 84303, 1997.08, '2025-03-22T18:55:50.228Z'),
(33, 41.527912, 84303, 1997.08, '2025-03-22T18:56:20.228Z'),
(34, 41.527912, 84303, 1997.08, '2025-03-22T18:56:50.228Z'),
(35, 41.527912, 84263, 1996.95, '2025-03-22T18:57:20.382Z'),
(36, 41.527912, 84263, 1996.95, '2025-03-22T18:57:50.228Z'),
(37, 41.527912, 84263, 1996.95, '2025-03-22T18:58:20.229Z'),
(38, 41.527912, 84263, 1996.95, '2025-03-22T18:58:50.230Z'),
(39, 41.527912, 84263, 1996.95, '2025-03-22T18:59:20.231Z'),
(40, 41.527912, 84263, 1996.95, '2025-03-22T18:59:50.232Z'),
(41, 41.527912, 84263, 1996.95, '2025-03-22T19:00:20.233Z'),
(42, 41.527912, 84263, 1996.95, '2025-03-22T19:00:50.234Z'),
(43, 41.527912, 84263, 1996.95, '2025-03-22T19:01:20.235Z'),
(44, 41.527912, 84263, 1996.95, '2025-03-22T19:01:50.236Z'),
(45, 41.527912, 84263, 1996.95, '2025-03-22T19:02:20.236Z'),
(46, 41.527912, 84224, 1995.43, '2025-03-22T19:02:50.397Z'),
(47, 41.527912, 84224, 1995.43, '2025-03-22T19:03:20.238Z'),
(48, 41.527912, 84224, 1995.43, '2025-03-22T19:03:50.239Z'),
(49, 41.527912, 84224, 1995.43, '2025-03-22T19:04:20.240Z'),
(50, 41.527912, 84224, 1995.43, '2025-03-22T19:04:50.241Z'),
(51, 41.527912, 84224, 1995.43, '2025-03-22T19:05:20.241Z'),
(52, 41.527912, 84224, 1995.43, '2025-03-22T19:05:50.241Z'),
(53, 41.527912, 84224, 1995.43, '2025-03-22T19:06:20.242Z'),
(54, 41.527912, 84224, 1995.43, '2025-03-22T19:06:50.242Z'),
(55, 41.527912, 84224, 1995.43, '2025-03-22T19:07:20.242Z'),
(56, 41.527912, 84224, 1995.43, '2025-03-22T19:07:50.242Z'),
(57, 41.527912, 84221, 1995.11, '2025-03-22T19:08:20.386Z'),
(58, 41.527912, 84221, 1995.11, '2025-03-22T19:08:50.243Z'),
(59, 41.527912, 84221, 1995.11, '2025-03-22T19:09:20.243Z'),
(60, 41.527912, 84221, 1995.11, '2025-03-22T19:09:50.244Z'),
(61, 41.527912, 84221, 1995.11, '2025-03-22T19:10:20.244Z'),
(62, 41.527912, 84221, 1995.11, '2025-03-22T19:10:50.245Z'),
(63, 41.527912, 84221, 1995.11, '2025-03-22T19:11:20.245Z'),
(64, 41.527912, 84221, 1995.11, '2025-03-22T19:11:50.245Z'),
(65, 41.527912, 84221, 1995.11, '2025-03-22T19:12:20.245Z'),
(66, 41.527912, 84221, 1995.11, '2025-03-22T19:12:50.245Z'),
(67, 41.527912, 84221, 1995.11, '2025-03-22T19:13:20.245Z'),
(68, 41.527912, 84239, 1996.54, '2025-03-22T19:13:50.401Z'),
(69, 41.527912, 84239, 1996.54, '2025-03-22T19:14:20.246Z'),
(70, 41.527912, 84239, 1996.54, '2025-03-22T19:14:50.246Z'),
(71, 41.527912, 84239, 1996.54, '2025-03-22T19:15:20.247Z'),
(72, 41.527912, 84239, 1996.54, '2025-03-22T19:15:50.248Z'),
(73, 41.527912, 84239, 1996.54, '2025-03-22T19:16:20.249Z'),
(74, 41.527912, 84239, 1996.54, '2025-03-22T19:16:50.249Z'),
(75, 41.527912, 84239, 1996.54, '2025-03-22T19:17:20.250Z'),
(76, 41.527912, 84239, 1996.54, '2025-03-22T19:17:50.250Z'),
(77, 41.527912, 84239, 1996.54, '2025-03-22T19:18:20.251Z'),
(78, 41.527912, 84239, 1996.54, '2025-03-22T19:18:50.252Z'),
(79, 41.527912, 84198, 1994.89, '2025-03-22T19:19:20.425Z'),
(80, 41.527912, 84198, 1994.89, '2025-03-22T19:19:50.254Z'),
(81, 41.527912, 84198, 1994.89, '2025-03-22T19:20:20.254Z'),
(82, 41.527912, 84188, 1994.98, '2025-03-22T19:30:38.843Z'),
(83, 41.527912, 84188, 1994.98, '2025-03-22T19:31:07.751Z'),
(84, 41.527912, 84188, 1994.98, '2025-03-22T19:31:37.751Z'),
(85, 41.527912, 84188, 1994.98, '2025-03-22T19:32:07.751Z'),
(86, 41.527912, 84188, 1994.98, '2025-03-22T19:32:37.751Z'),
(87, 41.527912, 84188, 1994.98, '2025-03-22T19:33:07.751Z'),
(88, 41.527912, 84188, 1994.98, '2025-03-22T19:33:37.751Z'),
(89, 41.527912, 84188, 1994.98, '2025-03-22T19:34:07.752Z'),
(90, 41.527912, 84188, 1994.98, '2025-03-22T19:34:37.752Z'),
(91, 41.527912, 84188, 1994.98, '2025-03-22T19:35:07.752Z'),
(92, 41.527912, 84188, 1994.98, '2025-03-22T19:35:37.752Z'),
(93, 41.527912, 84217, 1995.15, '2025-03-22T19:36:07.910Z'),
(94, 41.527912, 84217, 1995.15, '2025-03-22T19:36:37.753Z'),
(95, 41.527912, 84217, 1995.15, '2025-03-22T19:37:07.752Z'),
(96, 41.527912, 84217, 1995.15, '2025-03-22T19:37:37.753Z'),
(97, 41.527912, 84217, 1995.15, '2025-03-22T19:38:07.752Z'),
(98, 41.527912, 84217, 1995.15, '2025-03-22T19:38:37.752Z'),
(99, 41.527912, 84217, 1995.15, '2025-03-22T19:39:07.752Z'),
(100, 41.527912, 84217, 1995.15, '2025-03-22T19:39:37.752Z'),
(101, 41.527912, 84217, 1995.15, '2025-03-22T19:40:07.753Z'),
(102, 41.527912, 84217, 1995.15, '2025-03-22T19:40:37.753Z'),
(103, 41.527912, 84217, 1995.15, '2025-03-22T19:41:07.752Z'),
(104, 41.527912, 84213, 1995.51, '2025-03-22T19:41:37.906Z'),
(105, 41.527912, 84213, 1995.51, '2025-03-22T19:42:07.752Z'),
(106, 41.527912, 84213, 1995.51, '2025-03-22T19:42:37.752Z'),
(107, 41.527912, 84213, 1995.51, '2025-03-22T19:43:07.752Z'),
(108, 41.527912, 84213, 1995.51, '2025-03-22T19:43:37.752Z'),
(109, 41.527912, 84213, 1995.51, '2025-03-22T19:44:07.752Z'),
(110, 41.527912, 84213, 1995.51, '2025-03-22T19:44:37.752Z'),
(111, 41.527912, 84213, 1995.51, '2025-03-22T19:45:07.753Z'),
(112, 41.527912, 84213, 1995.51, '2025-03-22T19:45:37.755Z'),
(113, 41.527912, 84213, 1995.51, '2025-03-22T19:46:07.754Z'),
(114, 41.527912, 84213, 1995.51, '2025-03-22T19:46:37.754Z'),
(115, 41.527912, 84203, 1995.37, '2025-03-22T19:47:07.910Z'),
(116, 41.527912, 84203, 1995.37, '2025-03-22T19:47:37.755Z'),
(117, 41.527912, 84203, 1995.37, '2025-03-22T19:48:07.756Z'),
(118, 41.527912, 84203, 1995.37, '2025-03-22T19:48:37.755Z'),
(119, 41.527912, 84203, 1995.37, '2025-03-22T19:49:07.755Z'),
(120, 41.527912, 84203, 1995.37, '2025-03-22T19:49:37.755Z'),
(121, 41.527912, 84203, 1995.37, '2025-03-22T19:50:07.755Z'),
(122, 41.527912, 84203, 1995.37, '2025-03-22T19:50:37.755Z'),
(124, 41.527912, 84203, 1995.37, '2025-03-22T19:51:37.755Z'),
(128, 41.527912, 84164, 1994.06, '2025-03-22T19:53:37.755Z'),
(129, 41.527912, 84164, 1994.06, '2025-03-22T19:54:07.755Z'),
(131, 41.527912, 84164, 1994.06, '2025-03-22T19:55:07.755Z'),
(132, 41.527912, 84164, 1994.06, '2025-03-22T19:55:37.756Z'),
(133, 41.527912, 84164, 1994.06, '2025-03-22T19:56:07.756Z'),
(134, 41.527912, 84164, 1994.06, '2025-03-22T19:56:37.756Z'),
(135, 41.527912, 84164, 1994.06, '2025-03-22T19:57:07.756Z'),
(136, 41.527912, 84164, 1994.06, '2025-03-22T19:57:37.756Z'),
(138, 41.527912, 84151, 1993.99, '2025-03-22T19:58:37.756Z'),
(123, 41.527912, 84203, 1995.37, '2025-03-22T19:51:07.755Z'),
(125, 41.527912, 84203, 1995.37, '2025-03-22T19:52:07.756Z'),
(130, 41.527912, 84164, 1994.06, '2025-03-22T19:54:37.755Z'),
(137, 41.527912, 84151, 1993.99, '2025-03-22T19:58:07.918Z'),
(126, 41.527912, 84164, 1994.06, '2025-03-22T19:52:37.906Z'),
(127, 41.527912, 84164, 1994.06, '2025-03-22T19:53:07.755Z'),
(139, 41.527912, 84151, 1993.99, '2025-03-22T19:59:07.757Z'),
(140, 41.527912, 84151, 1993.99, '2025-03-22T19:59:37.757Z'),
(141, 41.527912, 84151, 1993.99, '2025-03-22T20:00:07.757Z'),
(142, 41.527912, 84151, 1993.99, '2025-03-22T20:00:37.757Z'),
(143, 41.527912, 84151, 1993.99, '2025-03-22T20:01:07.757Z'),
(144, 41.527912, 84151, 1993.99, '2025-03-22T20:01:37.758Z'),
(145, 41.527912, 84151, 1993.99, '2025-03-22T20:02:07.757Z'),
(146, 41.527912, 84151, 1993.99, '2025-03-22T20:02:37.757Z'),
(147, 41.527912, 84151, 1993.99, '2025-03-22T20:03:07.757Z'),
(148, 41.527912, 84170, 1995.65, '2025-03-22T20:03:37.917Z'),
(149, 41.527912, 84170, 1995.65, '2025-03-22T20:04:07.757Z'),
(150, 41.527912, 84170, 1995.65, '2025-03-22T20:04:37.757Z'),
(151, 41.527912, 84170, 1995.65, '2025-03-22T20:05:07.757Z'),
(152, 41.527912, 84170, 1995.65, '2025-03-22T20:05:37.758Z'),
(153, 41.527912, 84170, 1995.65, '2025-03-22T20:06:07.757Z'),
(154, 41.527912, 84170, 1995.65, '2025-03-22T20:06:37.757Z'),
(155, 41.527912, 84170, 1995.65, '2025-03-22T20:07:07.757Z'),
(156, 41.527912, 84170, 1995.65, '2025-03-22T20:07:37.757Z'),
(157, 41.527912, 84170, 1995.65, '2025-03-22T20:08:07.757Z'),
(158, 41.527912, 84170, 1995.65, '2025-03-22T20:08:37.757Z'),
(159, 41.527912, 84153, 1996.15, '2025-03-22T20:09:07.907Z'),
(160, 41.527912, 84153, 1996.15, '2025-03-22T20:09:37.757Z'),
(161, 41.527912, 84153, 1996.15, '2025-03-22T20:10:07.758Z'),
(162, 41.527912, 84153, 1996.15, '2025-03-22T20:10:37.757Z'),
(163, 41.527912, 84153, 1996.15, '2025-03-22T20:11:07.758Z'),
(164, 41.527912, 84153, 1996.15, '2025-03-22T20:11:37.758Z'),
(165, 41.527912, 84153, 1996.15, '2025-03-22T20:12:07.760Z'),
(166, 41.527912, 84153, 1996.15, '2025-03-22T20:12:37.761Z'),
(167, 41.527912, 84153, 1996.15, '2025-03-22T20:13:07.760Z'),
(168, 41.527912, 84153, 1996.15, '2025-03-22T20:13:37.760Z'),
(169, 41.527912, 84153, 1996.15, '2025-03-22T20:14:07.760Z'),
(170, 41.527912, 84196, 2000.07, '2025-03-22T20:14:37.926Z'),
(171, 41.527912, 84196, 2000.07, '2025-03-22T20:15:07.761Z'),
(172, 41.527912, 84196, 2000.07, '2025-03-22T20:15:37.762Z'),
(173, 41.527912, 84196, 2000.07, '2025-03-22T20:16:07.761Z'),
(174, 41.527912, 84196, 2000.07, '2025-03-22T20:16:37.761Z'),
(175, 41.527912, 84196, 2000.07, '2025-03-22T20:17:07.762Z'),
(176, 41.527912, 84196, 2000.07, '2025-03-22T20:17:37.761Z'),
(177, 41.527912, 84196, 2000.07, '2025-03-22T20:18:07.761Z'),
(178, 41.527912, 84196, 2000.07, '2025-03-22T20:18:37.761Z'),
(179, 41.527912, 84196, 2000.07, '2025-03-22T20:19:07.762Z'),
(180, 41.527912, 84196, 2000.07, '2025-03-22T20:19:37.763Z'),
(181, 41.527912, 84139, 1998.43, '2025-03-22T20:20:07.933Z'),
(182, 41.527912, 84139, 1998.43, '2025-03-22T20:20:37.765Z'),
(183, 41.527912, 84139, 1998.43, '2025-03-22T20:21:07.765Z'),
(184, 41.527912, 84139, 1998.43, '2025-03-22T20:21:37.765Z'),
(185, 41.527912, 84139, 1998.43, '2025-03-22T20:22:07.765Z'),
(186, 41.527912, 84139, 1998.43, '2025-03-22T20:22:37.765Z'),
(187, 41.527912, 84139, 1998.43, '2025-03-22T20:23:07.765Z'),
(188, 41.527912, 84139, 1998.43, '2025-03-22T20:23:37.766Z'),
(189, 41.527912, 84139, 1998.43, '2025-03-22T20:24:07.766Z'),
(190, 41.527912, 84139, 1998.43, '2025-03-22T20:24:37.766Z'),
(191, 41.527912, 84139, 1998.43, '2025-03-22T20:25:07.766Z'),
(192, 41.527912, 84140, 1998.12, '2025-03-22T20:25:37.928Z'),
(193, 41.527912, 84140, 1998.12, '2025-03-22T20:26:07.766Z'),
(194, 41.527912, 84140, 1998.12, '2025-03-22T20:26:37.766Z'),
(195, 41.527912, 84140, 1998.12, '2025-03-22T20:27:07.766Z'),
(196, 41.527912, 84140, 1998.12, '2025-03-22T20:27:37.766Z'),
(197, 41.527912, 84140, 1998.12, '2025-03-22T20:28:07.766Z'),
(198, 41.527912, 84140, 1998.12, '2025-03-22T20:28:37.766Z'),
(199, 41.527912, 84140, 1998.12, '2025-03-22T20:29:07.766Z'),
(200, 41.527912, 84140, 1998.12, '2025-03-22T20:29:37.766Z'),
(201, 41.527912, 84140, 1998.12, '2025-03-22T20:30:07.766Z'),
(202, 41.527912, 84140, 1998.12, '2025-03-22T20:30:37.767Z'),
(203, 41.527912, 84161, 1999.49, '2025-03-22T20:31:07.934Z'),
(204, 41.527912, 84161, 1999.49, '2025-03-22T20:31:37.767Z'),
(205, 41.527912, 84161, 1999.49, '2025-03-22T20:32:07.767Z'),
(206, 41.527912, 84161, 1999.49, '2025-03-22T20:32:37.768Z'),
(207, 41.527912, 84161, 1999.49, '2025-03-22T20:33:07.768Z'),
(208, 41.527912, 84161, 1999.49, '2025-03-22T20:33:37.767Z'),
(209, 41.527912, 84161, 1999.49, '2025-03-22T20:34:07.767Z'),
(210, 41.527912, 84161, 1999.49, '2025-03-22T20:34:37.767Z'),
(211, 41.527912, 84161, 1999.49, '2025-03-22T20:35:07.767Z'),
(212, 41.527912, 84161, 1999.49, '2025-03-22T20:35:37.767Z'),
(213, 41.527912, 84161, 1999.49, '2025-03-22T20:36:07.768Z'),
(214, 41.527912, 84182, 2000.18, '2025-03-22T20:36:37.928Z'),
(215, 41.527912, 84182, 2000.18, '2025-03-22T20:37:07.768Z'),
(216, 41.527912, 84182, 2000.18, '2025-03-22T20:37:37.768Z'),
(217, 41.527912, 84182, 2000.18, '2025-03-22T20:38:07.768Z'),
(218, 41.527912, 84182, 2000.18, '2025-03-22T20:38:37.768Z'),
(219, 41.527912, 84182, 2000.18, '2025-03-22T20:39:07.768Z'),
(220, 41.527912, 84182, 2000.18, '2025-03-22T20:39:37.768Z'),
(221, 41.527912, 84182, 2000.18, '2025-03-22T20:40:07.768Z'),
(222, 41.527912, 84182, 2000.18, '2025-03-22T20:40:37.768Z'),
(223, 41.527912, 84182, 2000.18, '2025-03-22T20:41:07.768Z'),
(224, 41.527912, 84182, 2000.18, '2025-03-22T20:41:37.768Z'),
(225, 41.527912, 84146, 2000.31, '2025-03-22T20:42:07.958Z'),
(226, 41.527912, 84146, 2000.31, '2025-03-22T20:42:37.769Z'),
(227, 41.527912, 84146, 2000.31, '2025-03-22T20:43:07.770Z'),
(228, 41.527912, 84146, 2000.31, '2025-03-22T20:43:37.770Z'),
(229, 41.527912, 84146, 2000.31, '2025-03-22T20:44:07.769Z'),
(230, 41.527912, 84146, 2000.31, '2025-03-22T20:44:37.770Z'),
(231, 41.527912, 84146, 2000.31, '2025-03-22T20:45:07.769Z'),
(232, 41.527912, 84146, 2000.31, '2025-03-22T20:45:37.769Z'),
(233, 41.527912, 84146, 2000.31, '2025-03-22T20:46:07.769Z'),
(234, 41.527912, 84146, 2000.31, '2025-03-22T20:46:37.770Z'),
(235, 41.527912, 84146, 2000.31, '2025-03-22T20:47:07.770Z'),
(236, 41.527912, 84147, 1999.81, '2025-03-22T20:47:37.927Z'),
(237, 41.527912, 84147, 1999.81, '2025-03-22T20:48:07.769Z'),
(238, 41.527912, 84147, 1999.81, '2025-03-22T20:48:37.769Z'),
(239, 41.527912, 84147, 1999.81, '2025-03-22T20:49:07.769Z'),
(240, 41.527912, 84147, 1999.81, '2025-03-22T20:49:37.769Z'),
(241, 41.527912, 84147, 1999.81, '2025-03-22T20:50:07.770Z'),
(242, 41.527912, 84147, 1999.81, '2025-03-22T20:50:37.770Z'),
(243, 41.527912, 84147, 1999.81, '2025-03-22T20:51:07.770Z'),
(244, 41.527912, 84147, 1999.81, '2025-03-22T20:51:37.770Z'),
(245, 41.527912, 84147, 1999.81, '2025-03-22T20:52:07.770Z'),
(246, 41.527912, 84147, 1999.81, '2025-03-22T20:52:37.771Z'),
(247, 41.527912, 84049, 1997.3, '2025-03-22T20:53:07.938Z'),
(248, 41.527912, 84049, 1997.3, '2025-03-22T20:53:37.771Z'),
(249, 41.527912, 84049, 1997.3, '2025-03-22T20:54:07.772Z'),
(250, 41.527912, 84049, 1997.3, '2025-03-22T20:54:37.771Z'),
(251, 41.527912, 84049, 1997.3, '2025-03-22T20:55:07.771Z'),
(252, 41.527912, 84049, 1997.3, '2025-03-22T20:55:37.771Z'),
(253, 41.527912, 84049, 1997.3, '2025-03-22T20:56:07.771Z'),
(254, 41.527912, 84049, 1997.3, '2025-03-22T20:56:37.772Z'),
(255, 41.527912, 84049, 1997.3, '2025-03-22T20:57:07.771Z'),
(256, 41.527912, 84049, 1997.3, '2025-03-22T20:57:37.771Z'),
(257, 41.527912, 84049, 1997.3, '2025-03-22T20:58:07.772Z'),
(261, 41.527912, 84007, 1995.35, '2025-03-22T21:00:07.773Z'),
(262, 41.527912, 84007, 1995.35, '2025-03-22T21:00:37.773Z'),
(263, 41.527912, 84007, 1995.35, '2025-03-22T21:01:07.773Z'),
(266, 41.527912, 84007, 1995.35, '2025-03-22T21:02:37.775Z'),
(258, 41.527912, 84007, 1995.35, '2025-03-22T20:58:37.931Z'),
(259, 41.527912, 84007, 1995.35, '2025-03-22T20:59:07.773Z'),
(260, 41.527912, 84007, 1995.35, '2025-03-22T20:59:37.772Z'),
(264, 41.527912, 84007, 1995.35, '2025-03-22T21:01:37.774Z'),
(265, 41.527912, 84007, 1995.35, '2025-03-22T21:02:07.774Z'),
(267, 41.527912, 84007, 1995.35, '2025-03-22T21:03:07.775Z'),
(268, 41.527912, 84007, 1995.35, '2025-03-22T21:03:37.776Z'),
(269, 41.527912, 83873, 1991.05, '2025-03-22T21:04:07.926Z'),
(270, 41.527912, 83873, 1991.05, '2025-03-22T21:04:37.777Z'),
(271, 41.527912, 83873, 1991.05, '2025-03-22T21:05:07.777Z'),
(272, 41.527912, 83873, 1991.05, '2025-03-22T21:05:37.776Z'),
(273, 41.527912, 83873, 1991.05, '2025-03-22T21:06:07.776Z'),
(274, 41.527912, 83873, 1991.05, '2025-03-22T21:06:37.776Z'),
(275, 41.527912, 83873, 1991.05, '2025-03-22T21:07:07.776Z'),
(276, 41.527912, 83873, 1991.05, '2025-03-22T21:07:37.777Z'),
(277, 41.527912, 83873, 1991.05, '2025-03-22T21:08:07.776Z'),
(278, 41.527912, 83873, 1991.05, '2025-03-22T21:08:37.776Z'),
(279, 41.527912, 83924, 1991.81, '2025-03-22T21:09:08.160Z'),
(280, 41.527912, 83935, 1992.04, '2025-03-22T21:09:41.056Z'),
(281, 41.527912, 83935, 1992.04, '2025-03-22T21:10:10.467Z'),
(282, 41.527912, 83935, 1992.04, '2025-03-22T21:10:40.466Z'),
(283, 41.527912, 83935, 1992.04, '2025-03-22T21:11:10.466Z'),
(284, 41.527912, 83964, 1993.3, '2025-03-22T21:11:42.111Z'),
(285, 41.527912, 83964, 1993.3, '2025-03-22T21:12:11.199Z'),
(286, 41.527912, 83964, 1993.3, '2025-03-22T21:12:33.169Z'),
(287, 41.527912, 83964, 1993.3, '2025-03-22T21:13:02.678Z'),
(288, 41.527912, 83964, 1993.3, '2025-03-22T21:13:32.679Z'),
(289, 41.527912, 83964, 1993.3, '2025-03-22T21:14:02.679Z'),
(290, 41.527912, 83964, 1993.3, '2025-03-22T21:14:32.679Z'),
(291, 41.527912, 83964, 1993.3, '2025-03-22T21:15:02.678Z'),
(292, 41.527912, 83964, 1993.3, '2025-03-22T21:15:32.678Z'),
(293, 41.527912, 83964, 1993.3, '2025-03-22T21:16:02.678Z'),
(294, 41.527912, 84074, 1994.72, '2025-03-22T21:16:23.459Z'),
(295, 41.527912, 84074, 1994.72, '2025-03-22T21:16:52.621Z'),
(296, 41.527912, 84074, 1994.72, '2025-03-22T21:17:22.621Z'),
(297, 41.527912, 84074, 1994.72, '2025-03-22T21:17:52.622Z'),
(298, 41.527912, 84074, 1994.72, '2025-03-22T21:18:22.622Z'),
(299, 41.527912, 84074, 1994.72, '2025-03-22T21:18:52.622Z'),
(300, 41.527912, 84074, 1994.72, '2025-03-22T21:19:22.623Z'),
(301, 41.527912, 84074, 1994.72, '2025-03-22T21:19:52.623Z'),
(302, 41.527912, 84074, 1994.72, '2025-03-22T21:20:22.624Z'),
(303, 41.527912, 84074, 1994.72, '2025-03-22T21:20:52.624Z'),
(304, 41.527912, 84074, 1994.72, '2025-03-22T21:21:22.623Z'),
(305, 41.527912, 84034, 1992.14, '2025-03-22T21:21:52.782Z'),
(306, 41.527912, 84034, 1992.14, '2025-03-22T21:22:22.624Z'),
(307, 41.527912, 84034, 1992.14, '2025-03-22T21:22:52.623Z'),
(308, 41.527912, 84034, 1992.14, '2025-03-22T21:23:22.623Z'),
(309, 41.527912, 84034, 1992.14, '2025-03-22T21:23:52.623Z'),
(310, 41.527912, 84034, 1992.14, '2025-03-22T21:24:22.624Z'),
(311, 41.527912, 84034, 1992.14, '2025-03-22T21:24:52.625Z'),
(312, 41.527912, 84034, 1992.14, '2025-03-22T21:25:22.624Z'),
(313, 41.527912, 84034, 1992.14, '2025-03-22T21:25:52.624Z'),
(314, 41.527912, 84034, 1992.14, '2025-03-22T21:26:22.624Z'),
(315, 41.527912, 84034, 1992.14, '2025-03-22T21:26:52.624Z'),
(316, 41.527912, 84006, 1990.8, '2025-03-22T21:27:22.787Z'),
(317, 41.527912, 84006, 1990.8, '2025-03-22T21:27:52.624Z'),
(318, 41.527912, 84006, 1990.8, '2025-03-22T21:28:22.625Z');
