INSERT INTO users (id, username, password, is_regulator, regulator_balance, last_nft_generation, nft_generation_count) VALUES
(1, 'maksim88', 'zh5S4n7CmpDFBpn', false, 0.00000000, NULL, 0),
(4, 'Durov1', 'sxy8Mnm3jxiFaVT', false, 0.00000000, NULL, 0),
(5, 'DianaTomkina', 'A12345678', false, 0.00000000, NULL, 0),
(3, 'regulator', 'Regulator123', true, 500000.00000003, NULL, 0),
(2, 'admin', 'admin123', true, 45684744.35841934, NULL, 0);

INSERT INTO cards (id, user_id, type, number, expiry, cvv, balance, btc_balance, eth_balance, btc_address, eth_address) VALUES
(3, 1, 'uah', '4113907910039456', '08/28', '781', 0.00000000, 0.00000000, 0.00000000, NULL, NULL),
(1, 1, 'crypto', '4111681126189854', '08/28', '165', 0.00000000, 0.00000000, 0.00000000, '1GWzB5z23nWRwz952sfMPvdxDsRTkhWyss', '0x441e217F7C659DFA9C7cf5Cb5D574043b0B865f7'),
(5, 3, 'uah', '4111 6811 2618 5286', '08/28', '336', 40000.00000000, 0.00000000, 0.00000000, NULL, NULL),
(4, 3, 'usd', '4111 6811 2618 7940', '08/28', '407', 1000.00000000, 0.00000000, 0.00000000, NULL, NULL),
(2, 1, 'usd', '4112322062136520', '08/28', '736', 11500.90000000, 0.00000000, 0.00000000, NULL, NULL),
(7, 4, 'crypto', '4111263674099173', '08/28', '890', 0.00000000, 0.00000000, 0.00000000, '16XN8oULvD1zuTeg3RBWGfN9kCMMhjfAws', '0x74878D20F241595324b24Ac8F7F6399a60d2C12C'),
(8, 4, 'usd', '4112747576954276', '08/28', '209', 0.00000000, 0.00000000, 0.00000000, NULL, NULL),
(9, 4, 'uah', '4113099627577767', '08/28', '903', 0.00000000, 0.00000000, 0.00000000, NULL, NULL),
(11, 5, 'usd', '4112520252004718', '08/28', '378', 0.00000000, 0.00000000, 0.00000000, NULL, NULL),
(6, 3, 'crypto', '4111 6811 2618 9390', '08/28', '276', 0.00000000, 937996.42147000, 36800.78130570, '1NeGKbeLmAvNEvg7ZHfE6mgsQQyynTrrMY', '0xFB734f2527B58d1fe46477042428Ad7dC557afCd'),
(12, 5, 'uah', '4113086489300030', '08/28', '571', 86760.32000000, 0.00000000, 0.00000000, NULL, NULL),
(10, 5, 'crypto', '4111357202311723', '08/28', '195', 0.00000000, 0.27893224, 0.00000000, '17hBLXfBeSTiiMrcbv5ZWbU9DEoS1HnioV', '0x7375AEb78FF61bf2EC058c6216d8a74621B2f115');

INSERT INTO transactions (id, from_card_id, to_card_id, amount, converted_amount, type, wallet, status, created_at, description, from_card_number, to_card_number) VALUES
(1, 6, 2, 0.10000000, 11500.90000000, 'transfer', NULL, 'completed', '2025-08-23T13:55:45.037Z', 'Перевод 0.10000000 CRYPTO → 11500.90 USD (курс: 115009.00)', '4111 6811 2618 9390', '4112322062136520'),
(2, 6, 2, 0.00100000, 0.00000001, 'commission', NULL, 'completed', '2025-08-23T13:55:45.386Z', 'Комиссия за перевод (0.00000001 BTC)', '4111 6811 2618 9390', 'REGULATOR'),
(3, 6, 12, 0.30000000, 1423978.10400000, 'transfer', NULL, 'completed', '2025-08-23T15:48:53.739Z', 'Перевод 0.30000000 CRYPTO → 1423978.10 UAH (курс: 4746593.68)', '4111 6811 2618 9390', '4113086489300030'),
(4, 6, 3, 0.00300000, 0.00000003, 'commission', NULL, 'completed', '2025-08-23T15:48:54.085Z', 'Комиссия за перевод (0.00000003 BTC)', '4111 6811 2618 9390', 'REGULATOR'),
(5, 12, 10, 1323978.00000000, 0.27893224, 'crypto_transfer', '17hBLXfBeSTiiMrcbv5ZWbU9DEoS1HnioV', 'completed', '2025-08-23T15:50:41.499Z', 'Конвертация 1323978.00 UAH → 0.27893224 BTC и отправка на адрес 17hBLXfBeSTiiMrcbv5ZWbU9DEoS1HnioV (внутренний перевод)', '4113086489300030', '4111357202311723'),
(6, 12, 2, 13239.78000000, 0.00278932, 'commission', NULL, 'completed', '2025-08-23T15:50:41.848Z', 'Комиссия за перевод BTC (0.00278932 BTC)', '4113086489300030', 'REGULATOR');

INSERT INTO exchange_rates (id, usd_to_uah, btc_to_usd, eth_to_usd, updated_at) VALUES
(1, 41.32, 115119.00, 4718.41, '2025-08-23T13:14:07.141Z'),
(2, 40.50, 65000.00, 3500.00, '2025-08-23T13:14:11.606Z'),
(3, 41.32, 115119.00, 4718.41, '2025-08-23T13:14:36.016Z'),
(4, 41.32, 115119.00, 4718.41, '2025-08-23T13:15:06.016Z'),
(5, 41.32, 115119.00, 4718.41, '2025-08-23T13:15:36.016Z'),
(6, 41.32, 115119.00, 4718.41, '2025-08-23T13:16:06.016Z'),
(7, 41.32, 115119.00, 4718.41, '2025-08-23T13:16:36.016Z'),
(8, 41.32, 115119.00, 4718.41, '2025-08-23T13:17:06.016Z'),
(9, 41.32, 115119.00, 4718.41, '2025-08-23T13:17:36.016Z'),
(10, 41.32, 115119.00, 4718.41, '2025-08-23T13:18:06.017Z'),
(11, 41.32, 115119.00, 4718.41, '2025-08-23T13:18:36.017Z'),
(12, 41.32, 115119.00, 4718.41, '2025-08-23T13:19:06.017Z'),
(13, 41.32, 115124.00, 4720.29, '2025-08-23T13:19:36.219Z'),
(14, 41.32, 115124.00, 4720.29, '2025-08-23T13:20:06.018Z'),
(15, 41.32, 115124.00, 4720.29, '2025-08-23T13:20:36.019Z'),
(16, 41.32, 115124.00, 4720.29, '2025-08-23T13:21:06.018Z'),
(17, 41.32, 115124.00, 4720.29, '2025-08-23T13:21:36.019Z'),
(18, 41.32, 115124.00, 4720.29, '2025-08-23T13:22:06.019Z'),
(19, 41.32, 115124.00, 4720.29, '2025-08-23T13:22:36.020Z'),
(20, 41.32, 115124.00, 4720.29, '2025-08-23T13:23:06.020Z'),
(21, 41.32, 115069.00, 4718.32, '2025-08-23T13:23:34.018Z'),
(22, 41.32, 115069.00, 4718.32, '2025-08-23T13:24:02.837Z'),
(23, 41.32, 115069.00, 4718.32, '2025-08-23T13:24:32.837Z'),
(24, 41.32, 115069.00, 4718.32, '2025-08-23T13:25:02.837Z'),
(25, 41.32, 115069.00, 4718.32, '2025-08-23T13:25:32.837Z'),
(26, 41.32, 115069.00, 4718.32, '2025-08-23T13:26:02.837Z'),
(27, 41.32, 115069.00, 4718.32, '2025-08-23T13:26:32.837Z'),
(28, 41.32, 115069.00, 4718.32, '2025-08-23T13:27:02.837Z'),
(29, 41.32, 115069.00, 4718.32, '2025-08-23T13:27:32.837Z'),
(30, 41.32, 115069.00, 4718.32, '2025-08-23T13:28:02.837Z'),
(31, 41.32, 115069.00, 4718.32, '2025-08-23T13:28:32.837Z'),
(32, 41.32, 115064.00, 4717.14, '2025-08-23T13:29:03.019Z'),
(33, 41.32, 115064.00, 4717.14, '2025-08-23T13:29:32.838Z'),
(34, 41.32, 115064.00, 4717.14, '2025-08-23T13:30:02.839Z'),
(35, 41.32, 115052.00, 4719.61, '2025-08-23T13:30:27.476Z'),
(36, 41.32, 115052.00, 4719.61, '2025-08-23T13:30:56.258Z'),
(37, 41.32, 115052.00, 4719.61, '2025-08-23T13:31:26.258Z'),
(38, 41.32, 115052.00, 4719.61, '2025-08-23T13:31:56.258Z'),
(39, 41.32, 115052.00, 4719.61, '2025-08-23T13:32:26.258Z'),
(40, 41.32, 115052.00, 4719.61, '2025-08-23T13:32:56.258Z'),
(41, 41.32, 115052.00, 4719.61, '2025-08-23T13:33:26.258Z'),
(42, 41.32, 115052.00, 4719.61, '2025-08-23T13:33:56.258Z'),
(43, 41.32, 115052.00, 4719.61, '2025-08-23T13:34:26.258Z'),
(44, 41.32, 115052.00, 4719.61, '2025-08-23T13:34:56.258Z'),
(45, 41.32, 115052.00, 4719.61, '2025-08-23T13:35:26.258Z'),
(46, 41.32, 114926.00, 4723.21, '2025-08-23T13:35:56.414Z'),
(47, 41.32, 114926.00, 4723.21, '2025-08-23T13:36:18.841Z'),
(48, 41.32, 114926.00, 4723.21, '2025-08-23T13:36:48.197Z'),
(49, 41.32, 114926.00, 4723.21, '2025-08-23T13:37:18.198Z'),
(50, 41.32, 114926.00, 4723.21, '2025-08-23T13:37:48.198Z'),
(51, 41.32, 114926.00, 4723.21, '2025-08-23T13:38:18.197Z'),
(52, 41.32, 114926.00, 4723.21, '2025-08-23T13:38:48.198Z'),
(53, 41.32, 114926.00, 4723.21, '2025-08-23T13:39:18.198Z'),
(54, 41.32, 114926.00, 4723.21, '2025-08-23T13:39:48.198Z'),
(55, 41.32, 114926.00, 4723.21, '2025-08-23T13:40:18.198Z'),
(56, 41.32, 114926.00, 4723.21, '2025-08-23T13:40:48.198Z'),
(57, 41.32, 114926.00, 4723.21, '2025-08-23T13:41:18.198Z'),
(58, 41.32, 114810.00, 4717.71, '2025-08-23T13:41:48.409Z'),
(59, 41.32, 114810.00, 4717.71, '2025-08-23T13:42:18.198Z'),
(60, 41.32, 114810.00, 4717.71, '2025-08-23T13:42:48.198Z'),
(61, 41.32, 114810.00, 4717.71, '2025-08-23T13:43:18.198Z'),
(62, 41.32, 114810.00, 4717.71, '2025-08-23T13:43:48.198Z'),
(63, 41.32, 114810.00, 4717.71, '2025-08-23T13:44:18.198Z'),
(64, 41.32, 114810.00, 4717.71, '2025-08-23T13:44:48.198Z'),
(65, 41.32, 114810.00, 4717.71, '2025-08-23T13:45:18.198Z'),
(66, 41.32, 114850.00, 4715.30, '2025-08-23T13:45:39.928Z'),
(67, 41.32, 114850.00, 4715.30, '2025-08-23T13:46:09.491Z'),
(68, 41.32, 114850.00, 4715.30, '2025-08-23T13:46:39.491Z'),
(69, 41.32, 114850.00, 4715.30, '2025-08-23T13:47:09.491Z'),
(70, 41.32, 114850.00, 4715.30, '2025-08-23T13:47:39.491Z'),
(71, 41.32, 114850.00, 4715.30, '2025-08-23T13:48:09.491Z'),
(72, 41.32, 114850.00, 4715.30, '2025-08-23T13:48:39.491Z'),
(73, 41.32, 114850.00, 4715.30, '2025-08-23T13:49:09.491Z'),
(74, 41.32, 114850.00, 4715.30, '2025-08-23T13:49:39.491Z'),
(75, 41.32, 114850.00, 4715.30, '2025-08-23T13:50:09.491Z'),
(76, 41.32, 114850.00, 4715.30, '2025-08-23T13:50:39.492Z'),
(77, 41.32, 114973.00, 4722.93, '2025-08-23T13:51:09.668Z'),
(78, 41.32, 114973.00, 4722.93, '2025-08-23T13:51:39.492Z'),
(79, 41.32, 115009.00, 4723.10, '2025-08-23T13:51:58.178Z'),
(80, 41.32, 115009.00, 4723.10, '2025-08-23T13:52:27.496Z'),
(81, 41.32, 115009.00, 4723.10, '2025-08-23T13:52:57.496Z'),
(82, 41.32, 115009.00, 4723.10, '2025-08-23T13:53:27.496Z'),
(83, 41.32, 115009.00, 4723.10, '2025-08-23T13:53:57.495Z'),
(84, 41.32, 115009.00, 4723.10, '2025-08-23T13:54:27.496Z'),
(85, 41.32, 115009.00, 4723.10, '2025-08-23T13:54:57.496Z'),
(86, 41.32, 115009.00, 4723.10, '2025-08-23T13:55:27.496Z'),
(87, 41.32, 115009.00, 4723.10, '2025-08-23T13:55:57.496Z'),
(88, 41.32, 115009.00, 4723.10, '2025-08-23T13:56:27.496Z'),
(89, 41.32, 115009.00, 4723.10, '2025-08-23T13:56:57.496Z'),
(90, 41.32, 114882.00, 4720.74, '2025-08-23T13:57:27.679Z'),
(91, 41.32, 114882.00, 4720.74, '2025-08-23T13:57:57.498Z'),
(92, 41.32, 114882.00, 4720.74, '2025-08-23T13:58:27.498Z'),
(93, 41.32, 114882.00, 4720.74, '2025-08-23T13:58:57.498Z'),
(94, 41.32, 114882.00, 4720.74, '2025-08-23T13:59:27.498Z'),
(95, 41.32, 114882.00, 4720.74, '2025-08-23T13:59:57.498Z'),
(96, 41.32, 114882.00, 4720.74, '2025-08-23T14:00:27.498Z'),
(97, 41.32, 114882.00, 4720.74, '2025-08-23T14:00:57.498Z'),
(98, 41.32, 114882.00, 4720.74, '2025-08-23T14:01:27.499Z'),
(99, 41.32, 114882.00, 4720.74, '2025-08-23T14:01:57.500Z'),
(100, 41.32, 114882.00, 4720.74, '2025-08-23T14:02:27.499Z'),
(101, 41.32, 114804.00, 4716.90, '2025-08-23T14:02:57.691Z'),
(102, 41.32, 114804.00, 4716.90, '2025-08-23T14:03:27.499Z'),
(103, 41.32, 114804.00, 4716.90, '2025-08-23T14:03:57.500Z'),
(104, 41.32, 114804.00, 4716.90, '2025-08-23T14:04:27.500Z'),
(105, 41.32, 114804.00, 4716.90, '2025-08-23T14:04:57.500Z'),
(106, 41.32, 114804.00, 4716.90, '2025-08-23T14:05:27.500Z'),
(107, 41.32, 114804.00, 4716.90, '2025-08-23T14:05:57.500Z'),
(108, 41.32, 114804.00, 4716.90, '2025-08-23T14:06:27.500Z'),
(109, 41.32, 114804.00, 4716.90, '2025-08-23T14:06:57.500Z'),
(110, 41.32, 114804.00, 4716.90, '2025-08-23T14:07:27.501Z'),
(111, 41.32, 114804.00, 4716.90, '2025-08-23T14:07:57.501Z'),
(112, 41.32, 114808.00, 4719.26, '2025-08-23T14:08:27.694Z'),
(113, 41.32, 114808.00, 4719.26, '2025-08-23T14:08:57.500Z'),
(114, 41.32, 114808.00, 4719.26, '2025-08-23T14:09:27.501Z'),
(115, 41.32, 114808.00, 4719.26, '2025-08-23T14:09:57.501Z'),
(116, 41.32, 114822.00, 4720.13, '2025-08-23T14:10:28.250Z'),
(117, 41.32, 114822.00, 4720.13, '2025-08-23T14:10:57.704Z'),
(118, 41.32, 114822.00, 4720.13, '2025-08-23T14:11:27.704Z'),
(119, 41.32, 114840.00, 4720.73, '2025-08-23T14:11:44.352Z'),
(120, 41.32, 114840.00, 4720.73, '2025-08-23T14:12:13.116Z'),
(121, 41.32, 114855.00, 4722.71, '2025-08-23T14:12:32.665Z'),
(122, 41.32, 114855.00, 4722.71, '2025-08-23T14:13:02.227Z'),
(123, 41.32, 114855.00, 4722.71, '2025-08-23T14:13:17.113Z'),
(126, 41.32, 114855.00, 4722.71, '2025-08-23T14:14:45.483Z'),
(140, 41.32, 114888.00, 4732.90, '2025-08-23T14:21:45.483Z'),
(142, 41.32, 114888.00, 4732.90, '2025-08-23T14:22:45.484Z'),
(144, 41.32, 114888.00, 4732.90, '2025-08-23T14:23:45.485Z'),
(145, 41.32, 114921.00, 4740.71, '2025-08-23T14:24:15.658Z'),
(146, 41.32, 114921.00, 4740.71, '2025-08-23T14:24:45.485Z'),
(148, 41.32, 114921.00, 4740.71, '2025-08-23T14:25:45.486Z'),
(155, 41.32, 114921.00, 4740.71, '2025-08-23T14:29:15.497Z'),
(124, 41.32, 114855.00, 4722.71, '2025-08-23T14:13:45.483Z'),
(125, 41.32, 114855.00, 4722.71, '2025-08-23T14:14:15.482Z'),
(127, 41.32, 114855.00, 4722.71, '2025-08-23T14:15:15.483Z'),
(128, 41.32, 114855.00, 4722.71, '2025-08-23T14:15:45.483Z'),
(129, 41.32, 114855.00, 4722.71, '2025-08-23T14:16:15.483Z'),
(130, 41.32, 114855.00, 4722.71, '2025-08-23T14:16:45.483Z'),
(131, 41.32, 114855.00, 4722.71, '2025-08-23T14:17:15.483Z'),
(132, 41.32, 114855.00, 4722.71, '2025-08-23T14:17:45.482Z'),
(133, 41.32, 114855.00, 4722.71, '2025-08-23T14:18:15.483Z'),
(134, 41.32, 114888.00, 4732.90, '2025-08-23T14:18:45.686Z'),
(136, 41.32, 114888.00, 4732.90, '2025-08-23T14:19:45.482Z'),
(141, 41.32, 114888.00, 4732.90, '2025-08-23T14:22:15.484Z'),
(143, 41.32, 114888.00, 4732.90, '2025-08-23T14:23:15.485Z'),
(147, 41.32, 114921.00, 4740.71, '2025-08-23T14:25:15.485Z'),
(152, 41.32, 114921.00, 4740.71, '2025-08-23T14:27:45.490Z'),
(135, 41.32, 114888.00, 4732.90, '2025-08-23T14:19:15.482Z'),
(137, 41.32, 114888.00, 4732.90, '2025-08-23T14:20:15.483Z'),
(138, 41.32, 114888.00, 4732.90, '2025-08-23T14:20:45.482Z'),
(139, 41.32, 114888.00, 4732.90, '2025-08-23T14:21:15.483Z'),
(149, 41.32, 114921.00, 4740.71, '2025-08-23T14:26:15.490Z'),
(150, 41.32, 114921.00, 4740.71, '2025-08-23T14:26:45.491Z'),
(151, 41.32, 114921.00, 4740.71, '2025-08-23T14:27:15.491Z'),
(153, 41.32, 114921.00, 4740.71, '2025-08-23T14:28:15.491Z'),
(154, 41.32, 114921.00, 4740.71, '2025-08-23T14:28:45.497Z'),
(156, 41.32, 114689.00, 4735.38, '2025-08-23T15:18:49.794Z'),
(157, 41.32, 114689.00, 4735.38, '2025-08-23T15:19:14.792Z'),
(158, 41.32, 114689.00, 4735.38, '2025-08-23T15:19:44.210Z'),
(159, 41.32, 114689.00, 4735.38, '2025-08-23T15:20:14.210Z'),
(160, 41.32, 114689.00, 4735.38, '2025-08-23T15:20:44.210Z'),
(161, 41.32, 114689.00, 4735.38, '2025-08-23T15:21:14.210Z'),
(162, 41.32, 114689.00, 4735.38, '2025-08-23T15:21:44.211Z'),
(163, 41.32, 114689.00, 4735.38, '2025-08-23T15:22:14.212Z'),
(164, 41.32, 114772.00, 4741.56, '2025-08-23T15:22:40.634Z'),
(165, 41.32, 114689.00, 4735.38, '2025-08-23T15:22:44.212Z'),
(166, 41.32, 114791.00, 4745.37, '2025-08-23T15:23:07.277Z'),
(167, 41.32, 114689.00, 4735.38, '2025-08-23T15:23:14.213Z'),
(168, 41.32, 114791.00, 4745.37, '2025-08-23T15:23:37.559Z'),
(169, 41.32, 114689.00, 4735.38, '2025-08-23T15:23:44.213Z'),
(170, 41.32, 114791.00, 4745.37, '2025-08-23T15:24:06.437Z'),
(171, 41.32, 114689.00, 4735.38, '2025-08-23T15:24:14.213Z'),
(172, 41.32, 114844.00, 4743.87, '2025-08-23T15:24:44.447Z'),
(173, 41.32, 114844.00, 4743.87, '2025-08-23T15:25:04.915Z'),
(174, 41.32, 114844.00, 4743.87, '2025-08-23T15:25:14.215Z'),
(175, 41.32, 114844.00, 4743.87, '2025-08-23T15:25:37.101Z'),
(176, 41.32, 114844.00, 4743.87, '2025-08-23T15:25:44.215Z'),
(177, 41.32, 114844.00, 4743.87, '2025-08-23T15:26:06.494Z'),
(178, 41.32, 114844.00, 4743.87, '2025-08-23T15:26:14.215Z'),
(179, 41.32, 114844.00, 4743.87, '2025-08-23T15:26:44.216Z'),
(180, 41.32, 114844.00, 4743.87, '2025-08-23T15:27:14.216Z'),
(181, 41.32, 114844.00, 4743.87, '2025-08-23T15:27:44.216Z'),
(182, 41.32, 114844.00, 4743.87, '2025-08-23T15:28:14.216Z'),
(183, 41.32, 114844.00, 4743.87, '2025-08-23T15:28:44.216Z'),
(184, 41.32, 114844.00, 4743.87, '2025-08-23T15:29:14.216Z'),
(185, 41.32, 114844.00, 4743.87, '2025-08-23T15:29:44.216Z'),
(186, 41.32, 114839.00, 4739.85, '2025-08-23T15:29:53.975Z'),
(187, 41.32, 114839.00, 4739.85, '2025-08-23T15:30:14.430Z'),
(188, 41.32, 114839.00, 4739.85, '2025-08-23T15:30:23.409Z'),
(189, 41.32, 114839.00, 4739.85, '2025-08-23T15:30:44.216Z'),
(190, 41.32, 114862.00, 4741.72, '2025-08-23T15:30:52.687Z'),
(191, 41.32, 114839.00, 4739.85, '2025-08-23T15:31:14.216Z'),
(192, 41.32, 114862.00, 4741.72, '2025-08-23T15:31:22.280Z'),
(193, 41.32, 114839.00, 4739.85, '2025-08-23T15:31:44.216Z'),
(194, 41.32, 114862.00, 4741.72, '2025-08-23T15:31:52.281Z'),
(195, 41.32, 114839.00, 4739.85, '2025-08-23T15:32:14.216Z'),
(196, 41.32, 114862.00, 4741.72, '2025-08-23T15:32:22.281Z'),
(197, 41.32, 114839.00, 4739.85, '2025-08-23T15:32:44.216Z'),
(198, 41.32, 114839.00, 4739.85, '2025-08-23T15:33:14.217Z'),
(199, 41.32, 114839.00, 4739.85, '2025-08-23T15:33:44.217Z'),
(200, 41.32, 114839.00, 4739.85, '2025-08-23T15:34:14.217Z'),
(201, 41.32, 114839.00, 4739.85, '2025-08-23T15:34:44.218Z'),
(202, 41.32, 114839.00, 4739.85, '2025-08-23T15:35:14.218Z'),
(203, 41.32, 114845.00, 4738.50, '2025-08-23T15:35:21.016Z'),
(204, 41.32, 114845.00, 4738.50, '2025-08-23T15:35:44.398Z'),
(205, 41.32, 114838.00, 4738.65, '2025-08-23T15:35:55.389Z'),
(206, 41.32, 114845.00, 4738.50, '2025-08-23T15:36:14.219Z'),
(207, 41.32, 114838.00, 4738.65, '2025-08-23T15:36:24.492Z'),
(208, 41.32, 114845.00, 4738.50, '2025-08-23T15:36:44.219Z'),
(209, 41.32, 114847.00, 4739.22, '2025-08-23T15:36:56.397Z'),
(210, 41.32, 114845.00, 4738.50, '2025-08-23T15:37:14.219Z'),
(211, 41.32, 114847.00, 4739.22, '2025-08-23T15:37:25.184Z'),
(212, 41.32, 114845.00, 4738.50, '2025-08-23T15:37:44.219Z'),
(213, 41.32, 114847.00, 4739.22, '2025-08-23T15:37:55.185Z'),
(214, 41.32, 114845.00, 4738.50, '2025-08-23T15:38:14.219Z'),
(215, 41.32, 114847.00, 4739.22, '2025-08-23T15:38:25.185Z'),
(216, 41.32, 114845.00, 4738.50, '2025-08-23T15:38:44.219Z'),
(217, 41.32, 114844.00, 4742.27, '2025-08-23T15:39:37.708Z'),
(218, 41.32, 114844.00, 4742.27, '2025-08-23T15:40:21.296Z'),
(219, 41.32, 114844.00, 4742.27, '2025-08-23T15:40:50.180Z'),
(220, 41.32, 114844.00, 4742.27, '2025-08-23T15:41:20.180Z'),
(221, 41.32, 114844.00, 4742.27, '2025-08-23T15:41:50.180Z'),
(222, 41.32, 114844.00, 4742.27, '2025-08-23T15:42:20.180Z'),
(223, 41.32, 114844.00, 4742.27, '2025-08-23T15:42:50.180Z'),
(224, 41.32, 114844.00, 4742.27, '2025-08-23T15:43:20.180Z'),
(225, 41.32, 114844.00, 4742.27, '2025-08-23T15:43:50.180Z'),
(226, 41.32, 114844.00, 4742.27, '2025-08-23T15:44:20.180Z'),
(227, 41.32, 114844.00, 4742.27, '2025-08-23T15:44:50.180Z'),
(228, 41.32, 114844.00, 4742.27, '2025-08-23T15:45:20.180Z'),
(229, 41.32, 114874.00, 4748.05, '2025-08-23T15:45:50.341Z'),
(230, 41.32, 114874.00, 4748.05, '2025-08-23T15:46:20.180Z'),
(231, 41.32, 114874.00, 4748.05, '2025-08-23T15:46:50.180Z'),
(232, 41.32, 114874.00, 4748.05, '2025-08-23T15:47:20.180Z'),
(233, 41.32, 114874.00, 4748.05, '2025-08-23T15:47:50.180Z'),
(234, 41.32, 114874.00, 4748.05, '2025-08-23T15:48:20.180Z'),
(235, 41.32, 114874.00, 4748.05, '2025-08-23T15:48:50.180Z'),
(236, 41.32, 114874.00, 4748.05, '2025-08-23T15:49:20.180Z'),
(237, 41.32, 114874.00, 4748.05, '2025-08-23T15:49:50.180Z'),
(238, 41.32, 114874.00, 4748.05, '2025-08-23T15:50:20.180Z'),
(239, 41.32, 114874.00, 4748.05, '2025-08-23T15:50:50.180Z'),
(240, 41.32, 114841.00, 4751.51, '2025-08-23T15:51:20.403Z'),
(241, 41.32, 114841.00, 4751.51, '2025-08-23T15:51:50.180Z'),
(242, 41.32, 114841.00, 4751.51, '2025-08-23T15:52:20.180Z'),
(243, 41.32, 114841.00, 4751.51, '2025-08-23T15:52:50.180Z'),
(244, 41.32, 114841.00, 4751.51, '2025-08-23T15:53:20.180Z'),
(245, 41.32, 114841.00, 4751.51, '2025-08-23T15:53:50.180Z'),
(246, 41.32, 114841.00, 4751.51, '2025-08-23T15:54:20.180Z'),
(247, 41.32, 114841.00, 4751.51, '2025-08-23T15:54:50.182Z'),
(248, 41.32, 114841.00, 4751.51, '2025-08-23T15:55:20.182Z'),
(249, 41.32, 114841.00, 4751.51, '2025-08-23T15:55:50.182Z'),
(250, 41.32, 114841.00, 4751.51, '2025-08-23T15:56:20.182Z'),
(251, 41.32, 114817.00, 4756.82, '2025-08-23T15:56:50.383Z'),
(252, 41.32, 114817.00, 4756.82, '2025-08-23T15:57:20.181Z'),
(253, 41.32, 114817.00, 4756.82, '2025-08-23T15:57:50.182Z'),
(254, 41.32, 114817.00, 4756.82, '2025-08-23T15:58:20.183Z'),
(255, 41.32, 114817.00, 4756.82, '2025-08-23T15:58:50.183Z'),
(256, 41.32, 114817.00, 4756.82, '2025-08-23T15:59:20.183Z'),
(257, 41.32, 114817.00, 4756.82, '2025-08-23T15:59:50.183Z'),
(258, 41.32, 114817.00, 4756.82, '2025-08-23T16:00:20.183Z'),
(259, 41.32, 114817.00, 4756.82, '2025-08-23T16:00:50.183Z'),
(260, 41.32, 114817.00, 4756.82, '2025-08-23T16:01:20.183Z'),
(261, 41.32, 114817.00, 4756.82, '2025-08-23T16:01:50.183Z'),
(262, 41.32, 114788.00, 4749.13, '2025-08-23T16:02:20.394Z'),
(263, 41.32, 114788.00, 4749.13, '2025-08-23T16:02:50.183Z'),
(264, 41.32, 114788.00, 4749.13, '2025-08-23T16:03:20.183Z'),
(265, 41.32, 114788.00, 4749.13, '2025-08-23T16:03:50.183Z'),
(266, 41.32, 114788.00, 4749.13, '2025-08-23T16:04:20.183Z'),
(267, 41.32, 114788.00, 4749.13, '2025-08-23T16:04:50.183Z'),
(275, 41.32, 114753.00, 4749.13, '2025-08-23T16:08:50.184Z'),
(277, 41.32, 114753.00, 4749.13, '2025-08-23T16:09:50.184Z'),
(279, 41.32, 114753.00, 4749.13, '2025-08-23T16:10:50.184Z'),
(283, 41.32, 114753.00, 4749.13, '2025-08-23T16:12:50.184Z'),
(291, 41.32, 114744.00, 4752.13, '2025-08-23T16:16:50.186Z'),
(294, 41.32, 114744.00, 4752.13, '2025-08-23T16:18:20.186Z'),
(296, 41.32, 114700.00, 4748.76, '2025-08-23T16:19:20.186Z'),
(297, 41.32, 114700.00, 4748.76, '2025-08-23T16:19:50.186Z'),
(299, 41.32, 114700.00, 4748.76, '2025-08-23T16:20:50.187Z'),
(302, 41.32, 114700.00, 4748.76, '2025-08-23T16:22:20.188Z'),
(303, 41.32, 114700.00, 4748.76, '2025-08-23T16:22:50.189Z'),
(305, 41.32, 114700.00, 4748.76, '2025-08-23T16:23:50.189Z'),
(306, 41.32, 114762.00, 4752.36, '2025-08-23T16:24:20.396Z'),
(307, 41.32, 114762.00, 4752.36, '2025-08-23T16:24:50.189Z'),
(309, 41.32, 114762.00, 4752.36, '2025-08-23T16:25:50.189Z'),
(268, 41.32, 114788.00, 4749.13, '2025-08-23T16:05:20.183Z'),
(272, 41.32, 114788.00, 4749.13, '2025-08-23T16:07:20.184Z'),
(273, 41.32, 114753.00, 4749.13, '2025-08-23T16:07:50.414Z'),
(276, 41.32, 114753.00, 4749.13, '2025-08-23T16:09:20.184Z'),
(280, 41.32, 114753.00, 4749.13, '2025-08-23T16:11:20.184Z'),
(281, 41.32, 114753.00, 4749.13, '2025-08-23T16:11:50.184Z'),
(282, 41.32, 114753.00, 4749.13, '2025-08-23T16:12:20.184Z'),
(284, 41.32, 114744.00, 4752.13, '2025-08-23T16:13:20.352Z'),
(285, 41.32, 114744.00, 4752.13, '2025-08-23T16:13:50.184Z'),
(286, 41.32, 114744.00, 4752.13, '2025-08-23T16:14:20.184Z'),
(287, 41.32, 114744.00, 4752.13, '2025-08-23T16:14:50.185Z'),
(288, 41.32, 114744.00, 4752.13, '2025-08-23T16:15:20.185Z'),
(290, 41.32, 114744.00, 4752.13, '2025-08-23T16:16:20.186Z'),
(292, 41.32, 114744.00, 4752.13, '2025-08-23T16:17:20.186Z'),
(293, 41.32, 114744.00, 4752.13, '2025-08-23T16:17:50.186Z'),
(301, 41.32, 114700.00, 4748.76, '2025-08-23T16:21:50.188Z'),
(310, 41.32, 114762.00, 4752.36, '2025-08-23T16:26:20.189Z'),
(311, 41.32, 114762.00, 4752.36, '2025-08-23T16:26:50.189Z'),
(269, 41.32, 114788.00, 4749.13, '2025-08-23T16:05:50.184Z'),
(270, 41.32, 114788.00, 4749.13, '2025-08-23T16:06:20.184Z'),
(271, 41.32, 114788.00, 4749.13, '2025-08-23T16:06:50.184Z'),
(274, 41.32, 114753.00, 4749.13, '2025-08-23T16:08:20.184Z'),
(278, 41.32, 114753.00, 4749.13, '2025-08-23T16:10:20.184Z'),
(289, 41.32, 114744.00, 4752.13, '2025-08-23T16:15:50.185Z'),
(295, 41.32, 114700.00, 4748.76, '2025-08-23T16:18:50.344Z'),
(298, 41.32, 114700.00, 4748.76, '2025-08-23T16:20:20.186Z'),
(300, 41.32, 114700.00, 4748.76, '2025-08-23T16:21:20.187Z'),
(304, 41.32, 114700.00, 4748.76, '2025-08-23T16:23:20.189Z'),
(308, 41.32, 114762.00, 4752.36, '2025-08-23T16:25:20.189Z'),
(312, 41.32, 114762.00, 4752.36, '2025-08-23T16:27:20.189Z'),
(313, 41.32, 114762.00, 4752.36, '2025-08-23T16:27:50.189Z'),
(314, 41.32, 114762.00, 4752.36, '2025-08-23T16:28:20.189Z'),
(315, 41.32, 114762.00, 4752.36, '2025-08-23T16:28:50.189Z'),
(316, 41.32, 114762.00, 4752.36, '2025-08-23T16:29:20.189Z'),
(317, 41.32, 114834.00, 4754.14, '2025-08-23T16:29:50.363Z'),
(318, 41.32, 114834.00, 4754.14, '2025-08-23T16:30:20.190Z'),
(319, 41.32, 114834.00, 4754.14, '2025-08-23T16:30:50.190Z'),
(320, 41.32, 114834.00, 4754.14, '2025-08-23T16:31:20.190Z'),
(321, 41.32, 114834.00, 4754.14, '2025-08-23T16:31:50.190Z'),
(322, 41.32, 114834.00, 4754.14, '2025-08-23T16:32:20.190Z'),
(323, 41.32, 114834.00, 4754.14, '2025-08-23T16:32:50.190Z'),
(324, 41.32, 114834.00, 4754.14, '2025-08-23T16:33:20.191Z'),
(325, 41.32, 114834.00, 4754.14, '2025-08-23T16:33:50.191Z'),
(326, 41.32, 114834.00, 4754.14, '2025-08-23T16:34:20.191Z'),
(327, 41.32, 114834.00, 4754.14, '2025-08-23T16:34:50.191Z'),
(328, 41.32, 114813.00, 4750.91, '2025-08-23T16:35:20.382Z'),
(329, 41.32, 114813.00, 4750.91, '2025-08-23T16:35:50.191Z'),
(330, 41.32, 114813.00, 4750.91, '2025-08-23T16:36:20.191Z'),
(331, 41.32, 114813.00, 4750.91, '2025-08-23T16:36:50.191Z'),
(332, 41.32, 114813.00, 4750.91, '2025-08-23T16:37:20.191Z'),
(333, 41.32, 114813.00, 4750.91, '2025-08-23T16:37:50.192Z'),
(334, 41.32, 114813.00, 4750.91, '2025-08-23T16:38:20.192Z'),
(335, 41.32, 114813.00, 4750.91, '2025-08-23T16:38:50.192Z'),
(336, 41.32, 114813.00, 4750.91, '2025-08-23T16:39:20.192Z'),
(337, 41.32, 114813.00, 4750.91, '2025-08-23T16:39:50.192Z'),
(338, 41.32, 114813.00, 4750.91, '2025-08-23T16:40:20.192Z'),
(339, 41.32, 114826.00, 4752.08, '2025-08-23T16:40:50.352Z'),
(340, 41.32, 114826.00, 4752.08, '2025-08-23T16:41:20.192Z'),
(341, 41.32, 114826.00, 4752.08, '2025-08-23T16:41:50.192Z'),
(342, 41.32, 114826.00, 4752.08, '2025-08-23T16:42:20.192Z'),
(343, 41.32, 114826.00, 4752.08, '2025-08-23T16:42:50.192Z'),
(344, 41.32, 114826.00, 4752.08, '2025-08-23T16:43:20.193Z'),
(345, 41.32, 114826.00, 4752.08, '2025-08-23T16:43:50.193Z'),
(346, 41.32, 114826.00, 4752.08, '2025-08-23T16:44:20.193Z'),
(347, 41.32, 114826.00, 4752.08, '2025-08-23T16:44:50.193Z'),
(348, 41.32, 114826.00, 4752.08, '2025-08-23T16:45:20.193Z'),
(349, 41.32, 114826.00, 4752.08, '2025-08-23T16:45:50.193Z'),
(350, 41.32, 114736.00, 4746.10, '2025-08-23T16:46:20.344Z'),
(351, 41.32, 114736.00, 4746.10, '2025-08-23T16:46:50.194Z'),
(352, 41.32, 114736.00, 4746.10, '2025-08-23T16:47:20.194Z'),
(353, 41.32, 114736.00, 4746.10, '2025-08-23T16:47:50.194Z'),
(354, 41.32, 114736.00, 4746.10, '2025-08-23T16:48:20.194Z'),
(355, 41.32, 114736.00, 4746.10, '2025-08-23T16:48:50.194Z'),
(356, 41.32, 114736.00, 4746.10, '2025-08-23T16:49:20.194Z'),
(357, 41.32, 114736.00, 4746.10, '2025-08-23T16:49:50.194Z'),
(358, 41.32, 114736.00, 4746.10, '2025-08-23T16:50:20.194Z'),
(359, 41.32, 114736.00, 4746.10, '2025-08-23T16:50:50.194Z'),
(360, 41.32, 114736.00, 4746.10, '2025-08-23T16:51:20.194Z'),
(361, 41.32, 114798.00, 4746.33, '2025-08-23T16:51:50.376Z'),
(362, 41.32, 114798.00, 4746.33, '2025-08-23T16:52:20.194Z'),
(363, 41.32, 114798.00, 4746.33, '2025-08-23T16:52:50.194Z'),
(364, 41.32, 114798.00, 4746.33, '2025-08-23T16:53:20.194Z'),
(365, 41.32, 114798.00, 4746.33, '2025-08-23T16:53:50.194Z'),
(366, 41.32, 114798.00, 4746.33, '2025-08-23T16:54:20.194Z'),
(367, 41.32, 114798.00, 4746.33, '2025-08-23T16:54:50.194Z'),
(368, 41.32, 114798.00, 4746.33, '2025-08-23T16:55:20.194Z'),
(369, 41.32, 114798.00, 4746.33, '2025-08-23T16:55:50.194Z'),
(370, 41.32, 114798.00, 4746.33, '2025-08-23T16:56:20.194Z'),
(371, 41.32, 114798.00, 4746.33, '2025-08-23T16:56:50.194Z'),
(372, 41.32, 114940.00, 4745.36, '2025-08-23T16:57:20.383Z'),
(373, 41.32, 114940.00, 4745.36, '2025-08-23T16:57:50.194Z'),
(374, 41.32, 114940.00, 4745.36, '2025-08-23T16:58:20.194Z'),
(375, 41.32, 114940.00, 4745.36, '2025-08-23T16:58:50.194Z'),
(376, 41.32, 114940.00, 4745.36, '2025-08-23T16:59:20.194Z'),
(377, 41.32, 114940.00, 4745.36, '2025-08-23T16:59:50.195Z'),
(378, 41.32, 114940.00, 4745.36, '2025-08-23T17:00:20.195Z'),
(379, 41.32, 114940.00, 4745.36, '2025-08-23T17:00:50.195Z'),
(380, 41.32, 114940.00, 4745.36, '2025-08-23T17:01:20.195Z'),
(381, 41.32, 114940.00, 4745.36, '2025-08-23T17:01:50.195Z'),
(382, 41.32, 114940.00, 4745.36, '2025-08-23T17:02:20.195Z'),
(383, 41.32, 114988.00, 4741.87, '2025-08-23T17:02:50.403Z'),
(384, 41.32, 114988.00, 4741.87, '2025-08-23T17:03:20.196Z'),
(385, 41.32, 114988.00, 4741.87, '2025-08-23T17:03:50.197Z'),
(386, 41.32, 114988.00, 4741.87, '2025-08-23T17:04:20.197Z'),
(387, 41.32, 114988.00, 4741.87, '2025-08-23T17:04:50.197Z'),
(388, 41.32, 114988.00, 4741.87, '2025-08-23T17:05:20.197Z'),
(389, 41.32, 114988.00, 4741.87, '2025-08-23T17:05:50.198Z'),
(390, 41.32, 114988.00, 4741.87, '2025-08-23T17:06:20.198Z'),
(391, 41.32, 114988.00, 4741.87, '2025-08-23T17:06:50.198Z'),
(392, 41.32, 114988.00, 4741.87, '2025-08-23T17:07:20.198Z'),
(393, 41.32, 114988.00, 4741.87, '2025-08-23T17:07:50.198Z'),
(394, 41.32, 115022.00, 4747.60, '2025-08-23T17:08:20.366Z'),
(395, 41.32, 115022.00, 4747.60, '2025-08-23T17:08:50.198Z'),
(396, 41.32, 115022.00, 4747.60, '2025-08-23T17:09:20.198Z'),
(397, 41.32, 115022.00, 4747.60, '2025-08-23T17:09:50.198Z'),
(398, 41.32, 115022.00, 4747.60, '2025-08-23T17:10:20.198Z'),
(399, 41.32, 115022.00, 4747.60, '2025-08-23T17:10:50.198Z'),
(400, 41.32, 115022.00, 4747.60, '2025-08-23T17:11:20.198Z'),
(401, 41.32, 115022.00, 4747.60, '2025-08-23T17:11:50.198Z'),
(402, 41.32, 115022.00, 4747.60, '2025-08-23T17:12:20.198Z'),
(403, 41.32, 115022.00, 4747.60, '2025-08-23T17:12:50.198Z'),
(404, 41.32, 115022.00, 4747.60, '2025-08-23T17:13:20.198Z'),
(405, 41.32, 115064.00, 4744.19, '2025-08-23T17:13:50.412Z'),
(406, 41.32, 115064.00, 4744.19, '2025-08-23T17:14:20.198Z'),
(407, 41.32, 115064.00, 4744.19, '2025-08-23T17:14:50.198Z'),
(408, 41.32, 115064.00, 4744.19, '2025-08-23T17:15:20.198Z'),
(409, 41.32, 115064.00, 4744.19, '2025-08-23T17:15:50.198Z'),
(410, 41.32, 115064.00, 4744.19, '2025-08-23T17:16:20.198Z'),
(411, 41.32, 115064.00, 4744.19, '2025-08-23T17:16:50.198Z'),
(412, 41.32, 115064.00, 4744.19, '2025-08-23T17:17:20.198Z'),
(413, 41.32, 115064.00, 4744.19, '2025-08-23T17:17:50.198Z'),
(414, 41.32, 115064.00, 4744.19, '2025-08-23T17:18:20.198Z'),
(415, 41.32, 115064.00, 4744.19, '2025-08-23T17:18:50.198Z'),
(416, 41.32, 114996.00, 4744.06, '2025-08-23T17:19:20.370Z'),
(417, 41.32, 114996.00, 4744.06, '2025-08-23T17:19:50.197Z'),
(418, 41.32, 114996.00, 4744.06, '2025-08-23T17:20:20.198Z'),
(419, 41.32, 114996.00, 4744.06, '2025-08-23T17:20:50.198Z'),
(420, 41.32, 114996.00, 4744.06, '2025-08-23T17:21:20.198Z'),
(421, 41.32, 114996.00, 4744.06, '2025-08-23T17:21:50.198Z'),
(422, 41.32, 114996.00, 4744.06, '2025-08-23T17:22:20.198Z'),
(423, 41.32, 114972.00, 4738.47, '2025-08-23T17:26:09.016Z'),
(424, 41.32, 114972.00, 4738.47, '2025-08-23T17:26:37.383Z'),
(425, 41.32, 114972.00, 4738.47, '2025-08-23T17:27:07.384Z'),
(426, 41.32, 114972.00, 4738.47, '2025-08-23T17:27:41.558Z'),
(427, 41.32, 114972.00, 4738.47, '2025-08-23T17:28:10.551Z'),
(428, 41.32, 114972.00, 4738.47, '2025-08-23T17:28:40.551Z'),
(429, 41.32, 114972.00, 4738.47, '2025-08-23T17:29:10.551Z'),
(430, 41.32, 114943.00, 4733.31, '2025-08-23T17:29:28.906Z'),
(431, 41.32, 114943.00, 4733.31, '2025-08-23T17:29:57.584Z'),
(432, 41.32, 114943.00, 4733.31, '2025-08-23T17:30:27.584Z'),
(433, 41.32, 114943.00, 4733.31, '2025-08-23T17:30:57.584Z'),
(434, 41.32, 114943.00, 4733.31, '2025-08-23T17:31:27.584Z'),
(435, 41.32, 114943.00, 4733.31, '2025-08-23T17:31:57.584Z'),
(436, 41.32, 114943.00, 4733.31, '2025-08-23T17:32:27.584Z'),
(437, 41.32, 114943.00, 4733.31, '2025-08-23T17:32:57.584Z'),
(438, 41.32, 114943.00, 4733.31, '2025-08-23T17:33:27.584Z'),
(439, 41.32, 114943.00, 4733.31, '2025-08-23T17:33:57.584Z'),
(440, 41.32, 114943.00, 4733.31, '2025-08-23T17:34:27.584Z'),
(441, 41.32, 115004.00, 4733.28, '2025-08-23T17:34:57.824Z'),
(442, 41.32, 115004.00, 4733.28, '2025-08-23T17:35:27.584Z'),
(443, 41.32, 115004.00, 4733.28, '2025-08-23T17:35:57.584Z'),
(444, 41.32, 115004.00, 4733.28, '2025-08-23T17:36:27.584Z'),
(445, 41.32, 115004.00, 4733.28, '2025-08-23T17:36:57.584Z'),
(446, 41.32, 115028.00, 4737.45, '2025-08-23T17:37:36.821Z'),
(447, 41.32, 115028.00, 4737.45, '2025-08-23T17:38:05.913Z'),
(448, 41.32, 115028.00, 4737.45, '2025-08-23T17:38:35.913Z'),
(449, 41.32, 115028.00, 4737.45, '2025-08-23T17:39:05.913Z'),
(450, 41.32, 115028.00, 4737.45, '2025-08-23T17:39:35.913Z'),
(451, 41.32, 115028.00, 4737.45, '2025-08-23T17:40:05.913Z'),
(452, 41.32, 115028.00, 4737.45, '2025-08-23T17:40:35.913Z'),
(453, 41.32, 115028.00, 4737.45, '2025-08-23T17:41:05.913Z'),
(454, 41.32, 115028.00, 4737.45, '2025-08-23T17:41:35.913Z'),
(455, 41.32, 115028.00, 4737.45, '2025-08-23T17:42:05.913Z'),
(456, 41.32, 115028.00, 4737.45, '2025-08-23T17:42:35.913Z'),
(457, 41.32, 115076.00, 4744.51, '2025-08-23T17:42:51.411Z'),
(458, 41.32, 115076.00, 4744.51, '2025-08-23T17:43:21.021Z'),
(459, 41.32, 115076.00, 4744.51, '2025-08-23T17:43:51.021Z'),
(460, 41.32, 115076.00, 4744.51, '2025-08-23T17:44:21.021Z'),
(461, 41.32, 115076.00, 4744.51, '2025-08-23T17:44:51.021Z'),
(462, 41.32, 115076.00, 4744.51, '2025-08-23T17:45:21.020Z'),
(463, 41.32, 115076.00, 4744.51, '2025-08-23T17:45:51.021Z'),
(464, 41.32, 115076.00, 4744.51, '2025-08-23T17:46:21.022Z'),
(465, 41.32, 115076.00, 4744.51, '2025-08-23T17:46:51.022Z'),
(466, 41.32, 115076.00, 4744.51, '2025-08-23T17:47:21.021Z'),
(467, 41.32, 115076.00, 4744.51, '2025-08-23T17:47:51.021Z'),
(468, 41.32, 115053.00, 4745.07, '2025-08-23T17:48:21.268Z'),
(469, 41.32, 115053.00, 4745.07, '2025-08-23T17:48:36.555Z'),
(470, 41.32, 115053.00, 4745.07, '2025-08-23T17:48:51.022Z'),
(471, 41.32, 115053.00, 4745.07, '2025-08-23T17:49:06.425Z'),
(472, 41.32, 115053.00, 4745.07, '2025-08-23T17:49:21.022Z'),
(473, 41.32, 115053.00, 4745.07, '2025-08-23T17:49:35.362Z'),
(474, 41.32, 115053.00, 4745.07, '2025-08-23T17:49:51.022Z'),
(475, 41.32, 115058.00, 4745.15, '2025-08-23T17:50:17.411Z'),
(476, 41.32, 115053.00, 4745.07, '2025-08-23T17:50:21.024Z'),
(477, 41.32, 115060.00, 4744.84, '2025-08-23T17:50:46.741Z'),
(478, 41.32, 115053.00, 4745.07, '2025-08-23T17:50:51.023Z'),
(479, 41.32, 115060.00, 4744.84, '2025-08-23T17:51:15.870Z'),
(480, 41.32, 115053.00, 4745.07, '2025-08-23T17:51:21.024Z'),
(481, 41.32, 115053.00, 4745.07, '2025-08-23T17:51:51.024Z'),
(482, 41.32, 115046.00, 4742.30, '2025-08-23T17:51:56.667Z'),
(483, 41.32, 115053.00, 4745.07, '2025-08-23T17:52:21.026Z'),
(484, 41.32, 115046.00, 4742.30, '2025-08-23T17:52:27.631Z'),
(485, 41.32, 115053.00, 4745.07, '2025-08-23T17:52:51.026Z'),
(486, 41.32, 115046.00, 4742.30, '2025-08-23T17:52:56.600Z'),
(487, 41.32, 115053.00, 4745.07, '2025-08-23T17:53:21.025Z'),
(488, 41.32, 115040.00, 4743.79, '2025-08-23T17:53:32.984Z'),
(489, 41.32, 115040.00, 4743.79, '2025-08-23T17:53:51.160Z'),
(490, 41.32, 115040.00, 4743.79, '2025-08-23T17:54:03.001Z'),
(491, 41.32, 115040.00, 4743.79, '2025-08-23T17:54:21.027Z'),
(492, 41.32, 115040.00, 4743.79, '2025-08-23T17:54:32.404Z'),
(493, 41.32, 115040.00, 4743.79, '2025-08-23T17:54:51.027Z'),
(494, 41.32, 115040.00, 4743.79, '2025-08-23T17:55:21.027Z'),
(495, 41.32, 115034.00, 4744.24, '2025-08-23T17:55:41.547Z'),
(496, 41.32, 115040.00, 4743.79, '2025-08-23T17:55:51.026Z'),
(497, 41.32, 115025.00, 4744.75, '2025-08-23T17:56:12.600Z'),
(498, 41.32, 115040.00, 4743.79, '2025-08-23T17:56:21.027Z'),
(499, 41.32, 115025.00, 4744.75, '2025-08-23T17:56:41.590Z'),
(500, 41.32, 115040.00, 4743.79, '2025-08-23T17:56:51.027Z'),
(501, 41.32, 115040.00, 4743.79, '2025-08-23T17:57:21.026Z'),
(502, 41.32, 115025.00, 4744.60, '2025-08-23T17:57:33.159Z'),
(503, 41.32, 115040.00, 4743.79, '2025-08-23T17:57:51.027Z'),
(504, 41.32, 115025.00, 4744.60, '2025-08-23T17:58:02.472Z'),
(505, 41.32, 115040.00, 4743.79, '2025-08-23T17:58:21.027Z'),
(506, 41.32, 115025.00, 4744.60, '2025-08-23T17:58:32.148Z'),
(507, 41.32, 115040.00, 4743.79, '2025-08-23T17:58:51.027Z'),
(508, 41.32, 115027.00, 4745.14, '2025-08-23T17:59:21.207Z'),
(509, 41.32, 115027.00, 4745.14, '2025-08-23T17:59:51.027Z'),
(510, 41.32, 115027.00, 4745.14, '2025-08-23T18:00:21.026Z'),
(511, 41.32, 115027.00, 4745.14, '2025-08-23T18:00:51.026Z'),
(512, 41.32, 115027.00, 4745.14, '2025-08-23T18:01:21.027Z'),
(513, 41.32, 115027.00, 4745.14, '2025-08-23T18:01:51.026Z'),
(514, 41.32, 115027.00, 4745.14, '2025-08-23T18:02:21.027Z'),
(515, 41.32, 115027.00, 4745.14, '2025-08-23T18:02:51.027Z'),
(516, 41.32, 115027.00, 4745.14, '2025-08-23T18:03:21.027Z'),
(517, 41.32, 115027.00, 4745.14, '2025-08-23T18:03:51.027Z'),
(518, 41.32, 115027.00, 4745.14, '2025-08-23T18:04:21.028Z'),
(519, 41.32, 115083.00, 4749.49, '2025-08-23T18:04:51.332Z'),
(520, 41.32, 115083.00, 4749.49, '2025-08-23T18:05:21.028Z'),
(521, 41.32, 115083.00, 4749.49, '2025-08-23T18:05:51.028Z'),
(522, 41.32, 115083.00, 4749.49, '2025-08-23T18:06:21.029Z'),
(523, 41.32, 115083.00, 4749.49, '2025-08-23T18:06:51.028Z'),
(524, 41.32, 115083.00, 4749.49, '2025-08-23T18:07:21.029Z'),
(525, 41.32, 115083.00, 4749.49, '2025-08-23T18:07:51.030Z'),
(526, 41.32, 115083.00, 4749.49, '2025-08-23T18:08:21.030Z'),
(527, 41.32, 115083.00, 4749.49, '2025-08-23T18:08:51.030Z'),
(528, 41.32, 115083.00, 4749.49, '2025-08-23T18:09:21.031Z'),
(529, 41.32, 115083.00, 4749.49, '2025-08-23T18:09:51.032Z'),
(530, 41.32, 115097.00, 4750.68, '2025-08-23T18:10:21.246Z'),
(531, 41.32, 115097.00, 4750.68, '2025-08-23T18:10:51.034Z'),
(532, 41.32, 115097.00, 4750.68, '2025-08-23T18:11:21.034Z'),
(533, 41.32, 115097.00, 4750.68, '2025-08-23T18:11:51.035Z'),
(534, 41.32, 115097.00, 4750.68, '2025-08-23T18:12:21.036Z'),
(535, 41.32, 115097.00, 4750.68, '2025-08-23T18:12:51.035Z'),
(536, 41.32, 115097.00, 4750.68, '2025-08-23T18:13:21.036Z'),
(537, 41.32, 115097.00, 4750.68, '2025-08-23T18:13:51.036Z'),
(538, 41.32, 115097.00, 4750.68, '2025-08-23T18:14:21.036Z'),
(539, 41.32, 115097.00, 4750.68, '2025-08-23T18:14:51.036Z'),
(540, 41.32, 115097.00, 4750.68, '2025-08-23T18:15:21.036Z'),
(541, 41.32, 115111.00, 4752.78, '2025-08-23T18:15:51.204Z'),
(542, 41.32, 115111.00, 4752.78, '2025-08-23T18:16:21.035Z'),
(543, 41.32, 115111.00, 4752.78, '2025-08-23T18:16:51.035Z'),
(544, 41.32, 115111.00, 4752.78, '2025-08-23T18:17:21.035Z'),
(545, 41.32, 115111.00, 4752.78, '2025-08-23T18:17:51.035Z'),
(546, 41.32, 115111.00, 4752.78, '2025-08-23T18:18:21.036Z'),
(547, 41.32, 115111.00, 4752.78, '2025-08-23T18:18:51.035Z'),
(548, 41.32, 115111.00, 4752.78, '2025-08-23T18:19:21.034Z'),
(549, 41.32, 115111.00, 4752.78, '2025-08-23T18:19:51.036Z'),
(550, 41.32, 115111.00, 4752.78, '2025-08-23T18:20:21.036Z'),
(551, 41.32, 115111.00, 4752.78, '2025-08-23T18:20:51.037Z'),
(552, 41.32, 115074.00, 4747.81, '2025-08-23T18:21:21.250Z'),
(553, 41.32, 115074.00, 4747.81, '2025-08-23T18:21:51.039Z'),
(554, 41.32, 115074.00, 4747.81, '2025-08-23T18:22:21.039Z'),
(555, 41.32, 115074.00, 4747.81, '2025-08-23T18:22:51.040Z'),
(556, 41.32, 115074.00, 4747.81, '2025-08-23T18:23:21.041Z'),
(557, 41.32, 115074.00, 4747.81, '2025-08-23T18:23:51.042Z'),
(558, 41.32, 115074.00, 4747.81, '2025-08-23T18:24:21.043Z'),
(559, 41.32, 115074.00, 4747.81, '2025-08-23T18:24:51.043Z'),
(560, 41.32, 115074.00, 4747.81, '2025-08-23T18:25:21.044Z'),
(561, 41.32, 115074.00, 4747.81, '2025-08-23T18:25:51.044Z'),
(562, 41.32, 115074.00, 4747.81, '2025-08-23T18:26:21.044Z'),
(563, 41.32, 115082.00, 4746.36, '2025-08-23T18:26:51.205Z'),
(564, 41.32, 115082.00, 4746.36, '2025-08-23T18:27:21.045Z'),
(565, 41.32, 115082.00, 4746.36, '2025-08-23T18:27:51.045Z'),
(566, 41.32, 115082.00, 4746.36, '2025-08-23T18:28:21.046Z'),
(567, 41.32, 115082.00, 4746.36, '2025-08-23T18:28:51.046Z'),
(568, 41.32, 115082.00, 4746.36, '2025-08-23T18:29:21.046Z'),
(569, 41.32, 115082.00, 4746.36, '2025-08-23T18:29:51.046Z'),
(570, 41.32, 115082.00, 4746.36, '2025-08-23T18:30:21.045Z'),
(571, 41.32, 115082.00, 4746.36, '2025-08-23T18:30:51.046Z'),
(572, 41.32, 115082.00, 4746.36, '2025-08-23T18:31:21.045Z'),
(573, 41.32, 115082.00, 4746.36, '2025-08-23T18:31:51.046Z'),
(574, 41.32, 115027.00, 4744.97, '2025-08-23T18:32:21.249Z'),
(575, 41.32, 115027.00, 4744.97, '2025-08-23T18:32:51.046Z'),
(576, 41.32, 115027.00, 4744.97, '2025-08-23T18:33:21.045Z'),
(577, 41.32, 115027.00, 4744.97, '2025-08-23T18:33:51.045Z'),
(578, 41.32, 115027.00, 4744.97, '2025-08-23T18:34:21.045Z'),
(579, 41.32, 115027.00, 4744.97, '2025-08-23T18:34:51.045Z'),
(580, 41.32, 115027.00, 4744.97, '2025-08-23T18:35:21.045Z'),
(581, 41.32, 115027.00, 4744.97, '2025-08-23T18:35:51.045Z'),
(582, 41.32, 115027.00, 4744.97, '2025-08-23T18:36:21.045Z'),
(583, 41.32, 115084.00, 4748.83, '2025-08-23T20:18:22.122Z'),
(584, 41.32, 115084.00, 4748.83, '2025-08-23T20:18:50.568Z'),
(585, 41.32, 115084.00, 4748.83, '2025-08-23T20:19:20.568Z'),
(586, 41.32, 115084.00, 4748.83, '2025-08-23T20:19:50.568Z'),
(587, 41.32, 115084.00, 4748.83, '2025-08-23T20:20:20.568Z'),
(588, 41.32, 115084.00, 4748.83, '2025-08-23T20:20:50.569Z'),
(589, 41.32, 115084.00, 4748.83, '2025-08-23T20:21:20.568Z'),
(590, 41.32, 115084.00, 4748.83, '2025-08-23T20:21:50.568Z'),
(591, 41.32, 115084.00, 4748.83, '2025-08-23T20:22:20.569Z'),
(592, 41.32, 115084.00, 4748.83, '2025-08-23T20:22:50.569Z'),
(593, 41.32, 115084.00, 4748.83, '2025-08-23T20:23:20.569Z'),
(594, 41.32, 115121.00, 4752.59, '2025-08-23T20:23:50.784Z'),
(595, 41.32, 115121.00, 4752.59, '2025-08-23T20:24:20.569Z'),
(596, 41.32, 115121.00, 4752.59, '2025-08-23T20:24:50.570Z'),
(597, 41.32, 115121.00, 4752.59, '2025-08-23T20:25:20.575Z'),
(598, 41.32, 115121.00, 4752.59, '2025-08-23T20:25:50.575Z'),
(599, 41.32, 115121.00, 4752.59, '2025-08-23T20:26:20.575Z'),
(600, 41.32, 115121.00, 4752.59, '2025-08-23T20:26:50.575Z'),
(601, 41.32, 115121.00, 4752.59, '2025-08-23T20:27:20.575Z'),
(602, 41.32, 115121.00, 4752.59, '2025-08-23T20:27:50.576Z'),
(603, 41.32, 115121.00, 4752.59, '2025-08-23T20:28:20.577Z'),
(604, 41.32, 115121.00, 4752.59, '2025-08-23T20:28:50.578Z'),
(605, 41.32, 115162.00, 4755.22, '2025-08-23T20:29:20.810Z'),
(606, 41.32, 115162.00, 4755.22, '2025-08-23T20:29:50.580Z'),
(607, 41.32, 115162.00, 4755.22, '2025-08-23T20:30:20.581Z'),
(608, 41.32, 115162.00, 4755.22, '2025-08-23T20:30:50.581Z'),
(609, 41.32, 115162.00, 4755.22, '2025-08-23T20:31:20.582Z'),
(610, 41.32, 115162.00, 4755.22, '2025-08-23T20:31:50.583Z'),
(611, 41.32, 115162.00, 4755.22, '2025-08-23T20:32:20.582Z'),
(612, 41.32, 115162.00, 4755.22, '2025-08-23T20:32:50.582Z'),
(613, 41.32, 115162.00, 4755.22, '2025-08-23T20:33:20.581Z'),
(614, 41.32, 115162.00, 4755.22, '2025-08-23T20:33:50.582Z'),
(615, 41.32, 115162.00, 4755.22, '2025-08-23T20:34:20.582Z'),
(616, 41.32, 115231.00, 4754.65, '2025-08-23T20:34:50.762Z'),
(617, 41.32, 115231.00, 4754.65, '2025-08-23T20:35:20.582Z'),
(618, 41.32, 115231.00, 4754.65, '2025-08-23T20:35:50.582Z'),
(619, 41.32, 115231.00, 4754.65, '2025-08-23T20:36:20.582Z'),
(620, 41.32, 115231.00, 4754.65, '2025-08-23T20:36:50.582Z'),
(621, 41.32, 115231.00, 4754.65, '2025-08-23T20:37:20.582Z'),
(622, 41.32, 115231.00, 4754.65, '2025-08-23T20:37:50.582Z'),
(623, 41.32, 115231.00, 4754.65, '2025-08-23T20:38:20.582Z'),
(624, 41.32, 115231.00, 4754.65, '2025-08-23T20:38:50.582Z'),
(625, 41.32, 115231.00, 4754.65, '2025-08-23T20:39:20.582Z'),
(626, 41.32, 115231.00, 4754.65, '2025-08-23T20:39:50.582Z'),
(627, 41.32, 115141.00, 4749.78, '2025-08-23T20:40:20.789Z'),
(628, 41.32, 115141.00, 4749.78, '2025-08-23T20:40:50.582Z'),
(629, 41.32, 115141.00, 4749.78, '2025-08-23T20:41:20.583Z'),
(630, 41.32, 115141.00, 4749.78, '2025-08-23T20:41:50.584Z'),
(631, 41.32, 115141.00, 4749.78, '2025-08-23T20:42:20.584Z'),
(632, 41.32, 115141.00, 4749.78, '2025-08-23T20:42:50.585Z'),
(633, 41.32, 115141.00, 4749.78, '2025-08-23T20:43:20.585Z'),
(634, 41.32, 115141.00, 4749.78, '2025-08-23T20:43:50.585Z'),
(635, 41.32, 115141.00, 4749.78, '2025-08-23T20:44:20.585Z'),
(636, 41.32, 115141.00, 4749.78, '2025-08-23T20:44:50.585Z'),
(637, 41.32, 115141.00, 4749.78, '2025-08-23T20:45:20.586Z'),
(638, 41.32, 115130.00, 4744.47, '2025-08-23T20:45:50.730Z'),
(639, 41.32, 115130.00, 4744.47, '2025-08-23T20:46:20.587Z'),
(640, 41.32, 115130.00, 4744.47, '2025-08-23T20:46:50.588Z'),
(641, 41.32, 115130.00, 4744.47, '2025-08-23T20:47:20.588Z'),
(642, 41.32, 115130.00, 4744.47, '2025-08-23T20:47:50.588Z'),
(643, 41.32, 115130.00, 4744.47, '2025-08-23T20:48:20.589Z'),
(644, 41.32, 115130.00, 4744.47, '2025-08-23T20:48:50.590Z'),
(645, 41.32, 115130.00, 4744.47, '2025-08-23T20:49:20.591Z'),
(646, 41.32, 115130.00, 4744.47, '2025-08-23T20:49:50.591Z'),
(647, 41.32, 115130.00, 4744.47, '2025-08-23T20:50:20.591Z'),
(648, 41.32, 115130.00, 4744.47, '2025-08-23T20:50:50.592Z'),
(649, 41.32, 115158.00, 4747.72, '2025-08-23T20:51:20.738Z'),
(650, 41.32, 115158.00, 4747.72, '2025-08-23T20:51:50.591Z'),
(651, 41.32, 115158.00, 4747.72, '2025-08-23T20:52:20.591Z'),
(652, 41.32, 115158.00, 4747.72, '2025-08-23T20:52:50.591Z'),
(653, 41.32, 115158.00, 4747.72, '2025-08-23T20:53:20.591Z'),
(654, 41.32, 115158.00, 4747.72, '2025-08-23T20:53:50.591Z'),
(655, 41.32, 115158.00, 4747.72, '2025-08-23T20:54:20.591Z'),
(656, 41.32, 115158.00, 4747.72, '2025-08-23T20:54:50.591Z'),
(657, 41.32, 115158.00, 4747.72, '2025-08-23T20:55:20.591Z'),
(658, 41.32, 115158.00, 4747.72, '2025-08-23T20:55:50.591Z'),
(659, 41.32, 115158.00, 4747.72, '2025-08-23T20:56:20.591Z'),
(660, 41.32, 115172.00, 4748.35, '2025-08-23T20:56:50.725Z'),
(661, 41.32, 115172.00, 4748.35, '2025-08-23T20:57:20.591Z'),
(662, 41.32, 115172.00, 4748.35, '2025-08-23T20:57:50.591Z'),
(663, 41.32, 115172.00, 4748.35, '2025-08-23T20:58:20.591Z'),
(664, 41.32, 115172.00, 4748.35, '2025-08-23T20:58:50.592Z'),
(665, 41.32, 115172.00, 4748.35, '2025-08-23T20:59:20.592Z'),
(666, 41.32, 115172.00, 4748.35, '2025-08-23T20:59:50.592Z'),
(667, 41.32, 115172.00, 4748.35, '2025-08-23T21:00:20.592Z'),
(668, 41.32, 115172.00, 4748.35, '2025-08-23T21:00:50.593Z'),
(669, 41.32, 115172.00, 4748.35, '2025-08-23T21:01:20.593Z'),
(670, 41.32, 115172.00, 4748.35, '2025-08-23T21:01:50.594Z'),
(671, 41.32, 115219.00, 4746.36, '2025-08-23T21:02:20.802Z'),
(672, 41.32, 115219.00, 4746.36, '2025-08-23T21:02:50.595Z'),
(673, 41.32, 115219.00, 4746.36, '2025-08-23T21:03:20.595Z'),
(674, 41.32, 115219.00, 4746.36, '2025-08-23T21:03:50.595Z'),
(675, 41.32, 115219.00, 4746.36, '2025-08-23T21:04:20.596Z'),
(676, 41.32, 115219.00, 4746.36, '2025-08-23T21:04:50.596Z'),
(677, 41.32, 115219.00, 4746.36, '2025-08-23T21:05:20.597Z'),
(678, 41.32, 115219.00, 4746.36, '2025-08-23T21:05:50.598Z'),
(679, 41.32, 115219.00, 4746.36, '2025-08-23T21:06:20.599Z'),
(680, 41.32, 115219.00, 4746.36, '2025-08-23T21:06:50.599Z'),
(681, 41.32, 115219.00, 4746.36, '2025-08-23T21:07:20.599Z'),
(682, 41.32, 115204.00, 4749.25, '2025-08-23T21:07:50.738Z'),
(683, 41.32, 115204.00, 4749.25, '2025-08-23T21:08:20.600Z'),
(684, 41.32, 115204.00, 4749.25, '2025-08-23T21:08:50.599Z'),
(685, 41.32, 115204.00, 4749.25, '2025-08-23T21:09:20.599Z'),
(686, 41.32, 115204.00, 4749.25, '2025-08-23T21:09:50.599Z'),
(687, 41.32, 115204.00, 4749.25, '2025-08-23T21:10:20.599Z'),
(688, 41.32, 115171.00, 4746.26, '2025-08-23T21:10:34.627Z'),
(689, 41.32, 115171.00, 4746.26, '2025-08-23T21:11:04.248Z'),
(690, 41.32, 115171.00, 4746.26, '2025-08-23T21:11:34.248Z'),
(691, 41.32, 115171.00, 4746.26, '2025-08-23T21:12:04.249Z'),
(692, 41.32, 115171.00, 4746.26, '2025-08-23T21:12:34.249Z'),
(693, 41.32, 115171.00, 4746.26, '2025-08-23T21:13:04.253Z'),
(694, 41.32, 115171.00, 4746.26, '2025-08-23T21:13:34.254Z'),
(695, 41.32, 115171.00, 4746.26, '2025-08-23T21:14:04.255Z'),
(696, 41.32, 115171.00, 4746.26, '2025-08-23T21:14:34.255Z'),
(697, 41.32, 115171.00, 4746.26, '2025-08-23T21:15:04.254Z'),
(698, 41.32, 115171.00, 4746.26, '2025-08-23T21:15:34.254Z'),
(699, 41.32, 115077.00, 4747.73, '2025-08-23T21:16:04.457Z'),
(700, 41.32, 115077.00, 4747.73, '2025-08-23T21:16:34.254Z'),
(701, 41.32, 115077.00, 4747.73, '2025-08-23T21:17:04.254Z'),
(702, 41.32, 115077.00, 4747.73, '2025-08-23T21:17:34.254Z'),
(703, 41.32, 115077.00, 4747.73, '2025-08-23T21:18:04.254Z'),
(704, 41.32, 115077.00, 4747.73, '2025-08-23T21:18:34.254Z'),
(705, 41.32, 115077.00, 4747.73, '2025-08-23T21:19:04.254Z'),
(706, 41.32, 115077.00, 4747.73, '2025-08-23T21:19:34.254Z'),
(707, 41.32, 115077.00, 4747.73, '2025-08-23T21:20:04.254Z'),
(708, 41.32, 115077.00, 4747.73, '2025-08-23T21:20:34.254Z'),
(709, 41.32, 115077.00, 4747.73, '2025-08-23T21:21:04.255Z'),
(710, 41.32, 115085.00, 4745.93, '2025-08-23T21:21:34.486Z'),
(711, 41.32, 115085.00, 4745.93, '2025-08-23T21:22:04.254Z'),
(712, 41.32, 115085.00, 4745.93, '2025-08-23T21:22:34.254Z'),
(713, 41.32, 115085.00, 4745.93, '2025-08-23T21:23:04.254Z'),
(714, 41.32, 115085.00, 4745.93, '2025-08-23T21:23:34.255Z'),
(715, 41.32, 115085.00, 4745.93, '2025-08-23T21:24:04.255Z'),
(716, 41.32, 115085.00, 4745.93, '2025-08-23T21:24:34.255Z'),
(717, 41.32, 115085.00, 4745.93, '2025-08-23T21:25:04.255Z'),
(718, 41.32, 115085.00, 4745.93, '2025-08-23T21:25:34.255Z'),
(719, 41.32, 115085.00, 4745.93, '2025-08-23T21:26:04.255Z'),
(720, 41.32, 115085.00, 4745.93, '2025-08-23T21:26:34.256Z'),
(721, 41.32, 115051.00, 4741.39, '2025-08-23T21:27:04.505Z'),
(722, 41.32, 115051.00, 4741.39, '2025-08-23T21:27:34.258Z'),
(723, 41.32, 115051.00, 4741.39, '2025-08-23T21:28:04.258Z'),
(724, 41.32, 115051.00, 4741.39, '2025-08-23T21:28:34.258Z'),
(725, 41.32, 115051.00, 4741.39, '2025-08-23T21:29:04.259Z'),
(726, 41.32, 115051.00, 4741.39, '2025-08-23T21:29:34.260Z'),
(727, 41.32, 115051.00, 4741.39, '2025-08-23T21:30:04.260Z'),
(728, 41.32, 115051.00, 4741.39, '2025-08-23T21:30:34.259Z'),
(729, 41.32, 115051.00, 4741.39, '2025-08-23T21:31:04.259Z'),
(730, 41.32, 115051.00, 4741.39, '2025-08-23T21:31:34.259Z'),
(731, 41.32, 115051.00, 4741.39, '2025-08-23T21:32:04.259Z'),
(732, 41.32, 115028.00, 4738.27, '2025-08-23T21:32:34.453Z'),
(733, 41.32, 115028.00, 4738.27, '2025-08-23T21:33:04.259Z'),
(734, 41.32, 115028.00, 4738.27, '2025-08-23T21:33:34.260Z'),
(735, 41.32, 115028.00, 4738.27, '2025-08-23T21:34:04.260Z'),
(736, 41.32, 115028.00, 4738.27, '2025-08-23T21:34:34.260Z'),
(737, 41.32, 115028.00, 4738.27, '2025-08-23T21:35:04.260Z'),
(738, 41.32, 115028.00, 4738.27, '2025-08-23T21:35:34.260Z'),
(739, 41.32, 115028.00, 4738.27, '2025-08-23T21:36:04.260Z'),
(740, 41.32, 115028.00, 4738.27, '2025-08-23T21:36:34.260Z'),
(741, 41.32, 115028.00, 4738.27, '2025-08-23T21:37:04.260Z'),
(742, 41.32, 115028.00, 4738.27, '2025-08-23T21:37:34.260Z'),
(743, 41.32, 115022.00, 4740.75, '2025-08-23T21:38:04.445Z'),
(744, 41.32, 115022.00, 4740.75, '2025-08-23T21:38:34.261Z'),
(745, 41.32, 115022.00, 4740.75, '2025-08-23T21:39:04.262Z'),
(746, 41.32, 115022.00, 4740.75, '2025-08-23T21:39:34.262Z'),
(747, 41.32, 115022.00, 4740.75, '2025-08-23T21:40:04.263Z'),
(748, 41.32, 115022.00, 4740.75, '2025-08-23T21:40:34.263Z'),
(749, 41.32, 115022.00, 4740.75, '2025-08-23T21:41:04.263Z'),
(750, 41.32, 115022.00, 4740.75, '2025-08-23T21:41:34.264Z'),
(751, 41.32, 115022.00, 4740.75, '2025-08-23T21:42:04.264Z'),
(752, 41.32, 115022.00, 4740.75, '2025-08-23T21:42:34.265Z'),
(753, 41.32, 115022.00, 4740.75, '2025-08-23T21:43:04.265Z'),
(754, 41.32, 114977.00, 4739.91, '2025-08-23T21:43:34.395Z'),
(755, 41.32, 114977.00, 4739.91, '2025-08-23T21:44:04.266Z'),
(756, 41.32, 114977.00, 4739.91, '2025-08-23T21:44:34.267Z'),
(757, 41.32, 114977.00, 4739.91, '2025-08-23T21:45:04.267Z'),
(758, 41.32, 114977.00, 4739.91, '2025-08-23T21:45:34.268Z'),
(759, 41.32, 114977.00, 4739.91, '2025-08-23T21:46:04.269Z'),
(760, 41.32, 114977.00, 4739.91, '2025-08-23T21:46:34.269Z'),
(761, 41.32, 114977.00, 4739.91, '2025-08-23T21:47:04.270Z'),
(762, 41.32, 114977.00, 4739.91, '2025-08-23T21:47:34.270Z'),
(763, 41.32, 114977.00, 4739.91, '2025-08-23T21:48:04.269Z'),
(764, 41.32, 114977.00, 4739.91, '2025-08-23T21:48:34.269Z'),
(765, 41.32, 115027.00, 4746.19, '2025-08-23T21:49:04.466Z'),
(766, 41.32, 115027.00, 4746.19, '2025-08-23T21:49:34.270Z'),
(767, 41.32, 115027.00, 4746.19, '2025-08-23T21:50:04.270Z'),
(768, 41.32, 115027.00, 4746.19, '2025-08-23T21:50:34.271Z'),
(769, 41.32, 115027.00, 4746.19, '2025-08-23T21:51:04.270Z'),
(770, 41.32, 115027.00, 4746.19, '2025-08-23T21:51:34.270Z'),
(771, 41.32, 115027.00, 4746.19, '2025-08-23T21:52:04.271Z'),
(772, 41.32, 115027.00, 4746.19, '2025-08-23T21:52:34.270Z'),
(773, 41.32, 115027.00, 4746.19, '2025-08-23T21:53:04.270Z'),
(774, 41.32, 115027.00, 4746.19, '2025-08-23T21:53:34.270Z'),
(775, 41.32, 115027.00, 4746.19, '2025-08-23T21:54:04.270Z'),
(776, 41.32, 115131.00, 4744.95, '2025-08-23T21:54:34.422Z'),
(777, 41.32, 115131.00, 4744.95, '2025-08-23T21:55:04.270Z'),
(778, 41.32, 115131.00, 4744.95, '2025-08-23T21:55:34.270Z'),
(779, 41.32, 115131.00, 4744.95, '2025-08-23T21:56:04.271Z'),
(780, 41.32, 115131.00, 4744.95, '2025-08-23T21:56:34.271Z'),
(781, 41.32, 115131.00, 4744.95, '2025-08-23T21:57:04.271Z'),
(782, 41.32, 115131.00, 4744.95, '2025-08-23T21:57:34.271Z'),
(783, 41.32, 115131.00, 4744.95, '2025-08-23T21:58:04.272Z'),
(784, 41.32, 115131.00, 4744.95, '2025-08-23T21:58:34.273Z'),
(785, 41.32, 115131.00, 4744.95, '2025-08-23T21:59:04.274Z'),
(786, 41.32, 115131.00, 4744.95, '2025-08-23T21:59:34.275Z'),
(787, 41.32, 115064.00, 4745.37, '2025-08-23T22:00:04.480Z'),
(788, 41.32, 115064.00, 4745.37, '2025-08-23T22:00:34.275Z'),
(789, 41.32, 115020.00, 4748.24, '2025-08-23T22:01:34.648Z'),
(790, 41.32, 115020.00, 4748.24, '2025-08-23T22:02:03.558Z'),
(791, 41.32, 115020.00, 4748.24, '2025-08-23T22:02:33.559Z'),
(792, 41.32, 115014.00, 4749.75, '2025-08-23T22:02:53.159Z'),
(793, 41.32, 115014.00, 4749.75, '2025-08-23T22:03:21.958Z'),
(794, 41.32, 115014.00, 4749.75, '2025-08-23T22:03:51.958Z'),
(795, 41.32, 115014.00, 4749.75, '2025-08-23T22:04:21.959Z'),
(796, 41.32, 115014.00, 4749.75, '2025-08-23T22:04:51.958Z'),
(797, 41.32, 115014.00, 4749.75, '2025-08-23T22:05:21.959Z'),
(798, 41.32, 115014.00, 4749.75, '2025-08-23T22:05:51.958Z'),
(799, 41.32, 115014.00, 4749.75, '2025-08-23T22:06:21.959Z'),
(800, 41.32, 115014.00, 4749.75, '2025-08-23T22:06:51.958Z'),
(801, 41.32, 115014.00, 4749.75, '2025-08-23T22:07:21.958Z'),
(802, 41.32, 115014.00, 4749.75, '2025-08-23T22:07:51.959Z'),
(803, 41.32, 115141.00, 4754.10, '2025-08-23T22:08:22.166Z'),
(804, 41.32, 115141.00, 4754.10, '2025-08-23T22:08:51.959Z'),
(805, 41.32, 115141.00, 4754.10, '2025-08-23T22:09:21.959Z'),
(806, 41.32, 115141.00, 4754.10, '2025-08-23T22:09:51.960Z'),
(807, 41.32, 115141.00, 4754.10, '2025-08-23T22:10:21.959Z'),
(808, 41.32, 115141.00, 4754.10, '2025-08-23T22:10:51.959Z'),
(809, 41.32, 115141.00, 4754.10, '2025-08-23T22:11:21.960Z'),
(810, 41.32, 115141.00, 4754.10, '2025-08-23T22:11:51.959Z'),
(811, 41.32, 115141.00, 4754.10, '2025-08-23T22:12:21.959Z'),
(812, 41.32, 115141.00, 4754.10, '2025-08-23T22:12:51.959Z'),
(813, 41.32, 115141.00, 4754.10, '2025-08-23T22:13:21.959Z'),
(814, 41.32, 115214.00, 4753.90, '2025-08-23T22:13:52.175Z'),
(815, 41.32, 115214.00, 4753.90, '2025-08-23T22:14:21.959Z'),
(816, 41.32, 115214.00, 4753.90, '2025-08-23T22:14:51.959Z'),
(817, 41.32, 115214.00, 4753.90, '2025-08-23T22:15:21.959Z'),
(818, 41.32, 115214.00, 4753.90, '2025-08-23T22:15:51.959Z'),
(819, 41.32, 115214.00, 4753.90, '2025-08-23T22:16:21.959Z'),
(820, 41.32, 115214.00, 4753.90, '2025-08-23T22:16:51.959Z'),
(821, 41.32, 115214.00, 4753.90, '2025-08-23T22:17:21.959Z'),
(822, 41.32, 115214.00, 4753.90, '2025-08-23T22:17:51.959Z'),
(823, 41.32, 115214.00, 4753.90, '2025-08-23T22:18:21.959Z'),
(824, 41.32, 115214.00, 4753.90, '2025-08-23T22:18:51.959Z'),
(825, 41.32, 115232.00, 4759.51, '2025-08-23T22:19:22.116Z'),
(826, 41.32, 115232.00, 4759.51, '2025-08-23T22:19:51.960Z'),
(827, 41.32, 115232.00, 4759.51, '2025-08-23T22:20:21.960Z'),
(828, 41.32, 115232.00, 4759.51, '2025-08-23T22:20:51.960Z'),
(829, 41.32, 115232.00, 4759.51, '2025-08-23T22:21:21.960Z'),
(830, 41.32, 115232.00, 4759.51, '2025-08-23T22:21:51.961Z'),
(831, 41.32, 115232.00, 4759.51, '2025-08-23T22:22:21.961Z'),
(832, 41.32, 115232.00, 4759.51, '2025-08-23T22:22:51.962Z'),
(833, 41.32, 115232.00, 4759.51, '2025-08-23T22:23:21.962Z'),
(834, 41.32, 115232.00, 4759.51, '2025-08-23T22:23:51.962Z'),
(835, 41.32, 115232.00, 4759.51, '2025-08-23T22:24:21.962Z'),
(836, 41.32, 115223.00, 4758.60, '2025-08-23T22:24:52.144Z'),
(837, 41.32, 115223.00, 4758.60, '2025-08-23T22:25:21.962Z'),
(838, 41.32, 115223.00, 4758.60, '2025-08-23T22:25:51.963Z'),
(839, 41.32, 115223.00, 4758.60, '2025-08-23T22:26:21.962Z'),
(840, 41.32, 115223.00, 4758.60, '2025-08-23T22:26:51.962Z'),
(841, 41.32, 115223.00, 4758.60, '2025-08-23T22:27:21.963Z'),
(842, 41.32, 115223.00, 4758.60, '2025-08-23T22:27:51.963Z'),
(843, 41.32, 115223.00, 4758.60, '2025-08-23T22:28:21.963Z'),
(844, 41.32, 115223.00, 4758.60, '2025-08-23T22:28:51.964Z'),
(845, 41.32, 115223.00, 4758.60, '2025-08-23T22:29:21.964Z'),
(846, 41.32, 115223.00, 4758.60, '2025-08-23T22:29:51.964Z'),
(847, 41.32, 115214.00, 4759.86, '2025-08-23T22:30:22.164Z'),
(848, 41.32, 115214.00, 4759.86, '2025-08-23T22:30:51.964Z'),
(849, 41.32, 115214.00, 4759.86, '2025-08-23T22:31:21.964Z'),
(850, 41.32, 115214.00, 4759.86, '2025-08-23T22:31:51.964Z'),
(851, 41.32, 115214.00, 4759.86, '2025-08-23T22:32:21.964Z'),
(852, 41.32, 115214.00, 4759.86, '2025-08-23T22:32:51.965Z'),
(853, 41.32, 115214.00, 4759.86, '2025-08-23T22:33:21.966Z'),
(854, 41.32, 115214.00, 4759.86, '2025-08-23T22:33:51.966Z'),
(855, 41.32, 115214.00, 4759.86, '2025-08-23T22:34:21.966Z'),
(856, 41.32, 115214.00, 4759.86, '2025-08-23T22:34:51.967Z'),
(857, 41.32, 115214.00, 4759.86, '2025-08-23T22:35:21.967Z'),
(858, 41.32, 115241.00, 4759.06, '2025-08-23T22:35:52.214Z'),
(859, 41.32, 115241.00, 4759.06, '2025-08-23T22:36:21.967Z'),
(860, 41.32, 115241.00, 4759.06, '2025-08-23T22:36:51.967Z'),
(861, 41.32, 115241.00, 4759.06, '2025-08-23T22:37:21.967Z'),
(862, 41.32, 115241.00, 4759.06, '2025-08-23T22:37:51.968Z'),
(863, 41.32, 115241.00, 4759.06, '2025-08-23T22:38:21.969Z'),
(864, 41.32, 115241.00, 4759.06, '2025-08-23T22:38:51.969Z'),
(865, 41.32, 115241.00, 4759.06, '2025-08-23T22:39:21.968Z'),
(866, 41.32, 115241.00, 4759.06, '2025-08-23T22:39:51.968Z'),
(867, 41.32, 115241.00, 4759.06, '2025-08-23T22:40:21.968Z'),
(868, 41.32, 115241.00, 4759.06, '2025-08-23T22:40:51.968Z'),
(869, 41.32, 115231.00, 4760.42, '2025-08-23T22:41:22.145Z'),
(870, 41.32, 115231.00, 4760.42, '2025-08-23T22:41:51.968Z'),
(871, 41.32, 115231.00, 4760.42, '2025-08-23T22:42:21.968Z'),
(872, 41.32, 115231.00, 4760.42, '2025-08-23T22:42:51.968Z'),
(873, 41.32, 115231.00, 4760.42, '2025-08-23T22:43:21.968Z'),
(874, 41.32, 115231.00, 4760.42, '2025-08-23T22:43:51.968Z'),
(875, 41.32, 115231.00, 4760.42, '2025-08-23T22:44:21.968Z'),
(876, 41.32, 115231.00, 4760.42, '2025-08-23T22:44:51.969Z'),
(877, 41.32, 115231.00, 4760.42, '2025-08-23T22:45:21.968Z'),
(878, 41.32, 115231.00, 4760.42, '2025-08-23T22:45:51.969Z'),
(879, 41.32, 115231.00, 4760.42, '2025-08-23T22:46:21.968Z'),
(880, 41.32, 115205.00, 4758.37, '2025-08-23T22:46:52.190Z'),
(881, 41.32, 115205.00, 4758.37, '2025-08-23T22:47:21.968Z'),
(882, 41.32, 115205.00, 4758.37, '2025-08-23T22:47:51.968Z'),
(883, 41.32, 115205.00, 4758.37, '2025-08-23T22:48:21.968Z'),
(884, 41.32, 115205.00, 4758.37, '2025-08-23T22:48:51.968Z'),
(885, 41.32, 115205.00, 4758.37, '2025-08-23T22:49:21.969Z'),
(886, 41.32, 115205.00, 4758.37, '2025-08-23T22:49:51.969Z'),
(887, 41.32, 115205.00, 4758.37, '2025-08-23T22:50:21.969Z'),
(888, 41.32, 115205.00, 4758.37, '2025-08-23T22:50:51.969Z'),
(889, 41.32, 115205.00, 4758.37, '2025-08-23T22:51:21.969Z'),
(890, 41.32, 115205.00, 4758.37, '2025-08-23T22:51:51.969Z'),
(891, 41.32, 115225.00, 4762.23, '2025-08-23T22:52:22.198Z'),
(892, 41.32, 115225.00, 4762.23, '2025-08-23T22:52:51.970Z'),
(893, 41.32, 115225.00, 4762.23, '2025-08-23T22:53:21.969Z'),
(894, 41.32, 115225.00, 4762.23, '2025-08-23T22:53:51.969Z'),
(895, 41.32, 115225.00, 4762.23, '2025-08-23T22:54:21.970Z'),
(896, 41.32, 115225.00, 4762.23, '2025-08-23T22:54:51.970Z'),
(897, 41.32, 115225.00, 4762.23, '2025-08-23T22:55:21.970Z'),
(898, 41.32, 115225.00, 4762.23, '2025-08-23T22:55:51.970Z'),
(899, 41.32, 115225.00, 4762.23, '2025-08-23T22:56:21.971Z'),
(900, 41.32, 115225.00, 4762.23, '2025-08-23T22:56:51.970Z'),
(901, 41.32, 115225.00, 4762.23, '2025-08-23T22:57:21.971Z'),
(902, 41.32, 115254.00, 4766.97, '2025-08-23T22:57:52.168Z'),
(909, 41.32, 115254.00, 4766.97, '2025-08-23T23:01:21.970Z'),
(910, 41.32, 115254.00, 4766.97, '2025-08-23T23:01:51.970Z'),
(911, 41.32, 115254.00, 4766.97, '2025-08-23T23:02:21.970Z'),
(914, 41.32, 115277.00, 4782.23, '2025-08-23T23:03:51.970Z'),
(915, 41.32, 115277.00, 4782.23, '2025-08-23T23:04:21.970Z'),
(903, 41.32, 115254.00, 4766.97, '2025-08-23T22:58:21.970Z'),
(907, 41.32, 115254.00, 4766.97, '2025-08-23T23:00:21.970Z'),
(908, 41.32, 115254.00, 4766.97, '2025-08-23T23:00:51.970Z'),
(912, 41.32, 115254.00, 4766.97, '2025-08-23T23:02:51.970Z'),
(913, 41.32, 115277.00, 4782.23, '2025-08-23T23:03:22.111Z'),
(916, 41.32, 115268.00, 4782.88, '2025-08-23T23:04:30.374Z'),
(904, 41.32, 115254.00, 4766.97, '2025-08-23T22:58:51.970Z'),
(905, 41.32, 115254.00, 4766.97, '2025-08-23T22:59:21.970Z'),
(906, 41.32, 115254.00, 4766.97, '2025-08-23T22:59:51.970Z');
