INSERT INTO users (id, username, password, is_regulator, regulator_balance, last_nft_generation, nft_generation_count) VALUES
(1, 'MaksimHR', '5cf101120e99d53570511b81f9e7c1916684201ab1df4668c461bbed59f37a3caba4d8778339d6f499a2b312e944192edc357421ad2c2d72ea1599cc40405691.c471b13138deee427db96178aa30fdf4', false, 0, NULL, 0),
(2, 'regulator', '$2b$10$pvacunM0bEDs8FAM2Pro/uD6.WF28c3RHBNs3hCFo9MVxgBAAqs4G', true, 1000000.34014959, NULL, 0),
(5, 'admin', 'f67abce36cf3a52cf8335f274f25ee3bb895ada9e2a005390d49720ba3bf5b8d6c4d29fdf676bb443535662b15888cb949de68898d84b981acccb773b4e29515.e2c58647bd61afa8129582d5d6f44c8f', true, 10000000, NULL, 0),
(6, 'Kich9999', '28d98fdaa7be8a875d10a9b62314f6c43126397d9f564d8768a11a7e03edcdce2b56b4b63a6ce28633a045afb5df6daaf416c3a50a7a602a6fff22f50b283ee7.bb3487721834f95a60a70623f2df1bcd', false, 0, NULL, 0),
(7, 'Denchik', '31eb00c952c85d35395cafb4efbdf80a7ecab427db7885a21d50de1ef282f642c53318264e44cef77fe95e81170904751463d65e162993a90883eb345d7f0dfa.32dc555cc4a9cfec73b6cbde27e1272a', false, 0, NULL, 0),
(8, 'hdfhdsfesh3', '17123f90398670982b5b83ac0364d0fe956f0d0b153089b4ac4b6c0a966adc8957d33c898fd32baeee173905264360996184f962025d872367b73cfe7645acce.c0c099827ee77df9c0d8a41867cb3c79', false, 0, NULL, 0),
(9, 'ytjfgjrtdt6', 'd4ffb48f086edfe45f97d52f16d329694170989d64e226ddd89ce6cabe42da9d0c15697a743a0c048e286d6edb06bb12da03be41829a23c6d2cec1295d529459.a8b0e69a20d59423f4e3be1aaa8911a2', false, 0, NULL, 0),
(10, 'Kich', '093b56f4be1b8af7d10d9d09cb750fbbf015e9af2ae1169aa76615f633472b35f9fccd625b1e1b89c11ecf4e3497ac814f5c9fbdc95909cb5903e207c49b5837.a12556a6a7730847363f333ae4aa597c', false, 0, NULL, 0),
(11, 'Tod_Kolins', '01b423385563d013d8f3594bba7e9b6133cfe55c3d9f418ce61ac4789e5590de51c3260dce1a9a4271428da22e3308f3fa87e48ecc117cbd9c54afce70112fb7.39831d0654fbd13c70b0f2c173a6c794', false, 0, NULL, 0),
(12, 'Kich7777', '2d1a1cf8606bd38e6a279c7dc91a04d56bb38051941fd42d4b387abca152eb1c6096ffb5b4d7119d775362d959e57d59b3071fbe14ca29dab1bb2e30953ef7c6.cf302d101af46eff3e48cc033a22c80e', false, 0, NULL, 0),
(13, 'Tod_Kolinsk', 'acd77b3d18e9566c6da7f3e0ee1518fd4a167344206c28f3e296a098ff2e4057660a9f6a18ea234eb0bbb1e1f18f0df5db569bf522b42f6d54085eff96816b23.1befeb491aef8daaecdb9200c4271ecb', false, 0, NULL, 0),
(14, 'Anatoliy', 'UMXWT3vudaiwt8H', false, 0, NULL, 0);

INSERT INTO cards (id, user_id, type, number, expiry, cvv, balance, btc_balance, eth_balance, btc_address, eth_address) VALUES
(1, 1, 'crypto', '4000656684230545', '03/28', '709', 0.00, 0.00000000, 0.00000000, '1PBWkivAUBLP4PBbkZKBX75h8yeh49LpwH', '0x586E803a94777286f7cA370983091Bb290303e41'),
(2, 1, 'usd', '4111891201988062', '03/28', '495', 0.00, 0.00000000, 0.00000000, NULL, NULL),
(3, 1, 'uah', '5555624368885501', '03/28', '989', 0.00, 0.00000000, 0.00000000, NULL, NULL),
(4, 2, 'crypto', '4000589306345761', '06/28', '863', 0, 0.001, 0.01, '1EhLKWQokncBnpZM3RrxmuVeybbHM3RM8s', '0xbCDcfD1014c0CD2eBF4facF058a553BA77b20F98'),
(5, 2, 'usd', '4111238058472974', '09/28', '919', 1000, 0, 0, NULL, NULL),
(6, 2, 'uah', '5555248950789491', '08/28', '823', 40000, 0, 0, NULL, NULL),
(13, 5, 'crypto', '4000101461947771', '10/28', '240', 0, 968361.68000000, 179864.09, '16L3S7YZ2SVaZjRn7wt1G2UE4aVW8vGpyb', '0x8AFf45c3aE9F66fAc33EA042f3A7fC2C338E4b2E'),
(14, 5, 'usd', '4111323103306819', '01/28', '761', 200000000, 0, 0, NULL, NULL),
(15, 5, 'uah', '5555423163670631', '12/28', '349', 400000000, 0, 0, NULL, NULL),
(16, 6, 'crypto', '4111330535985631', '03/28', '696', 0.00, 0.00000000, 0.00000000, '13X8tNp3vTK8oV9HMQx6T4YxDuquhgtTBW', '0x9436CF533f2c3433806838b73aB2B5A6000bf6c9'),
(17, 6, 'usd', '4112185546212195', '03/28', '614', 0.00, 0.00000000, 0.00000000, NULL, NULL),
(18, 6, 'uah', '4113271946207582', '03/28', '338', 0.00, 0.00000000, 0.00000000, NULL, NULL),
(19, 7, 'crypto', '4111413957644346', '03/28', '960', 0.00, 0.00000000, 0.00000000, '1E4HGQ8TiTEU3iK73VqNCjxSbwUMKGpMrj', '0xd6e6A39977EA1b52B49924beCb81DB2f67Ee21Dc'),
(20, 7, 'usd', '4112818239176215', '03/28', '373', 0.00, 0.00000000, 0.00000000, NULL, NULL),
(21, 7, 'uah', '4113633308331620', '03/28', '630', 0.00, 0.00000000, 0.00000000, NULL, NULL),
(22, 8, 'crypto', '4111660863622836', '03/28', '940', 0.00, 0.00000000, 0.00000000, '124cq2jhYTwjwy6awGg1hi4wsK8JxEcCpw', '0x9419a912CDBBeF4983F667146Abe48864156c84b'),
(23, 8, 'usd', '4112473829066479', '03/28', '735', 0.00, 0.00000000, 0.00000000, NULL, NULL),
(24, 8, 'uah', '4113851669913815', '03/28', '766', 0.00, 0.00000000, 0.00000000, NULL, NULL),
(25, 9, 'crypto', '4111336238703704', '03/28', '269', 0.00, 0.00000000, 0.00000000, '1K3G7umpCzTsyhdStdyH2Mbtt2HPHAz5iD', '0x1a7B178da3391d8A9C9cb0b3cc5cdb348A3eFBd8'),
(26, 9, 'usd', '4112054801321449', '03/28', '995', 0.00, 0.00000000, 0.00000000, NULL, NULL),
(27, 9, 'uah', '4113927624941486', '03/28', '338', 0.00, 0.00000000, 0.00000000, NULL, NULL),
(28, 10, 'crypto', '4111619791721415', '03/28', '577', 0.00, 0.00000000, 0.00000000, '15NYauAZPSsvL7WYRn5h52L7cWH4P', '0x2093e48AC97c2a68DD606DE99e9FAe0B178e1C67'),
(29, 10, 'usd', '4112221420670073', '03/28', '265', 0.00, 0.00000000, 0.00000000, NULL, NULL),
(30, 10, 'uah', '4113331149807020', '03/28', '131', 0.00, 0.00000000, 0.00000000, NULL, NULL),
(31, 11, 'crypto', '4111806775933316', '03/28', '124', 0.00, 0.00000000, 0.00000000, '1V2Dov86YRFRgJXgbU9doZQNiuZL1', '0xfA284D6ca8Aa53e24eA919746Dc07399e61340F8'),
(32, 11, 'usd', '4112288902688677', '03/28', '295', 0.00, 0.00000000, 0.00000000, NULL, NULL),
(33, 11, 'uah', '4113214354850143', '03/28', '955', 0.00, 0.00000000, 0.00000000, NULL, NULL),
(34, 12, 'crypto', '4111608844434692', '03/28', '142', 0.00, 31.98291052, 0.00000000, '1L3g4xY6XV1F5YZXt5Qyrc8fiPh1w9eu3y', '0x2aDD39ca0438933104C42b2868d3a96a51a9b5a4'),
(35, 12, 'usd', '4112387550332652', '03/28', '354', 82157.00, 0.00000000, 0.00000000, NULL, NULL),
(36, 12, 'uah', '4113824144390954', '03/28', '390', 3467026.55, 0.00000000, 0.00000000, NULL, NULL),
(37, 13, 'crypto', '4111549234506025', '03/28', '377', 0.00, 0.00000000, 0.00000000, '1MWw4kyVyNLZ6ugxVkX1kHrDg5C1cnyxoo', '0x7567D6e23E8612f7BDCd9b1900AAF0CD33b0b94E'),
(38, 13, 'usd', '4112501431125920', '03/28', '164', 0.00, 0.00000000, 0.00000000, NULL, NULL),
(39, 13, 'uah', '4113422015605698', '03/28', '535', 0.00, 0.00000000, 0.00000000, NULL, NULL),
(40, 14, 'crypto', '4111579124797221', '03/28', '165', 0.00, 0.00000000, 0.00000000, '189jVCj4VqYS2ecvhwA9kVxccwFY8GoT6m', '0x24667AF0Da05e942772f37312f5AACC6B3BA6c56'),
(41, 14, 'usd', '4112359531088780', '03/28', '370', 0.00, 0.00000000, 0.00000000, NULL, NULL),
(42, 14, 'uah', '4113466393681146', '03/28', '183', 0.00, 0.00000000, 0.00000000, NULL, NULL);

INSERT INTO transactions (id, from_card_id, to_card_id, amount, converted_amount, type, wallet, status, created_at, description, from_card_number, to_card_number) VALUES
(6, 13, NULL, 614.84, 614.84, 'deposit', '0xB7E8f8D7a7671FA8f368EE771cd4BC02f51679c7', 'completed', '2025-01-01', 'Пополнение счета', '40006734456250066', NULL),
(7, 14, NULL, 236.11, 236.11, 'deposit', '1BTC000005a32156854a20c050b4da58', 'completed', '2025-01-01', 'Пополнение счета', '4111437867524511', NULL),
(8, 14, NULL, 525.05, 525.05, 'withdrawal', '1BTC000005d48db8d26641337e6a7f3e', 'pending', '2025-01-01', 'Снятие средств', '4111437867524511', NULL),
(9, 13, NULL, 164.85, 164.85, 'withdrawal', '1BTC000005c76e03739156312f66b7d3', 'pending', '2025-01-01', 'Снятие средств', '40006734456250066', NULL),
(10, 15, NULL, 692.03, 28546.24, 'exchange', NULL, 'completed', '2025-01-01', 'Обмен валюты', '55555175370227243', NULL),
(11, 13, 34, 34, 34, 'crypto_transfer', '1L3g4xY6XV1F5YZXt5Qyrc8fiPh1w9eu3y', 'completed', '2025-03-11T18:53:32.000Z', 'Отправка 34.00000000 BTC на 1L3g4xY6XV1F5YZXt5Qyrc8fiPh1w9eu3y', '4000101461947771', '4111608844434692'),
(12, 13, 2, 0.34, 0.34, 'commission', NULL, 'completed', '2025-03-11T18:53:32.000Z', 'Комиссия за перевод криптовалюты (0.34000000 BTC)', '4000101461947771', 'REGULATOR'),
(13, 34, 35, 1, 83167, 'transfer', NULL, 'completed', '2025-03-11T18:54:31.000Z', 'Перевод 1.00000000 CRYPTO → 83167.00 USD (курс: 83167.00)', '4111608844434692', '4112387550332652'),
(14, 34, 2, 0.01, 1.2023999903808e-7, 'commission', NULL, 'completed', '2025-03-11T18:54:31.000Z', 'Комиссия за перевод (0.00000012 BTC)', '4111608844434692', 'REGULATOR'),
(15, 35, 36, 1000, 41312.231, 'transfer', NULL, 'completed', '2025-03-11T18:55:49.000Z', 'Перевод 1000.00 USD → 41312.23 UAH (курс: 41.31)', '4112387550332652', '4113824144390954'),
(16, 35, 2, 10, 0.00012023999903808, 'commission', NULL, 'completed', '2025-03-11T18:55:49.000Z', 'Комиссия за перевод (0.00012024 BTC)', '4112387550332652', 'REGULATOR'),
(17, 34, 36, 1, 3435814.315577, 'transfer', NULL, 'completed', '2025-03-11T18:56:02.000Z', 'Перевод 1.00000000 CRYPTO → 3435814.32 UAH (курс: 3435814.32)', '4111608844434692', '4113824144390954'),
(18, 34, 2, 0.01, 1.2023999903808e-7, 'commission', NULL, 'completed', '2025-03-11T18:56:02.000Z', 'Комиссия за перевод (0.00000012 BTC)', '4111608844434692', 'REGULATOR'),
(19, 36, 34, 10000, 0.002910518171678504, 'crypto_transfer', '1L3g4xY6XV1F5YZXt5Qyrc8fiPh1w9eu3y', 'completed', '2025-03-11T18:56:33.000Z', 'Конвертация 10000.00 UAH → 0.00291052 BTC и отправка на 1L3g4xY6XV1F5YZXt5Qyrc8fiPh1w9eu3y', '4113824144390954', '4111608844434692'),
(20, 36, 2, 100, 0.000029105181716785042, 'commission', NULL, 'completed', '2025-03-11T18:56:33.000Z', 'Комиссия за перевод криптовалюты (0.00002911 BTC)', '4113824144390954', 'REGULATOR');

INSERT INTO exchange_rates (id, usd_to_uah, btc_to_usd, eth_to_usd, updated_at) VALUES
(1, 40.5, 65000, 3500, '2025-03-10T18:10:45.000Z'),
(2, 40.5, 65000, 3500, '2025-03-10T18:13:59.000Z'),
(3, 41.237005, 79163, 1936.41, '2025-03-10T18:14:00.000Z'),
(4, 40.5, 65000, 3500, '2025-03-10T18:14:27.000Z'),
(5, 41.237005, 78444, 1919.58, '2025-03-10T18:14:29.000Z'),
(6, 41.237005, 78444, 1919.58, '2025-03-10T18:14:58.000Z'),
(7, 41.237005, 78444, 1919.58, '2025-03-10T18:15:28.000Z'),
(8, 41.237005, 78444, 1919.58, '2025-03-10T18:15:58.000Z'),
(9, 41.237005, 78444, 1919.58, '2025-03-10T18:16:28.000Z'),
(10, 41.237005, 78444, 1919.58, '2025-03-10T18:16:58.000Z'),
(11, 41.237005, 78444, 1919.58, '2025-03-10T18:17:28.000Z'),
(12, 41.237005, 78444, 1919.58, '2025-03-10T18:17:58.000Z'),
(13, 41.237005, 78444, 1919.58, '2025-03-10T18:18:28.000Z'),
(14, 41.237005, 78535, 1926.25, '2025-03-10T18:20:47.000Z'),
(15, 41.237005, 78535, 1926.25, '2025-03-10T18:21:16.000Z'),
(16, 41.237005, 78535, 1926.25, '2025-03-10T18:21:46.000Z'),
(17, 41.237005, 78356, 1921.65, '2025-03-10T18:21:58.000Z'),
(18, 41.237005, 78356, 1921.65, '2025-03-10T18:22:26.000Z'),
(19, 41.237005, 78356, 1921.65, '2025-03-10T18:22:56.000Z'),
(20, 41.237005, 78356, 1921.65, '2025-03-10T18:23:26.000Z'),
(21, 41.237005, 78356, 1921.65, '2025-03-10T18:23:56.000Z'),
(22, 41.237005, 78356, 1921.65, '2025-03-10T18:24:26.000Z'),
(23, 41.237005, 78356, 1921.65, '2025-03-10T18:24:56.000Z'),
(24, 41.237005, 78356, 1921.65, '2025-03-10T18:25:26.000Z'),
(25, 41.237005, 78356, 1921.65, '2025-03-10T18:25:56.000Z'),
(26, 41.237005, 78356, 1921.65, '2025-03-10T18:26:26.000Z'),
(27, 41.237005, 78329, 1915.1, '2025-03-10T18:27:01.000Z'),
(28, 41.237005, 78329, 1915.1, '2025-03-10T18:27:31.000Z'),
(29, 41.237005, 78329, 1915.1, '2025-03-10T18:28:01.000Z'),
(30, 41.237005, 78329, 1915.1, '2025-03-10T18:28:31.000Z'),
(31, 41.237005, 78265, 1913.2, '2025-03-10T18:29:02.000Z'),
(32, 41.237005, 78265, 1913.2, '2025-03-10T18:29:31.000Z'),
(33, 41.237005, 78265, 1913.2, '2025-03-10T18:30:01.000Z'),
(34, 41.237005, 78265, 1913.2, '2025-03-10T18:30:31.000Z'),
(35, 41.237005, 78265, 1913.2, '2025-03-10T18:31:01.000Z'),
(36, 41.237005, 78265, 1913.2, '2025-03-10T18:31:31.000Z'),
(37, 41.237005, 78265, 1913.2, '2025-03-10T18:32:01.000Z'),
(38, 41.237005, 78265, 1913.2, '2025-03-10T18:32:31.000Z'),
(39, 41.237005, 78265, 1913.2, '2025-03-10T18:33:01.000Z'),
(40, 41.237005, 78265, 1913.2, '2025-03-10T18:33:31.000Z'),
(41, 41.237005, 78265, 1913.2, '2025-03-10T18:34:01.000Z'),
(42, 41.237005, 78648, 1917.21, '2025-03-10T18:34:31.000Z'),
(43, 41.237005, 78648, 1917.21, '2025-03-10T18:35:01.000Z'),
(44, 41.237005, 78437, 1908.57, '2025-03-10T18:35:18.000Z'),
(45, 41.237005, 78437, 1908.57, '2025-03-10T18:35:46.000Z'),
(46, 41.237005, 78437, 1908.57, '2025-03-10T18:36:16.000Z'),
(47, 41.237005, 78437, 1908.57, '2025-03-10T18:36:46.000Z'),
(48, 41.237005, 78437, 1908.57, '2025-03-10T18:37:16.000Z'),
(49, 41.237005, 78437, 1908.57, '2025-03-10T18:37:46.000Z'),
(50, 41.237005, 78437, 1908.57, '2025-03-10T18:38:16.000Z'),
(51, 41.237005, 78437, 1908.57, '2025-03-10T18:38:46.000Z'),
(52, 41.237005, 78437, 1908.57, '2025-03-10T18:39:16.000Z'),
(53, 41.237005, 78437, 1908.57, '2025-03-10T18:39:46.000Z'),
(54, 41.237005, 78437, 1908.57, '2025-03-10T18:40:16.000Z'),
(55, 41.237005, 78180, 1895.12, '2025-03-10T18:40:46.000Z'),
(56, 41.237005, 78180, 1895.12, '2025-03-10T18:41:16.000Z'),
(57, 41.237005, 78180, 1895.12, '2025-03-10T18:41:46.000Z'),
(58, 41.237005, 78180, 1895.12, '2025-03-10T18:42:16.000Z'),
(59, 41.237005, 78180, 1895.12, '2025-03-10T18:42:46.000Z'),
(60, 41.237005, 78180, 1895.12, '2025-03-10T18:43:16.000Z'),
(61, 41.237005, 78180, 1895.12, '2025-03-10T18:43:46.000Z'),
(62, 41.237005, 78180, 1895.12, '2025-03-10T18:44:16.000Z'),
(63, 41.237005, 78180, 1895.12, '2025-03-10T18:44:46.000Z'),
(64, 41.237005, 78180, 1895.12, '2025-03-10T18:45:16.000Z'),
(65, 41.237005, 78180, 1895.12, '2025-03-10T18:45:46.000Z'),
(66, 41.237005, 78586, 1905.87, '2025-03-10T18:46:16.000Z'),
(67, 41.237005, 78586, 1905.87, '2025-03-10T18:46:46.000Z'),
(68, 41.237005, 78586, 1905.87, '2025-03-10T18:47:16.000Z'),
(69, 41.237005, 78586, 1905.87, '2025-03-10T18:47:46.000Z'),
(70, 41.237005, 78586, 1905.87, '2025-03-10T18:48:16.000Z'),
(71, 41.237005, 78586, 1905.87, '2025-03-10T18:48:46.000Z'),
(72, 41.237005, 78586, 1905.87, '2025-03-10T18:49:16.000Z'),
(73, 41.237005, 78586, 1905.87, '2025-03-10T18:49:46.000Z'),
(74, 41.237005, 78586, 1905.87, '2025-03-10T18:50:16.000Z'),
(75, 41.237005, 78586, 1905.87, '2025-03-10T18:50:46.000Z'),
(76, 41.237005, 78586, 1905.87, '2025-03-10T18:51:16.000Z'),
(77, 41.237005, 78204, 1893.13, '2025-03-10T18:51:46.000Z'),
(78, 41.237005, 78204, 1893.13, '2025-03-10T18:52:16.000Z'),
(79, 41.237005, 78204, 1893.13, '2025-03-10T18:52:46.000Z'),
(80, 41.237005, 78204, 1893.13, '2025-03-10T18:53:16.000Z'),
(81, 41.237005, 78204, 1893.13, '2025-03-10T18:53:46.000Z'),
(82, 41.237005, 78204, 1893.13, '2025-03-10T18:54:16.000Z'),
(83, 41.237005, 78204, 1893.13, '2025-03-10T18:54:46.000Z'),
(84, 41.237005, 78204, 1893.13, '2025-03-10T18:55:16.000Z'),
(85, 41.237005, 78204, 1893.13, '2025-03-10T18:55:46.000Z'),
(86, 41.237005, 78204, 1893.13, '2025-03-10T18:56:16.000Z'),
(87, 41.237005, 78204, 1893.13, '2025-03-10T18:56:46.000Z'),
(88, 41.237005, 77808, 1866.58, '2025-03-10T18:57:16.000Z'),
(89, 41.237005, 77808, 1866.58, '2025-03-10T18:57:46.000Z'),
(90, 41.237005, 77808, 1866.58, '2025-03-10T18:58:16.000Z'),
(91, 41.237005, 77808, 1866.58, '2025-03-10T18:58:46.000Z'),
(92, 41.237005, 77808, 1866.58, '2025-03-10T18:59:16.000Z'),
(93, 41.237005, 77808, 1866.58, '2025-03-10T18:59:46.000Z'),
(94, 41.237005, 77808, 1866.58, '2025-03-10T19:00:16.000Z'),
(95, 41.237005, 77808, 1866.58, '2025-03-10T19:00:46.000Z'),
(96, 41.237005, 77519, 1840.9, '2025-03-10T19:02:13.000Z'),
(97, 41.237005, 77519, 1840.9, '2025-03-10T19:02:40.000Z'),
(98, 41.237005, 77519, 1840.9, '2025-03-10T19:03:10.000Z'),
(99, 41.237005, 77519, 1840.9, '2025-03-10T19:03:40.000Z'),
(100, 41.237005, 77519, 1840.9, '2025-03-10T19:04:10.000Z'),
(101, 41.237005, 77519, 1840.9, '2025-03-10T19:04:40.000Z'),
(102, 41.237005, 77519, 1840.9, '2025-03-10T19:05:10.000Z'),
(103, 41.237005, 77755, 1842.55, '2025-03-10T19:05:20.000Z'),
(104, 41.237005, 77755, 1842.55, '2025-03-10T19:05:50.000Z'),
(105, 41.237005, 77755, 1842.55, '2025-03-10T19:06:20.000Z'),
(106, 41.237005, 77755, 1842.55, '2025-03-10T19:06:50.000Z'),
(107, 41.237005, 77755, 1842.55, '2025-03-10T19:07:20.000Z'),
(108, 41.237005, 77755, 1842.55, '2025-03-10T19:07:50.000Z'),
(109, 41.237005, 77755, 1842.55, '2025-03-10T19:08:20.000Z'),
(110, 41.237005, 77755, 1842.55, '2025-03-10T19:08:50.000Z'),
(111, 41.237005, 77755, 1842.55, '2025-03-10T19:09:20.000Z'),
(112, 41.237005, 77635, 1832.12, '2025-03-10T19:09:32.000Z'),
(113, 41.237005, 77635, 1832.12, '2025-03-10T19:10:00.000Z'),
(114, 41.237005, 77635, 1832.12, '2025-03-10T19:10:30.000Z'),
(115, 41.237005, 77635, 1832.12, '2025-03-10T19:11:00.000Z'),
(116, 41.237005, 77635, 1832.12, '2025-03-10T19:11:30.000Z'),
(117, 41.237005, 77635, 1832.12, '2025-03-10T19:12:00.000Z'),
(118, 41.237005, 77635, 1832.12, '2025-03-10T19:12:30.000Z'),
(119, 41.237005, 77635, 1832.12, '2025-03-10T19:13:00.000Z'),
(120, 41.237005, 77666, 1838.57, '2025-03-10T19:13:19.000Z'),
(121, 41.237005, 77666, 1838.57, '2025-03-10T19:13:48.000Z'),
(122, 41.237005, 77666, 1838.57, '2025-03-10T19:14:18.000Z'),
(123, 41.237005, 77666, 1838.57, '2025-03-10T19:14:48.000Z'),
(124, 41.237005, 77666, 1838.57, '2025-03-10T19:15:18.000Z'),
(125, 41.237005, 77666, 1838.57, '2025-03-10T19:15:48.000Z'),
(126, 41.237005, 77666, 1838.57, '2025-03-10T19:16:18.000Z'),
(127, 41.237005, 77666, 1838.57, '2025-03-10T19:16:48.000Z'),
(128, 41.237005, 77666, 1838.57, '2025-03-10T19:17:18.000Z'),
(129, 41.237005, 77666, 1838.57, '2025-03-10T19:17:48.000Z'),
(130, 41.237005, 77666, 1838.57, '2025-03-10T19:18:18.000Z'),
(131, 41.237005, 78474, 1862.39, '2025-03-10T19:18:48.000Z'),
(132, 41.237005, 78474, 1862.39, '2025-03-10T19:19:18.000Z'),
(133, 41.237005, 78474, 1862.39, '2025-03-10T19:19:48.000Z'),
(134, 41.237005, 78474, 1862.39, '2025-03-10T19:20:18.000Z'),
(135, 41.237005, 78474, 1862.39, '2025-03-10T19:20:48.000Z'),
(136, 41.237005, 78474, 1862.39, '2025-03-10T19:21:18.000Z'),
(137, 41.237005, 78474, 1862.39, '2025-03-10T19:21:48.000Z'),
(138, 41.237005, 78474, 1862.39, '2025-03-10T19:22:18.000Z'),
(139, 41.237005, 78474, 1862.39, '2025-03-10T19:22:48.000Z'),
(140, 41.237005, 78474, 1862.39, '2025-03-10T19:23:18.000Z'),
(141, 41.237005, 78474, 1862.39, '2025-03-10T19:23:48.000Z'),
(142, 41.237005, 78405, 1862.41, '2025-03-10T19:24:18.000Z'),
(143, 41.237005, 78405, 1862.41, '2025-03-10T19:24:48.000Z'),
(144, 41.237005, 78405, 1862.41, '2025-03-10T19:25:18.000Z'),
(145, 41.237005, 78405, 1862.41, '2025-03-10T19:25:48.000Z'),
(146, 41.237005, 78405, 1862.41, '2025-03-10T19:26:18.000Z'),
(147, 41.237005, 78553, 1863.47, '2025-03-10T19:26:27.000Z'),
(148, 41.237005, 78553, 1863.47, '2025-03-10T19:26:56.000Z'),
(149, 41.237005, 78553, 1863.47, '2025-03-10T19:27:26.000Z'),
(150, 41.237005, 78919, 1870.71, '2025-03-10T19:27:51.000Z'),
(151, 41.237005, 78919, 1870.71, '2025-03-10T19:28:20.000Z'),
(152, 41.237005, 78919, 1870.71, '2025-03-10T19:28:50.000Z'),
(153, 41.237005, 78919, 1870.71, '2025-03-10T19:29:20.000Z'),
(154, 41.237005, 78919, 1870.71, '2025-03-10T19:29:50.000Z'),
(155, 41.237005, 78919, 1870.71, '2025-03-10T19:30:20.000Z'),
(156, 41.237005, 78919, 1870.71, '2025-03-10T19:30:50.000Z'),
(157, 41.237005, 78919, 1870.71, '2025-03-10T19:31:20.000Z'),
(158, 41.237005, 78919, 1870.71, '2025-03-10T19:31:50.000Z'),
(159, 41.237005, 78919, 1870.71, '2025-03-10T19:32:20.000Z'),
(160, 41.237005, 78919, 1870.71, '2025-03-10T19:32:50.000Z'),
(161, 41.237005, 78872, 1865.97, '2025-03-10T19:33:21.000Z'),
(162, 41.237005, 78872, 1865.97, '2025-03-10T19:33:50.000Z'),
(163, 41.237005, 78872, 1865.97, '2025-03-10T19:34:20.000Z'),
(164, 41.237005, 78872, 1865.97, '2025-03-10T19:34:50.000Z'),
(165, 41.237005, 79203, 1871.96, '2025-03-10T19:35:19.000Z'),
(166, 41.237005, 79203, 1871.96, '2025-03-10T19:35:48.000Z'),
(167, 41.237005, 79203, 1871.96, '2025-03-10T19:36:18.000Z'),
(168, 41.237005, 79203, 1871.96, '2025-03-10T19:36:48.000Z'),
(169, 41.237005, 79203, 1871.96, '2025-03-10T19:37:18.000Z'),
(170, 41.237005, 79436, 1879.46, '2025-03-10T19:37:28.000Z'),
(171, 41.237005, 79436, 1879.46, '2025-03-10T19:37:57.000Z'),
(172, 41.237005, 79436, 1879.46, '2025-03-10T19:38:27.000Z'),
(173, 41.237005, 79436, 1879.46, '2025-03-10T19:38:57.000Z'),
(174, 41.237005, 79436, 1879.46, '2025-03-10T19:39:27.000Z'),
(175, 41.237005, 79436, 1879.46, '2025-03-10T19:39:57.000Z'),
(176, 41.237005, 79436, 1879.46, '2025-03-10T19:40:27.000Z'),
(177, 41.237005, 79436, 1879.46, '2025-03-10T19:40:57.000Z'),
(178, 41.237005, 79436, 1879.46, '2025-03-10T19:41:27.000Z'),
(179, 41.237005, 79436, 1879.46, '2025-03-10T19:41:57.000Z'),
(180, 41.237005, 79436, 1879.46, '2025-03-10T19:42:27.000Z'),
(181, 41.237005, 79114, 1873.24, '2025-03-10T19:42:57.000Z'),
(182, 41.237005, 79114, 1873.24, '2025-03-10T19:43:27.000Z'),
(183, 41.237005, 79114, 1873.24, '2025-03-10T19:43:57.000Z'),
(184, 41.237005, 79114, 1873.24, '2025-03-10T19:44:27.000Z'),
(185, 41.237005, 79114, 1873.24, '2025-03-10T19:44:57.000Z'),
(186, 41.237005, 78788, 1865.95, '2025-03-10T19:45:09.000Z'),
(187, 41.237005, 78788, 1865.95, '2025-03-10T19:45:38.000Z'),
(188, 41.237005, 78788, 1865.95, '2025-03-10T19:46:08.000Z'),
(189, 41.237005, 78788, 1865.95, '2025-03-10T19:46:38.000Z'),
(190, 41.237005, 78730, 1863.95, '2025-03-10T19:47:03.000Z'),
(191, 41.237005, 78730, 1863.95, '2025-03-10T19:47:32.000Z'),
(192, 41.237005, 78738, 1863.81, '2025-03-10T19:47:48.000Z'),
(193, 41.237005, 78738, 1863.81, '2025-03-10T19:48:17.000Z'),
(194, 41.237005, 78738, 1863.81, '2025-03-10T19:48:47.000Z'),
(195, 41.237005, 78738, 1863.81, '2025-03-10T19:49:17.000Z'),
(196, 41.237005, 78738, 1863.81, '2025-03-10T19:49:47.000Z'),
(197, 41.237005, 78738, 1863.81, '2025-03-10T19:50:17.000Z'),
(198, 41.237005, 78738, 1863.81, '2025-03-10T19:50:47.000Z'),
(199, 41.237005, 78738, 1863.81, '2025-03-10T19:51:17.000Z'),
(200, 41.237005, 78738, 1863.81, '2025-03-10T19:51:47.000Z'),
(201, 41.237005, 78738, 1863.81, '2025-03-10T19:52:17.000Z'),
(202, 41.237005, 78738, 1863.81, '2025-03-10T19:52:47.000Z'),
(203, 41.237005, 79134, 1870.15, '2025-03-10T19:53:17.000Z'),
(204, 41.237005, 79134, 1870.15, '2025-03-10T19:53:47.000Z'),
(205, 41.237005, 79134, 1870.15, '2025-03-10T19:54:17.000Z'),
(206, 41.237005, 79134, 1870.15, '2025-03-10T19:54:47.000Z'),
(207, 41.237005, 79134, 1870.15, '2025-03-10T19:55:17.000Z'),
(208, 41.237005, 79134, 1870.15, '2025-03-10T19:55:47.000Z'),
(209, 41.237005, 79100, 1868.75, '2025-03-10T19:57:30.000Z'),
(210, 41.237005, 79100, 1868.75, '2025-03-10T19:57:58.000Z'),
(211, 41.237005, 79100, 1868.75, '2025-03-10T19:58:28.000Z'),
(212, 41.237005, 79100, 1868.75, '2025-03-10T19:58:58.000Z'),
(213, 41.237005, 79100, 1868.75, '2025-03-10T19:59:28.000Z'),
(214, 41.237005, 79100, 1868.75, '2025-03-10T19:59:58.000Z'),
(215, 41.237005, 79100, 1868.75, '2025-03-10T20:00:28.000Z'),
(216, 41.237005, 79100, 1868.75, '2025-03-10T20:00:58.000Z'),
(217, 41.237005, 79100, 1868.75, '2025-03-10T20:01:28.000Z'),
(218, 41.237005, 79100, 1868.75, '2025-03-10T20:01:58.000Z'),
(219, 41.237005, 79100, 1868.75, '2025-03-10T20:02:28.000Z'),
(220, 41.237005, 78717, 1860.54, '2025-03-10T20:02:58.000Z'),
(221, 41.237005, 78717, 1860.54, '2025-03-10T20:03:24.000Z'),
(222, 41.237005, 78717, 1860.54, '2025-03-10T20:03:54.000Z'),
(223, 41.237005, 78717, 1860.54, '2025-03-10T20:04:24.000Z'),
(224, 41.237005, 78717, 1860.54, '2025-03-10T20:04:54.000Z'),
(225, 41.237005, 78717, 1860.54, '2025-03-10T20:05:24.000Z'),
(226, 41.237005, 78717, 1860.54, '2025-03-10T20:05:54.000Z'),
(227, 41.237005, 78717, 1860.54, '2025-03-10T20:06:24.000Z'),
(228, 41.237005, 78717, 1860.54, '2025-03-10T20:06:54.000Z'),
(229, 41.237005, 78717, 1860.54, '2025-03-10T20:07:24.000Z'),
(230, 41.237005, 78717, 1860.54, '2025-03-10T20:07:54.000Z'),
(231, 41.237005, 78717, 1860.54, '2025-03-10T20:08:24.000Z'),
(232, 41.237005, 78770, 1867.14, '2025-03-10T20:08:54.000Z'),
(233, 41.237005, 78770, 1867.14, '2025-03-10T20:09:24.000Z'),
(234, 41.237005, 78770, 1867.14, '2025-03-10T20:09:54.000Z'),
(235, 41.237005, 78770, 1867.14, '2025-03-10T20:10:24.000Z'),
(236, 41.237005, 78770, 1867.14, '2025-03-10T20:10:54.000Z'),
(237, 41.237005, 78770, 1867.14, '2025-03-10T20:11:24.000Z'),
(238, 41.237005, 78770, 1867.14, '2025-03-10T20:11:54.000Z'),
(239, 41.237005, 78770, 1867.14, '2025-03-10T20:12:24.000Z'),
(240, 41.237005, 78770, 1867.14, '2025-03-10T20:12:54.000Z'),
(241, 41.237005, 78770, 1867.14, '2025-03-10T20:13:24.000Z'),
(242, 41.237005, 78770, 1867.14, '2025-03-10T20:13:54.000Z'),
(243, 41.237005, 78693, 1864.08, '2025-03-10T20:14:24.000Z'),
(244, 41.237005, 78693, 1864.08, '2025-03-10T20:14:54.000Z'),
(245, 41.237005, 78693, 1864.08, '2025-03-10T20:15:24.000Z'),
(246, 41.237005, 78693, 1864.08, '2025-03-10T20:15:54.000Z'),
(247, 41.237005, 78693, 1864.08, '2025-03-10T20:16:24.000Z'),
(248, 41.237005, 78693, 1864.08, '2025-03-10T20:16:54.000Z'),
(249, 41.237005, 78693, 1864.08, '2025-03-10T20:17:24.000Z'),
(250, 41.237005, 78693, 1864.08, '2025-03-10T20:17:54.000Z'),
(251, 41.237005, 78693, 1864.08, '2025-03-10T20:18:24.000Z'),
(252, 41.237005, 78693, 1864.08, '2025-03-10T20:18:54.000Z'),
(253, 41.237005, 78693, 1864.08, '2025-03-10T20:19:24.000Z'),
(254, 41.237005, 78726, 1865.49, '2025-03-10T20:19:54.000Z'),
(255, 41.237005, 78726, 1865.49, '2025-03-10T20:20:24.000Z'),
(256, 41.237005, 78726, 1865.49, '2025-03-10T20:20:54.000Z'),
(257, 41.237005, 78726, 1865.49, '2025-03-10T20:21:24.000Z'),
(258, 41.237005, 78726, 1865.49, '2025-03-10T20:21:54.000Z'),
(259, 41.237005, 78726, 1865.49, '2025-03-10T20:22:24.000Z'),
(260, 41.237005, 78726, 1865.49, '2025-03-10T20:22:54.000Z'),
(261, 41.237005, 78726, 1865.49, '2025-03-10T20:23:24.000Z'),
(262, 41.237005, 78726, 1865.49, '2025-03-10T20:23:54.000Z'),
(263, 41.237005, 78726, 1865.49, '2025-03-10T20:24:24.000Z'),
(264, 41.237005, 78726, 1865.49, '2025-03-10T20:24:54.000Z'),
(265, 41.237005, 78693, 1863.11, '2025-03-10T20:25:24.000Z'),
(266, 41.237005, 78693, 1863.11, '2025-03-10T20:25:54.000Z'),
(267, 41.237005, 78693, 1863.11, '2025-03-10T20:26:24.000Z'),
(268, 41.237005, 78693, 1863.11, '2025-03-10T20:26:54.000Z'),
(269, 41.237005, 78693, 1863.11, '2025-03-10T20:27:24.000Z'),
(270, 41.237005, 78693, 1863.11, '2025-03-10T20:27:54.000Z'),
(271, 41.237005, 78693, 1863.11, '2025-03-10T20:28:24.000Z'),
(272, 41.237005, 78693, 1863.11, '2025-03-10T20:28:54.000Z'),
(273, 41.237005, 78693, 1863.11, '2025-03-10T20:29:24.000Z'),
(274, 41.237005, 78693, 1863.11, '2025-03-10T20:29:54.000Z'),
(275, 41.237005, 78693, 1863.11, '2025-03-10T20:30:24.000Z'),
(276, 41.237005, 79041, 1871.52, '2025-03-10T20:30:54.000Z'),
(277, 41.237005, 79041, 1871.52, '2025-03-10T20:31:24.000Z'),
(278, 41.237005, 79041, 1871.52, '2025-03-10T20:31:54.000Z'),
(279, 41.237005, 79041, 1871.52, '2025-03-10T20:32:24.000Z'),
(280, 41.237005, 79041, 1871.52, '2025-03-10T20:32:54.000Z'),
(281, 41.237005, 79041, 1871.52, '2025-03-10T20:33:24.000Z'),
(282, 41.237005, 79041, 1871.52, '2025-03-10T20:33:54.000Z'),
(283, 41.237005, 79041, 1871.52, '2025-03-10T20:34:24.000Z'),
(284, 41.237005, 79041, 1871.52, '2025-03-10T20:34:54.000Z'),
(285, 41.237005, 79041, 1871.52, '2025-03-10T20:35:24.000Z'),
(286, 41.237005, 79041, 1871.52, '2025-03-10T20:35:54.000Z'),
(287, 41.237005, 78804, 1864.65, '2025-03-10T20:36:24.000Z'),
(288, 41.237005, 78804, 1864.65, '2025-03-10T20:36:54.000Z'),
(289, 41.237005, 78804, 1864.65, '2025-03-10T20:37:24.000Z'),
(290, 41.237005, 78804, 1864.65, '2025-03-10T20:37:54.000Z'),
(291, 41.237005, 78804, 1864.65, '2025-03-10T20:38:24.000Z'),
(292, 41.237005, 78804, 1864.65, '2025-03-10T20:38:54.000Z'),
(293, 41.237005, 78804, 1864.65, '2025-03-10T20:39:24.000Z'),
(294, 41.237005, 78804, 1864.65, '2025-03-10T20:39:54.000Z'),
(295, 41.237005, 78804, 1864.65, '2025-03-10T20:40:24.000Z'),
(296, 41.237005, 78804, 1864.65, '2025-03-10T20:40:54.000Z'),
(297, 41.237005, 78804, 1864.65, '2025-03-10T20:41:24.000Z'),
(298, 41.237005, 78692, 1858.06, '2025-03-10T20:41:54.000Z'),
(299, 41.237005, 78692, 1858.06, '2025-03-10T20:42:24.000Z'),
(300, 41.237005, 78692, 1858.06, '2025-03-10T20:42:54.000Z'),
(301, 41.237005, 78692, 1858.06, '2025-03-10T20:43:24.000Z'),
(302, 41.237005, 78692, 1858.06, '2025-03-10T20:43:54.000Z'),
(303, 41.237005, 78692, 1858.06, '2025-03-10T20:44:24.000Z'),
(304, 41.237005, 78692, 1858.06, '2025-03-10T20:44:54.000Z'),
(305, 41.237005, 78692, 1858.06, '2025-03-10T20:45:24.000Z'),
(306, 41.237005, 78692, 1858.06, '2025-03-10T20:45:54.000Z'),
(307, 41.237005, 78692, 1858.06, '2025-03-10T20:46:24.000Z'),
(308, 41.237005, 78692, 1858.06, '2025-03-10T20:46:54.000Z'),
(309, 41.237005, 78660, 1854.86, '2025-03-10T20:47:24.000Z'),
(310, 41.237005, 78660, 1854.86, '2025-03-10T20:47:54.000Z'),
(311, 41.237005, 78660, 1854.86, '2025-03-10T20:48:24.000Z'),
(312, 41.237005, 78660, 1854.86, '2025-03-10T20:48:54.000Z'),
(313, 41.237005, 78660, 1854.86, '2025-03-10T20:49:24.000Z'),
(314, 41.237005, 78660, 1854.86, '2025-03-10T20:49:54.000Z'),
(315, 41.237005, 78660, 1854.86, '2025-03-10T20:50:24.000Z'),
(316, 41.237005, 78660, 1854.86, '2025-03-10T20:50:54.000Z'),
(317, 41.237005, 78660, 1854.86, '2025-03-10T20:51:24.000Z'),
(318, 41.237005, 78660, 1854.86, '2025-03-10T20:51:54.000Z'),
(319, 41.237005, 78660, 1854.86, '2025-03-10T20:52:24.000Z'),
(320, 41.237005, 79114, 1862.65, '2025-03-10T20:52:54.000Z'),
(321, 41.237005, 79114, 1862.65, '2025-03-10T20:53:24.000Z'),
(322, 41.237005, 79114, 1862.65, '2025-03-10T20:53:54.000Z'),
(323, 41.237005, 79114, 1862.65, '2025-03-10T20:54:24.000Z'),
(324, 41.237005, 79114, 1862.65, '2025-03-10T20:54:54.000Z'),
(325, 41.237005, 79114, 1862.65, '2025-03-10T20:55:24.000Z'),
(326, 41.237005, 79114, 1862.65, '2025-03-10T20:55:54.000Z'),
(327, 41.237005, 79114, 1862.65, '2025-03-10T20:56:24.000Z'),
(328, 41.237005, 79114, 1862.65, '2025-03-10T20:56:54.000Z'),
(329, 41.237005, 79114, 1862.65, '2025-03-10T20:57:24.000Z'),
(330, 41.237005, 79114, 1862.65, '2025-03-10T20:57:54.000Z'),
(331, 41.237005, 79638, 1875.21, '2025-03-10T20:58:24.000Z'),
(332, 41.237005, 79638, 1875.21, '2025-03-10T20:58:54.000Z'),
(333, 41.237005, 79638, 1875.21, '2025-03-10T20:59:24.000Z'),
(334, 41.237005, 79638, 1875.21, '2025-03-10T20:59:54.000Z'),
(335, 41.237005, 79638, 1875.21, '2025-03-10T21:00:24.000Z'),
(336, 41.237005, 79638, 1875.21, '2025-03-10T21:00:54.000Z'),
(337, 41.237005, 79638, 1875.21, '2025-03-10T21:01:24.000Z'),
(338, 41.237005, 79638, 1875.21, '2025-03-10T21:01:54.000Z'),
(339, 41.237005, 79638, 1875.21, '2025-03-10T21:02:24.000Z'),
(340, 41.237005, 79638, 1875.21, '2025-03-10T21:02:54.000Z'),
(341, 41.237005, 79638, 1875.21, '2025-03-10T21:03:24.000Z'),
(342, 41.237005, 79199, 1866.43, '2025-03-10T21:03:54.000Z'),
(343, 41.237005, 79199, 1866.43, '2025-03-10T21:04:24.000Z'),
(344, 41.237005, 79199, 1866.43, '2025-03-10T21:04:54.000Z'),
(345, 41.237005, 79199, 1866.43, '2025-03-10T21:05:24.000Z'),
(346, 41.312231, 82539, 1944.8, '2025-03-11T18:31:52.000Z'),
(347, 41.312231, 82539, 1944.8, '2025-03-11T18:32:20.000Z'),
(348, 41.312231, 82539, 1944.8, '2025-03-11T18:32:50.000Z'),
(349, 41.312231, 82539, 1944.8, '2025-03-11T18:33:20.000Z'),
(350, 41.312231, 82539, 1944.8, '2025-03-11T18:33:50.000Z'),
(351, 41.312231, 82539, 1944.8, '2025-03-11T18:34:20.000Z'),
(352, 41.312231, 82539, 1944.8, '2025-03-11T18:34:50.000Z'),
(353, 41.312231, 82539, 1944.8, '2025-03-11T18:35:20.000Z'),
(354, 41.312231, 82539, 1944.8, '2025-03-11T18:35:50.000Z'),
(355, 41.312231, 82539, 1944.8, '2025-03-11T18:36:20.000Z'),
(356, 41.312231, 82539, 1944.8, '2025-03-11T18:36:50.000Z'),
(357, 41.312231, 82444, 1935.77, '2025-03-11T18:37:20.000Z'),
(358, 41.312231, 82444, 1935.77, '2025-03-11T18:37:50.000Z'),
(359, 41.312231, 82444, 1935.77, '2025-03-11T18:38:20.000Z'),
(360, 41.312231, 82444, 1935.77, '2025-03-11T18:38:50.000Z'),
(361, 41.312231, 82444, 1935.77, '2025-03-11T18:39:20.000Z'),
(362, 41.312231, 82444, 1935.77, '2025-03-11T18:39:50.000Z'),
(363, 41.312231, 82444, 1935.77, '2025-03-11T18:40:20.000Z'),
(364, 41.312231, 82444, 1935.77, '2025-03-11T18:40:50.000Z'),
(365, 41.312231, 82444, 1935.77, '2025-03-11T18:41:20.000Z'),
(366, 41.312231, 82444, 1935.77, '2025-03-11T18:41:50.000Z'),
(367, 41.312231, 82444, 1935.77, '2025-03-11T18:42:20.000Z'),
(368, 41.312231, 82641, 1939.93, '2025-03-11T18:42:50.000Z'),
(369, 41.312231, 82641, 1939.93, '2025-03-11T18:43:20.000Z'),
(370, 41.312231, 82641, 1939.93, '2025-03-11T18:43:50.000Z'),
(371, 41.312231, 82641, 1939.93, '2025-03-11T18:44:20.000Z'),
(372, 41.312231, 82641, 1939.93, '2025-03-11T18:44:50.000Z'),
(373, 41.312231, 82641, 1939.93, '2025-03-11T18:45:20.000Z'),
(374, 41.312231, 82641, 1939.93, '2025-03-11T18:45:50.000Z'),
(375, 41.312231, 82641, 1939.93, '2025-03-11T18:46:20.000Z'),
(376, 41.312231, 82641, 1939.93, '2025-03-11T18:46:50.000Z'),
(377, 41.312231, 82641, 1939.93, '2025-03-11T18:47:20.000Z'),
(378, 41.312231, 82641, 1939.93, '2025-03-11T18:47:50.000Z'),
(379, 41.312231, 83030, 1949.46, '2025-03-11T18:48:26.000Z'),
(380, 41.312231, 83030, 1949.46, '2025-03-11T18:48:55.000Z'),
(381, 41.312231, 83030, 1949.46, '2025-03-11T18:49:25.000Z'),
(382, 41.312231, 83030, 1949.46, '2025-03-11T18:49:55.000Z'),
(383, 41.312231, 83030, 1949.46, '2025-03-11T18:50:25.000Z'),
(384, 41.312231, 83030, 1949.46, '2025-03-11T18:50:55.000Z'),
(385, 41.312231, 83030, 1949.46, '2025-03-11T18:51:25.000Z'),
(386, 41.312231, 83030, 1949.46, '2025-03-11T18:51:55.000Z'),
(387, 41.312231, 83030, 1949.46, '2025-03-11T18:52:25.000Z'),
(388, 41.312231, 83030, 1949.46, '2025-03-11T18:52:55.000Z'),
(389, 41.312231, 83030, 1949.46, '2025-03-11T18:53:25.000Z'),
(390, 41.312231, 83167, 1952.62, '2025-03-11T18:53:55.000Z'),
(391, 41.312231, 83167, 1952.62, '2025-03-11T18:54:25.000Z'),
(392, 41.312231, 83167, 1952.62, '2025-03-11T18:54:55.000Z'),
(393, 41.312231, 83167, 1952.62, '2025-03-11T18:55:25.000Z'),
(394, 41.312231, 83167, 1952.62, '2025-03-11T18:55:55.000Z'),
(395, 41.312231, 83167, 1952.62, '2025-03-11T18:56:25.000Z'),
(396, 41.312231, 83167, 1952.62, '2025-03-11T18:56:55.000Z'),
(397, 41.312231, 83167, 1952.62, '2025-03-11T18:57:25.000Z'),
(398, 41.312231, 83167, 1952.62, '2025-03-11T18:57:55.000Z'),
(399, 41.312231, 83167, 1952.62, '2025-03-11T18:58:25.000Z'),
(400, 41.312231, 83167, 1952.62, '2025-03-11T18:58:55.000Z'),
(401, 41.312231, 83325, 1955.91, '2025-03-11T18:59:25.000Z'),
(402, 41.312231, 83325, 1955.91, '2025-03-11T18:59:55.000Z'),
(403, 41.312231, 83325, 1955.91, '2025-03-11T19:00:25.000Z'),
(404, 41.312231, 83325, 1955.91, '2025-03-11T19:00:55.000Z'),
(405, 41.312231, 83325, 1955.91, '2025-03-11T19:01:25.000Z'),
(406, 41.312231, 83325, 1955.91, '2025-03-11T19:01:55.000Z'),
(407, 41.312231, 83325, 1955.91, '2025-03-11T19:02:25.000Z'),
(408, 41.312231, 83325, 1955.91, '2025-03-11T19:02:55.000Z'),
(409, 41.312231, 83295, 1953.81, '2025-03-11T19:03:30.000Z'),
(410, 41.312231, 83295, 1953.81, '2025-03-11T19:03:58.000Z'),
(411, 41.312231, 83295, 1953.81, '2025-03-11T19:04:28.000Z'),
(412, 41.312231, 83295, 1953.81, '2025-03-11T19:04:58.000Z'),
(413, 41.312231, 83295, 1953.81, '2025-03-11T19:05:28.000Z'),
(414, 41.312231, 83295, 1953.81, '2025-03-11T19:05:58.000Z'),
(415, 41.312231, 83295, 1953.81, '2025-03-11T19:06:28.000Z'),
(416, 41.312231, 83295, 1953.81, '2025-03-11T19:06:58.000Z'),
(417, 41.312231, 83295, 1953.81, '2025-03-11T19:07:28.000Z'),
(418, 41.312231, 83295, 1953.81, '2025-03-11T19:07:58.000Z'),
(419, 41.312231, 83295, 1953.81, '2025-03-11T19:08:28.000Z'),
(420, 41.312231, 83334, 1953.33, '2025-03-11T19:08:59.000Z'),
(421, 41.312231, 83334, 1953.33, '2025-03-11T19:09:28.000Z'),
(422, 41.312231, 83334, 1953.33, '2025-03-11T19:09:58.000Z'),
(423, 41.312231, 83334, 1953.33, '2025-03-11T19:10:28.000Z'),
(424, 41.312231, 83334, 1953.33, '2025-03-11T19:10:58.000Z'),
(425, 41.312231, 83334, 1953.33, '2025-03-11T19:11:28.000Z'),
(426, 41.312231, 83334, 1953.33, '2025-03-11T19:11:58.000Z'),
(427, 41.312231, 83334, 1953.33, '2025-03-11T19:12:28.000Z'),
(428, 41.312231, 83334, 1953.33, '2025-03-11T19:12:58.000Z'),
(429, 41.312231, 83334, 1953.33, '2025-03-11T19:13:28.000Z'),
(430, 41.312231, 83334, 1953.33, '2025-03-11T19:13:58.000Z'),
(431, 41.312231, 83063, 1947.88, '2025-03-11T19:14:29.000Z'),
(432, 41.312231, 83063, 1947.88, '2025-03-11T19:14:58.000Z'),
(433, 41.312231, 83063, 1947.88, '2025-03-11T19:15:28.000Z'),
(434, 41.312231, 83063, 1947.88, '2025-03-11T19:15:58.000Z'),
(435, 41.312231, 83063, 1947.88, '2025-03-11T19:16:28.000Z'),
(436, 41.312231, 83063, 1947.88, '2025-03-11T19:16:58.000Z'),
(437, 41.312231, 83063, 1947.88, '2025-03-11T19:17:28.000Z'),
(438, 41.312231, 83063, 1947.88, '2025-03-11T19:17:58.000Z'),
(439, 41.312231, 83063, 1947.88, '2025-03-11T19:18:28.000Z'),
(440, 41.312231, 83063, 1947.88, '2025-03-11T19:18:58.000Z'),
(441, 41.312231, 83063, 1947.88, '2025-03-11T19:19:28.000Z'),
(442, 41.312231, 82942, 1946.19, '2025-03-11T19:19:59.000Z'),
(443, 41.312231, 82942, 1946.19, '2025-03-11T19:20:28.000Z'),
(444, 41.312231, 82942, 1946.19, '2025-03-11T19:20:58.000Z'),
(445, 41.312231, 82942, 1946.19, '2025-03-11T19:21:28.000Z'),
(446, 41.312231, 82942, 1946.19, '2025-03-11T19:21:58.000Z'),
(447, 41.312231, 82942, 1946.19, '2025-03-11T19:22:28.000Z'),
(448, 41.312231, 82942, 1946.19, '2025-03-11T19:22:58.000Z'),
(449, 41.312231, 82942, 1946.19, '2025-03-11T19:23:28.000Z'),
(450, 41.312231, 82942, 1946.19, '2025-03-11T19:23:58.000Z'),
(451, 41.312231, 82942, 1946.19, '2025-03-11T19:24:28.000Z'),
(452, 41.312231, 82942, 1946.19, '2025-03-11T19:24:58.000Z'),
(453, 41.312231, 83112, 1951.57, '2025-03-11T19:25:29.000Z'),
(454, 41.312231, 83112, 1951.57, '2025-03-11T19:25:58.000Z'),
(455, 41.312231, 83112, 1951.57, '2025-03-11T19:26:28.000Z'),
(456, 41.312231, 83112, 1951.57, '2025-03-11T19:26:58.000Z'),
(457, 41.312231, 83112, 1951.57, '2025-03-11T19:27:28.000Z'),
(458, 41.312231, 83112, 1951.57, '2025-03-11T19:27:58.000Z'),
(459, 41.312231, 83112, 1951.57, '2025-03-11T19:28:28.000Z'),
(460, 41.312231, 83112, 1951.57, '2025-03-11T19:28:58.000Z'),
(461, 41.312231, 83112, 1951.57, '2025-03-11T19:29:28.000Z'),
(462, 41.312231, 83112, 1951.57, '2025-03-11T19:29:58.000Z'),
(463, 41.312231, 83112, 1951.57, '2025-03-11T19:30:28.000Z'),
(464, 41.312231, 83204, 1953.57, '2025-03-11T19:30:59.000Z'),
(465, 41.312231, 83204, 1953.57, '2025-03-11T19:31:28.000Z'),
(466, 41.312231, 83204, 1953.57, '2025-03-11T19:31:58.000Z'),
(467, 41.312231, 83204, 1953.57, '2025-03-11T19:32:28.000Z'),
(468, 41.312231, 83204, 1953.57, '2025-03-11T19:32:58.000Z'),
(469, 41.312231, 83204, 1953.57, '2025-03-11T19:33:28.000Z'),
(470, 41.312231, 83204, 1953.57, '2025-03-11T19:33:58.000Z'),
(471, 41.312231, 83204, 1953.57, '2025-03-11T19:34:28.000Z'),
(472, 41.312231, 83204, 1953.57, '2025-03-11T19:34:58.000Z'),
(473, 41.312231, 83204, 1953.57, '2025-03-11T19:35:28.000Z'),
(474, 41.312231, 83204, 1953.57, '2025-03-11T19:35:58.000Z'),
(475, 41.312231, 83420, 1956.62, '2025-03-11T19:36:29.000Z'),
(476, 41.312231, 83420, 1956.62, '2025-03-11T19:36:58.000Z'),
(477, 41.312231, 83420, 1956.62, '2025-03-11T19:37:28.000Z'),
(478, 41.312231, 83420, 1956.62, '2025-03-11T19:37:58.000Z'),
(479, 41.312231, 83420, 1956.62, '2025-03-11T19:38:28.000Z'),
(480, 41.312231, 83420, 1956.62, '2025-03-11T19:38:58.000Z'),
(481, 41.312231, 83420, 1956.62, '2025-03-11T19:39:28.000Z'),
(482, 41.312231, 83420, 1956.62, '2025-03-11T19:39:58.000Z'),
(483, 41.312231, 83420, 1956.62, '2025-03-11T19:40:28.000Z'),
(484, 41.312231, 83420, 1956.62, '2025-03-11T19:40:58.000Z'),
(485, 41.312231, 83420, 1956.62, '2025-03-11T19:41:28.000Z'),
(486, 41.312231, 83285, 1952.8, '2025-03-11T19:41:59.000Z'),
(487, 41.312231, 83285, 1952.8, '2025-03-11T19:42:28.000Z'),
(488, 41.312231, 83285, 1952.8, '2025-03-11T19:42:58.000Z'),
(489, 41.312231, 83285, 1952.8, '2025-03-11T19:43:28.000Z'),
(490, 41.312231, 83285, 1952.8, '2025-03-11T19:43:58.000Z'),
(491, 41.312231, 83285, 1952.8, '2025-03-11T19:44:28.000Z'),
(492, 41.312231, 83285, 1952.8, '2025-03-11T19:44:58.000Z'),
(493, 41.312231, 83285, 1952.8, '2025-03-11T19:45:28.000Z'),
(494, 41.312231, 83285, 1952.8, '2025-03-11T19:45:58.000Z'),
(495, 41.312231, 83285, 1952.8, '2025-03-11T19:46:28.000Z'),
(496, 41.312231, 83285, 1952.8, '2025-03-11T19:46:58.000Z'),
(497, 41.312231, 83248, 1952.57, '2025-03-11T19:47:29.000Z'),
(498, 41.312231, 83248, 1952.57, '2025-03-11T19:47:58.000Z'),
(499, 41.312231, 83248, 1952.57, '2025-03-11T19:48:28.000Z'),
(500, 41.312231, 83248, 1952.57, '2025-03-11T19:48:58.000Z'),
(501, 41.312231, 83248, 1952.57, '2025-03-11T19:49:28.000Z'),
(502, 41.312231, 83248, 1952.57, '2025-03-11T19:49:58.000Z'),
(503, 41.312231, 83248, 1952.57, '2025-03-11T19:50:28.000Z'),
(504, 41.312231, 83248, 1952.57, '2025-03-11T19:50:58.000Z'),
(505, 41.312231, 83248, 1952.57, '2025-03-11T19:51:28.000Z'),
(506, 41.312231, 83248, 1952.57, '2025-03-11T19:51:58.000Z'),
(507, 41.312231, 83248, 1952.57, '2025-03-11T19:52:28.000Z'),
(508, 41.312231, 83246, 1953.07, '2025-03-11T19:52:59.000Z'),
(509, 41.312231, 83246, 1953.07, '2025-03-11T19:53:28.000Z'),
(510, 41.312231, 83246, 1953.07, '2025-03-11T19:53:58.000Z'),
(511, 41.312231, 83246, 1953.07, '2025-03-11T19:54:28.000Z'),
(512, 41.312231, 83246, 1953.07, '2025-03-11T19:54:58.000Z'),
(513, 41.312231, 83246, 1953.07, '2025-03-11T19:55:28.000Z'),
(514, 41.312231, 83246, 1953.07, '2025-03-11T19:55:58.000Z'),
(515, 41.312231, 83246, 1953.07, '2025-03-11T19:56:28.000Z'),
(516, 41.312231, 83246, 1953.07, '2025-03-11T19:56:58.000Z'),
(517, 41.312231, 83246, 1953.07, '2025-03-11T19:57:28.000Z'),
(518, 41.312231, 83246, 1953.07, '2025-03-11T19:57:58.000Z'),
(519, 41.312231, 83057, 1950.69, '2025-03-11T19:58:29.000Z'),
(520, 41.312231, 83057, 1950.69, '2025-03-11T19:58:58.000Z'),
(521, 41.312231, 83057, 1950.69, '2025-03-11T19:59:28.000Z'),
(522, 41.312231, 83057, 1950.69, '2025-03-11T19:59:58.000Z'),
(523, 41.312231, 83057, 1950.69, '2025-03-11T20:00:28.000Z'),
(524, 41.312231, 83057, 1950.69, '2025-03-11T20:00:58.000Z'),
(525, 41.312231, 83057, 1950.69, '2025-03-11T20:01:28.000Z'),
(526, 41.312231, 83057, 1950.69, '2025-03-11T20:01:58.000Z'),
(527, 41.312231, 83057, 1950.69, '2025-03-11T20:02:28.000Z'),
(528, 41.312231, 83057, 1950.69, '2025-03-11T20:02:58.000Z'),
(529, 41.312231, 83057, 1950.69, '2025-03-11T20:03:28.000Z'),
(530, 41.312231, 83037, 1948.35, '2025-03-11T20:03:59.000Z'),
(531, 41.312231, 83037, 1948.35, '2025-03-11T20:04:28.000Z'),
(532, 41.312231, 83037, 1948.35, '2025-03-11T20:04:58.000Z'),
(533, 41.312231, 83037, 1948.35, '2025-03-11T20:05:28.000Z'),
(534, 41.312231, 83037, 1948.35, '2025-03-11T20:05:58.000Z'),
(535, 41.312231, 83037, 1948.35, '2025-03-11T20:06:28.000Z'),
(536, 41.312231, 83037, 1948.35, '2025-03-11T20:06:58.000Z'),
(537, 41.312231, 83037, 1948.35, '2025-03-11T20:07:28.000Z'),
(538, 41.312231, 83037, 1948.35, '2025-03-11T20:07:58.000Z'),
(539, 41.312231, 83037, 1948.35, '2025-03-11T20:08:28.000Z'),
(540, 41.312231, 83037, 1948.35, '2025-03-11T20:08:58.000Z'),
(541, 41.312231, 83082, 1951.71, '2025-03-11T20:09:29.000Z'),
(542, 41.312231, 83082, 1951.71, '2025-03-11T20:09:58.000Z'),
(543, 41.312231, 83082, 1951.71, '2025-03-11T20:10:28.000Z'),
(544, 41.312231, 83082, 1951.71, '2025-03-11T20:10:58.000Z'),
(545, 41.312231, 83082, 1951.71, '2025-03-11T20:11:28.000Z'),
(546, 41.312231, 83082, 1951.71, '2025-03-11T20:11:58.000Z'),
(547, 41.312231, 83082, 1951.71, '2025-03-11T20:12:28.000Z'),
(548, 41.312231, 83082, 1951.71, '2025-03-11T20:12:58.000Z'),
(549, 41.312231, 83082, 1951.71, '2025-03-11T20:13:28.000Z'),
(550, 41.312231, 83082, 1951.71, '2025-03-11T20:13:58.000Z'),
(551, 41.312231, 83082, 1951.71, '2025-03-11T20:14:28.000Z'),
(552, 41.312231, 82928, 1949.74, '2025-03-11T20:14:59.000Z'),
(553, 41.312231, 82928, 1949.74, '2025-03-11T20:15:28.000Z'),
(554, 41.312231, 82928, 1949.74, '2025-03-11T20:15:58.000Z'),
(555, 41.312231, 82928, 1949.74, '2025-03-11T20:16:28.000Z'),
(556, 41.312231, 82928, 1949.74, '2025-03-11T20:16:58.000Z'),
(557, 41.312231, 82928, 1949.74, '2025-03-11T20:17:28.000Z'),
(558, 41.312231, 82928, 1949.74, '2025-03-11T20:17:58.000Z'),
(559, 41.312231, 82928, 1949.74, '2025-03-11T20:18:28.000Z'),
(560, 41.312231, 82928, 1949.74, '2025-03-11T20:18:58.000Z'),
(561, 41.312231, 82928, 1949.74, '2025-03-11T20:19:28.000Z'),
(562, 41.312231, 82928, 1949.74, '2025-03-11T20:19:58.000Z'),
(563, 41.312231, 82838, 1946.64, '2025-03-11T20:20:29.000Z'),
(564, 41.312231, 82838, 1946.64, '2025-03-11T20:20:58.000Z'),
(565, 41.312231, 82838, 1946.64, '2025-03-11T20:21:28.000Z'),
(566, 41.312231, 82838, 1946.64, '2025-03-11T20:21:58.000Z'),
(567, 41.312231, 82838, 1946.64, '2025-03-11T20:22:28.000Z'),
(568, 41.312231, 82838, 1946.64, '2025-03-11T20:22:58.000Z'),
(569, 41.312231, 82838, 1946.64, '2025-03-11T20:23:28.000Z'),
(570, 41.312231, 82838, 1946.64, '2025-03-11T20:23:58.000Z'),
(571, 41.312231, 82838, 1946.64, '2025-03-11T20:24:28.000Z'),
(572, 41.312231, 82838, 1946.64, '2025-03-11T20:24:58.000Z'),
(573, 41.312231, 82838, 1946.64, '2025-03-11T20:25:28.000Z'),
(574, 41.312231, 82639, 1941.54, '2025-03-11T20:25:59.000Z'),
(575, 41.312231, 82639, 1941.54, '2025-03-11T20:26:28.000Z'),
(576, 41.312231, 82639, 1941.54, '2025-03-11T20:26:58.000Z'),
(577, 41.312231, 82639, 1941.54, '2025-03-11T20:27:28.000Z'),
(578, 41.312231, 82639, 1941.54, '2025-03-11T20:27:58.000Z'),
(579, 41.312231, 82639, 1941.54, '2025-03-11T20:28:28.000Z'),
(580, 41.312231, 82639, 1941.54, '2025-03-11T20:28:58.000Z'),
(581, 41.312231, 82639, 1941.54, '2025-03-11T20:29:28.000Z'),
(582, 41.312231, 82639, 1941.54, '2025-03-11T20:29:58.000Z'),
(583, 41.312231, 82639, 1941.54, '2025-03-11T20:30:28.000Z'),
(584, 41.312231, 82639, 1941.54, '2025-03-11T20:30:58.000Z'),
(585, 41.312231, 82616, 1939.56, '2025-03-11T20:31:29.000Z'),
(586, 41.312231, 82616, 1939.56, '2025-03-11T20:31:58.000Z'),
(587, 41.312231, 82616, 1939.56, '2025-03-11T20:32:28.000Z'),
(588, 41.312231, 82616, 1939.56, '2025-03-11T20:32:58.000Z'),
(589, 41.312231, 82616, 1939.56, '2025-03-11T20:33:28.000Z'),
(590, 41.312231, 82616, 1939.56, '2025-03-11T20:33:58.000Z'),
(591, 41.312231, 82616, 1939.56, '2025-03-11T20:34:28.000Z'),
(592, 41.312231, 82616, 1939.56, '2025-03-11T20:34:58.000Z'),
(593, 41.312231, 82616, 1939.56, '2025-03-11T20:35:28.000Z'),
(594, 41.312231, 82616, 1939.56, '2025-03-11T20:35:58.000Z'),
(595, 41.312231, 82616, 1939.56, '2025-03-11T20:36:28.000Z'),
(596, 41.312231, 82747, 1942.04, '2025-03-11T20:36:59.000Z'),
(597, 41.312231, 82747, 1942.04, '2025-03-11T20:37:28.000Z'),
(598, 41.312231, 82747, 1942.04, '2025-03-11T20:37:58.000Z'),
(599, 41.312231, 82747, 1942.04, '2025-03-11T20:38:28.000Z'),
(600, 41.312231, 82747, 1942.04, '2025-03-11T20:38:58.000Z'),
(601, 41.312231, 82747, 1942.04, '2025-03-11T20:39:28.000Z'),
(602, 41.312231, 82747, 1942.04, '2025-03-11T20:39:58.000Z'),
(603, 41.312231, 82747, 1942.04, '2025-03-11T20:40:28.000Z'),
(604, 41.312231, 82747, 1942.04, '2025-03-11T20:40:58.000Z'),
(605, 41.312231, 82747, 1942.04, '2025-03-11T20:41:28.000Z'),
(606, 41.312231, 82747, 1942.04, '2025-03-11T20:41:58.000Z'),
(607, 41.312231, 82767, 1939.72, '2025-03-11T20:42:29.000Z'),
(608, 41.312231, 82767, 1939.72, '2025-03-11T20:42:58.000Z'),
(609, 41.312231, 82767, 1939.72, '2025-03-11T20:43:28.000Z'),
(610, 41.312231, 82767, 1939.72, '2025-03-11T20:43:58.000Z'),
(611, 41.312231, 82767, 1939.72, '2025-03-11T20:44:28.000Z'),
(612, 41.312231, 82767, 1939.72, '2025-03-11T20:44:58.000Z'),
(613, 41.312231, 82767, 1939.72, '2025-03-11T20:45:28.000Z'),
(614, 41.312231, 82767, 1939.72, '2025-03-11T20:45:58.000Z'),
(615, 41.312231, 82767, 1939.72, '2025-03-11T20:46:28.000Z'),
(616, 41.312231, 82767, 1939.72, '2025-03-11T20:46:58.000Z'),
(617, 41.312231, 82767, 1939.72, '2025-03-11T20:47:28.000Z'),
(618, 41.312231, 82949, 1943.66, '2025-03-11T20:47:59.000Z'),
(619, 41.312231, 82949, 1943.66, '2025-03-11T20:48:28.000Z'),
(620, 41.312231, 82949, 1943.66, '2025-03-11T20:48:58.000Z'),
(621, 41.312231, 82949, 1943.66, '2025-03-11T20:49:28.000Z'),
(622, 41.312231, 82949, 1943.66, '2025-03-11T20:49:58.000Z'),
(623, 41.312231, 82949, 1943.66, '2025-03-11T20:50:28.000Z'),
(624, 41.426619, 82082, 1911.14, '2025-03-18T21:30:19.000Z'),
(625, 41.426619, 82082, 1911.14, '2025-03-18T21:30:48.000Z'),
(626, 41.426619, 82082, 1911.14, '2025-03-18T21:31:18.000Z'),
(627, 41.426619, 82082, 1911.14, '2025-03-18T21:31:48.000Z'),
(628, 41.426619, 82082, 1911.14, '2025-03-18T21:32:18.000Z'),
(629, 41.426619, 82082, 1911.14, '2025-03-18T21:32:48.000Z'),
(630, 41.426619, 82082, 1911.14, '2025-03-18T21:33:18.000Z'),
(631, 41.426619, 82082, 1911.14, '2025-03-18T21:33:48.000Z'),
(632, 41.426619, 82082, 1911.14, '2025-03-18T21:34:18.000Z'),
(633, 41.426619, 82082, 1911.14, '2025-03-18T21:34:48.000Z'),
(634, 41.426619, 82082, 1911.14, '2025-03-18T21:35:18.000Z'),
(635, 41.426619, 81999, 1909.43, '2025-03-18T21:35:48.000Z'),
(636, 41.426619, 81999, 1909.43, '2025-03-18T21:36:18.000Z'),
(637, 41.426619, 81999, 1909.43, '2025-03-18T21:36:48.000Z'),
(638, 41.426619, 81999, 1909.43, '2025-03-18T21:37:18.000Z'),
(639, 41.426619, 81999, 1909.43, '2025-03-18T21:37:48.000Z'),
(640, 41.426619, 81982, 1909.26, '2025-03-18T21:39:23.000Z'),
(641, 41.426619, 81982, 1909.26, '2025-03-18T21:39:50.000Z'),
(642, 41.426619, 81982, 1909.26, '2025-03-18T21:40:20.000Z'),
(643, 41.426619, 81982, 1909.26, '2025-03-18T21:40:50.000Z'),
(644, 41.426619, 81982, 1909.26, '2025-03-18T21:41:20.000Z'),
(645, 41.426619, 81982, 1909.26, '2025-03-18T21:41:50.000Z'),
(646, 41.426619, 81982, 1909.26, '2025-03-18T21:42:20.000Z'),
(647, 41.426619, 81982, 1909.26, '2025-03-18T21:42:50.000Z'),
(648, 41.426619, 81982, 1909.26, '2025-03-18T21:43:20.000Z'),
(649, 41.426619, 81982, 1909.26, '2025-03-18T21:43:50.000Z'),
(650, 41.426619, 81982, 1909.26, '2025-03-18T21:44:20.000Z'),
(651, 41.426619, 81955, 1909.41, '2025-03-18T21:44:51.000Z'),
(652, 41.426619, 81955, 1909.41, '2025-03-18T21:45:20.000Z'),
(653, 41.426619, 81955, 1909.41, '2025-03-18T21:45:50.000Z'),
(654, 41.426619, 81955, 1909.41, '2025-03-18T21:46:20.000Z'),
(655, 41.426619, 81955, 1909.41, '2025-03-18T21:46:50.000Z'),
(656, 41.426619, 81955, 1909.41, '2025-03-18T21:47:20.000Z'),
(657, 41.426619, 81955, 1909.41, '2025-03-18T21:47:50.000Z'),
(658, 41.426619, 81955, 1909.41, '2025-03-18T21:48:20.000Z'),
(659, 41.426619, 81955, 1909.41, '2025-03-18T21:48:50.000Z'),
(660, 41.426619, 81955, 1909.41, '2025-03-18T21:49:21.000Z'),
(661, 41.426619, 81955, 1909.41, '2025-03-18T21:49:51.000Z'),
(662, 41.426619, 81966, 1909.05, '2025-03-18T21:50:21.000Z'),
(663, 41.426619, 81966, 1909.05, '2025-03-18T21:50:53.000Z'),
(664, 41.426619, 81966, 1909.05, '2025-03-18T21:51:22.000Z'),
(665, 41.426619, 81966, 1909.05, '2025-03-18T21:51:52.000Z'),
(666, 41.426619, 81966, 1909.05, '2025-03-18T21:52:22.000Z'),
(667, 41.426619, 81966, 1909.05, '2025-03-18T21:52:52.000Z'),
(668, 41.426619, 81966, 1909.05, '2025-03-18T21:53:22.000Z'),
(669, 41.426619, 81966, 1909.05, '2025-03-18T21:53:52.000Z'),
(670, 41.426619, 81966, 1909.05, '2025-03-18T21:54:22.000Z'),
(671, 41.426619, 81966, 1909.05, '2025-03-18T21:54:52.000Z'),
(672, 41.426619, 81961, 1908.67, '2025-03-18T21:55:06.000Z'),
(673, 41.426619, 81961, 1908.67, '2025-03-18T21:55:34.000Z'),
(674, 41.426619, 81964, 1908.91, '2025-03-18T21:56:00.000Z'),
(675, 41.426619, 81964, 1908.91, '2025-03-18T21:56:20.000Z'),
(676, 41.426619, 81964, 1908.91, '2025-03-18T21:56:50.000Z'),
(677, 41.426619, 81980, 1909.3, '2025-03-18T21:56:57.000Z'),
(678, 41.426619, 81980, 1909.3, '2025-03-18T21:57:26.000Z'),
(679, 41.426619, 81980, 1909.3, '2025-03-18T21:57:56.000Z'),
(680, 41.426619, 81980, 1909.3, '2025-03-18T21:58:26.000Z'),
(681, 41.426619, 81980, 1909.3, '2025-03-18T21:58:56.000Z'),
(682, 41.426619, 81980, 1909.3, '2025-03-18T21:59:26.000Z'),
(683, 41.426619, 81986, 1909.42, '2025-03-18T21:59:46.000Z'),
(684, 41.426619, 81986, 1909.42, '2025-03-18T22:00:07.000Z'),
(685, 41.426619, 81986, 1909.42, '2025-03-18T22:00:37.000Z'),
(686, 41.426619, 81989, 1909.59, '2025-03-18T22:01:03.000Z'),
(687, 41.426619, 81989, 1909.59, '2025-03-18T22:01:32.000Z'),
(688, 41.426619, 81989, 1909.59, '2025-03-18T22:01:50.000Z'),
(689, 41.426619, 82002, 1909.92, '2025-03-18T22:02:05.000Z'),
(690, 41.426619, 82002, 1909.92, '2025-03-18T22:02:34.000Z'),
(691, 41.426619, 82002, 1909.92, '2025-03-18T22:03:04.000Z'),
(692, 41.426619, 82033, 1910.61, '2025-03-18T22:03:30.000Z'),
(693, 41.426619, 82033, 1910.61, '2025-03-18T22:04:00.000Z'),
(694, 41.426619, 82085, 1912.01, '2025-03-18T22:04:32.000Z'),
(695, 41.426619, 82085, 1912.01, '2025-03-18T22:05:02.000Z'),
(696, 41.426619, 82085, 1912.01, '2025-03-18T22:05:09.000Z'),
(697, 41.426619, 82085, 1912.01, '2025-03-18T22:05:38.000Z'),
(698, 41.426619, 82085, 1912.01, '2025-03-18T22:06:08.000Z'),
(699, 41.426619, 82085, 1912.01, '2025-03-18T22:06:38.000Z'),
(700, 41.426619, 82156, 1913.43, '2025-03-18T22:06:55.000Z'),
(701, 41.426619, 82156, 1913.43, '2025-03-18T22:07:24.000Z'),
(702, 41.426619, 82156, 1913.43, '2025-03-18T22:07:54.000Z'),
(703, 41.426619, 82156, 1913.43, '2025-03-18T22:08:24.000Z'),
(704, 41.426619, 82156, 1913.43, '2025-03-18T22:08:54.000Z'),
(705, 41.426619, 82156, 1913.43, '2025-03-18T22:09:24.000Z'),
(706, 41.426619, 82156, 1913.43, '2025-03-18T22:09:54.000Z'),
(707, 41.426619, 82156, 1913.43, '2025-03-18T22:10:24.000Z'),
(708, 41.426619, 82156, 1913.43, '2025-03-18T22:10:54.000Z'),
(709, 41.426619, 82156, 1913.43, '2025-03-18T22:11:24.000Z'),
(710, 41.426619, 82156, 1913.43, '2025-03-18T22:11:54.000Z'),
(711, 41.426619, 82103, 1911.06, '2025-03-18T22:12:24.000Z'),
(712, 41.426619, 82103, 1911.06, '2025-03-18T22:12:54.000Z'),
(713, 41.426619, 82103, 1911.06, '2025-03-18T22:13:24.000Z'),
(714, 41.426619, 82103, 1911.06, '2025-03-18T22:13:54.000Z'),
(715, 41.426619, 82103, 1911.06, '2025-03-18T22:14:24.000Z'),
(716, 41.426619, 82103, 1911.06, '2025-03-18T22:14:54.000Z'),
(717, 41.426619, 82103, 1911.06, '2025-03-18T22:15:24.000Z'),
(718, 41.426619, 82103, 1911.06, '2025-03-18T22:15:54.000Z'),
(719, 41.426619, 82103, 1911.06, '2025-03-18T22:16:24.000Z'),
(720, 41.426619, 82103, 1911.06, '2025-03-18T22:16:54.000Z'),
(721, 41.426619, 82103, 1911.06, '2025-03-18T22:17:24.000Z'),
(722, 41.426619, 82279, 1913.54, '2025-03-18T22:17:54.000Z'),
(723, 41.426619, 82279, 1913.54, '2025-03-18T22:18:24.000Z'),
(724, 41.426619, 82279, 1913.54, '2025-03-18T22:18:54.000Z'),
(725, 41.426619, 82279, 1913.54, '2025-03-18T22:19:24.000Z'),
(726, 41.426619, 82279, 1913.54, '2025-03-18T22:19:54.000Z'),
(727, 41.426619, 82279, 1913.54, '2025-03-18T22:20:24.000Z'),
(728, 41.426619, 82279, 1913.54, '2025-03-18T22:20:54.000Z'),
(729, 41.426619, 82279, 1913.54, '2025-03-18T22:21:24.000Z'),
(730, 41.426619, 82279, 1913.54, '2025-03-18T22:21:54.000Z'),
(731, 41.426619, 82279, 1913.54, '2025-03-18T22:22:24.000Z'),
(732, 41.426619, 82279, 1913.54, '2025-03-18T22:22:54.000Z'),
(733, 41.426619, 82236, 1912.8, '2025-03-18T22:23:24.000Z'),
(734, 41.426619, 82236, 1912.8, '2025-03-18T22:23:54.000Z'),
(735, 41.426619, 82236, 1912.8, '2025-03-18T22:24:24.000Z'),
(736, 41.426619, 82236, 1912.8, '2025-03-18T22:24:54.000Z'),
(737, 41.426619, 82236, 1912.8, '2025-03-18T22:25:24.000Z'),
(738, 41.426619, 82236, 1912.8, '2025-03-18T22:25:54.000Z'),
(739, 41.426619, 82236, 1912.8, '2025-03-18T22:26:24.000Z'),
(740, 41.426619, 82236, 1912.8, '2025-03-18T22:26:54.000Z'),
(741, 41.426619, 82236, 1912.8, '2025-03-18T22:27:24.000Z'),
(742, 41.426619, 82236, 1912.8, '2025-03-18T22:27:54.000Z'),
(743, 41.426619, 82236, 1912.8, '2025-03-18T22:28:24.000Z'),
(744, 41.426619, 82362, 1915.59, '2025-03-18T22:28:54.000Z'),
(745, 41.426619, 82362, 1915.59, '2025-03-18T22:29:24.000Z'),
(746, 41.426619, 82362, 1915.59, '2025-03-18T22:29:54.000Z'),
(747, 41.426619, 82362, 1915.59, '2025-03-18T22:30:24.000Z'),
(748, 41.426619, 82362, 1915.59, '2025-03-18T22:30:54.000Z'),
(749, 41.426619, 82362, 1915.59, '2025-03-18T22:31:24.000Z'),
(750, 41.426619, 82362, 1915.59, '2025-03-18T22:31:54.000Z'),
(751, 41.426619, 82362, 1915.59, '2025-03-18T22:32:24.000Z'),
(752, 41.426619, 82362, 1915.59, '2025-03-18T22:32:54.000Z'),
(753, 41.426619, 82362, 1915.59, '2025-03-18T22:33:24.000Z'),
(754, 41.426619, 82362, 1915.59, '2025-03-18T22:33:54.000Z'),
(755, 41.426619, 82224, 1911.84, '2025-03-18T22:34:24.000Z'),
(756, 41.426619, 82224, 1911.84, '2025-03-18T22:34:54.000Z'),
(757, 41.426619, 82224, 1911.84, '2025-03-18T22:35:24.000Z'),
(758, 41.426619, 82224, 1911.84, '2025-03-18T22:35:54.000Z'),
(759, 41.426619, 82224, 1911.84, '2025-03-18T22:36:24.000Z'),
(760, 41.426619, 82224, 1911.84, '2025-03-18T22:36:54.000Z'),
(761, 41.426619, 82224, 1911.84, '2025-03-18T22:37:24.000Z'),
(762, 41.426619, 82224, 1911.84, '2025-03-18T22:37:54.000Z'),
(763, 41.426619, 82224, 1911.84, '2025-03-18T22:38:24.000Z'),
(764, 41.426619, 82224, 1911.84, '2025-03-18T22:38:54.000Z'),
(765, 41.426619, 82224, 1911.84, '2025-03-18T22:39:24.000Z'),
(766, 41.426619, 82317, 1914.32, '2025-03-18T22:39:54.000Z'),
(767, 41.426619, 82317, 1914.32, '2025-03-18T22:40:24.000Z'),
(768, 41.426619, 82317, 1914.32, '2025-03-18T22:40:54.000Z'),
(769, 41.426619, 82317, 1914.32, '2025-03-18T22:41:24.000Z'),
(770, 41.426619, 82317, 1914.32, '2025-03-18T22:41:54.000Z'),
(771, 41.426619, 82317, 1914.32, '2025-03-18T22:42:24.000Z'),
(772, 41.426619, 82317, 1914.32, '2025-03-18T22:42:54.000Z'),
(773, 41.426619, 82317, 1914.32, '2025-03-18T22:43:24.000Z'),
(774, 41.426619, 82317, 1914.32, '2025-03-18T22:43:54.000Z'),
(775, 41.426619, 82317, 1914.32, '2025-03-18T22:44:24.000Z'),
(776, 41.426619, 82317, 1914.32, '2025-03-18T22:44:54.000Z'),
(777, 41.426619, 82200, 1912.83, '2025-03-18T22:45:24.000Z'),
(778, 41.426619, 82200, 1912.83, '2025-03-18T22:45:54.000Z'),
(779, 41.426619, 82200, 1912.83, '2025-03-18T22:46:24.000Z'),
(780, 41.426619, 82200, 1912.83, '2025-03-18T22:46:54.000Z'),
(781, 41.426619, 82200, 1912.83, '2025-03-18T22:47:24.000Z'),
(782, 41.426619, 82200, 1912.83, '2025-03-18T22:47:54.000Z'),
(783, 41.426619, 82200, 1912.83, '2025-03-18T22:48:24.000Z'),
(784, 41.426619, 82200, 1912.83, '2025-03-18T22:48:54.000Z'),
(785, 41.426619, 82200, 1912.83, '2025-03-18T22:49:24.000Z'),
(786, 41.426619, 82200, 1912.83, '2025-03-18T22:49:54.000Z'),
(787, 41.426619, 82200, 1912.83, '2025-03-18T22:50:24.000Z'),
(788, 41.426619, 82315, 1915.36, '2025-03-18T22:50:54.000Z'),
(789, 41.426619, 82315, 1915.36, '2025-03-18T22:51:24.000Z'),
(790, 41.426619, 82315, 1915.36, '2025-03-18T22:51:54.000Z'),
(791, 41.426619, 82315, 1915.36, '2025-03-18T22:52:24.000Z'),
(792, 41.426619, 82315, 1915.36, '2025-03-18T22:52:54.000Z'),
(793, 41.426619, 82315, 1915.36, '2025-03-18T22:53:24.000Z'),
(794, 41.426619, 82315, 1915.36, '2025-03-18T22:53:54.000Z'),
(795, 41.426619, 82315, 1915.36, '2025-03-18T22:54:24.000Z'),
(796, 41.426619, 82315, 1915.36, '2025-03-18T22:54:54.000Z'),
(797, 41.426619, 82315, 1915.36, '2025-03-18T22:55:24.000Z'),
(798, 41.426619, 82315, 1915.36, '2025-03-18T22:55:54.000Z'),
(799, 41.426619, 82513, 1918.75, '2025-03-18T22:56:24.000Z'),
(800, 41.426619, 82513, 1918.75, '2025-03-18T22:56:54.000Z'),
(801, 41.426619, 82513, 1918.75, '2025-03-18T22:57:24.000Z'),
(802, 41.426619, 82513, 1918.75, '2025-03-18T22:57:54.000Z'),
(803, 41.426619, 82513, 1918.75, '2025-03-18T22:58:24.000Z'),
(804, 41.426619, 82513, 1918.75, '2025-03-18T22:58:54.000Z'),
(805, 41.426619, 82513, 1918.75, '2025-03-18T22:59:24.000Z'),
(806, 41.426619, 82513, 1918.75, '2025-03-18T22:59:54.000Z'),
(807, 41.426619, 82513, 1918.75, '2025-03-18T23:00:24.000Z'),
(808, 41.426619, 82513, 1918.75, '2025-03-18T23:00:54.000Z'),
(809, 41.426619, 82513, 1918.75, '2025-03-18T23:01:24.000Z'),
(810, 41.426619, 82450, 1917.53, '2025-03-18T23:01:54.000Z'),
(811, 41.426619, 82450, 1917.53, '2025-03-18T23:02:24.000Z'),
(812, 41.426619, 82450, 1917.53, '2025-03-18T23:02:54.000Z'),
(813, 41.426619, 82450, 1917.53, '2025-03-18T23:03:24.000Z'),
(814, 41.426619, 82450, 1917.53, '2025-03-18T23:03:54.000Z'),
(815, 41.426619, 82450, 1917.53, '2025-03-18T23:04:24.000Z'),
(816, 41.426619, 82450, 1917.53, '2025-03-18T23:04:54.000Z'),
(817, 41.426619, 82450, 1917.53, '2025-03-18T23:05:24.000Z'),
(818, 41.426619, 82450, 1917.53, '2025-03-18T23:05:54.000Z'),
(819, 41.426619, 82450, 1917.53, '2025-03-18T23:06:24.000Z'),
(820, 41.426619, 82450, 1917.53, '2025-03-18T23:06:54.000Z'),
(821, 41.426619, 82501, 1920.1, '2025-03-18T23:07:24.000Z'),
(822, 41.426619, 82501, 1920.1, '2025-03-18T23:07:54.000Z'),
(823, 41.426619, 82501, 1920.1, '2025-03-18T23:08:24.000Z'),
(824, 41.426619, 82501, 1920.1, '2025-03-18T23:08:54.000Z'),
(825, 41.426619, 82501, 1920.1, '2025-03-18T23:09:24.000Z'),
(826, 41.426619, 82501, 1920.1, '2025-03-18T23:09:54.000Z'),
(827, 41.426619, 82501, 1920.1, '2025-03-18T23:10:24.000Z'),
(828, 41.426619, 82501, 1920.1, '2025-03-18T23:10:54.000Z'),
(829, 41.426619, 82501, 1920.1, '2025-03-18T23:11:24.000Z'),
(830, 41.426619, 82501, 1920.1, '2025-03-18T23:11:54.000Z'),
(831, 41.426619, 82501, 1920.1, '2025-03-18T23:12:24.000Z'),
(832, 41.426619, 82507, 1921.34, '2025-03-18T23:12:54.000Z'),
(833, 41.426619, 82507, 1921.34, '2025-03-18T23:13:24.000Z'),
(834, 41.426619, 82507, 1921.34, '2025-03-18T23:13:54.000Z'),
(835, 41.426619, 82507, 1921.34, '2025-03-18T23:14:24.000Z'),
(836, 41.426619, 82507, 1921.34, '2025-03-18T23:14:54.000Z'),
(837, 41.563393, 83156, 1934.89, '2025-03-19T06:47:52.000Z'),
(838, 41.563393, 83156, 1934.89, '2025-03-19T06:48:19.000Z'),
(839, 41.563393, 83156, 1934.89, '2025-03-19T06:48:49.000Z'),
(840, 41.563393, 83156, 1934.89, '2025-03-19T06:49:19.000Z'),
(841, 41.563393, 83156, 1934.89, '2025-03-19T06:49:49.000Z'),
(842, 41.563393, 83156, 1934.89, '2025-03-19T06:50:19.000Z'),
(843, 41.563393, 83156, 1934.89, '2025-03-19T06:50:49.000Z'),
(844, 41.563393, 83156, 1934.89, '2025-03-19T06:51:19.000Z'),
(845, 41.563393, 83156, 1934.89, '2025-03-19T06:51:49.000Z'),
(846, 41.563393, 83156, 1934.89, '2025-03-19T06:52:19.000Z'),
(847, 41.563393, 83156, 1934.89, '2025-03-19T06:52:49.000Z'),
(848, 41.563393, 83150, 1935.43, '2025-03-19T06:53:20.000Z'),
(849, 41.563393, 83150, 1935.43, '2025-03-19T06:53:49.000Z'),
(850, 41.563393, 83150, 1935.43, '2025-03-19T06:54:19.000Z'),
(851, 41.563393, 83150, 1935.43, '2025-03-19T06:54:49.000Z'),
(852, 41.563393, 83150, 1935.43, '2025-03-19T06:55:19.000Z'),
(853, 41.563393, 83150, 1935.43, '2025-03-19T06:55:49.000Z'),
(854, 41.563393, 83150, 1935.43, '2025-03-19T06:56:19.000Z'),
(855, 41.563393, 83150, 1935.43, '2025-03-19T06:56:49.000Z'),
(856, 41.563393, 83150, 1935.43, '2025-03-19T06:57:19.000Z'),
(857, 41.563393, 83150, 1935.43, '2025-03-19T06:57:49.000Z'),
(858, 41.563393, 83150, 1935.43, '2025-03-19T06:58:19.000Z'),
(859, 41.563393, 83211, 1938.11, '2025-03-19T06:58:50.000Z'),
(860, 41.563393, 83211, 1938.11, '2025-03-19T06:59:19.000Z'),
(861, 41.563393, 83211, 1938.11, '2025-03-19T06:59:49.000Z'),
(862, 41.563393, 83211, 1938.11, '2025-03-19T07:00:19.000Z'),
(863, 41.563393, 83211, 1938.11, '2025-03-19T07:00:49.000Z'),
(864, 41.563393, 83211, 1938.11, '2025-03-19T07:01:19.000Z'),
(865, 41.563393, 83211, 1938.11, '2025-03-19T07:01:49.000Z'),
(866, 41.563393, 83211, 1938.11, '2025-03-19T07:02:19.000Z'),
(867, 41.563393, 83211, 1938.11, '2025-03-19T07:02:49.000Z'),
(868, 41.563393, 83178, 1937.96, '2025-03-19T07:03:00.000Z'),
(869, 41.563393, 83178, 1937.96, '2025-03-19T07:03:29.000Z'),
(870, 41.563393, 83178, 1937.96, '2025-03-19T07:03:59.000Z'),
(871, 41.563393, 83178, 1937.96, '2025-03-19T07:04:29.000Z'),
(872, 41.563393, 83178, 1937.96, '2025-03-19T07:04:59.000Z'),
(873, 41.563393, 83178, 1937.96, '2025-03-19T07:05:29.000Z'),
(874, 41.563393, 83178, 1937.96, '2025-03-19T07:05:59.000Z'),
(875, 41.563393, 83178, 1937.96, '2025-03-19T07:06:29.000Z'),
(876, 41.563393, 83178, 1937.96, '2025-03-19T07:06:59.000Z'),
(877, 41.563393, 83178, 1937.96, '2025-03-19T07:07:29.000Z'),
(878, 41.563393, 83178, 1937.96, '2025-03-19T07:07:59.000Z'),
(879, 41.563393, 83179, 1937.48, '2025-03-19T07:08:29.000Z'),
(880, 41.563393, 83179, 1937.48, '2025-03-19T07:08:59.000Z'),
(881, 41.563393, 83179, 1937.48, '2025-03-19T07:09:29.000Z'),
(882, 41.563393, 83179, 1937.48, '2025-03-19T07:09:59.000Z'),
(883, 41.563393, 83179, 1937.48, '2025-03-19T07:10:29.000Z'),
(884, 41.563393, 83179, 1937.48, '2025-03-19T07:10:59.000Z'),
(885, 41.563393, 83179, 1937.48, '2025-03-19T07:11:29.000Z'),
(886, 41.563393, 83179, 1937.48, '2025-03-19T07:11:59.000Z'),
(887, 41.563393, 83179, 1937.48, '2025-03-19T07:12:29.000Z'),
(888, 41.563393, 83179, 1937.48, '2025-03-19T07:12:59.000Z'),
(889, 41.563393, 83147, 1936.56, '2025-03-19T07:13:11.000Z'),
(890, 41.563393, 83147, 1936.56, '2025-03-19T07:13:39.000Z'),
(891, 41.563393, 83147, 1936.56, '2025-03-19T07:14:09.000Z'),
(892, 41.563393, 83147, 1936.56, '2025-03-19T07:14:39.000Z'),
(893, 41.563393, 83147, 1936.56, '2025-03-19T07:15:09.000Z'),
(894, 41.563393, 83147, 1936.56, '2025-03-19T07:15:39.000Z'),
(895, 41.563393, 83130, 1935.7, '2025-03-19T07:16:13.000Z'),
(896, 41.563393, 83130, 1935.7, '2025-03-19T07:16:41.000Z'),
(897, 41.563393, 83130, 1935.7, '2025-03-19T07:17:11.000Z'),
(898, 41.563393, 83130, 1935.7, '2025-03-19T07:17:41.000Z'),
(899, 41.563393, 83130, 1935.7, '2025-03-19T07:18:11.000Z'),
(900, 41.563393, 83165, 1936.23, '2025-03-19T07:19:18.000Z'),
(901, 41.563393, 83183, 1936.62, '2025-03-19T07:21:50.000Z'),
(902, 41.563393, 83183, 1936.62, '2025-03-19T07:22:20.000Z'),
(903, 41.563393, 83183, 1936.62, '2025-03-19T07:22:50.000Z'),
(904, 41.563393, 83183, 1936.62, '2025-03-19T07:23:20.000Z'),
(905, 41.563393, 83183, 1936.62, '2025-03-19T07:23:50.000Z'),
(906, 41.563393, 83183, 1936.62, '2025-03-19T07:24:20.000Z'),
(907, 41.563393, 83183, 1936.62, '2025-03-19T07:24:50.000Z'),
(908, 41.563393, 83183, 1936.62, '2025-03-19T07:25:20.000Z'),
(909, 41.563393, 83183, 1936.62, '2025-03-19T07:25:50.000Z'),
(910, 41.563393, 83183, 1936.62, '2025-03-19T07:26:20.000Z'),
(911, 41.563393, 83183, 1936.62, '2025-03-19T07:26:50.000Z'),
(912, 41.563393, 83277, 1938.82, '2025-03-19T07:27:20.000Z'),
(913, 41.563393, 83277, 1938.82, '2025-03-19T07:27:50.000Z'),
(914, 41.563393, 83277, 1938.82, '2025-03-19T07:28:20.000Z'),
(915, 41.563393, 83277, 1938.82, '2025-03-19T07:28:50.000Z'),
(916, 41.563393, 83277, 1938.82, '2025-03-19T07:29:20.000Z'),
(917, 41.563393, 83277, 1938.82, '2025-03-19T07:29:50.000Z'),
(918, 41.563393, 83277, 1938.82, '2025-03-19T07:30:20.000Z'),
(919, 41.563393, 83277, 1938.82, '2025-03-19T07:30:50.000Z'),
(920, 41.563393, 83277, 1938.82, '2025-03-19T07:31:20.000Z'),
(921, 41.563393, 83277, 1938.82, '2025-03-19T07:31:50.000Z'),
(922, 41.563393, 83277, 1938.82, '2025-03-19T07:32:20.000Z'),
(923, 41.563393, 83372, 1940.35, '2025-03-19T07:32:50.000Z'),
(924, 41.563393, 83372, 1940.35, '2025-03-19T07:33:20.000Z'),
(925, 41.563393, 83372, 1940.35, '2025-03-19T07:33:50.000Z'),
(926, 41.563393, 83372, 1940.35, '2025-03-19T07:34:20.000Z'),
(927, 41.563393, 83372, 1940.35, '2025-03-19T07:34:50.000Z'),
(928, 41.563393, 83372, 1940.35, '2025-03-19T07:35:20.000Z'),
(929, 41.563393, 83372, 1940.35, '2025-03-19T07:35:50.000Z'),
(930, 41.563393, 83372, 1940.35, '2025-03-19T07:36:20.000Z'),
(931, 41.563393, 83372, 1940.35, '2025-03-19T07:36:50.000Z'),
(932, 41.563393, 83372, 1940.35, '2025-03-19T07:37:20.000Z'),
(933, 41.563393, 83372, 1940.35, '2025-03-19T07:37:50.000Z'),
(934, 41.563393, 83245, 1937.4, '2025-03-19T07:38:20.000Z'),
(935, 41.563393, 83245, 1937.4, '2025-03-19T07:38:50.000Z'),
(936, 41.563393, 83245, 1937.4, '2025-03-19T07:39:20.000Z'),
(937, 41.563393, 83245, 1937.4, '2025-03-19T07:39:50.000Z'),
(938, 41.563393, 83245, 1937.4, '2025-03-19T07:40:20.000Z'),
(939, 41.563393, 83245, 1937.4, '2025-03-19T07:40:50.000Z'),
(940, 41.563393, 83245, 1937.4, '2025-03-19T07:41:20.000Z'),
(941, 41.563393, 83245, 1937.4, '2025-03-19T07:41:50.000Z'),
(942, 41.563393, 83245, 1937.4, '2025-03-19T07:42:20.000Z'),
(943, 41.563393, 83245, 1937.4, '2025-03-19T07:42:50.000Z'),
(944, 41.563393, 83245, 1937.4, '2025-03-19T07:43:20.000Z'),
(945, 41.563393, 83146, 1933.86, '2025-03-19T07:44:03.000Z'),
(946, 41.563393, 83146, 1933.86, '2025-03-19T07:44:33.000Z'),
(947, 41.563393, 83146, 1933.86, '2025-03-19T07:45:03.000Z'),
(948, 41.563393, 83146, 1933.86, '2025-03-19T07:45:33.000Z'),
(949, 41.563393, 83146, 1933.86, '2025-03-19T07:46:03.000Z'),
(950, 41.563393, 83146, 1933.86, '2025-03-19T07:46:33.000Z'),
(951, 41.563393, 83162, 1932.54, '2025-03-19T07:49:30.000Z'),
(952, 41.563393, 83162, 1932.54, '2025-03-19T07:49:58.000Z'),
(953, 41.563393, 83162, 1932.54, '2025-03-19T07:50:28.000Z'),
(954, 41.563393, 83162, 1932.54, '2025-03-19T07:50:58.000Z'),
(955, 41.563393, 83162, 1932.54, '2025-03-19T07:51:28.000Z'),
(956, 41.563393, 83162, 1932.54, '2025-03-19T07:51:58.000Z'),
(957, 41.563393, 83162, 1932.54, '2025-03-19T07:52:28.000Z'),
(958, 41.563393, 83162, 1932.54, '2025-03-19T07:52:58.000Z'),
(959, 41.563393, 83162, 1932.54, '2025-03-19T07:53:28.000Z'),
(960, 41.563393, 83162, 1932.54, '2025-03-19T07:53:58.000Z'),
(961, 41.563393, 83162, 1932.54, '2025-03-19T07:54:28.000Z'),
(962, 41.563393, 83226, 1933.66, '2025-03-19T07:54:59.000Z'),
(963, 41.563393, 83226, 1933.66, '2025-03-19T07:55:28.000Z'),
(964, 41.563393, 83226, 1933.66, '2025-03-19T07:55:58.000Z'),
(965, 41.563393, 83226, 1933.66, '2025-03-19T07:56:28.000Z'),
(966, 41.563393, 83226, 1933.66, '2025-03-19T07:56:58.000Z'),
(967, 41.563393, 83226, 1933.66, '2025-03-19T07:57:28.000Z'),
(968, 41.563393, 83226, 1933.66, '2025-03-19T07:57:58.000Z'),
(969, 41.563393, 83226, 1933.66, '2025-03-19T07:58:28.000Z'),
(970, 41.563393, 83226, 1933.66, '2025-03-19T07:58:58.000Z'),
(971, 41.563393, 83226, 1933.66, '2025-03-19T07:59:28.000Z'),
(972, 41.563393, 83226, 1933.66, '2025-03-19T07:59:58.000Z'),
(973, 41.563393, 83167, 1932.12, '2025-03-19T08:00:29.000Z'),
(974, 41.563393, 83167, 1932.12, '2025-03-19T08:01:15.000Z'),
(975, 41.563393, 83167, 1932.12, '2025-03-19T08:01:45.000Z'),
(976, 41.563393, 83167, 1932.12, '2025-03-19T08:02:15.000Z'),
(977, 41.563393, 83167, 1932.12, '2025-03-19T08:02:45.000Z'),
(978, 41.563393, 83167, 1932.12, '2025-03-19T08:03:15.000Z'),
(979, 41.563393, 83167, 1932.12, '2025-03-19T08:03:45.000Z'),
(980, 41.563393, 83167, 1932.12, '2025-03-19T08:04:15.000Z'),
(981, 41.563393, 83167, 1932.12, '2025-03-19T08:04:45.000Z'),
(982, 41.563393, 83167, 1932.12, '2025-03-19T08:05:15.000Z'),
(983, 41.563393, 83233, 1933.18, '2025-03-19T08:05:33.000Z'),
(984, 41.563393, 83233, 1933.18, '2025-03-19T08:06:01.000Z'),
(985, 41.563393, 83233, 1933.18, '2025-03-19T08:06:31.000Z'),
(986, 41.563393, 83233, 1933.18, '2025-03-19T08:07:01.000Z'),
(987, 41.563393, 83233, 1933.18, '2025-03-19T08:07:31.000Z'),
(988, 41.563393, 83233, 1933.18, '2025-03-19T08:08:01.000Z'),
(989, 41.563393, 83233, 1933.18, '2025-03-19T08:08:31.000Z'),
(990, 41.563393, 83244, 1933.22, '2025-03-19T08:08:41.000Z'),
(991, 41.563393, 83244, 1933.22, '2025-03-19T08:09:09.000Z'),
(992, 41.563393, 83244, 1933.22, '2025-03-19T08:09:39.000Z'),
(993, 41.563393, 83244, 1933.22, '2025-03-19T08:10:09.000Z'),
(994, 41.563393, 83244, 1933.22, '2025-03-19T08:10:39.000Z'),
(995, 41.563393, 83333, 1934.83, '2025-03-19T08:10:58.000Z'),
(996, 41.563393, 83333, 1934.83, '2025-03-19T08:11:27.000Z'),
(997, 41.563393, 83333, 1934.83, '2025-03-19T08:11:57.000Z'),
(998, 41.563393, 83333, 1934.83, '2025-03-19T08:12:27.000Z'),
(999, 41.563393, 83386, 1936.14, '2025-03-19T08:12:52.000Z'),
(1000, 41.563393, 83386, 1936.14, '2025-03-19T08:13:20.000Z'),
(1001, 41.563393, 83386, 1936.14, '2025-03-19T08:13:50.000Z'),
(1002, 41.563393, 83386, 1936.14, '2025-03-19T08:14:20.000Z'),
(1003, 41.563393, 83386, 1936.14, '2025-03-19T08:14:50.000Z'),
(1004, 41.563393, 83386, 1936.14, '2025-03-19T08:15:21.000Z'),
(1005, 41.563393, 83386, 1936.14, '2025-03-19T08:15:51.000Z'),
(1006, 41.563393, 83386, 1936.14, '2025-03-19T08:16:21.000Z'),
(1007, 41.563393, 83386, 1936.14, '2025-03-19T08:16:52.000Z'),
(1008, 41.563393, 83386, 1936.14, '2025-03-19T08:17:22.000Z'),
(1009, 41.563393, 83386, 1936.14, '2025-03-19T08:17:52.000Z'),
(1010, 41.563393, 83388, 1937.01, '2025-03-19T08:18:22.000Z'),
(1011, 41.563393, 83388, 1937.01, '2025-03-19T08:18:52.000Z'),
(1012, 41.563393, 83388, 1937.01, '2025-03-19T08:19:22.000Z'),
(1013, 41.563393, 83388, 1937.01, '2025-03-19T08:19:52.000Z'),
(1014, 41.563393, 83388, 1937.01, '2025-03-19T08:20:22.000Z'),
(1015, 41.563393, 83388, 1937.01, '2025-03-19T08:20:52.000Z'),
(1016, 41.563393, 83388, 1937.01, '2025-03-19T08:21:22.000Z'),
(1017, 41.563393, 83388, 1937.01, '2025-03-19T08:21:52.000Z'),
(1018, 41.563393, 83388, 1937.01, '2025-03-19T08:22:22.000Z'),
(1019, 41.563393, 83388, 1937.01, '2025-03-19T08:22:52.000Z'),
(1020, 41.563393, 83388, 1937.01, '2025-03-19T08:23:22.000Z'),
(1021, 41.563393, 83315, 1935.39, '2025-03-19T08:23:52.000Z'),
(1022, 41.563393, 83315, 1935.39, '2025-03-19T08:24:22.000Z'),
(1023, 41.563393, 83315, 1935.39, '2025-03-19T08:24:52.000Z'),
(1024, 41.563393, 83315, 1935.39, '2025-03-19T08:25:22.000Z'),
(1025, 41.563393, 83315, 1935.39, '2025-03-19T08:25:52.000Z'),
(1026, 41.563393, 83315, 1935.39, '2025-03-19T08:26:22.000Z'),
(1027, 41.563393, 83351, 1936.48, '2025-03-19T08:26:44.000Z'),
(1028, 41.563393, 83351, 1936.48, '2025-03-19T08:27:13.000Z'),
(1029, 41.563393, 83351, 1936.48, '2025-03-19T08:27:43.000Z'),
(1030, 41.563393, 83361, 1936.64, '2025-03-19T08:28:09.000Z'),
(1031, 41.563393, 83361, 1936.64, '2025-03-19T08:28:38.000Z'),
(1032, 41.563393, 83361, 1936.64, '2025-03-19T08:29:08.000Z'),
(1033, 41.563393, 83361, 1936.64, '2025-03-19T08:29:38.000Z'),
(1034, 41.563393, 83361, 1936.64, '2025-03-19T08:30:08.000Z'),
(1035, 41.563393, 83361, 1936.64, '2025-03-19T08:30:38.000Z'),
(1036, 41.563393, 83361, 1936.64, '2025-03-19T08:31:08.000Z'),
(1037, 41.563393, 83416, 1938.67, '2025-03-19T08:31:43.000Z'),
(1038, 41.563393, 83416, 1938.67, '2025-03-19T08:32:12.000Z'),
(1039, 41.563393, 83416, 1938.67, '2025-03-19T08:32:42.000Z'),
(1040, 41.563393, 83416, 1938.67, '2025-03-19T08:33:12.000Z'),
(1041, 41.563393, 83416, 1938.67, '2025-03-19T08:33:42.000Z'),
(1042, 41.563393, 83416, 1938.67, '2025-03-19T08:34:12.000Z'),
(1043, 41.563393, 83416, 1938.67, '2025-03-19T08:34:42.000Z'),
(1044, 41.563393, 83416, 1938.67, '2025-03-19T08:35:12.000Z'),
(1045, 41.563393, 83416, 1938.67, '2025-03-19T08:35:42.000Z'),
(1046, 41.563393, 83416, 1938.67, '2025-03-19T08:36:12.000Z'),
(1047, 41.563393, 83416, 1938.67, '2025-03-19T08:36:42.000Z'),
(1048, 41.563393, 83412, 1939.47, '2025-03-19T08:37:13.000Z'),
(1049, 41.563393, 83412, 1939.47, '2025-03-19T08:37:43.000Z'),
(1050, 41.563393, 83412, 1939.47, '2025-03-19T08:38:13.000Z'),
(1051, 41.563393, 83412, 1939.47, '2025-03-19T08:38:43.000Z'),
(1052, 41.563393, 83412, 1939.47, '2025-03-19T08:39:13.000Z'),
(1053, 41.563393, 83412, 1939.47, '2025-03-19T08:39:43.000Z'),
(1054, 41.563393, 83412, 1939.47, '2025-03-19T08:40:13.000Z'),
(1055, 41.563393, 83412, 1939.47, '2025-03-19T08:40:43.000Z'),
(1056, 41.563393, 83412, 1939.47, '2025-03-19T08:41:13.000Z'),
(1057, 41.563393, 83412, 1939.47, '2025-03-19T08:41:43.000Z'),
(1058, 41.563393, 83412, 1939.47, '2025-03-19T08:42:13.000Z'),
(1059, 41.563393, 83420, 1940, '2025-03-19T08:42:43.000Z'),
(1060, 41.563393, 83420, 1940, '2025-03-19T08:43:13.000Z'),
(1061, 41.563393, 83420, 1940, '2025-03-19T08:43:43.000Z'),
(1062, 41.563393, 83420, 1940, '2025-03-19T08:44:13.000Z'),
(1063, 41.563393, 83420, 1940, '2025-03-19T08:44:43.000Z'),
(1064, 41.563393, 83420, 1940, '2025-03-19T08:45:13.000Z'),
(1065, 41.563393, 83420, 1940, '2025-03-19T08:45:43.000Z'),
(1066, 41.563393, 83420, 1940, '2025-03-19T08:46:13.000Z'),
(1067, 41.563393, 83420, 1940, '2025-03-19T08:46:43.000Z'),
(1068, 41.563393, 83420, 1940, '2025-03-19T08:47:13.000Z'),
(1069, 41.563393, 83420, 1940, '2025-03-19T08:47:43.000Z'),
(1070, 41.563393, 83408, 1940.72, '2025-03-19T08:48:13.000Z'),
(1071, 41.563393, 83408, 1940.72, '2025-03-19T08:48:43.000Z'),
(1072, 41.563393, 83408, 1940.72, '2025-03-19T08:49:13.000Z'),
(1073, 41.563393, 83408, 1940.72, '2025-03-19T08:49:43.000Z'),
(1074, 41.563393, 83408, 1940.72, '2025-03-19T08:50:13.000Z'),
(1075, 41.563393, 83408, 1940.72, '2025-03-19T08:50:43.000Z'),
(1076, 41.563393, 83408, 1940.72, '2025-03-19T08:51:13.000Z'),
(1077, 41.563393, 83408, 1940.72, '2025-03-19T08:51:43.000Z'),
(1078, 41.563393, 83408, 1940.72, '2025-03-19T08:52:13.000Z'),
(1079, 41.563393, 83408, 1940.72, '2025-03-19T08:52:43.000Z'),
(1080, 41.563393, 83408, 1940.72, '2025-03-19T08:53:13.000Z'),
(1081, 41.563393, 83470, 1942.72, '2025-03-19T08:53:43.000Z'),
(1082, 41.563393, 83470, 1942.72, '2025-03-19T08:54:13.000Z'),
(1083, 41.563393, 83470, 1942.72, '2025-03-19T08:54:43.000Z'),
(1084, 41.563393, 83470, 1942.72, '2025-03-19T08:55:13.000Z'),
(1085, 41.563393, 83470, 1942.72, '2025-03-19T08:55:43.000Z'),
(1086, 41.563393, 83470, 1942.72, '2025-03-19T08:56:13.000Z'),
(1087, 41.563393, 83470, 1942.72, '2025-03-19T08:56:43.000Z'),
(1088, 41.563393, 83470, 1942.72, '2025-03-19T08:57:13.000Z'),
(1089, 41.563393, 83470, 1942.72, '2025-03-19T08:57:43.000Z'),
(1090, 41.563393, 83470, 1942.72, '2025-03-19T08:58:13.000Z'),
(1091, 41.563393, 83470, 1942.72, '2025-03-19T08:58:43.000Z'),
(1092, 41.563393, 83399, 1940.85, '2025-03-19T08:59:13.000Z'),
(1093, 41.563393, 83399, 1940.85, '2025-03-19T08:59:43.000Z'),
(1094, 41.563393, 83399, 1940.85, '2025-03-19T09:00:13.000Z'),
(1095, 41.563393, 83399, 1940.85, '2025-03-19T09:00:43.000Z'),
(1096, 41.563393, 83399, 1940.85, '2025-03-19T09:01:13.000Z'),
(1097, 41.563393, 83399, 1940.85, '2025-03-19T09:01:43.000Z'),
(1098, 41.563393, 83422, 1941.05, '2025-03-19T09:01:53.000Z'),
(1099, 41.563393, 83422, 1941.05, '2025-03-19T09:02:22.000Z'),
(1100, 41.563393, 83422, 1941.05, '2025-03-19T09:02:52.000Z'),
(1101, 41.563393, 83422, 1941.05, '2025-03-19T09:03:22.000Z'),
(1102, 41.563393, 83394, 1939.98, '2025-03-19T09:05:36.000Z'),
(1103, 41.563393, 83394, 1939.98, '2025-03-19T09:06:05.000Z'),
(1104, 41.563393, 83394, 1939.98, '2025-03-19T09:06:35.000Z'),
(1105, 41.563393, 83394, 1939.98, '2025-03-19T09:07:05.000Z'),
(1106, 41.563393, 83397, 1939.53, '2025-03-19T09:07:28.000Z'),
(1107, 41.563393, 83397, 1939.53, '2025-03-19T09:07:57.000Z'),
(1108, 41.563393, 83397, 1939.53, '2025-03-19T09:08:27.000Z'),
(1109, 41.563393, 83397, 1939.53, '2025-03-19T09:08:57.000Z'),
(1110, 41.563393, 83397, 1939.53, '2025-03-19T09:09:27.000Z'),
(1111, 41.563393, 83397, 1939.53, '2025-03-19T09:09:57.000Z'),
(1112, 41.563393, 83397, 1939.53, '2025-03-19T09:10:28.000Z'),
(1113, 41.563393, 83397, 1939.53, '2025-03-19T09:10:58.000Z'),
(1114, 41.563393, 83397, 1939.53, '2025-03-19T09:11:28.000Z'),
(1115, 41.563393, 83397, 1939.53, '2025-03-19T09:11:58.000Z'),
(1116, 41.563393, 83397, 1939.53, '2025-03-19T09:12:28.000Z'),
(1117, 41.563393, 83499, 1942.79, '2025-03-19T09:12:58.000Z'),
(1118, 41.563393, 83499, 1942.79, '2025-03-19T09:13:28.000Z'),
(1119, 41.563393, 83499, 1942.79, '2025-03-19T09:13:58.000Z'),
(1120, 41.563393, 83499, 1942.79, '2025-03-19T09:14:28.000Z'),
(1121, 41.563393, 83499, 1942.79, '2025-03-19T09:14:58.000Z'),
(1122, 41.563393, 83434, 1978.73, '2025-03-19T11:05:41.000Z'),
(1123, 41.563393, 83434, 1978.73, '2025-03-19T11:06:10.000Z'),
(1124, 41.563393, 83434, 1978.73, '2025-03-19T11:06:40.000Z'),
(1125, 41.563393, 83434, 1978.73, '2025-03-19T11:07:10.000Z'),
(1126, 41.563393, 83434, 1978.73, '2025-03-19T11:07:40.000Z'),
(1127, 41.563393, 83434, 1978.73, '2025-03-19T11:08:10.000Z'),
(1128, 41.563393, 83434, 1978.73, '2025-03-19T11:08:40.000Z'),
(1129, 41.563393, 83434, 1978.73, '2025-03-19T11:09:10.000Z'),
(1130, 41.563393, 83434, 1978.73, '2025-03-19T11:09:40.000Z'),
(1131, 41.563393, 83434, 1978.73, '2025-03-19T11:10:10.000Z'),
(1132, 41.563393, 83434, 1978.73, '2025-03-19T11:10:40.000Z'),
(1133, 41.563393, 83518, 1984.21, '2025-03-19T11:11:10.000Z'),
(1134, 41.563393, 83518, 1984.21, '2025-03-19T11:11:40.000Z'),
(1135, 41.563393, 83518, 1984.21, '2025-03-19T11:12:10.000Z'),
(1136, 41.563393, 83518, 1984.21, '2025-03-19T11:12:40.000Z'),
(1137, 41.563393, 83518, 1984.21, '2025-03-19T11:13:10.000Z'),
(1138, 41.563393, 83518, 1984.21, '2025-03-19T11:13:40.000Z'),
(1139, 41.563393, 83518, 1984.21, '2025-03-19T11:14:10.000Z'),
(1140, 41.563393, 83518, 1984.21, '2025-03-19T11:14:40.000Z'),
(1141, 41.563393, 83518, 1984.21, '2025-03-19T11:15:10.000Z'),
(1142, 41.563393, 83518, 1984.21, '2025-03-19T11:15:40.000Z'),
(1143, 41.563393, 83723, 1995.93, '2025-03-19T11:16:11.000Z'),
(1144, 41.563393, 83723, 1995.93, '2025-03-19T11:16:40.000Z'),
(1145, 41.563393, 83723, 1995.93, '2025-03-19T11:17:10.000Z'),
(1146, 41.563393, 83723, 1995.93, '2025-03-19T11:17:40.000Z'),
(1147, 41.563393, 83723, 1995.93, '2025-03-19T11:18:10.000Z'),
(1148, 41.563393, 83723, 1995.93, '2025-03-19T11:18:40.000Z'),
(1149, 41.563393, 83723, 1995.93, '2025-03-19T11:19:10.000Z'),
(1150, 41.563393, 83723, 1995.93, '2025-03-19T11:19:40.000Z'),
(1151, 41.563393, 83723, 1995.93, '2025-03-19T11:20:10.000Z'),
(1152, 41.563393, 83723, 1995.93, '2025-03-19T11:20:40.000Z'),
(1153, 41.563393, 83723, 1995.93, '2025-03-19T11:21:10.000Z'),
(1154, 41.563393, 83804, 2009.16, '2025-03-19T11:21:41.000Z'),
(1155, 41.563393, 83804, 2009.16, '2025-03-19T11:22:15.000Z'),
(1156, 41.563393, 83804, 2009.16, '2025-03-19T11:22:44.000Z'),
(1157, 41.563393, 83804, 2009.16, '2025-03-19T11:23:14.000Z'),
(1158, 41.563393, 83804, 2009.16, '2025-03-19T11:23:44.000Z'),
(1159, 41.563393, 83804, 2009.16, '2025-03-19T11:24:14.000Z'),
(1160, 41.563393, 83804, 2009.16, '2025-03-19T11:24:44.000Z'),
(1161, 41.563393, 83804, 2009.16, '2025-03-19T11:25:14.000Z'),
(1162, 41.563393, 83804, 2009.16, '2025-03-19T11:25:44.000Z'),
(1163, 41.563393, 83804, 2009.16, '2025-03-19T11:26:14.000Z'),
(1164, 41.563393, 83804, 2009.16, '2025-03-19T11:26:44.000Z'),
(1165, 41.563393, 83804, 2009.16, '2025-03-19T11:27:14.000Z'),
(1166, 41.563393, 83858, 2011.94, '2025-03-19T11:27:45.000Z'),
(1167, 41.563393, 83858, 2011.94, '2025-03-19T11:28:14.000Z'),
(1168, 41.563393, 83858, 2011.94, '2025-03-19T11:28:44.000Z'),
(1169, 41.563393, 83858, 2011.94, '2025-03-19T11:29:14.000Z'),
(1170, 41.563393, 83858, 2011.94, '2025-03-19T11:29:44.000Z'),
(1171, 41.563393, 83858, 2011.94, '2025-03-19T11:30:15.000Z'),
(1172, 41.563393, 83858, 2011.94, '2025-03-19T11:30:46.000Z'),
(1173, 41.563393, 83858, 2011.94, '2025-03-19T11:31:16.000Z'),
(1174, 41.563393, 83858, 2011.94, '2025-03-19T11:31:46.000Z'),
(1175, 41.563393, 83755, 2014.7, '2025-03-19T11:31:54.000Z'),
(1176, 41.563393, 83755, 2014.7, '2025-03-19T11:32:23.000Z'),
(1177, 41.563393, 83755, 2014.7, '2025-03-19T11:32:53.000Z'),
(1178, 41.563393, 83755, 2014.7, '2025-03-19T11:33:23.000Z'),
(1179, 41.563393, 83755, 2014.7, '2025-03-19T11:33:53.000Z'),
(1180, 41.563393, 83755, 2014.7, '2025-03-19T11:34:23.000Z'),
(1181, 41.563393, 83755, 2014.7, '2025-03-19T11:34:53.000Z'),
(1182, 41.563393, 83755, 2014.7, '2025-03-19T11:35:23.000Z'),
(1183, 41.563393, 83755, 2014.7, '2025-03-19T11:35:53.000Z'),
(1184, 41.563393, 83755, 2014.7, '2025-03-19T11:36:23.000Z'),
(1185, 41.563393, 83755, 2014.7, '2025-03-19T11:36:54.000Z'),
(1186, 41.563393, 83936, 2017, '2025-03-19T11:37:40.000Z'),
(1187, 41.563393, 83936, 2017, '2025-03-19T11:37:59.000Z'),
(1188, 41.563393, 83936, 2017, '2025-03-19T11:38:29.000Z'),
(1189, 41.563393, 83936, 2017, '2025-03-19T11:38:59.000Z'),
(1190, 41.563393, 83936, 2017, '2025-03-19T11:39:29.000Z'),
(1191, 41.563393, 83936, 2017, '2025-03-19T11:39:59.000Z'),
(1192, 41.563393, 83936, 2017, '2025-03-19T11:40:29.000Z'),
(1193, 41.563393, 83936, 2017, '2025-03-19T11:40:59.000Z'),
(1194, 41.563393, 83936, 2017, '2025-03-19T11:41:29.000Z'),
(1195, 41.563393, 83936, 2017, '2025-03-19T11:41:59.000Z'),
(1196, 41.563393, 83936, 2017, '2025-03-19T11:42:29.000Z'),
(1197, 41.563393, 84015, 2019.91, '2025-03-19T11:42:59.000Z'),
(1198, 41.563393, 84015, 2019.91, '2025-03-19T11:43:29.000Z'),
(1199, 41.563393, 84015, 2019.91, '2025-03-19T11:43:59.000Z'),
(1200, 41.563393, 84015, 2019.91, '2025-03-19T11:44:29.000Z'),
(1201, 41.563393, 84015, 2019.91, '2025-03-19T11:44:59.000Z'),
(1202, 41.563393, 84015, 2019.91, '2025-03-19T11:45:29.000Z'),
(1203, 41.563393, 84015, 2019.91, '2025-03-19T11:45:59.000Z'),
(1204, 41.563393, 84015, 2019.91, '2025-03-19T11:46:29.000Z'),
(1205, 41.563393, 84015, 2019.91, '2025-03-19T11:46:59.000Z'),
(1206, 41.563393, 83993, 2025.73, '2025-03-19T11:47:29.000Z'),
(1207, 41.563393, 83993, 2025.73, '2025-03-19T11:47:58.000Z'),
(1208, 41.563393, 83993, 2025.73, '2025-03-19T11:48:28.000Z'),
(1209, 41.563393, 83993, 2025.73, '2025-03-19T11:48:58.000Z'),
(1210, 41.563393, 83993, 2025.73, '2025-03-19T11:49:28.000Z'),
(1211, 41.563393, 83993, 2025.73, '2025-03-19T11:49:58.000Z'),
(1212, 41.563393, 83993, 2025.73, '2025-03-19T11:50:28.000Z'),
(1213, 41.563393, 83993, 2025.73, '2025-03-19T11:50:58.000Z'),
(1214, 41.563393, 83993, 2025.73, '2025-03-19T11:51:28.000Z'),
(1215, 41.563393, 83993, 2025.73, '2025-03-19T11:51:58.000Z'),
(1216, 41.563393, 83993, 2025.73, '2025-03-19T11:52:28.000Z'),
(1217, 41.563393, 83875, 2025.02, '2025-03-19T11:52:58.000Z'),
(1218, 41.563393, 83875, 2025.02, '2025-03-19T11:53:28.000Z'),
(1219, 41.563393, 83875, 2025.02, '2025-03-19T11:53:58.000Z'),
(1220, 41.563393, 83875, 2025.02, '2025-03-19T11:54:28.000Z'),
(1221, 41.563393, 83875, 2025.02, '2025-03-19T11:54:58.000Z'),
(1222, 41.563393, 83875, 2025.02, '2025-03-19T11:55:28.000Z'),
(1223, 41.563393, 83875, 2025.02, '2025-03-19T11:55:58.000Z'),
(1224, 41.563393, 83875, 2025.02, '2025-03-19T11:56:28.000Z'),
(1225, 41.563393, 83875, 2025.02, '2025-03-19T11:56:58.000Z'),
(1226, 41.563393, 83875, 2025.02, '2025-03-19T11:57:28.000Z'),
(1227, 41.563393, 83899, 2026.31, '2025-03-19T11:57:59.000Z'),
(1228, 41.563393, 83899, 2026.31, '2025-03-19T11:58:28.000Z'),
(1229, 41.563393, 83899, 2026.31, '2025-03-19T11:58:58.000Z'),
(1230, 41.563393, 83899, 2026.31, '2025-03-19T11:59:28.000Z'),
(1231, 41.563393, 83899, 2026.31, '2025-03-19T11:59:58.000Z'),
(1232, 41.563393, 83870, 2025.96, '2025-03-19T12:00:10.000Z'),
(1233, 41.563393, 83870, 2025.96, '2025-03-19T12:00:38.000Z'),
(1234, 41.563393, 83870, 2025.96, '2025-03-19T12:01:08.000Z'),
(1235, 41.563393, 83870, 2025.96, '2025-03-19T12:01:38.000Z'),
(1236, 41.563393, 83870, 2025.96, '2025-03-19T12:02:08.000Z'),
(1237, 41.563393, 83870, 2025.96, '2025-03-19T12:02:38.000Z'),
(1238, 41.563393, 83870, 2025.96, '2025-03-19T12:03:08.000Z'),
(1239, 41.563393, 83870, 2025.96, '2025-03-19T12:03:38.000Z'),
(1240, 41.563393, 83870, 2025.96, '2025-03-19T12:04:08.000Z'),
(1241, 41.563393, 83870, 2025.96, '2025-03-19T12:04:38.000Z'),
(1242, 41.563393, 83870, 2025.96, '2025-03-19T12:05:08.000Z'),
(1243, 41.563393, 83778, 2021.68, '2025-03-19T12:05:38.000Z'),
(1244, 41.563393, 83778, 2021.68, '2025-03-19T12:06:08.000Z'),
(1245, 41.563393, 83778, 2021.68, '2025-03-19T12:06:38.000Z'),
(1246, 41.563393, 83778, 2021.68, '2025-03-19T12:07:08.000Z'),
(1247, 41.563393, 83778, 2021.68, '2025-03-19T12:07:38.000Z'),
(1248, 41.563393, 83778, 2021.68, '2025-03-19T12:08:08.000Z'),
(1249, 41.563393, 83778, 2021.68, '2025-03-19T12:08:38.000Z'),
(1250, 41.563393, 83778, 2021.68, '2025-03-19T12:09:09.000Z'),
(1251, 41.563393, 83778, 2021.68, '2025-03-19T12:09:39.000Z'),
(1252, 41.563393, 83778, 2021.68, '2025-03-19T12:10:10.000Z'),
(1253, 41.563393, 83693, 2019.37, '2025-03-19T12:10:40.000Z'),
(1254, 41.563393, 83693, 2019.37, '2025-03-19T12:11:10.000Z'),
(1255, 41.563393, 83693, 2019.37, '2025-03-19T12:11:40.000Z'),
(1256, 41.563393, 83712, 2020.08, '2025-03-19T12:11:49.000Z'),
(1257, 41.563393, 83712, 2020.08, '2025-03-19T12:12:17.000Z'),
(1258, 41.563393, 83712, 2020.08, '2025-03-19T12:12:47.000Z'),
(1259, 41.563393, 83712, 2020.08, '2025-03-19T12:13:17.000Z'),
(1260, 41.563393, 83712, 2020.08, '2025-03-19T12:13:47.000Z'),
(1261, 41.563393, 83712, 2020.08, '2025-03-19T12:14:17.000Z'),
(1262, 41.563393, 83712, 2020.08, '2025-03-19T12:14:47.000Z'),
(1263, 41.563393, 83712, 2020.08, '2025-03-19T12:15:17.000Z'),
(1264, 41.563393, 83712, 2020.08, '2025-03-19T12:15:47.000Z'),
(1265, 41.563393, 83712, 2020.08, '2025-03-19T12:16:17.000Z'),
(1266, 41.563393, 83712, 2020.08, '2025-03-19T12:16:47.000Z'),
(1267, 41.563393, 83762, 2021.85, '2025-03-19T12:17:18.000Z'),
(1268, 41.563393, 83762, 2021.85, '2025-03-19T12:17:48.000Z'),
(1269, 41.563393, 83762, 2021.85, '2025-03-19T12:18:19.000Z'),
(1270, 41.563393, 83762, 2021.85, '2025-03-19T12:18:50.000Z'),
(1271, 41.563393, 83762, 2021.85, '2025-03-19T12:19:27.000Z'),
(1272, 41.563393, 83762, 2021.85, '2025-03-19T12:19:57.000Z'),
(1273, 41.563393, 83762, 2021.85, '2025-03-19T12:20:27.000Z'),
(1274, 41.563393, 83762, 2021.85, '2025-03-19T12:20:57.000Z'),
(1275, 41.563393, 83762, 2021.85, '2025-03-19T12:21:27.000Z'),
(1276, 41.563393, 83762, 2021.85, '2025-03-19T12:21:57.000Z'),
(1277, 41.563393, 83695, 2019.06, '2025-03-19T12:22:28.000Z'),
(1278, 41.563393, 83695, 2019.06, '2025-03-19T12:22:57.000Z'),
(1279, 41.563393, 83695, 2019.06, '2025-03-19T12:23:27.000Z'),
(1280, 41.563393, 83669, 2018.31, '2025-03-19T12:23:37.000Z'),
(1281, 41.563393, 83669, 2018.31, '2025-03-19T12:24:06.000Z'),
(1282, 41.563393, 83669, 2018.31, '2025-03-19T12:24:36.000Z'),
(1283, 41.563393, 83669, 2018.31, '2025-03-19T12:25:06.000Z'),
(1284, 41.563393, 83669, 2018.31, '2025-03-19T12:25:36.000Z'),
(1285, 41.563393, 83669, 2018.31, '2025-03-19T12:26:06.000Z'),
(1286, 41.563393, 83669, 2018.31, '2025-03-19T12:26:36.000Z'),
(1287, 41.563393, 83669, 2018.31, '2025-03-19T12:27:06.000Z'),
(1288, 41.563393, 83669, 2018.31, '2025-03-19T12:27:36.000Z'),
(1289, 41.563393, 83669, 2018.31, '2025-03-19T12:28:06.000Z'),
(1290, 41.563393, 83669, 2018.31, '2025-03-19T12:28:36.000Z'),
(1291, 41.563393, 83634, 2015.34, '2025-03-19T12:29:06.000Z'),
(1292, 41.563393, 83634, 2015.34, '2025-03-19T12:29:36.000Z'),
(1293, 41.563393, 83634, 2015.34, '2025-03-19T12:30:06.000Z'),
(1294, 41.563393, 83634, 2015.34, '2025-03-19T12:30:37.000Z'),
(1295, 41.563393, 83634, 2015.34, '2025-03-19T12:31:08.000Z'),
(1296, 41.563393, 83634, 2015.34, '2025-03-19T12:31:38.000Z'),
(1297, 41.563393, 83634, 2015.34, '2025-03-19T12:32:09.000Z'),
(1298, 41.563393, 83634, 2015.34, '2025-03-19T12:32:39.000Z'),
(1299, 41.563393, 83634, 2015.34, '2025-03-19T12:33:09.000Z'),
(1300, 41.563393, 83634, 2015.34, '2025-03-19T12:33:39.000Z'),
(1301, 41.563393, 83770, 2013.11, '2025-03-19T12:34:10.000Z'),
(1302, 41.563393, 83770, 2013.11, '2025-03-19T12:34:39.000Z'),
(1303, 41.563393, 83770, 2013.11, '2025-03-19T12:35:09.000Z'),
(1304, 41.563393, 83770, 2013.11, '2025-03-19T12:35:39.000Z'),
(1305, 41.563393, 83770, 2013.11, '2025-03-19T12:36:09.000Z'),
(1306, 41.563393, 83770, 2013.11, '2025-03-19T12:36:39.000Z'),
(1307, 41.563393, 83770, 2013.11, '2025-03-19T12:37:09.000Z'),
(1308, 41.563393, 83770, 2013.11, '2025-03-19T12:37:39.000Z'),
(1309, 41.563393, 83686, 2008.67, '2025-03-19T12:38:04.000Z'),
(1310, 41.563393, 83686, 2008.67, '2025-03-19T12:38:32.000Z'),
(1311, 41.563393, 83686, 2008.67, '2025-03-19T12:39:02.000Z'),
(1312, 41.563393, 83686, 2008.67, '2025-03-19T12:39:32.000Z'),
(1313, 41.563393, 83686, 2008.67, '2025-03-19T12:40:02.000Z'),
(1314, 41.563393, 83686, 2008.67, '2025-03-19T12:40:32.000Z'),
(1315, 41.563393, 83686, 2008.67, '2025-03-19T12:41:02.000Z'),
(1316, 41.563393, 83686, 2008.67, '2025-03-19T12:41:32.000Z'),
(1317, 41.563393, 83686, 2008.67, '2025-03-19T12:42:02.000Z'),
(1318, 41.563393, 83686, 2008.67, '2025-03-19T12:42:32.000Z'),
(1319, 41.563393, 83686, 2008.67, '2025-03-19T12:43:02.000Z'),
(1320, 41.563393, 83508, 2000.43, '2025-03-19T12:43:33.000Z'),
(1321, 41.563393, 83508, 2000.43, '2025-03-19T12:44:03.000Z'),
(1322, 41.563393, 83508, 2000.43, '2025-03-19T12:44:33.000Z'),
(1323, 41.563393, 83508, 2000.43, '2025-03-19T12:45:04.000Z'),
(1324, 41.563393, 83508, 2000.43, '2025-03-19T12:45:35.000Z'),
(1325, 41.563393, 83508, 2000.43, '2025-03-19T12:46:05.000Z'),
(1326, 41.563393, 83508, 2000.43, '2025-03-19T12:46:36.000Z'),
(1327, 41.563393, 83508, 2000.43, '2025-03-19T12:47:07.000Z'),
(1328, 41.563393, 83508, 2000.43, '2025-03-19T12:47:38.000Z'),
(1329, 41.563393, 83508, 2000.43, '2025-03-19T12:48:08.000Z'),
(1330, 41.563393, 83715, 2002.94, '2025-03-19T12:48:39.000Z'),
(1331, 41.563393, 83715, 2002.94, '2025-03-19T12:49:09.000Z'),
(1332, 41.563393, 83715, 2002.94, '2025-03-19T12:49:39.000Z'),
(1333, 41.563393, 83715, 2002.94, '2025-03-19T12:50:09.000Z'),
(1334, 41.563393, 83715, 2002.94, '2025-03-19T12:50:39.000Z'),
(1335, 41.563393, 83715, 2002.94, '2025-03-19T12:51:09.000Z'),
(1336, 41.563393, 83715, 2002.94, '2025-03-19T12:51:39.000Z'),
(1337, 41.563393, 83715, 2002.94, '2025-03-19T12:52:09.000Z'),
(1338, 41.563393, 83715, 2002.94, '2025-03-19T12:52:39.000Z'),
(1339, 41.563393, 83715, 2002.94, '2025-03-19T12:53:09.000Z'),
(1340, 41.563393, 83715, 2002.94, '2025-03-19T12:53:39.000Z'),
(1341, 41.563393, 83601, 2000.87, '2025-03-19T12:54:09.000Z'),
(1342, 41.563393, 83601, 2000.87, '2025-03-19T12:54:39.000Z'),
(1343, 41.563393, 83601, 2000.87, '2025-03-19T12:55:09.000Z'),
(1344, 41.563393, 83601, 2000.87, '2025-03-19T12:55:39.000Z'),
(1345, 41.563393, 83601, 2000.87, '2025-03-19T12:56:09.000Z'),
(1346, 41.563393, 83751, 2005.47, '2025-03-19T13:01:18.000Z'),
(1347, 41.563393, 83751, 2005.47, '2025-03-19T13:01:47.000Z'),
(1348, 41.563393, 83751, 2005.47, '2025-03-19T13:02:39.000Z'),
(1349, 41.563393, 83751, 2005.47, '2025-03-19T13:03:09.000Z'),
(1350, 41.563393, 83751, 2005.47, '2025-03-19T13:03:39.000Z'),
(1351, 41.563393, 83751, 2005.47, '2025-03-19T13:04:09.000Z'),
(1352, 41.563393, 83751, 2005.47, '2025-03-19T13:04:39.000Z'),
(1353, 41.563393, 83751, 2005.47, '2025-03-19T13:05:09.000Z'),
(1354, 41.563393, 83918, 2010.5, '2025-03-19T13:12:46.000Z'),
(1355, 41.563393, 83918, 2010.5, '2025-03-19T13:13:15.000Z'),
(1356, 41.563393, 83918, 2010.5, '2025-03-19T13:13:45.000Z'),
(1357, 41.563393, 83918, 2010.5, '2025-03-19T13:14:15.000Z'),
(1358, 41.563393, 83918, 2010.5, '2025-03-19T13:14:45.000Z'),
(1359, 41.563393, 83918, 2010.5, '2025-03-19T13:15:15.000Z'),
(1360, 41.563393, 83918, 2010.5, '2025-03-19T13:15:45.000Z'),
(1361, 41.563393, 83918, 2010.5, '2025-03-19T13:16:15.000Z'),
(1362, 41.563393, 83918, 2010.5, '2025-03-19T13:16:45.000Z');
