{
  "users": [
    {
      "id": 1,
      "username": "MaksimHR",
      "password": "5cf101120e99d53570511b81f9e7c1916684201ab1df4668c461bbed59f37a3caba4d8778339d6f499a2b312e944192edc357421ad2c2d72ea1599cc40405691.c471b13138deee427db96178aa30fdf4",
      "is_regulator": false,
      "regulator_balance": "0",
      "last_nft_generation": null,
      "nft_generation_count": 0
    },
    {
      "id": 2,
      "username": "regulator",
      "password": "$2b$10$pvacunM0bEDs8FAM2Pro/uD6.WF28c3RHBNs3hCFo9MVxgBAAqs4G",
      "is_regulator": true,
      "regulator_balance": "1000000.39014973",
      "last_nft_generation": null,
      "nft_generation_count": 0
    },
    {
      "id": 5,
      "username": "admin",
      "password": "admin123",
      "is_regulator": true,
      "regulator_balance": "10000000.03369765",
      "last_nft_generation": null,
      "nft_generation_count": 0
    },
    {
      "id": 6,
      "username": "Kich9999",
      "password": "28d98fdaa7be8a875d10a9b62314f6c43126397d9f564d8768a11a7e03edcdce2b56b4b63a6ce28633a045afb5df6daaf416c3a50a7a602a6fff22f50b283ee7.bb3487721834f95a60a70623f2df1bcd",
      "is_regulator": false,
      "regulator_balance": "0",
      "last_nft_generation": null,
      "nft_generation_count": 0
    },
    {
      "id": 7,
      "username": "Denchik",
      "password": "31eb00c952c85d35395cafb4efbdf80a7ecab427db7885a21d50de1ef282f642c53318264e44cef77fe95e81170904751463d65e162993a90883eb345d7f0dfa.32dc555cc4a9cfec73b6cbde27e1272a",
      "is_regulator": false,
      "regulator_balance": "0",
      "last_nft_generation": null,
      "nft_generation_count": 0
    },
    {
      "id": 8,
      "username": "hdfhdsfesh3",
      "password": "17123f90398670982b5b83ac0364d0fe956f0d0b153089b4ac4b6c0a966adc8957d33c898fd32baeee173905264360996184f962025d872367b73cfe7645acce.c0c099827ee77df9c0d8a41867cb3c79",
      "is_regulator": false,
      "regulator_balance": "0",
      "last_nft_generation": null,
      "nft_generation_count": 0
    },
    {
      "id": 9,
      "username": "ytjfgjrtdt6",
      "password": "d4ffb48f086edfe45f97d52f16d329694170989d64e226ddd89ce6cabe42da9d0c15697a743a0c048e286d6edb06bb12da03be41829a23c6d2cec1295d529459.a8b0e69a20d59423f4e3be1aaa8911a2",
      "is_regulator": false,
      "regulator_balance": "0",
      "last_nft_generation": null,
      "nft_generation_count": 0
    },
    {
      "id": 10,
      "username": "Kich",
      "password": "093b56f4be1b8af7d10d9d09cb750fbbf015e9af2ae1169aa76615f633472b35f9fccd625b1e1b89c11ecf4e3497ac814f5c9fbdc95909cb5903e207c49b5837.a12556a6a7730847363f333ae4aa597c",
      "is_regulator": false,
      "regulator_balance": "0",
      "last_nft_generation": null,
      "nft_generation_count": 0
    },
    {
      "id": 11,
      "username": "Tod_Kolins",
      "password": "01b423385563d013d8f3594bba7e9b6133cfe55c3d9f418ce61ac4789e5590de51c3260dce1a9a4271428da22e3308f3fa87e48ecc117cbd9c54afce70112fb7.39831d0654fbd13c70b0f2c173a6c794",
      "is_regulator": false,
      "regulator_balance": "0",
      "last_nft_generation": null,
      "nft_generation_count": 0
    },
    {
      "id": 12,
      "username": "Kich7777",
      "password": "2d1a1cf8606bd38e6a279c7dc91a04d56bb38051941fd42d4b387abca152eb1c6096ffb5b4d7119d775362d959e57d59b3071fbe14ca29dab1bb2e30953ef7c6.cf302d101af46eff3e48cc033a22c80e",
      "is_regulator": false,
      "regulator_balance": "0",
      "last_nft_generation": null,
      "nft_generation_count": 0
    },
    {
      "id": 13,
      "username": "Tod_Kolinsk",
      "password": "acd77b3d18e9566c6da7f3e0ee1518fd4a167344206c28f3e296a098ff2e4057660a9f6a18ea234eb0bbb1e1f18f0df5db569bf522b42f6d54085eff96816b23.1befeb491aef8daaecdb9200c4271ecb",
      "is_regulator": false,
      "regulator_balance": "0",
      "last_nft_generation": null,
      "nft_generation_count": 0
    },
    {
      "id": 14,
      "username": "Anatoliy",
      "password": "UMXWT3vudaiwt8H",
      "is_regulator": false,
      "regulator_balance": "0",
      "last_nft_generation": null,
      "nft_generation_count": 0
    },
    {
      "id": 17,
      "username": "Oleg",
      "password": "uhdkdn66",
      "is_regulator": false,
      "regulator_balance": "0",
      "last_nft_generation": null,
      "nft_generation_count": 0
    }
  ],
  "cards": [
    {
      "id": 1,
      "userId": 1,
      "type": "crypto",
      "number": "4000656684230545",
      "expiry": "03/28",
      "cvv": "709",
      "balance": "0.00",
      "btcBalance": "0.00000000",
      "ethBalance": "0.00000000",
      "btcAddress": "1PBWkivAUBLP4PBbkZKBX75h8yeh49LpwH",
      "ethAddress": "0x586E803a94777286f7cA370983091Bb290303e41"
    },
    {
      "id": 2,
      "userId": 1,
      "type": "usd",
      "number": "4111891201988062",
      "expiry": "03/28",
      "cvv": "495",
      "balance": "0.00",
      "btcBalance": "0.00000000",
      "ethBalance": "0.00000000",
      "btcAddress": null,
      "ethAddress": null
    },
    {
      "id": 3,
      "userId": 1,
      "type": "uah",
      "number": "5555624368885501",
      "expiry": "03/28",
      "cvv": "989",
      "balance": "0.00",
      "btcBalance": "0.00000000",
      "ethBalance": "0.00000000",
      "btcAddress": null,
      "ethAddress": null
    },
    {
      "id": 4,
      "userId": 2,
      "type": "crypto",
      "number": "4000589306345761",
      "expiry": "06/28",
      "cvv": "863",
      "balance": "0",
      "btcBalance": "0.001",
      "ethBalance": "0.01",
      "btcAddress": "1EhLKWQokncBnpZM3RrxmuVeybbHM3RM8s",
      "ethAddress": "0xbCDcfD1014c0CD2eBF4facF058a553BA77b20F98"
    },
    {
      "id": 5,
      "userId": 2,
      "type": "usd",
      "number": "4111238058472974",
      "expiry": "09/28",
      "cvv": "919",
      "balance": "1000",
      "btcBalance": "0",
      "ethBalance": "0",
      "btcAddress": null,
      "ethAddress": null
    },
    {
      "id": 6,
      "userId": 2,
      "type": "uah",
      "number": "5555248950789491",
      "expiry": "08/28",
      "cvv": "823",
      "balance": "40000",
      "btcBalance": "0",
      "ethBalance": "0",
      "btcAddress": null,
      "ethAddress": null
    },
    {
      "id": 13,
      "userId": 5,
      "type": "crypto",
      "number": "4000101461947771",
      "expiry": "10/28",
      "cvv": "240",
      "balance": "0",
      "btcBalance": "968351.58000000",
      "ethBalance": "179864.09",
      "btcAddress": "16L3S7YZ2SVaZjRn7wt1G2UE4aVW8vGpyb",
      "ethAddress": "0x8AFf45c3aE9F66fAc33EA042f3A7fC2C338E4b2E"
    },
    {
      "id": 14,
      "userId": 5,
      "type": "usd",
      "number": "4111323103306819",
      "expiry": "01/28",
      "cvv": "761",
      "balance": "200000000",
      "btcBalance": "0",
      "ethBalance": "0",
      "btcAddress": null,
      "ethAddress": null
    },
    {
      "id": 15,
      "userId": 5,
      "type": "uah",
      "number": "5555423163670631",
      "expiry": "12/28",
      "cvv": "349",
      "balance": "400000000",
      "btcBalance": "0",
      "ethBalance": "0",
      "btcAddress": null,
      "ethAddress": null
    },
    {
      "id": 16,
      "userId": 6,
      "type": "crypto",
      "number": "4111330535985631",
      "expiry": "03/28",
      "cvv": "696",
      "balance": "0.00",
      "btcBalance": "0.00000000",
      "ethBalance": "0.00000000",
      "btcAddress": "13X8tNp3vTK8oV9HMQx6T4YxDuquhgtTBW",
      "ethAddress": "0x9436CF533f2c3433806838b73aB2B5A6000bf6c9"
    },
    {
      "id": 17,
      "userId": 6,
      "type": "usd",
      "number": "4112185546212195",
      "expiry": "03/28",
      "cvv": "614",
      "balance": "0.00",
      "btcBalance": "0.00000000",
      "ethBalance": "0.00000000",
      "btcAddress": null,
      "ethAddress": null
    },
    {
      "id": 18,
      "userId": 6,
      "type": "uah",
      "number": "4113271946207582",
      "expiry": "03/28",
      "cvv": "338",
      "balance": "0.00",
      "btcBalance": "0.00000000",
      "ethBalance": "0.00000000",
      "btcAddress": null,
      "ethAddress": null
    },
    {
      "id": 19,
      "userId": 7,
      "type": "crypto",
      "number": "4111413957644346",
      "expiry": "03/28",
      "cvv": "960",
      "balance": "0.00",
      "btcBalance": "0.00000000",
      "ethBalance": "0.00000000",
      "btcAddress": "1E4HGQ8TiTEU3iK73VqNCjxSbwUMKGpMrj",
      "ethAddress": "0xd6e6A39977EA1b52B49924beCb81DB2f67Ee21Dc"
    },
    {
      "id": 20,
      "userId": 7,
      "type": "usd",
      "number": "4112818239176215",
      "expiry": "03/28",
      "cvv": "373",
      "balance": "0.00",
      "btcBalance": "0.00000000",
      "ethBalance": "0.00000000",
      "btcAddress": null,
      "ethAddress": null
    },
    {
      "id": 21,
      "userId": 7,
      "type": "uah",
      "number": "4113633308331620",
      "expiry": "03/28",
      "cvv": "630",
      "balance": "0.00",
      "btcBalance": "0.00000000",
      "ethBalance": "0.00000000",
      "btcAddress": null,
      "ethAddress": null
    },
    {
      "id": 22,
      "userId": 8,
      "type": "crypto",
      "number": "4111660863622836",
      "expiry": "03/28",
      "cvv": "940",
      "balance": "0.00",
      "btcBalance": "0.00000000",
      "ethBalance": "0.00000000",
      "btcAddress": "124cq2jhYTwjwy6awGg1hi4wsK8JxEcCpw",
      "ethAddress": "0x9419a912CDBBeF4983F667146Abe48864156c84b"
    },
    {
      "id": 23,
      "userId": 8,
      "type": "usd",
      "number": "4112473829066479",
      "expiry": "03/28",
      "cvv": "735",
      "balance": "0.00",
      "btcBalance": "0.00000000",
      "ethBalance": "0.00000000",
      "btcAddress": null,
      "ethAddress": null
    },
    {
      "id": 24,
      "userId": 8,
      "type": "uah",
      "number": "4113851669913815",
      "expiry": "03/28",
      "cvv": "766",
      "balance": "0.00",
      "btcBalance": "0.00000000",
      "ethBalance": "0.00000000",
      "btcAddress": null,
      "ethAddress": null
    },
    {
      "id": 25,
      "userId": 9,
      "type": "crypto",
      "number": "4111336238703704",
      "expiry": "03/28",
      "cvv": "269",
      "balance": "0.00",
      "btcBalance": "0.00",
      "ethBalance": "0.00",
      "btcAddress": null,
      "ethAddress": null
    },
    {
      "id": 26,
      "userId": 9,
      "type": "usd",
      "number": "4112054801321449",
      "expiry": "03/28",
      "cvv": "995",
      "balance": "0.00",
      "btcBalance": "0.00",
      "ethBalance": "0.00",
      "btcAddress": null,
      "ethAddress": null
    },
    {
      "id": 27,
      "userId": 9,
      "type": "uah",
      "number": "4113927624941486",
      "expiry": "03/28",
      "cvv": "338",
      "balance": "0.00",
      "btcBalance": "0.00",
      "ethBalance": "0.00",
      "btcAddress": null,
      "ethAddress": null
    },
    {
      "id": 28,
      "userId": 10,
      "type": "crypto",
      "number": "4111619791721415",
      "expiry": "03/28",
      "cvv": "577",
      "balance": "0.00",
      "btcBalance": "0.00",
      "ethBalance": "0.00",
      "btcAddress": null,
      "ethAddress": null
    },
    {
      "id": 29,
      "userId": 10,
      "type": "usd",
      "number": "4112221420670073",
      "expiry": "03/28",
      "cvv": "265",
      "balance": "0.00",
      "btcBalance": "0.00",
      "ethBalance": "0.00",
      "btcAddress": null,
      "ethAddress": null
    },
    {
      "id": 30,
      "userId": 10,
      "type": "uah",
      "number": "4113331149807020",
      "expiry": "03/28",
      "cvv": "131",
      "balance": "0.00",
      "btcBalance": "0.00",
      "ethBalance": "0.00",
      "btcAddress": null,
      "ethAddress": null
    },
    {
      "id": 31,
      "userId": 11,
      "type": "crypto",
      "number": "4111806775933316",
      "expiry": "03/28",
      "cvv": "124",
      "balance": "0.00",
      "btcBalance": "0.00",
      "ethBalance": "0.00",
      "btcAddress": null,
      "ethAddress": null
    },
    {
      "id": 32,
      "userId": 11,
      "type": "usd",
      "number": "4112288902688677",
      "expiry": "03/28",
      "cvv": "295",
      "balance": "0.00",
      "btcBalance": "0.00",
      "ethBalance": "0.00",
      "btcAddress": null,
      "ethAddress": null
    },
    {
      "id": 33,
      "userId": 11,
      "type": "uah",
      "number": "4113214354850143",
      "expiry": "03/28",
      "cvv": "955",
      "balance": "0.00",
      "btcBalance": "0.00",
      "ethBalance": "0.00",
      "btcAddress": null,
      "ethAddress": null
    },
    {
      "id": 34,
      "userId": 1,
      "type": "crypto",
      "number": "4111608844434692",
      "expiry": "03/28",
      "cvv": "142",
      "balance": "0.00",
      "btcBalance": "0.00",
      "ethBalance": "0.00",
      "btcAddress": null,
      "ethAddress": null
    },
    {
      "id": 35,
      "userId": 1,
      "type": "usd",
      "number": "4112387550332652",
      "expiry": "03/28",
      "cvv": "354",
      "balance": "82157.00",
      "btcBalance": "0.00",
      "ethBalance": "0.00",
      "btcAddress": null,
      "ethAddress": null
    },
    {
      "id": 91,
      "userId": 17,
      "type": "crypto",
      "number": "4111448008862359",
      "expiry": "03/28",
      "cvv": "989",
      "balance": "0",
      "btcBalance": "3.15584577",
      "ethBalance": "0",
      "btcAddress": "1ETADiiQQQUyQjwQiRrd6sn4PjfhnGZoY1",
      "ethAddress": "0xAd3a5F2C5d51a8AEe38988cDF7513d47F2D35dD7"
    },
    {
      "id": 92,
      "userId": 17,
      "type": "usd",
      "number": "4112967511269249",
      "expiry": "03/28",
      "cvv": "989",
      "balance": "69617.00",
      "btcBalance": "0",
      "ethBalance": "0",
      "btcAddress": null,
      "ethAddress": null
    },
    {
      "id": 93,
      "userId": 17,
      "type": "uah",
      "number": "4113516001378315",
      "expiry": "03/28",
      "cvv": "989",
      "balance": "3539414.91",
      "btcBalance": "0",
      "ethBalance": "0",
      "btcAddress": null,
      "ethAddress": null
    }
  ],
  "transactions": [
    {
      "id": 14,
      "fromCardId": 34,
      "toCardId": 2,
      "amount": "0.01",
      "convertedAmount": "0.00000012023999903808",
      "type": "commission",
      "wallet": null,
      "status": "completed",
      "createdAt": "2025-03-21T14:15:03.551Z",
      "description": "Комиссия за перевод (0.00000012 BTC)",
      "fromCardNumber": "4111608844434692",
      "toCardNumber": "REGULATOR"
    },
    {
      "id": 51,
      "fromCardId": 13,
      "toCardId": 2,
      "amount": "0.02",
      "convertedAmount": "0.02",
      "type": "commission",
      "wallet": null,
      "status": "completed",
      "createdAt": "2025-03-21T19:55:25.912Z",
      "description": "Комиссия за перевод криптовалюты (0.02000000 BTC)",
      "fromCardNumber": "4000101461947771",
      "toCardNumber": "REGULATOR"
    },
    {
      "id": 47,
      "fromCardId": 13,
      "toCardId": 2,
      "amount": "0.01",
      "convertedAmount": "1.1894425082963615e-7",
      "type": "commission",
      "wallet": null,
      "status": "completed",
      "createdAt": "2025-03-21T19:18:55.251Z",
      "description": "Комиссия за перевод (0.00000012 BTC)",
      "fromCardNumber": "4000101461947771",
      "toCardNumber": "REGULATOR"
    },
    {
      "id": 43,
      "fromCardId": 91,
      "toCardId": 2,
      "amount": "0.002",
      "convertedAmount": "2.3733238400379734e-8",
      "type": "commission",
      "wallet": null,
      "status": "completed",
      "createdAt": "2025-03-21T18:51:32.633Z",
      "description": "Комиссия за перевод (0.00000002 BTC)",
      "fromCardNumber": "4111448008862359",
      "toCardNumber": "REGULATOR"
    },
    {
      "id": 39,
      "fromCardId": 13,
      "toCardId": 2,
      "amount": "0.01",
      "convertedAmount": "0.01",
      "type": "commission",
      "wallet": null,
      "status": "completed",
      "createdAt": "2025-03-21T18:39:46.176Z",
      "description": "Комиссия за перевод криптовалюты (0.01000000 BTC)",
      "fromCardNumber": "4000101461947771",
      "toCardNumber": "REGULATOR"
    },
    {
      "id": 35,
      "fromCardId": 13,
      "toCardId": 2,
      "amount": "0.02",
      "convertedAmount": "0.02",
      "type": "commission",
      "wallet": null,
      "status": "completed",
      "createdAt": "2025-03-21T17:54:16.669Z",
      "description": "Комиссия за перевод криптовалюты (0.02000000 BTC)",
      "fromCardNumber": "4000101461947771",
      "toCardNumber": "REGULATOR"
    },
    {
      "id": 12,
      "fromCardId": 13,
      "toCardId": 2,
      "amount": "0.34",
      "convertedAmount": "0.34",
      "type": "commission",
      "wallet": null,
      "status": "completed",
      "createdAt": "2025-03-21T14:15:03.551Z",
      "description": "Комиссия за перевод криптовалюты (0.34000000 BTC)",
      "fromCardNumber": "4000101461947771",
      "toCardNumber": "REGULATOR"
    },
    {
      "id": 53,
      "fromCardId": 13,
      "toCardId": 5,
      "amount": "0.01",
      "convertedAmount": "1.1886083773118433e-7",
      "type": "commission",
      "wallet": null,
      "status": "completed",
      "createdAt": "2025-03-21T22:53:54.452Z",
      "description": "Комиссия за перевод (0.00000012 BTC)",
      "fromCardNumber": "4000101461947771",
      "toCardNumber": "REGULATOR"
    },
    {
      "id": 37,
      "fromCardId": 13,
      "toCardId": 5,
      "amount": "0.02",
      "convertedAmount": "0.02",
      "type": "commission",
      "wallet": null,
      "status": "completed",
      "createdAt": "2025-03-21T18:26:45.168Z",
      "description": "Комиссия за перевод криптовалюты (0.02000000 BTC)",
      "fromCardNumber": "4000101461947771",
      "toCardNumber": "REGULATOR"
    },
    {
      "id": 41,
      "fromCardId": 13,
      "toCardId": 5,
      "amount": "0.01",
      "convertedAmount": "0.01",
      "type": "commission",
      "wallet": null,
      "status": "completed",
      "createdAt": "2025-03-21T18:49:40.569Z",
      "description": "Комиссия за перевод криптовалюты (0.01000000 BTC)",
      "fromCardNumber": "4000101461947771",
      "toCardNumber": "REGULATOR"
    },
    {
      "id": 45,
      "fromCardId": 92,
      "toCardId": 5,
      "amount": "10",
      "convertedAmount": "0.00011906604593568053",
      "type": "commission",
      "wallet": null,
      "status": "completed",
      "createdAt": "2025-03-21T19:11:40.805Z",
      "description": "Комиссия за перевод (0.00011907 BTC)",
      "fromCardNumber": "4112967511269249",
      "toCardNumber": "REGULATOR"
    },
    {
      "id": 49,
      "fromCardId": 92,
      "toCardId": 5,
      "amount": "300",
      "convertedAmount": "0.003578457684737878",
      "type": "commission",
      "wallet": null,
      "status": "completed",
      "createdAt": "2025-03-21T19:45:39.434Z",
      "description": "Комиссия за перевод криптовалюты (0.00357846 BTC)",
      "fromCardNumber": "4112967511269249",
      "toCardNumber": "REGULATOR"
    },
    {
      "id": 11,
      "fromCardId": 13,
      "toCardId": 34,
      "amount": "34",
      "convertedAmount": "34",
      "type": "crypto_transfer",
      "wallet": "1L3g4xY6XV1F5YZXt5Qyrc8fiPh1w9eu3y",
      "status": "completed",
      "createdAt": "2025-03-21T14:15:03.551Z",
      "description": "Отправка 34.00000000 BTC на 1L3g4xY6XV1F5YZXt5Qyrc8fiPh1w9eu3y",
      "fromCardNumber": "4000101461947771",
      "toCardNumber": "4111608844434692"
    },
    {
      "id": 13,
      "fromCardId": 34,
      "toCardId": 35,
      "amount": "1",
      "convertedAmount": "83167",
      "type": "transfer",
      "wallet": null,
      "status": "completed",
      "createdAt": "2025-03-21T14:15:03.551Z",
      "description": "Перевод 1.00000000 CRYPTO → 83167.00 USD (курс: 83167.00)",
      "fromCardNumber": "4111608844434692",
      "toCardNumber": "4112387550332652"
    },
    {
      "id": 48,
      "fromCardId": 92,
      "toCardId": 91,
      "amount": "30000",
      "convertedAmount": "0.3578457684737878",
      "type": "crypto_transfer",
      "wallet": "1ETADiiQQQUyQjwQiRrd6sn4PjfhnGZoY1",
      "status": "completed",
      "createdAt": "2025-03-21T19:45:39.434Z",
      "description": "Конвертация 30000.00 USD → 0.35784577 BTC и отправка на 1ETADiiQQQUyQjwQiRrd6sn4PjfhnGZoY1",
      "fromCardNumber": "4112967511269249",
      "toCardNumber": "4111448008862359"
    },
    {
      "id": 40,
      "fromCardId": 13,
      "toCardId": 91,
      "amount": "1",
      "convertedAmount": "1",
      "type": "crypto_transfer",
      "wallet": "1ETADiiQQQUyQjwQiRrd6sn4PjfhnGZoY1",
      "status": "completed",
      "createdAt": "2025-03-21T18:49:40.569Z",
      "description": "Отправка 1.00000000 BTC на 1ETADiiQQQUyQjwQiRrd6sn4PjfhnGZoY1",
      "fromCardNumber": "4000101461947771",
      "toCardNumber": "4111448008862359"
    },
    {
      "id": 50,
      "fromCardId": 13,
      "toCardId": 91,
      "amount": "2",
      "convertedAmount": "2",
      "type": "crypto_transfer",
      "wallet": "1ETADiiQQQUyQjwQiRrd6sn4PjfhnGZoY1",
      "status": "completed",
      "createdAt": "2025-03-21T19:55:25.912Z",
      "description": "Отправка 2.00000000 BTC на 1ETADiiQQQUyQjwQiRrd6sn4PjfhnGZoY1",
      "fromCardNumber": "4000101461947771",
      "toCardNumber": "4111448008862359"
    },
    {
      "id": 42,
      "fromCardId": 91,
      "toCardId": 92,
      "amount": "0.2",
      "convertedAmount": "16854",
      "type": "transfer",
      "wallet": null,
      "status": "completed",
      "createdAt": "2025-03-21T18:51:32.589Z",
      "description": "Перевод 0.20000000 CRYPTO → 16854.00 USD (курс: 84270.00)",
      "fromCardNumber": "4111448008862359",
      "toCardNumber": "4112967511269249"
    },
    {
      "id": 46,
      "fromCardId": 13,
      "toCardId": 92,
      "amount": "1",
      "convertedAmount": "84073",
      "type": "transfer",
      "wallet": null,
      "status": "completed",
      "createdAt": "2025-03-21T19:18:55.205Z",
      "description": "Перевод 1.00000000 CRYPTO → 84073.00 USD (курс: 84073.00)",
      "fromCardNumber": "4000101461947771",
      "toCardNumber": "4112967511269249"
    },
    {
      "id": 52,
      "fromCardId": 13,
      "toCardId": 93,
      "amount": "1",
      "convertedAmount": "3497839.3046520003",
      "type": "transfer",
      "wallet": null,
      "status": "completed",
      "createdAt": "2025-03-21T22:53:54.399Z",
      "description": "Перевод 1.00000000 CRYPTO → 3497839.30 UAH (курс: 3497839.30)",
      "fromCardNumber": "4000101461947771",
      "toCardNumber": "4113516001378315"
    },
    {
      "id": 44,
      "fromCardId": 92,
      "toCardId": 93,
      "amount": "1000",
      "convertedAmount": "41575.611000000004",
      "type": "transfer",
      "wallet": null,
      "status": "completed",
      "createdAt": "2025-03-21T19:11:40.758Z",
      "description": "Перевод 1000.00 USD → 41575.61 UAH (курс: 41.58)",
      "fromCardNumber": "4112967511269249",
      "toCardNumber": "4113516001378315"
    },
    {
      "id": 9,
      "fromCardId": 13,
      "toCardId": null,
      "amount": "164.85",
      "convertedAmount": "164.85",
      "type": "withdrawal",
      "wallet": "1BTC000005c76e03739156312f66b7d3",
      "status": "pending",
      "createdAt": "2025-03-21T14:15:03.551Z",
      "description": "Снятие средств",
      "fromCardNumber": "40006734456250066",
      "toCardNumber": ""
    },
    {
      "id": 8,
      "fromCardId": 14,
      "toCardId": null,
      "amount": "525.05",
      "convertedAmount": "525.05",
      "type": "withdrawal",
      "wallet": "1BTC000005d48db8d26641337e6a7f3e",
      "status": "pending",
      "createdAt": "2025-03-21T14:15:03.551Z",
      "description": "Снятие средств",
      "fromCardNumber": "4111437867524511",
      "toCardNumber": ""
    },
    {
      "id": 7,
      "fromCardId": 14,
      "toCardId": null,
      "amount": "236.11",
      "convertedAmount": "236.11",
      "type": "deposit",
      "wallet": "1BTC000005a32156854a20c050b4da58",
      "status": "completed",
      "createdAt": "2025-03-21T14:15:03.551Z",
      "description": "Пополнение счета",
      "fromCardNumber": "4111437867524511",
      "toCardNumber": ""
    },
    {
      "id": 6,
      "fromCardId": 13,
      "toCardId": null,
      "amount": "614.84",
      "convertedAmount": "614.84",
      "type": "deposit",
      "wallet": "0xB7E8f8D7a7671FA8f368EE771cd4BC02f51679c7",
      "status": "completed",
      "createdAt": "2025-03-21T14:15:03.551Z",
      "description": "Пополнение счета",
      "fromCardNumber": "40006734456250066",
      "toCardNumber": ""
    },
    {
      "id": 10,
      "fromCardId": 15,
      "toCardId": null,
      "amount": "692.03",
      "convertedAmount": "28546.24",
      "type": "exchange",
      "wallet": null,
      "status": "completed",
      "createdAt": "2025-03-21T14:15:03.551Z",
      "description": "Обмен валюты",
      "fromCardNumber": "55555175370227243",
      "toCardNumber": ""
    },
    {
      "id": 34,
      "fromCardId": 13,
      "toCardId": null,
      "amount": "2",
      "convertedAmount": "2",
      "type": "crypto_transfer",
      "wallet": "1ETADiiQQQUyQjwQiRrd6sn4PjfhnGZoY1",
      "status": "completed",
      "createdAt": "2025-03-21T17:54:16.622Z",
      "description": "Отправка 2.00000000 BTC на 1ETADiiQQQUyQjwQiRrd6sn4PjfhnGZoY1",
      "fromCardNumber": "4000101461947771",
      "toCardNumber": ""
    },
    {
      "id": 38,
      "fromCardId": 13,
      "toCardId": null,
      "amount": "1",
      "convertedAmount": "1",
      "type": "crypto_transfer",
      "wallet": "1ETADiiQQQUyQjwQiRrd6sn4PjfhnGZoY1",
      "status": "completed",
      "createdAt": "2025-03-21T18:39:46.176Z",
      "description": "Отправка 1.00000000 BTC на 1ETADiiQQQUyQjwQiRrd6sn4PjfhnGZoY1",
      "fromCardNumber": "4000101461947771",
      "toCardNumber": ""
    },
    {
      "id": 36,
      "fromCardId": 13,
      "toCardId": null,
      "amount": "2",
      "convertedAmount": "2",
      "type": "crypto_transfer",
      "wallet": "1ETADiiQQQUyQjwQiRrd6sn4PjfhnGZoY1",
      "status": "completed",
      "createdAt": "2025-03-21T18:26:45.168Z",
      "description": "Отправка 2.00000000 BTC на 1ETADiiQQQUyQjwQiRrd6sn4PjfhnGZoY1",
      "fromCardNumber": "4000101461947771",
      "toCardNumber": ""
    }
  ],
  "rates": [
    {
      "id": 1,
      "usdToUah": "41.583626",
      "btcToUsd": "84413",
      "ethToUsd": "1967.75",
      "updatedAt": "2025-03-21T14:15:03.551Z"
    },
    {
      "id": 2,
      "usdToUah": "41.527912",
      "btcToUsd": "84195",
      "ethToUsd": "1994.33",
      "updatedAt": "2025-03-22T18:40:51.517Z"
    },
    {
      "id": 3,
      "usdToUah": "41.527912",
      "btcToUsd": "84195",
      "ethToUsd": "1994.33",
      "updatedAt": "2025-03-22T18:41:20.210Z"
    },
    {
      "id": 4,
      "usdToUah": "41.527912",
      "btcToUsd": "84195",
      "ethToUsd": "1994.33",
      "updatedAt": "2025-03-22T18:41:50.210Z"
    },
    {
      "id": 5,
      "usdToUah": "41.527912",
      "btcToUsd": "84195",
      "ethToUsd": "1994.33",
      "updatedAt": "2025-03-22T18:42:20.210Z"
    },
    {
      "id": 6,
      "usdToUah": "41.527912",
      "btcToUsd": "84195",
      "ethToUsd": "1994.33",
      "updatedAt": "2025-03-22T18:42:50.211Z"
    },
    {
      "id": 7,
      "usdToUah": "41.527912",
      "btcToUsd": "84195",
      "ethToUsd": "1994.33",
      "updatedAt": "2025-03-22T18:43:20.212Z"
    },
    {
      "id": 8,
      "usdToUah": "41.527912",
      "btcToUsd": "84195",
      "ethToUsd": "1994.33",
      "updatedAt": "2025-03-22T18:43:50.213Z"
    },
    {
      "id": 9,
      "usdToUah": "41.527912",
      "btcToUsd": "84195",
      "ethToUsd": "1994.33",
      "updatedAt": "2025-03-22T18:44:20.214Z"
    },
    {
      "id": 10,
      "usdToUah": "41.527912",
      "btcToUsd": "84195",
      "ethToUsd": "1994.33",
      "updatedAt": "2025-03-22T18:44:50.215Z"
    },
    {
      "id": 11,
      "usdToUah": "41.527912",
      "btcToUsd": "84195",
      "ethToUsd": "1994.33",
      "updatedAt": "2025-03-22T18:45:20.216Z"
    },
    {
      "id": 12,
      "usdToUah": "41.527912",
      "btcToUsd": "84195",
      "ethToUsd": "1994.33",
      "updatedAt": "2025-03-22T18:45:50.217Z"
    },
    {
      "id": 13,
      "usdToUah": "41.527912",
      "btcToUsd": "84258",
      "ethToUsd": "1996.47",
      "updatedAt": "2025-03-22T18:46:20.381Z"
    },
    {
      "id": 14,
      "usdToUah": "41.527912",
      "btcToUsd": "84258",
      "ethToUsd": "1996.47",
      "updatedAt": "2025-03-22T18:46:50.219Z"
    },
    {
      "id": 15,
      "usdToUah": "41.527912",
      "btcToUsd": "84258",
      "ethToUsd": "1996.47",
      "updatedAt": "2025-03-22T18:47:20.220Z"
    },
    {
      "id": 16,
      "usdToUah": "41.527912",
      "btcToUsd": "84258",
      "ethToUsd": "1996.47",
      "updatedAt": "2025-03-22T18:47:50.221Z"
    },
    {
      "id": 17,
      "usdToUah": "41.527912",
      "btcToUsd": "84258",
      "ethToUsd": "1996.47",
      "updatedAt": "2025-03-22T18:48:20.222Z"
    },
    {
      "id": 18,
      "usdToUah": "41.527912",
      "btcToUsd": "84258",
      "ethToUsd": "1996.47",
      "updatedAt": "2025-03-22T18:48:50.223Z"
    },
    {
      "id": 19,
      "usdToUah": "41.527912",
      "btcToUsd": "84258",
      "ethToUsd": "1996.47",
      "updatedAt": "2025-03-22T18:49:20.224Z"
    },
    {
      "id": 20,
      "usdToUah": "41.527912",
      "btcToUsd": "84258",
      "ethToUsd": "1996.47",
      "updatedAt": "2025-03-22T18:49:50.225Z"
    },
    {
      "id": 21,
      "usdToUah": "41.527912",
      "btcToUsd": "84258",
      "ethToUsd": "1996.47",
      "updatedAt": "2025-03-22T18:50:20.225Z"
    },
    {
      "id": 22,
      "usdToUah": "41.527912",
      "btcToUsd": "84258",
      "ethToUsd": "1996.47",
      "updatedAt": "2025-03-22T18:50:50.225Z"
    },
    {
      "id": 23,
      "usdToUah": "41.527912",
      "btcToUsd": "84258",
      "ethToUsd": "1996.47",
      "updatedAt": "2025-03-22T18:51:20.226Z"
    },
    {
      "id": 24,
      "usdToUah": "41.527912",
      "btcToUsd": "84303",
      "ethToUsd": "1997.08",
      "updatedAt": "2025-03-22T18:51:50.388Z"
    },
    {
      "id": 25,
      "usdToUah": "41.527912",
      "btcToUsd": "84303",
      "ethToUsd": "1997.08",
      "updatedAt": "2025-03-22T18:52:20.226Z"
    },
    {
      "id": 26,
      "usdToUah": "41.527912",
      "btcToUsd": "84303",
      "ethToUsd": "1997.08",
      "updatedAt": "2025-03-22T18:52:50.227Z"
    },
    {
      "id": 27,
      "usdToUah": "41.527912",
      "btcToUsd": "84303",
      "ethToUsd": "1997.08",
      "updatedAt": "2025-03-22T18:53:20.227Z"
    },
    {
      "id": 28,
      "usdToUah": "41.527912",
      "btcToUsd": "84303",
      "ethToUsd": "1997.08",
      "updatedAt": "2025-03-22T18:53:50.227Z"
    },
    {
      "id": 29,
      "usdToUah": "41.527912",
      "btcToUsd": "84303",
      "ethToUsd": "1997.08",
      "updatedAt": "2025-03-22T18:54:20.227Z"
    },
    {
      "id": 30,
      "usdToUah": "41.527912",
      "btcToUsd": "84303",
      "ethToUsd": "1997.08",
      "updatedAt": "2025-03-22T18:54:50.227Z"
    },
    {
      "id": 31,
      "usdToUah": "41.527912",
      "btcToUsd": "84303",
      "ethToUsd": "1997.08",
      "updatedAt": "2025-03-22T18:55:20.228Z"
    },
    {
      "id": 32,
      "usdToUah": "41.527912",
      "btcToUsd": "84303",
      "ethToUsd": "1997.08",
      "updatedAt": "2025-03-22T18:55:50.228Z"
    },
    {
      "id": 33,
      "usdToUah": "41.527912",
      "btcToUsd": "84303",
      "ethToUsd": "1997.08",
      "updatedAt": "2025-03-22T18:56:20.228Z"
    },
    {
      "id": 34,
      "usdToUah": "41.527912",
      "btcToUsd": "84303",
      "ethToUsd": "1997.08",
      "updatedAt": "2025-03-22T18:56:50.228Z"
    },
    {
      "id": 35,
      "usdToUah": "41.527912",
      "btcToUsd": "84263",
      "ethToUsd": "1996.95",
      "updatedAt": "2025-03-22T18:57:20.382Z"
    },
    {
      "id": 36,
      "usdToUah": "41.527912",
      "btcToUsd": "84263",
      "ethToUsd": "1996.95",
      "updatedAt": "2025-03-22T18:57:50.228Z"
    },
    {
      "id": 37,
      "usdToUah": "41.527912",
      "btcToUsd": "84263",
      "ethToUsd": "1996.95",
      "updatedAt": "2025-03-22T18:58:20.229Z"
    },
    {
      "id": 38,
      "usdToUah": "41.527912",
      "btcToUsd": "84263",
      "ethToUsd": "1996.95",
      "updatedAt": "2025-03-22T18:58:50.230Z"
    },
    {
      "id": 39,
      "usdToUah": "41.527912",
      "btcToUsd": "84263",
      "ethToUsd": "1996.95",
      "updatedAt": "2025-03-22T18:59:20.231Z"
    },
    {
      "id": 40,
      "usdToUah": "41.527912",
      "btcToUsd": "84263",
      "ethToUsd": "1996.95",
      "updatedAt": "2025-03-22T18:59:50.232Z"
    },
    {
      "id": 41,
      "usdToUah": "41.527912",
      "btcToUsd": "84263",
      "ethToUsd": "1996.95",
      "updatedAt": "2025-03-22T19:00:20.233Z"
    },
    {
      "id": 42,
      "usdToUah": "41.527912",
      "btcToUsd": "84263",
      "ethToUsd": "1996.95",
      "updatedAt": "2025-03-22T19:00:50.234Z"
    },
    {
      "id": 43,
      "usdToUah": "41.527912",
      "btcToUsd": "84263",
      "ethToUsd": "1996.95",
      "updatedAt": "2025-03-22T19:01:20.235Z"
    },
    {
      "id": 44,
      "usdToUah": "41.527912",
      "btcToUsd": "84263",
      "ethToUsd": "1996.95",
      "updatedAt": "2025-03-22T19:01:50.236Z"
    },
    {
      "id": 45,
      "usdToUah": "41.527912",
      "btcToUsd": "84263",
      "ethToUsd": "1996.95",
      "updatedAt": "2025-03-22T19:02:20.236Z"
    },
    {
      "id": 46,
      "usdToUah": "41.527912",
      "btcToUsd": "84224",
      "ethToUsd": "1995.43",
      "updatedAt": "2025-03-22T19:02:50.397Z"
    },
    {
      "id": 47,
      "usdToUah": "41.527912",
      "btcToUsd": "84224",
      "ethToUsd": "1995.43",
      "updatedAt": "2025-03-22T19:03:20.238Z"
    },
    {
      "id": 48,
      "usdToUah": "41.527912",
      "btcToUsd": "84224",
      "ethToUsd": "1995.43",
      "updatedAt": "2025-03-22T19:03:50.239Z"
    },
    {
      "id": 49,
      "usdToUah": "41.527912",
      "btcToUsd": "84224",
      "ethToUsd": "1995.43",
      "updatedAt": "2025-03-22T19:04:20.240Z"
    },
    {
      "id": 50,
      "usdToUah": "41.527912",
      "btcToUsd": "84224",
      "ethToUsd": "1995.43",
      "updatedAt": "2025-03-22T19:04:50.241Z"
    },
    {
      "id": 51,
      "usdToUah": "41.527912",
      "btcToUsd": "84224",
      "ethToUsd": "1995.43",
      "updatedAt": "2025-03-22T19:05:20.241Z"
    },
    {
      "id": 52,
      "usdToUah": "41.527912",
      "btcToUsd": "84224",
      "ethToUsd": "1995.43",
      "updatedAt": "2025-03-22T19:05:50.241Z"
    },
    {
      "id": 53,
      "usdToUah": "41.527912",
      "btcToUsd": "84224",
      "ethToUsd": "1995.43",
      "updatedAt": "2025-03-22T19:06:20.242Z"
    },
    {
      "id": 54,
      "usdToUah": "41.527912",
      "btcToUsd": "84224",
      "ethToUsd": "1995.43",
      "updatedAt": "2025-03-22T19:06:50.242Z"
    },
    {
      "id": 55,
      "usdToUah": "41.527912",
      "btcToUsd": "84224",
      "ethToUsd": "1995.43",
      "updatedAt": "2025-03-22T19:07:20.242Z"
    },
    {
      "id": 56,
      "usdToUah": "41.527912",
      "btcToUsd": "84224",
      "ethToUsd": "1995.43",
      "updatedAt": "2025-03-22T19:07:50.242Z"
    },
    {
      "id": 57,
      "usdToUah": "41.527912",
      "btcToUsd": "84221",
      "ethToUsd": "1995.11",
      "updatedAt": "2025-03-22T19:08:20.386Z"
    },
    {
      "id": 58,
      "usdToUah": "41.527912",
      "btcToUsd": "84221",
      "ethToUsd": "1995.11",
      "updatedAt": "2025-03-22T19:08:50.243Z"
    },
    {
      "id": 59,
      "usdToUah": "41.527912",
      "btcToUsd": "84221",
      "ethToUsd": "1995.11",
      "updatedAt": "2025-03-22T19:09:20.243Z"
    },
    {
      "id": 60,
      "usdToUah": "41.527912",
      "btcToUsd": "84221",
      "ethToUsd": "1995.11",
      "updatedAt": "2025-03-22T19:09:50.244Z"
    },
    {
      "id": 61,
      "usdToUah": "41.527912",
      "btcToUsd": "84221",
      "ethToUsd": "1995.11",
      "updatedAt": "2025-03-22T19:10:20.244Z"
    },
    {
      "id": 62,
      "usdToUah": "41.527912",
      "btcToUsd": "84221",
      "ethToUsd": "1995.11",
      "updatedAt": "2025-03-22T19:10:50.245Z"
    },
    {
      "id": 63,
      "usdToUah": "41.527912",
      "btcToUsd": "84221",
      "ethToUsd": "1995.11",
      "updatedAt": "2025-03-22T19:11:20.245Z"
    },
    {
      "id": 64,
      "usdToUah": "41.527912",
      "btcToUsd": "84221",
      "ethToUsd": "1995.11",
      "updatedAt": "2025-03-22T19:11:50.245Z"
    },
    {
      "id": 65,
      "usdToUah": "41.527912",
      "btcToUsd": "84221",
      "ethToUsd": "1995.11",
      "updatedAt": "2025-03-22T19:12:20.245Z"
    },
    {
      "id": 66,
      "usdToUah": "41.527912",
      "btcToUsd": "84221",
      "ethToUsd": "1995.11",
      "updatedAt": "2025-03-22T19:12:50.245Z"
    },
    {
      "id": 67,
      "usdToUah": "41.527912",
      "btcToUsd": "84221",
      "ethToUsd": "1995.11",
      "updatedAt": "2025-03-22T19:13:20.245Z"
    },
    {
      "id": 68,
      "usdToUah": "41.527912",
      "btcToUsd": "84239",
      "ethToUsd": "1996.54",
      "updatedAt": "2025-03-22T19:13:50.401Z"
    },
    {
      "id": 69,
      "usdToUah": "41.527912",
      "btcToUsd": "84239",
      "ethToUsd": "1996.54",
      "updatedAt": "2025-03-22T19:14:20.246Z"
    },
    {
      "id": 70,
      "usdToUah": "41.527912",
      "btcToUsd": "84239",
      "ethToUsd": "1996.54",
      "updatedAt": "2025-03-22T19:14:50.246Z"
    },
    {
      "id": 71,
      "usdToUah": "41.527912",
      "btcToUsd": "84239",
      "ethToUsd": "1996.54",
      "updatedAt": "2025-03-22T19:15:20.247Z"
    },
    {
      "id": 72,
      "usdToUah": "41.527912",
      "btcToUsd": "84239",
      "ethToUsd": "1996.54",
      "updatedAt": "2025-03-22T19:15:50.248Z"
    },
    {
      "id": 73,
      "usdToUah": "41.527912",
      "btcToUsd": "84239",
      "ethToUsd": "1996.54",
      "updatedAt": "2025-03-22T19:16:20.249Z"
    },
    {
      "id": 74,
      "usdToUah": "41.527912",
      "btcToUsd": "84239",
      "ethToUsd": "1996.54",
      "updatedAt": "2025-03-22T19:16:50.249Z"
    },
    {
      "id": 75,
      "usdToUah": "41.527912",
      "btcToUsd": "84239",
      "ethToUsd": "1996.54",
      "updatedAt": "2025-03-22T19:17:20.250Z"
    },
    {
      "id": 76,
      "usdToUah": "41.527912",
      "btcToUsd": "84239",
      "ethToUsd": "1996.54",
      "updatedAt": "2025-03-22T19:17:50.250Z"
    },
    {
      "id": 77,
      "usdToUah": "41.527912",
      "btcToUsd": "84239",
      "ethToUsd": "1996.54",
      "updatedAt": "2025-03-22T19:18:20.251Z"
    },
    {
      "id": 78,
      "usdToUah": "41.527912",
      "btcToUsd": "84239",
      "ethToUsd": "1996.54",
      "updatedAt": "2025-03-22T19:18:50.252Z"
    },
    {
      "id": 79,
      "usdToUah": "41.527912",
      "btcToUsd": "84198",
      "ethToUsd": "1994.89",
      "updatedAt": "2025-03-22T19:19:20.425Z"
    },
    {
      "id": 80,
      "usdToUah": "41.527912",
      "btcToUsd": "84198",
      "ethToUsd": "1994.89",
      "updatedAt": "2025-03-22T19:19:50.254Z"
    },
    {
      "id": 81,
      "usdToUah": "41.527912",
      "btcToUsd": "84198",
      "ethToUsd": "1994.89",
      "updatedAt": "2025-03-22T19:20:20.254Z"
    },
    {
      "id": 82,
      "usdToUah": "41.527912",
      "btcToUsd": "84188",
      "ethToUsd": "1994.98",
      "updatedAt": "2025-03-22T19:30:38.843Z"
    },
    {
      "id": 83,
      "usdToUah": "41.527912",
      "btcToUsd": "84188",
      "ethToUsd": "1994.98",
      "updatedAt": "2025-03-22T19:31:07.751Z"
    },
    {
      "id": 84,
      "usdToUah": "41.527912",
      "btcToUsd": "84188",
      "ethToUsd": "1994.98",
      "updatedAt": "2025-03-22T19:31:37.751Z"
    },
    {
      "id": 85,
      "usdToUah": "41.527912",
      "btcToUsd": "84188",
      "ethToUsd": "1994.98",
      "updatedAt": "2025-03-22T19:32:07.751Z"
    },
    {
      "id": 86,
      "usdToUah": "41.527912",
      "btcToUsd": "84188",
      "ethToUsd": "1994.98",
      "updatedAt": "2025-03-22T19:32:37.751Z"
    },
    {
      "id": 87,
      "usdToUah": "41.527912",
      "btcToUsd": "84188",
      "ethToUsd": "1994.98",
      "updatedAt": "2025-03-22T19:33:07.751Z"
    },
    {
      "id": 88,
      "usdToUah": "41.527912",
      "btcToUsd": "84188",
      "ethToUsd": "1994.98",
      "updatedAt": "2025-03-22T19:33:37.751Z"
    },
    {
      "id": 89,
      "usdToUah": "41.527912",
      "btcToUsd": "84188",
      "ethToUsd": "1994.98",
      "updatedAt": "2025-03-22T19:34:07.752Z"
    },
    {
      "id": 90,
      "usdToUah": "41.527912",
      "btcToUsd": "84188",
      "ethToUsd": "1994.98",
      "updatedAt": "2025-03-22T19:34:37.752Z"
    },
    {
      "id": 91,
      "usdToUah": "41.527912",
      "btcToUsd": "84188",
      "ethToUsd": "1994.98",
      "updatedAt": "2025-03-22T19:35:07.752Z"
    },
    {
      "id": 92,
      "usdToUah": "41.527912",
      "btcToUsd": "84188",
      "ethToUsd": "1994.98",
      "updatedAt": "2025-03-22T19:35:37.752Z"
    },
    {
      "id": 93,
      "usdToUah": "41.527912",
      "btcToUsd": "84217",
      "ethToUsd": "1995.15",
      "updatedAt": "2025-03-22T19:36:07.910Z"
    },
    {
      "id": 94,
      "usdToUah": "41.527912",
      "btcToUsd": "84217",
      "ethToUsd": "1995.15",
      "updatedAt": "2025-03-22T19:36:37.753Z"
    },
    {
      "id": 95,
      "usdToUah": "41.527912",
      "btcToUsd": "84217",
      "ethToUsd": "1995.15",
      "updatedAt": "2025-03-22T19:37:07.752Z"
    },
    {
      "id": 96,
      "usdToUah": "41.527912",
      "btcToUsd": "84217",
      "ethToUsd": "1995.15",
      "updatedAt": "2025-03-22T19:37:37.753Z"
    },
    {
      "id": 97,
      "usdToUah": "41.527912",
      "btcToUsd": "84217",
      "ethToUsd": "1995.15",
      "updatedAt": "2025-03-22T19:38:07.752Z"
    },
    {
      "id": 98,
      "usdToUah": "41.527912",
      "btcToUsd": "84217",
      "ethToUsd": "1995.15",
      "updatedAt": "2025-03-22T19:38:37.752Z"
    },
    {
      "id": 99,
      "usdToUah": "41.527912",
      "btcToUsd": "84217",
      "ethToUsd": "1995.15",
      "updatedAt": "2025-03-22T19:39:07.752Z"
    },
    {
      "id": 100,
      "usdToUah": "41.527912",
      "btcToUsd": "84217",
      "ethToUsd": "1995.15",
      "updatedAt": "2025-03-22T19:39:37.752Z"
    },
    {
      "id": 101,
      "usdToUah": "41.527912",
      "btcToUsd": "84217",
      "ethToUsd": "1995.15",
      "updatedAt": "2025-03-22T19:40:07.753Z"
    },
    {
      "id": 102,
      "usdToUah": "41.527912",
      "btcToUsd": "84217",
      "ethToUsd": "1995.15",
      "updatedAt": "2025-03-22T19:40:37.753Z"
    },
    {
      "id": 103,
      "usdToUah": "41.527912",
      "btcToUsd": "84217",
      "ethToUsd": "1995.15",
      "updatedAt": "2025-03-22T19:41:07.752Z"
    },
    {
      "id": 104,
      "usdToUah": "41.527912",
      "btcToUsd": "84213",
      "ethToUsd": "1995.51",
      "updatedAt": "2025-03-22T19:41:37.906Z"
    },
    {
      "id": 105,
      "usdToUah": "41.527912",
      "btcToUsd": "84213",
      "ethToUsd": "1995.51",
      "updatedAt": "2025-03-22T19:42:07.752Z"
    },
    {
      "id": 106,
      "usdToUah": "41.527912",
      "btcToUsd": "84213",
      "ethToUsd": "1995.51",
      "updatedAt": "2025-03-22T19:42:37.752Z"
    },
    {
      "id": 107,
      "usdToUah": "41.527912",
      "btcToUsd": "84213",
      "ethToUsd": "1995.51",
      "updatedAt": "2025-03-22T19:43:07.752Z"
    },
    {
      "id": 108,
      "usdToUah": "41.527912",
      "btcToUsd": "84213",
      "ethToUsd": "1995.51",
      "updatedAt": "2025-03-22T19:43:37.752Z"
    },
    {
      "id": 109,
      "usdToUah": "41.527912",
      "btcToUsd": "84213",
      "ethToUsd": "1995.51",
      "updatedAt": "2025-03-22T19:44:07.752Z"
    },
    {
      "id": 110,
      "usdToUah": "41.527912",
      "btcToUsd": "84213",
      "ethToUsd": "1995.51",
      "updatedAt": "2025-03-22T19:44:37.752Z"
    },
    {
      "id": 111,
      "usdToUah": "41.527912",
      "btcToUsd": "84213",
      "ethToUsd": "1995.51",
      "updatedAt": "2025-03-22T19:45:07.753Z"
    },
    {
      "id": 112,
      "usdToUah": "41.527912",
      "btcToUsd": "84213",
      "ethToUsd": "1995.51",
      "updatedAt": "2025-03-22T19:45:37.755Z"
    },
    {
      "id": 113,
      "usdToUah": "41.527912",
      "btcToUsd": "84213",
      "ethToUsd": "1995.51",
      "updatedAt": "2025-03-22T19:46:07.754Z"
    },
    {
      "id": 114,
      "usdToUah": "41.527912",
      "btcToUsd": "84213",
      "ethToUsd": "1995.51",
      "updatedAt": "2025-03-22T19:46:37.754Z"
    },
    {
      "id": 115,
      "usdToUah": "41.527912",
      "btcToUsd": "84203",
      "ethToUsd": "1995.37",
      "updatedAt": "2025-03-22T19:47:07.910Z"
    },
    {
      "id": 116,
      "usdToUah": "41.527912",
      "btcToUsd": "84203",
      "ethToUsd": "1995.37",
      "updatedAt": "2025-03-22T19:47:37.755Z"
    },
    {
      "id": 117,
      "usdToUah": "41.527912",
      "btcToUsd": "84203",
      "ethToUsd": "1995.37",
      "updatedAt": "2025-03-22T19:48:07.756Z"
    },
    {
      "id": 118,
      "usdToUah": "41.527912",
      "btcToUsd": "84203",
      "ethToUsd": "1995.37",
      "updatedAt": "2025-03-22T19:48:37.755Z"
    },
    {
      "id": 119,
      "usdToUah": "41.527912",
      "btcToUsd": "84203",
      "ethToUsd": "1995.37",
      "updatedAt": "2025-03-22T19:49:07.755Z"
    },
    {
      "id": 120,
      "usdToUah": "41.527912",
      "btcToUsd": "84203",
      "ethToUsd": "1995.37",
      "updatedAt": "2025-03-22T19:49:37.755Z"
    },
    {
      "id": 121,
      "usdToUah": "41.527912",
      "btcToUsd": "84203",
      "ethToUsd": "1995.37",
      "updatedAt": "2025-03-22T19:50:07.755Z"
    },
    {
      "id": 122,
      "usdToUah": "41.527912",
      "btcToUsd": "84203",
      "ethToUsd": "1995.37",
      "updatedAt": "2025-03-22T19:50:37.755Z"
    },
    {
      "id": 124,
      "usdToUah": "41.527912",
      "btcToUsd": "84203",
      "ethToUsd": "1995.37",
      "updatedAt": "2025-03-22T19:51:37.755Z"
    },
    {
      "id": 128,
      "usdToUah": "41.527912",
      "btcToUsd": "84164",
      "ethToUsd": "1994.06",
      "updatedAt": "2025-03-22T19:53:37.755Z"
    },
    {
      "id": 129,
      "usdToUah": "41.527912",
      "btcToUsd": "84164",
      "ethToUsd": "1994.06",
      "updatedAt": "2025-03-22T19:54:07.755Z"
    },
    {
      "id": 131,
      "usdToUah": "41.527912",
      "btcToUsd": "84164",
      "ethToUsd": "1994.06",
      "updatedAt": "2025-03-22T19:55:07.755Z"
    },
    {
      "id": 132,
      "usdToUah": "41.527912",
      "btcToUsd": "84164",
      "ethToUsd": "1994.06",
      "updatedAt": "2025-03-22T19:55:37.756Z"
    },
    {
      "id": 133,
      "usdToUah": "41.527912",
      "btcToUsd": "84164",
      "ethToUsd": "1994.06",
      "updatedAt": "2025-03-22T19:56:07.756Z"
    },
    {
      "id": 134,
      "usdToUah": "41.527912",
      "btcToUsd": "84164",
      "ethToUsd": "1994.06",
      "updatedAt": "2025-03-22T19:56:37.756Z"
    },
    {
      "id": 135,
      "usdToUah": "41.527912",
      "btcToUsd": "84164",
      "ethToUsd": "1994.06",
      "updatedAt": "2025-03-22T19:57:07.756Z"
    },
    {
      "id": 136,
      "usdToUah": "41.527912",
      "btcToUsd": "84164",
      "ethToUsd": "1994.06",
      "updatedAt": "2025-03-22T19:57:37.756Z"
    },
    {
      "id": 138,
      "usdToUah": "41.527912",
      "btcToUsd": "84151",
      "ethToUsd": "1993.99",
      "updatedAt": "2025-03-22T19:58:37.756Z"
    },
    {
      "id": 123,
      "usdToUah": "41.527912",
      "btcToUsd": "84203",
      "ethToUsd": "1995.37",
      "updatedAt": "2025-03-22T19:51:07.755Z"
    },
    {
      "id": 125,
      "usdToUah": "41.527912",
      "btcToUsd": "84203",
      "ethToUsd": "1995.37",
      "updatedAt": "2025-03-22T19:52:07.756Z"
    },
    {
      "id": 130,
      "usdToUah": "41.527912",
      "btcToUsd": "84164",
      "ethToUsd": "1994.06",
      "updatedAt": "2025-03-22T19:54:37.755Z"
    },
    {
      "id": 137,
      "usdToUah": "41.527912",
      "btcToUsd": "84151",
      "ethToUsd": "1993.99",
      "updatedAt": "2025-03-22T19:58:07.918Z"
    },
    {
      "id": 126,
      "usdToUah": "41.527912",
      "btcToUsd": "84164",
      "ethToUsd": "1994.06",
      "updatedAt": "2025-03-22T19:52:37.906Z"
    },
    {
      "id": 127,
      "usdToUah": "41.527912",
      "btcToUsd": "84164",
      "ethToUsd": "1994.06",
      "updatedAt": "2025-03-22T19:53:07.755Z"
    },
    {
      "id": 139,
      "usdToUah": "41.527912",
      "btcToUsd": "84151",
      "ethToUsd": "1993.99",
      "updatedAt": "2025-03-22T19:59:07.757Z"
    },
    {
      "id": 140,
      "usdToUah": "41.527912",
      "btcToUsd": "84151",
      "ethToUsd": "1993.99",
      "updatedAt": "2025-03-22T19:59:37.757Z"
    },
    {
      "id": 141,
      "usdToUah": "41.527912",
      "btcToUsd": "84151",
      "ethToUsd": "1993.99",
      "updatedAt": "2025-03-22T20:00:07.757Z"
    },
    {
      "id": 142,
      "usdToUah": "41.527912",
      "btcToUsd": "84151",
      "ethToUsd": "1993.99",
      "updatedAt": "2025-03-22T20:00:37.757Z"
    },
    {
      "id": 143,
      "usdToUah": "41.527912",
      "btcToUsd": "84151",
      "ethToUsd": "1993.99",
      "updatedAt": "2025-03-22T20:01:07.757Z"
    },
    {
      "id": 144,
      "usdToUah": "41.527912",
      "btcToUsd": "84151",
      "ethToUsd": "1993.99",
      "updatedAt": "2025-03-22T20:01:37.758Z"
    },
    {
      "id": 145,
      "usdToUah": "41.527912",
      "btcToUsd": "84151",
      "ethToUsd": "1993.99",
      "updatedAt": "2025-03-22T20:02:07.757Z"
    },
    {
      "id": 146,
      "usdToUah": "41.527912",
      "btcToUsd": "84151",
      "ethToUsd": "1993.99",
      "updatedAt": "2025-03-22T20:02:37.757Z"
    },
    {
      "id": 147,
      "usdToUah": "41.527912",
      "btcToUsd": "84151",
      "ethToUsd": "1993.99",
      "updatedAt": "2025-03-22T20:03:07.757Z"
    },
    {
      "id": 148,
      "usdToUah": "41.527912",
      "btcToUsd": "84170",
      "ethToUsd": "1995.65",
      "updatedAt": "2025-03-22T20:03:37.917Z"
    },
    {
      "id": 149,
      "usdToUah": "41.527912",
      "btcToUsd": "84170",
      "ethToUsd": "1995.65",
      "updatedAt": "2025-03-22T20:04:07.757Z"
    },
    {
      "id": 150,
      "usdToUah": "41.527912",
      "btcToUsd": "84170",
      "ethToUsd": "1995.65",
      "updatedAt": "2025-03-22T20:04:37.757Z"
    },
    {
      "id": 151,
      "usdToUah": "41.527912",
      "btcToUsd": "84170",
      "ethToUsd": "1995.65",
      "updatedAt": "2025-03-22T20:05:07.757Z"
    },
    {
      "id": 152,
      "usdToUah": "41.527912",
      "btcToUsd": "84170",
      "ethToUsd": "1995.65",
      "updatedAt": "2025-03-22T20:05:37.758Z"
    },
    {
      "id": 153,
      "usdToUah": "41.527912",
      "btcToUsd": "84170",
      "ethToUsd": "1995.65",
      "updatedAt": "2025-03-22T20:06:07.757Z"
    },
    {
      "id": 154,
      "usdToUah": "41.527912",
      "btcToUsd": "84170",
      "ethToUsd": "1995.65",
      "updatedAt": "2025-03-22T20:06:37.757Z"
    },
    {
      "id": 155,
      "usdToUah": "41.527912",
      "btcToUsd": "84170",
      "ethToUsd": "1995.65",
      "updatedAt": "2025-03-22T20:07:07.757Z"
    },
    {
      "id": 156,
      "usdToUah": "41.527912",
      "btcToUsd": "84170",
      "ethToUsd": "1995.65",
      "updatedAt": "2025-03-22T20:07:37.757Z"
    },
    {
      "id": 157,
      "usdToUah": "41.527912",
      "btcToUsd": "84170",
      "ethToUsd": "1995.65",
      "updatedAt": "2025-03-22T20:08:07.757Z"
    },
    {
      "id": 158,
      "usdToUah": "41.527912",
      "btcToUsd": "84170",
      "ethToUsd": "1995.65",
      "updatedAt": "2025-03-22T20:08:37.757Z"
    },
    {
      "id": 159,
      "usdToUah": "41.527912",
      "btcToUsd": "84153",
      "ethToUsd": "1996.15",
      "updatedAt": "2025-03-22T20:09:07.907Z"
    },
    {
      "id": 160,
      "usdToUah": "41.527912",
      "btcToUsd": "84153",
      "ethToUsd": "1996.15",
      "updatedAt": "2025-03-22T20:09:37.757Z"
    },
    {
      "id": 161,
      "usdToUah": "41.527912",
      "btcToUsd": "84153",
      "ethToUsd": "1996.15",
      "updatedAt": "2025-03-22T20:10:07.758Z"
    },
    {
      "id": 162,
      "usdToUah": "41.527912",
      "btcToUsd": "84153",
      "ethToUsd": "1996.15",
      "updatedAt": "2025-03-22T20:10:37.757Z"
    },
    {
      "id": 163,
      "usdToUah": "41.527912",
      "btcToUsd": "84153",
      "ethToUsd": "1996.15",
      "updatedAt": "2025-03-22T20:11:07.758Z"
    },
    {
      "id": 164,
      "usdToUah": "41.527912",
      "btcToUsd": "84153",
      "ethToUsd": "1996.15",
      "updatedAt": "2025-03-22T20:11:37.758Z"
    },
    {
      "id": 165,
      "usdToUah": "41.527912",
      "btcToUsd": "84153",
      "ethToUsd": "1996.15",
      "updatedAt": "2025-03-22T20:12:07.760Z"
    },
    {
      "id": 166,
      "usdToUah": "41.527912",
      "btcToUsd": "84153",
      "ethToUsd": "1996.15",
      "updatedAt": "2025-03-22T20:12:37.761Z"
    },
    {
      "id": 167,
      "usdToUah": "41.527912",
      "btcToUsd": "84153",
      "ethToUsd": "1996.15",
      "updatedAt": "2025-03-22T20:13:07.760Z"
    },
    {
      "id": 168,
      "usdToUah": "41.527912",
      "btcToUsd": "84153",
      "ethToUsd": "1996.15",
      "updatedAt": "2025-03-22T20:13:37.760Z"
    },
    {
      "id": 169,
      "usdToUah": "41.527912",
      "btcToUsd": "84153",
      "ethToUsd": "1996.15",
      "updatedAt": "2025-03-22T20:14:07.760Z"
    },
    {
      "id": 170,
      "usdToUah": "41.527912",
      "btcToUsd": "84196",
      "ethToUsd": "2000.07",
      "updatedAt": "2025-03-22T20:14:37.926Z"
    },
    {
      "id": 171,
      "usdToUah": "41.527912",
      "btcToUsd": "84196",
      "ethToUsd": "2000.07",
      "updatedAt": "2025-03-22T20:15:07.761Z"
    },
    {
      "id": 172,
      "usdToUah": "41.527912",
      "btcToUsd": "84196",
      "ethToUsd": "2000.07",
      "updatedAt": "2025-03-22T20:15:37.762Z"
    },
    {
      "id": 173,
      "usdToUah": "41.527912",
      "btcToUsd": "84196",
      "ethToUsd": "2000.07",
      "updatedAt": "2025-03-22T20:16:07.761Z"
    },
    {
      "id": 174,
      "usdToUah": "41.527912",
      "btcToUsd": "84196",
      "ethToUsd": "2000.07",
      "updatedAt": "2025-03-22T20:16:37.761Z"
    },
    {
      "id": 175,
      "usdToUah": "41.527912",
      "btcToUsd": "84196",
      "ethToUsd": "2000.07",
      "updatedAt": "2025-03-22T20:17:07.762Z"
    },
    {
      "id": 176,
      "usdToUah": "41.527912",
      "btcToUsd": "84196",
      "ethToUsd": "2000.07",
      "updatedAt": "2025-03-22T20:17:37.761Z"
    },
    {
      "id": 177,
      "usdToUah": "41.527912",
      "btcToUsd": "84196",
      "ethToUsd": "2000.07",
      "updatedAt": "2025-03-22T20:18:07.761Z"
    },
    {
      "id": 178,
      "usdToUah": "41.527912",
      "btcToUsd": "84196",
      "ethToUsd": "2000.07",
      "updatedAt": "2025-03-22T20:18:37.761Z"
    },
    {
      "id": 179,
      "usdToUah": "41.527912",
      "btcToUsd": "84196",
      "ethToUsd": "2000.07",
      "updatedAt": "2025-03-22T20:19:07.762Z"
    },
    {
      "id": 180,
      "usdToUah": "41.527912",
      "btcToUsd": "84196",
      "ethToUsd": "2000.07",
      "updatedAt": "2025-03-22T20:19:37.763Z"
    },
    {
      "id": 181,
      "usdToUah": "41.527912",
      "btcToUsd": "84139",
      "ethToUsd": "1998.43",
      "updatedAt": "2025-03-22T20:20:07.933Z"
    },
    {
      "id": 182,
      "usdToUah": "41.527912",
      "btcToUsd": "84139",
      "ethToUsd": "1998.43",
      "updatedAt": "2025-03-22T20:20:37.765Z"
    },
    {
      "id": 183,
      "usdToUah": "41.527912",
      "btcToUsd": "84139",
      "ethToUsd": "1998.43",
      "updatedAt": "2025-03-22T20:21:07.765Z"
    },
    {
      "id": 184,
      "usdToUah": "41.527912",
      "btcToUsd": "84139",
      "ethToUsd": "1998.43",
      "updatedAt": "2025-03-22T20:21:37.765Z"
    },
    {
      "id": 185,
      "usdToUah": "41.527912",
      "btcToUsd": "84139",
      "ethToUsd": "1998.43",
      "updatedAt": "2025-03-22T20:22:07.765Z"
    },
    {
      "id": 186,
      "usdToUah": "41.527912",
      "btcToUsd": "84139",
      "ethToUsd": "1998.43",
      "updatedAt": "2025-03-22T20:22:37.765Z"
    },
    {
      "id": 187,
      "usdToUah": "41.527912",
      "btcToUsd": "84139",
      "ethToUsd": "1998.43",
      "updatedAt": "2025-03-22T20:23:07.765Z"
    },
    {
      "id": 188,
      "usdToUah": "41.527912",
      "btcToUsd": "84139",
      "ethToUsd": "1998.43",
      "updatedAt": "2025-03-22T20:23:37.766Z"
    },
    {
      "id": 189,
      "usdToUah": "41.527912",
      "btcToUsd": "84139",
      "ethToUsd": "1998.43",
      "updatedAt": "2025-03-22T20:24:07.766Z"
    },
    {
      "id": 190,
      "usdToUah": "41.527912",
      "btcToUsd": "84139",
      "ethToUsd": "1998.43",
      "updatedAt": "2025-03-22T20:24:37.766Z"
    },
    {
      "id": 191,
      "usdToUah": "41.527912",
      "btcToUsd": "84139",
      "ethToUsd": "1998.43",
      "updatedAt": "2025-03-22T20:25:07.766Z"
    },
    {
      "id": 192,
      "usdToUah": "41.527912",
      "btcToUsd": "84140",
      "ethToUsd": "1998.12",
      "updatedAt": "2025-03-22T20:25:37.928Z"
    },
    {
      "id": 193,
      "usdToUah": "41.527912",
      "btcToUsd": "84140",
      "ethToUsd": "1998.12",
      "updatedAt": "2025-03-22T20:26:07.766Z"
    },
    {
      "id": 194,
      "usdToUah": "41.527912",
      "btcToUsd": "84140",
      "ethToUsd": "1998.12",
      "updatedAt": "2025-03-22T20:26:37.766Z"
    },
    {
      "id": 195,
      "usdToUah": "41.527912",
      "btcToUsd": "84140",
      "ethToUsd": "1998.12",
      "updatedAt": "2025-03-22T20:27:07.766Z"
    },
    {
      "id": 196,
      "usdToUah": "41.527912",
      "btcToUsd": "84140",
      "ethToUsd": "1998.12",
      "updatedAt": "2025-03-22T20:27:37.766Z"
    },
    {
      "id": 197,
      "usdToUah": "41.527912",
      "btcToUsd": "84140",
      "ethToUsd": "1998.12",
      "updatedAt": "2025-03-22T20:28:07.766Z"
    },
    {
      "id": 198,
      "usdToUah": "41.527912",
      "btcToUsd": "84140",
      "ethToUsd": "1998.12",
      "updatedAt": "2025-03-22T20:28:37.766Z"
    },
    {
      "id": 199,
      "usdToUah": "41.527912",
      "btcToUsd": "84140",
      "ethToUsd": "1998.12",
      "updatedAt": "2025-03-22T20:29:07.766Z"
    },
    {
      "id": 200,
      "usdToUah": "41.527912",
      "btcToUsd": "84140",
      "ethToUsd": "1998.12",
      "updatedAt": "2025-03-22T20:29:37.766Z"
    },
    {
      "id": 201,
      "usdToUah": "41.527912",
      "btcToUsd": "84140",
      "ethToUsd": "1998.12",
      "updatedAt": "2025-03-22T20:30:07.766Z"
    },
    {
      "id": 202,
      "usdToUah": "41.527912",
      "btcToUsd": "84140",
      "ethToUsd": "1998.12",
      "updatedAt": "2025-03-22T20:30:37.767Z"
    },
    {
      "id": 203,
      "usdToUah": "41.527912",
      "btcToUsd": "84161",
      "ethToUsd": "1999.49",
      "updatedAt": "2025-03-22T20:31:07.934Z"
    },
    {
      "id": 204,
      "usdToUah": "41.527912",
      "btcToUsd": "84161",
      "ethToUsd": "1999.49",
      "updatedAt": "2025-03-22T20:31:37.767Z"
    },
    {
      "id": 205,
      "usdToUah": "41.527912",
      "btcToUsd": "84161",
      "ethToUsd": "1999.49",
      "updatedAt": "2025-03-22T20:32:07.767Z"
    },
    {
      "id": 206,
      "usdToUah": "41.527912",
      "btcToUsd": "84161",
      "ethToUsd": "1999.49",
      "updatedAt": "2025-03-22T20:32:37.768Z"
    },
    {
      "id": 207,
      "usdToUah": "41.527912",
      "btcToUsd": "84161",
      "ethToUsd": "1999.49",
      "updatedAt": "2025-03-22T20:33:07.768Z"
    },
    {
      "id": 208,
      "usdToUah": "41.527912",
      "btcToUsd": "84161",
      "ethToUsd": "1999.49",
      "updatedAt": "2025-03-22T20:33:37.767Z"
    },
    {
      "id": 209,
      "usdToUah": "41.527912",
      "btcToUsd": "84161",
      "ethToUsd": "1999.49",
      "updatedAt": "2025-03-22T20:34:07.767Z"
    },
    {
      "id": 210,
      "usdToUah": "41.527912",
      "btcToUsd": "84161",
      "ethToUsd": "1999.49",
      "updatedAt": "2025-03-22T20:34:37.767Z"
    },
    {
      "id": 211,
      "usdToUah": "41.527912",
      "btcToUsd": "84161",
      "ethToUsd": "1999.49",
      "updatedAt": "2025-03-22T20:35:07.767Z"
    },
    {
      "id": 212,
      "usdToUah": "41.527912",
      "btcToUsd": "84161",
      "ethToUsd": "1999.49",
      "updatedAt": "2025-03-22T20:35:37.767Z"
    },
    {
      "id": 213,
      "usdToUah": "41.527912",
      "btcToUsd": "84161",
      "ethToUsd": "1999.49",
      "updatedAt": "2025-03-22T20:36:07.768Z"
    },
    {
      "id": 214,
      "usdToUah": "41.527912",
      "btcToUsd": "84182",
      "ethToUsd": "2000.18",
      "updatedAt": "2025-03-22T20:36:37.928Z"
    },
    {
      "id": 215,
      "usdToUah": "41.527912",
      "btcToUsd": "84182",
      "ethToUsd": "2000.18",
      "updatedAt": "2025-03-22T20:37:07.768Z"
    },
    {
      "id": 216,
      "usdToUah": "41.527912",
      "btcToUsd": "84182",
      "ethToUsd": "2000.18",
      "updatedAt": "2025-03-22T20:37:37.768Z"
    },
    {
      "id": 217,
      "usdToUah": "41.527912",
      "btcToUsd": "84182",
      "ethToUsd": "2000.18",
      "updatedAt": "2025-03-22T20:38:07.768Z"
    },
    {
      "id": 218,
      "usdToUah": "41.527912",
      "btcToUsd": "84182",
      "ethToUsd": "2000.18",
      "updatedAt": "2025-03-22T20:38:37.768Z"
    },
    {
      "id": 219,
      "usdToUah": "41.527912",
      "btcToUsd": "84182",
      "ethToUsd": "2000.18",
      "updatedAt": "2025-03-22T20:39:07.768Z"
    },
    {
      "id": 220,
      "usdToUah": "41.527912",
      "btcToUsd": "84182",
      "ethToUsd": "2000.18",
      "updatedAt": "2025-03-22T20:39:37.768Z"
    },
    {
      "id": 221,
      "usdToUah": "41.527912",
      "btcToUsd": "84182",
      "ethToUsd": "2000.18",
      "updatedAt": "2025-03-22T20:40:07.768Z"
    },
    {
      "id": 222,
      "usdToUah": "41.527912",
      "btcToUsd": "84182",
      "ethToUsd": "2000.18",
      "updatedAt": "2025-03-22T20:40:37.768Z"
    },
    {
      "id": 223,
      "usdToUah": "41.527912",
      "btcToUsd": "84182",
      "ethToUsd": "2000.18",
      "updatedAt": "2025-03-22T20:41:07.768Z"
    },
    {
      "id": 224,
      "usdToUah": "41.527912",
      "btcToUsd": "84182",
      "ethToUsd": "2000.18",
      "updatedAt": "2025-03-22T20:41:37.768Z"
    },
    {
      "id": 225,
      "usdToUah": "41.527912",
      "btcToUsd": "84146",
      "ethToUsd": "2000.31",
      "updatedAt": "2025-03-22T20:42:07.958Z"
    },
    {
      "id": 226,
      "usdToUah": "41.527912",
      "btcToUsd": "84146",
      "ethToUsd": "2000.31",
      "updatedAt": "2025-03-22T20:42:37.769Z"
    },
    {
      "id": 227,
      "usdToUah": "41.527912",
      "btcToUsd": "84146",
      "ethToUsd": "2000.31",
      "updatedAt": "2025-03-22T20:43:07.770Z"
    },
    {
      "id": 228,
      "usdToUah": "41.527912",
      "btcToUsd": "84146",
      "ethToUsd": "2000.31",
      "updatedAt": "2025-03-22T20:43:37.770Z"
    },
    {
      "id": 229,
      "usdToUah": "41.527912",
      "btcToUsd": "84146",
      "ethToUsd": "2000.31",
      "updatedAt": "2025-03-22T20:44:07.769Z"
    },
    {
      "id": 230,
      "usdToUah": "41.527912",
      "btcToUsd": "84146",
      "ethToUsd": "2000.31",
      "updatedAt": "2025-03-22T20:44:37.770Z"
    },
    {
      "id": 231,
      "usdToUah": "41.527912",
      "btcToUsd": "84146",
      "ethToUsd": "2000.31",
      "updatedAt": "2025-03-22T20:45:07.769Z"
    },
    {
      "id": 232,
      "usdToUah": "41.527912",
      "btcToUsd": "84146",
      "ethToUsd": "2000.31",
      "updatedAt": "2025-03-22T20:45:37.769Z"
    },
    {
      "id": 233,
      "usdToUah": "41.527912",
      "btcToUsd": "84146",
      "ethToUsd": "2000.31",
      "updatedAt": "2025-03-22T20:46:07.769Z"
    },
    {
      "id": 234,
      "usdToUah": "41.527912",
      "btcToUsd": "84146",
      "ethToUsd": "2000.31",
      "updatedAt": "2025-03-22T20:46:37.770Z"
    },
    {
      "id": 235,
      "usdToUah": "41.527912",
      "btcToUsd": "84146",
      "ethToUsd": "2000.31",
      "updatedAt": "2025-03-22T20:47:07.770Z"
    },
    {
      "id": 236,
      "usdToUah": "41.527912",
      "btcToUsd": "84147",
      "ethToUsd": "1999.81",
      "updatedAt": "2025-03-22T20:47:37.927Z"
    },
    {
      "id": 237,
      "usdToUah": "41.527912",
      "btcToUsd": "84147",
      "ethToUsd": "1999.81",
      "updatedAt": "2025-03-22T20:48:07.769Z"
    },
    {
      "id": 238,
      "usdToUah": "41.527912",
      "btcToUsd": "84147",
      "ethToUsd": "1999.81",
      "updatedAt": "2025-03-22T20:48:37.769Z"
    },
    {
      "id": 239,
      "usdToUah": "41.527912",
      "btcToUsd": "84147",
      "ethToUsd": "1999.81",
      "updatedAt": "2025-03-22T20:49:07.769Z"
    },
    {
      "id": 240,
      "usdToUah": "41.527912",
      "btcToUsd": "84147",
      "ethToUsd": "1999.81",
      "updatedAt": "2025-03-22T20:49:37.769Z"
    },
    {
      "id": 241,
      "usdToUah": "41.527912",
      "btcToUsd": "84147",
      "ethToUsd": "1999.81",
      "updatedAt": "2025-03-22T20:50:07.770Z"
    },
    {
      "id": 242,
      "usdToUah": "41.527912",
      "btcToUsd": "84147",
      "ethToUsd": "1999.81",
      "updatedAt": "2025-03-22T20:50:37.770Z"
    },
    {
      "id": 243,
      "usdToUah": "41.527912",
      "btcToUsd": "84147",
      "ethToUsd": "1999.81",
      "updatedAt": "2025-03-22T20:51:07.770Z"
    },
    {
      "id": 244,
      "usdToUah": "41.527912",
      "btcToUsd": "84147",
      "ethToUsd": "1999.81",
      "updatedAt": "2025-03-22T20:51:37.770Z"
    },
    {
      "id": 245,
      "usdToUah": "41.527912",
      "btcToUsd": "84147",
      "ethToUsd": "1999.81",
      "updatedAt": "2025-03-22T20:52:07.770Z"
    },
    {
      "id": 246,
      "usdToUah": "41.527912",
      "btcToUsd": "84147",
      "ethToUsd": "1999.81",
      "updatedAt": "2025-03-22T20:52:37.771Z"
    },
    {
      "id": 247,
      "usdToUah": "41.527912",
      "btcToUsd": "84049",
      "ethToUsd": "1997.3",
      "updatedAt": "2025-03-22T20:53:07.938Z"
    },
    {
      "id": 248,
      "usdToUah": "41.527912",
      "btcToUsd": "84049",
      "ethToUsd": "1997.3",
      "updatedAt": "2025-03-22T20:53:37.771Z"
    },
    {
      "id": 249,
      "usdToUah": "41.527912",
      "btcToUsd": "84049",
      "ethToUsd": "1997.3",
      "updatedAt": "2025-03-22T20:54:07.772Z"
    },
    {
      "id": 250,
      "usdToUah": "41.527912",
      "btcToUsd": "84049",
      "ethToUsd": "1997.3",
      "updatedAt": "2025-03-22T20:54:37.771Z"
    },
    {
      "id": 251,
      "usdToUah": "41.527912",
      "btcToUsd": "84049",
      "ethToUsd": "1997.3",
      "updatedAt": "2025-03-22T20:55:07.771Z"
    },
    {
      "id": 252,
      "usdToUah": "41.527912",
      "btcToUsd": "84049",
      "ethToUsd": "1997.3",
      "updatedAt": "2025-03-22T20:55:37.771Z"
    },
    {
      "id": 253,
      "usdToUah": "41.527912",
      "btcToUsd": "84049",
      "ethToUsd": "1997.3",
      "updatedAt": "2025-03-22T20:56:07.771Z"
    },
    {
      "id": 254,
      "usdToUah": "41.527912",
      "btcToUsd": "84049",
      "ethToUsd": "1997.3",
      "updatedAt": "2025-03-22T20:56:37.772Z"
    },
    {
      "id": 255,
      "usdToUah": "41.527912",
      "btcToUsd": "84049",
      "ethToUsd": "1997.3",
      "updatedAt": "2025-03-22T20:57:07.771Z"
    },
    {
      "id": 256,
      "usdToUah": "41.527912",
      "btcToUsd": "84049",
      "ethToUsd": "1997.3",
      "updatedAt": "2025-03-22T20:57:37.771Z"
    },
    {
      "id": 257,
      "usdToUah": "41.527912",
      "btcToUsd": "84049",
      "ethToUsd": "1997.3",
      "updatedAt": "2025-03-22T20:58:07.772Z"
    },
    {
      "id": 261,
      "usdToUah": "41.527912",
      "btcToUsd": "84007",
      "ethToUsd": "1995.35",
      "updatedAt": "2025-03-22T21:00:07.773Z"
    },
    {
      "id": 262,
      "usdToUah": "41.527912",
      "btcToUsd": "84007",
      "ethToUsd": "1995.35",
      "updatedAt": "2025-03-22T21:00:37.773Z"
    },
    {
      "id": 263,
      "usdToUah": "41.527912",
      "btcToUsd": "84007",
      "ethToUsd": "1995.35",
      "updatedAt": "2025-03-22T21:01:07.773Z"
    },
    {
      "id": 266,
      "usdToUah": "41.527912",
      "btcToUsd": "84007",
      "ethToUsd": "1995.35",
      "updatedAt": "2025-03-22T21:02:37.775Z"
    },
    {
      "id": 258,
      "usdToUah": "41.527912",
      "btcToUsd": "84007",
      "ethToUsd": "1995.35",
      "updatedAt": "2025-03-22T20:58:37.931Z"
    },
    {
      "id": 259,
      "usdToUah": "41.527912",
      "btcToUsd": "84007",
      "ethToUsd": "1995.35",
      "updatedAt": "2025-03-22T20:59:07.773Z"
    },
    {
      "id": 260,
      "usdToUah": "41.527912",
      "btcToUsd": "84007",
      "ethToUsd": "1995.35",
      "updatedAt": "2025-03-22T20:59:37.772Z"
    },
    {
      "id": 264,
      "usdToUah": "41.527912",
      "btcToUsd": "84007",
      "ethToUsd": "1995.35",
      "updatedAt": "2025-03-22T21:01:37.774Z"
    },
    {
      "id": 265,
      "usdToUah": "41.527912",
      "btcToUsd": "84007",
      "ethToUsd": "1995.35",
      "updatedAt": "2025-03-22T21:02:07.774Z"
    },
    {
      "id": 267,
      "usdToUah": "41.527912",
      "btcToUsd": "84007",
      "ethToUsd": "1995.35",
      "updatedAt": "2025-03-22T21:03:07.775Z"
    },
    {
      "id": 268,
      "usdToUah": "41.527912",
      "btcToUsd": "84007",
      "ethToUsd": "1995.35",
      "updatedAt": "2025-03-22T21:03:37.776Z"
    },
    {
      "id": 269,
      "usdToUah": "41.527912",
      "btcToUsd": "83873",
      "ethToUsd": "1991.05",
      "updatedAt": "2025-03-22T21:04:07.926Z"
    },
    {
      "id": 270,
      "usdToUah": "41.527912",
      "btcToUsd": "83873",
      "ethToUsd": "1991.05",
      "updatedAt": "2025-03-22T21:04:37.777Z"
    },
    {
      "id": 271,
      "usdToUah": "41.527912",
      "btcToUsd": "83873",
      "ethToUsd": "1991.05",
      "updatedAt": "2025-03-22T21:05:07.777Z"
    },
    {
      "id": 272,
      "usdToUah": "41.527912",
      "btcToUsd": "83873",
      "ethToUsd": "1991.05",
      "updatedAt": "2025-03-22T21:05:37.776Z"
    },
    {
      "id": 273,
      "usdToUah": "41.527912",
      "btcToUsd": "83873",
      "ethToUsd": "1991.05",
      "updatedAt": "2025-03-22T21:06:07.776Z"
    },
    {
      "id": 274,
      "usdToUah": "41.527912",
      "btcToUsd": "83873",
      "ethToUsd": "1991.05",
      "updatedAt": "2025-03-22T21:06:37.776Z"
    },
    {
      "id": 275,
      "usdToUah": "41.527912",
      "btcToUsd": "83873",
      "ethToUsd": "1991.05",
      "updatedAt": "2025-03-22T21:07:07.776Z"
    },
    {
      "id": 276,
      "usdToUah": "41.527912",
      "btcToUsd": "83873",
      "ethToUsd": "1991.05",
      "updatedAt": "2025-03-22T21:07:37.777Z"
    },
    {
      "id": 277,
      "usdToUah": "41.527912",
      "btcToUsd": "83873",
      "ethToUsd": "1991.05",
      "updatedAt": "2025-03-22T21:08:07.776Z"
    },
    {
      "id": 278,
      "usdToUah": "41.527912",
      "btcToUsd": "83873",
      "ethToUsd": "1991.05",
      "updatedAt": "2025-03-22T21:08:37.776Z"
    }
  ],
  "backupDate": "2025-03-22T21-09-08-276Z",
  "version": "1.0"
}