[
  {
    "id": 14,
    "fromCardId": 34,
    "toCardId": 2,
    "amount": "0.01",
    "convertedAmount": "0.00000012023999903808",
    "type": "commission",
    "wallet": null,
    "status": "completed",
    "createdAt": "2025-03-21T14:15:03.551Z",
    "description": "Комиссия за перевод (0.00000012 BTC)",
    "fromCardNumber": "4111608844434692",
    "toCardNumber": "REGULATOR"
  },
  {
    "id": 51,
    "fromCardId": 13,
    "toCardId": 2,
    "amount": "0.02",
    "convertedAmount": "0.02",
    "type": "commission",
    "wallet": null,
    "status": "completed",
    "createdAt": "2025-03-21T19:55:25.912Z",
    "description": "Комиссия за перевод криптовалюты (0.02000000 BTC)",
    "fromCardNumber": "4000101461947771",
    "toCardNumber": "REGULATOR"
  },
  {
    "id": 47,
    "fromCardId": 13,
    "toCardId": 2,
    "amount": "0.01",
    "convertedAmount": "1.1894425082963615e-7",
    "type": "commission",
    "wallet": null,
    "status": "completed",
    "createdAt": "2025-03-21T19:18:55.251Z",
    "description": "Комиссия за перевод (0.00000012 BTC)",
    "fromCardNumber": "4000101461947771",
    "toCardNumber": "REGULATOR"
  },
  {
    "id": 43,
    "fromCardId": 91,
    "toCardId": 2,
    "amount": "0.002",
    "convertedAmount": "2.3733238400379734e-8",
    "type": "commission",
    "wallet": null,
    "status": "completed",
    "createdAt": "2025-03-21T18:51:32.633Z",
    "description": "Комиссия за перевод (0.00000002 BTC)",
    "fromCardNumber": "4111448008862359",
    "toCardNumber": "REGULATOR"
  },
  {
    "id": 39,
    "fromCardId": 13,
    "toCardId": 2,
    "amount": "0.01",
    "convertedAmount": "0.01",
    "type": "commission",
    "wallet": null,
    "status": "completed",
    "createdAt": "2025-03-21T18:39:46.176Z",
    "description": "Комиссия за перевод криптовалюты (0.01000000 BTC)",
    "fromCardNumber": "4000101461947771",
    "toCardNumber": "REGULATOR"
  },
  {
    "id": 35,
    "fromCardId": 13,
    "toCardId": 2,
    "amount": "0.02",
    "convertedAmount": "0.02",
    "type": "commission",
    "wallet": null,
    "status": "completed",
    "createdAt": "2025-03-21T17:54:16.669Z",
    "description": "Комиссия за перевод криптовалюты (0.02000000 BTC)",
    "fromCardNumber": "4000101461947771",
    "toCardNumber": "REGULATOR"
  },
  {
    "id": 12,
    "fromCardId": 13,
    "toCardId": 2,
    "amount": "0.34",
    "convertedAmount": "0.34",
    "type": "commission",
    "wallet": null,
    "status": "completed",
    "createdAt": "2025-03-21T14:15:03.551Z",
    "description": "Комиссия за перевод криптовалюты (0.34000000 BTC)",
    "fromCardNumber": "4000101461947771",
    "toCardNumber": "REGULATOR"
  },
  {
    "id": 53,
    "fromCardId": 13,
    "toCardId": 5,
    "amount": "0.01",
    "convertedAmount": "1.1886083773118433e-7",
    "type": "commission",
    "wallet": null,
    "status": "completed",
    "createdAt": "2025-03-21T22:53:54.452Z",
    "description": "Комиссия за перевод (0.00000012 BTC)",
    "fromCardNumber": "4000101461947771",
    "toCardNumber": "REGULATOR"
  },
  {
    "id": 37,
    "fromCardId": 13,
    "toCardId": 5,
    "amount": "0.02",
    "convertedAmount": "0.02",
    "type": "commission",
    "wallet": null,
    "status": "completed",
    "createdAt": "2025-03-21T18:26:45.168Z",
    "description": "Комиссия за перевод криптовалюты (0.02000000 BTC)",
    "fromCardNumber": "4000101461947771",
    "toCardNumber": "REGULATOR"
  },
  {
    "id": 41,
    "fromCardId": 13,
    "toCardId": 5,
    "amount": "0.01",
    "convertedAmount": "0.01",
    "type": "commission",
    "wallet": null,
    "status": "completed",
    "createdAt": "2025-03-21T18:49:40.569Z",
    "description": "Комиссия за перевод криптовалюты (0.01000000 BTC)",
    "fromCardNumber": "4000101461947771",
    "toCardNumber": "REGULATOR"
  },
  {
    "id": 45,
    "fromCardId": 92,
    "toCardId": 5,
    "amount": "10",
    "convertedAmount": "0.00011906604593568053",
    "type": "commission",
    "wallet": null,
    "status": "completed",
    "createdAt": "2025-03-21T19:11:40.805Z",
    "description": "Комиссия за перевод (0.00011907 BTC)",
    "fromCardNumber": "4112967511269249",
    "toCardNumber": "REGULATOR"
  },
  {
    "id": 49,
    "fromCardId": 92,
    "toCardId": 5,
    "amount": "300",
    "convertedAmount": "0.003578457684737878",
    "type": "commission",
    "wallet": null,
    "status": "completed",
    "createdAt": "2025-03-21T19:45:39.434Z",
    "description": "Комиссия за перевод криптовалюты (0.00357846 BTC)",
    "fromCardNumber": "4112967511269249",
    "toCardNumber": "REGULATOR"
  },
  {
    "id": 11,
    "fromCardId": 13,
    "toCardId": 34,
    "amount": "34",
    "convertedAmount": "34",
    "type": "crypto_transfer",
    "wallet": "1L3g4xY6XV1F5YZXt5Qyrc8fiPh1w9eu3y",
    "status": "completed",
    "createdAt": "2025-03-21T14:15:03.551Z",
    "description": "Отправка 34.00000000 BTC на 1L3g4xY6XV1F5YZXt5Qyrc8fiPh1w9eu3y",
    "fromCardNumber": "4000101461947771",
    "toCardNumber": "4111608844434692"
  },
  {
    "id": 13,
    "fromCardId": 34,
    "toCardId": 35,
    "amount": "1",
    "convertedAmount": "83167",
    "type": "transfer",
    "wallet": null,
    "status": "completed",
    "createdAt": "2025-03-21T14:15:03.551Z",
    "description": "Перевод 1.00000000 CRYPTO → 83167.00 USD (курс: 83167.00)",
    "fromCardNumber": "4111608844434692",
    "toCardNumber": "4112387550332652"
  },
  {
    "id": 48,
    "fromCardId": 92,
    "toCardId": 91,
    "amount": "30000",
    "convertedAmount": "0.3578457684737878",
    "type": "crypto_transfer",
    "wallet": "1ETADiiQQQUyQjwQiRrd6sn4PjfhnGZoY1",
    "status": "completed",
    "createdAt": "2025-03-21T19:45:39.434Z",
    "description": "Конвертация 30000.00 USD → 0.35784577 BTC и отправка на 1ETADiiQQQUyQjwQiRrd6sn4PjfhnGZoY1",
    "fromCardNumber": "4112967511269249",
    "toCardNumber": "4111448008862359"
  },
  {
    "id": 40,
    "fromCardId": 13,
    "toCardId": 91,
    "amount": "1",
    "convertedAmount": "1",
    "type": "crypto_transfer",
    "wallet": "1ETADiiQQQUyQjwQiRrd6sn4PjfhnGZoY1",
    "status": "completed",
    "createdAt": "2025-03-21T18:49:40.569Z",
    "description": "Отправка 1.00000000 BTC на 1ETADiiQQQUyQjwQiRrd6sn4PjfhnGZoY1",
    "fromCardNumber": "4000101461947771",
    "toCardNumber": "4111448008862359"
  },
  {
    "id": 50,
    "fromCardId": 13,
    "toCardId": 91,
    "amount": "2",
    "convertedAmount": "2",
    "type": "crypto_transfer",
    "wallet": "1ETADiiQQQUyQjwQiRrd6sn4PjfhnGZoY1",
    "status": "completed",
    "createdAt": "2025-03-21T19:55:25.912Z",
    "description": "Отправка 2.00000000 BTC на 1ETADiiQQQUyQjwQiRrd6sn4PjfhnGZoY1",
    "fromCardNumber": "4000101461947771",
    "toCardNumber": "4111448008862359"
  },
  {
    "id": 42,
    "fromCardId": 91,
    "toCardId": 92,
    "amount": "0.2",
    "convertedAmount": "16854",
    "type": "transfer",
    "wallet": null,
    "status": "completed",
    "createdAt": "2025-03-21T18:51:32.589Z",
    "description": "Перевод 0.20000000 CRYPTO → 16854.00 USD (курс: 84270.00)",
    "fromCardNumber": "4111448008862359",
    "toCardNumber": "4112967511269249"
  },
  {
    "id": 46,
    "fromCardId": 13,
    "toCardId": 92,
    "amount": "1",
    "convertedAmount": "84073",
    "type": "transfer",
    "wallet": null,
    "status": "completed",
    "createdAt": "2025-03-21T19:18:55.205Z",
    "description": "Перевод 1.00000000 CRYPTO → 84073.00 USD (курс: 84073.00)",
    "fromCardNumber": "4000101461947771",
    "toCardNumber": "4112967511269249"
  },
  {
    "id": 52,
    "fromCardId": 13,
    "toCardId": 93,
    "amount": "1",
    "convertedAmount": "3497839.3046520003",
    "type": "transfer",
    "wallet": null,
    "status": "completed",
    "createdAt": "2025-03-21T22:53:54.399Z",
    "description": "Перевод 1.00000000 CRYPTO → 3497839.30 UAH (курс: 3497839.30)",
    "fromCardNumber": "4000101461947771",
    "toCardNumber": "4113516001378315"
  },
  {
    "id": 44,
    "fromCardId": 92,
    "toCardId": 93,
    "amount": "1000",
    "convertedAmount": "41575.611000000004",
    "type": "transfer",
    "wallet": null,
    "status": "completed",
    "createdAt": "2025-03-21T19:11:40.758Z",
    "description": "Перевод 1000.00 USD → 41575.61 UAH (курс: 41.58)",
    "fromCardNumber": "4112967511269249",
    "toCardNumber": "4113516001378315"
  },
  {
    "id": 9,
    "fromCardId": 13,
    "toCardId": null,
    "amount": "164.85",
    "convertedAmount": "164.85",
    "type": "withdrawal",
    "wallet": "1BTC000005c76e03739156312f66b7d3",
    "status": "pending",
    "createdAt": "2025-03-21T14:15:03.551Z",
    "description": "Снятие средств",
    "fromCardNumber": "40006734456250066",
    "toCardNumber": ""
  },
  {
    "id": 8,
    "fromCardId": 14,
    "toCardId": null,
    "amount": "525.05",
    "convertedAmount": "525.05",
    "type": "withdrawal",
    "wallet": "1BTC000005d48db8d26641337e6a7f3e",
    "status": "pending",
    "createdAt": "2025-03-21T14:15:03.551Z",
    "description": "Снятие средств",
    "fromCardNumber": "4111437867524511",
    "toCardNumber": ""
  },
  {
    "id": 7,
    "fromCardId": 14,
    "toCardId": null,
    "amount": "236.11",
    "convertedAmount": "236.11",
    "type": "deposit",
    "wallet": "1BTC000005a32156854a20c050b4da58",
    "status": "completed",
    "createdAt": "2025-03-21T14:15:03.551Z",
    "description": "Пополнение счета",
    "fromCardNumber": "4111437867524511",
    "toCardNumber": ""
  },
  {
    "id": 6,
    "fromCardId": 13,
    "toCardId": null,
    "amount": "614.84",
    "convertedAmount": "614.84",
    "type": "deposit",
    "wallet": "0xB7E8f8D7a7671FA8f368EE771cd4BC02f51679c7",
    "status": "completed",
    "createdAt": "2025-03-21T14:15:03.551Z",
    "description": "Пополнение счета",
    "fromCardNumber": "40006734456250066",
    "toCardNumber": ""
  },
  {
    "id": 10,
    "fromCardId": 15,
    "toCardId": null,
    "amount": "692.03",
    "convertedAmount": "28546.24",
    "type": "exchange",
    "wallet": null,
    "status": "completed",
    "createdAt": "2025-03-21T14:15:03.551Z",
    "description": "Обмен валюты",
    "fromCardNumber": "55555175370227243",
    "toCardNumber": ""
  },
  {
    "id": 34,
    "fromCardId": 13,
    "toCardId": null,
    "amount": "2",
    "convertedAmount": "2",
    "type": "crypto_transfer",
    "wallet": "1ETADiiQQQUyQjwQiRrd6sn4PjfhnGZoY1",
    "status": "completed",
    "createdAt": "2025-03-21T17:54:16.622Z",
    "description": "Отправка 2.00000000 BTC на 1ETADiiQQQUyQjwQiRrd6sn4PjfhnGZoY1",
    "fromCardNumber": "4000101461947771",
    "toCardNumber": ""
  },
  {
    "id": 38,
    "fromCardId": 13,
    "toCardId": null,
    "amount": "1",
    "convertedAmount": "1",
    "type": "crypto_transfer",
    "wallet": "1ETADiiQQQUyQjwQiRrd6sn4PjfhnGZoY1",
    "status": "completed",
    "createdAt": "2025-03-21T18:39:46.176Z",
    "description": "Отправка 1.00000000 BTC на 1ETADiiQQQUyQjwQiRrd6sn4PjfhnGZoY1",
    "fromCardNumber": "4000101461947771",
    "toCardNumber": ""
  },
  {
    "id": 36,
    "fromCardId": 13,
    "toCardId": null,
    "amount": "2",
    "convertedAmount": "2",
    "type": "crypto_transfer",
    "wallet": "1ETADiiQQQUyQjwQiRrd6sn4PjfhnGZoY1",
    "status": "completed",
    "createdAt": "2025-03-21T18:26:45.168Z",
    "description": "Отправка 2.00000000 BTC на 1ETADiiQQQUyQjwQiRrd6sn4PjfhnGZoY1",
    "fromCardNumber": "4000101461947771",
    "toCardNumber": ""
  },
  {
    "id": 54,
    "fromCardId": 13,
    "toCardId": 94,
    "amount": "0.1",
    "convertedAmount": "0.1",
    "type": "crypto_transfer",
    "wallet": "1MhprVFAKXW5URUYK7xKLq7fk4ry8Cq851",
    "status": "completed",
    "createdAt": "2025-03-23T13:39:09.913Z",
    "description": "Отправка 0.10000000 BTC на 1MhprVFAKXW5URUYK7xKLq7fk4ry8Cq851",
    "fromCardNumber": "4000101461947771",
    "toCardNumber": "4111151178490202"
  },
  {
    "id": 55,
    "fromCardId": 13,
    "toCardId": 2,
    "amount": "0.001",
    "convertedAmount": "0.001",
    "type": "commission",
    "wallet": null,
    "status": "completed",
    "createdAt": "2025-03-23T13:39:09.989Z",
    "description": "Комиссия за перевод криптовалюты (0.00100000 BTC)",
    "fromCardNumber": "4000101461947771",
    "toCardNumber": "REGULATOR"
  },
  {
    "id": 56,
    "fromCardId": 94,
    "toCardId": 95,
    "amount": "0.01",
    "convertedAmount": "849.84",
    "type": "transfer",
    "wallet": null,
    "status": "completed",
    "createdAt": "2025-03-23T13:40:00.099Z",
    "description": "Перевод 0.01000000 CRYPTO → 849.84 USD (курс: 84984.00)",
    "fromCardNumber": "4111151178490202",
    "toCardNumber": "4112376747946500"
  },
  {
    "id": 57,
    "fromCardId": 94,
    "toCardId": 5,
    "amount": "0.0001",
    "convertedAmount": "1.1766920832156642e-9",
    "type": "commission",
    "wallet": null,
    "status": "completed",
    "createdAt": "2025-03-23T13:40:00.164Z",
    "description": "Комиссия за перевод (0.00000000 BTC)",
    "fromCardNumber": "4111151178490202",
    "toCardNumber": "REGULATOR"
  },
  {
    "id": 58,
    "fromCardId": 13,
    "toCardId": null,
    "amount": "1",
    "convertedAmount": "1",
    "type": "crypto_transfer",
    "wallet": "0x9A28cD7272f0D3ED3272ECEA195c8762dE75708D",
    "status": "completed",
    "createdAt": "2025-03-23T13:51:27.400Z",
    "description": "Отправка 1.00000000 ETH на 0x9A28cD7272f0D3ED3272ECEA195c8762dE75708D",
    "fromCardNumber": "4000101461947771",
    "toCardNumber": ""
  },
  {
    "id": 59,
    "fromCardId": 13,
    "toCardId": 2,
    "amount": "0.01",
    "convertedAmount": "0.01",
    "type": "commission",
    "wallet": null,
    "status": "completed",
    "createdAt": "2025-03-23T13:51:27.471Z",
    "description": "Комиссия за перевод криптовалюты (0.01000000 BTC)",
    "fromCardNumber": "4000101461947771",
    "toCardNumber": "REGULATOR"
  },
  {
    "id": 60,
    "fromCardId": 13,
    "toCardId": null,
    "amount": "1",
    "convertedAmount": "0.023743951968921068",
    "type": "crypto_transfer",
    "wallet": "0x9A28cD7272f0D3ED3272ECEA195c8762dE75708D",
    "status": "completed",
    "createdAt": "2025-03-23T13:57:26.941Z",
    "description": "Отправка 1.00000000 ETH на адрес 0x9A28cD7272f0D3ED3272ECEA195c8762dE75708D",
    "fromCardNumber": "4000101461947771",
    "toCardNumber": ""
  },
  {
    "id": 61,
    "fromCardId": 13,
    "toCardId": 5,
    "amount": "0.01",
    "convertedAmount": "0.00023743951968921068",
    "type": "commission",
    "wallet": null,
    "status": "completed",
    "createdAt": "2025-03-23T13:57:27.020Z",
    "description": "Комиссия за перевод ETH (0.01000000 ETH ~ 0.00023744 BTC)",
    "fromCardNumber": "4000101461947771",
    "toCardNumber": "REGULATOR"
  },
  {
    "id": 62,
    "fromCardId": 13,
    "toCardId": null,
    "amount": "1",
    "convertedAmount": "0.02372569558871993",
    "type": "crypto_transfer",
    "wallet": "0x9A28cD7272f0D3ED3272ECEA195c8762dE75708D",
    "status": "completed",
    "createdAt": "2025-03-23T14:17:04.422Z",
    "description": "Отправка 1.00000000 ETH на адрес 0x9A28cD7272f0D3ED3272ECEA195c8762dE75708D (СИМУЛЯЦИЯ - средства списаны, но блокчейн-транзакция не выполнена)",
    "fromCardNumber": "4000101461947771",
    "toCardNumber": ""
  },
  {
    "id": 63,
    "fromCardId": 13,
    "toCardId": 2,
    "amount": "0.01",
    "convertedAmount": "0.0002372569558871993",
    "type": "commission",
    "wallet": null,
    "status": "completed",
    "createdAt": "2025-03-23T14:17:04.501Z",
    "description": "Комиссия за перевод ETH (0.01000000 ETH ~ 0.00023726 BTC)",
    "fromCardNumber": "4000101461947771",
    "toCardNumber": "REGULATOR"
  },
  {
    "id": 64,
    "fromCardId": 13,
    "toCardId": 94,
    "amount": "1",
    "convertedAmount": "1",
    "type": "crypto_transfer",
    "wallet": "1MhprVFAKXW5URUYK7xKLq7fk4ry8Cq851",
    "status": "completed",
    "createdAt": "2025-03-23T14:29:51.306Z",
    "description": "Отправка 1.00000000 BTC на адрес 1MhprVFAKXW5URUYK7xKLq7fk4ry8Cq851 (внутренний перевод)",
    "fromCardNumber": "4000101461947771",
    "toCardNumber": "4111151178490202"
  },
  {
    "id": 65,
    "fromCardId": 13,
    "toCardId": 5,
    "amount": "0.01",
    "convertedAmount": "0.01",
    "type": "commission",
    "wallet": null,
    "status": "completed",
    "createdAt": "2025-03-23T14:29:51.374Z",
    "description": "Комиссия за перевод BTC (0.01000000 BTC)",
    "fromCardNumber": "4000101461947771",
    "toCardNumber": "REGULATOR"
  },
  {
    "id": 66,
    "fromCardId": 13,
    "toCardId": null,
    "amount": "1",
    "convertedAmount": "0.02367973786876937",
    "type": "crypto_transfer",
    "wallet": "0x9A28cD7272f0D3ED3272ECEA195c8762dE75708D",
    "status": "completed",
    "createdAt": "2025-03-23T14:30:17.291Z",
    "description": "Отправка 1.00000000 ETH на адрес 0x9A28cD7272f0D3ED3272ECEA195c8762dE75708D (СИМУЛЯЦИЯ - средства списаны, но блокчейн-транзакция не выполнена)",
    "fromCardNumber": "4000101461947771",
    "toCardNumber": ""
  },
  {
    "id": 67,
    "fromCardId": 13,
    "toCardId": 2,
    "amount": "0.01",
    "convertedAmount": "0.00023679737868769371",
    "type": "commission",
    "wallet": null,
    "status": "completed",
    "createdAt": "2025-03-23T14:30:17.361Z",
    "description": "Комиссия за перевод ETH (0.01000000 ETH ~ 0.00023680 BTC)",
    "fromCardNumber": "4000101461947771",
    "toCardNumber": "REGULATOR"
  }
]