[
  {
    "id": 1,
    "usdToUah": "41.41",
    "btcToUsd": "92398.00",
    "ethToUsd": "2354.89",
    "updatedAt": "2025-03-03T10:59:30.446Z"
  },
  {
    "id": 2,
    "usdToUah": "41.41",
    "btcToUsd": "92398.00",
    "ethToUsd": "2354.89",
    "updatedAt": "2025-03-03T10:59:59.786Z"
  },
  {
    "id": 3,
    "usdToUah": "41.41",
    "btcToUsd": "92398.00",
    "ethToUsd": "2354.89",
    "updatedAt": "2025-03-03T11:00:29.786Z"
  },
  {
    "id": 4,
    "usdToUah": "41.41",
    "btcToUsd": "92398.00",
    "ethToUsd": "2354.89",
    "updatedAt": "2025-03-03T11:00:59.787Z"
  },
  {
    "id": 5,
    "usdToUah": "41.41",
    "btcToUsd": "92398.00",
    "ethToUsd": "2354.89",
    "updatedAt": "2025-03-03T11:01:29.787Z"
  },
  {
    "id": 6,
    "usdToUah": "41.41",
    "btcToUsd": "92398.00",
    "ethToUsd": "2354.89",
    "updatedAt": "2025-03-03T11:01:59.788Z"
  },
  {
    "id": 7,
    "usdToUah": "41.41",
    "btcToUsd": "92398.00",
    "ethToUsd": "2354.89",
    "updatedAt": "2025-03-03T11:02:29.789Z"
  },
  {
    "id": 8,
    "usdToUah": "41.58",
    "btcToUsd": "87330.00",
    "ethToUsd": "2413.67",
    "updatedAt": "2025-03-03T11:02:33.387Z"
  },
  {
    "id": 9,
    "usdToUah": "41.41",
    "btcToUsd": "92522.00",
    "ethToUsd": "2358.29",
    "updatedAt": "2025-03-03T11:02:42.593Z"
  },
  {
    "id": 10,
    "usdToUah": "41.41",
    "btcToUsd": "92522.00",
    "ethToUsd": "2358.29",
    "updatedAt": "2025-03-03T11:03:11.866Z"
  },
  {
    "id": 11,
    "usdToUah": "41.41",
    "btcToUsd": "92522.00",
    "ethToUsd": "2358.29",
    "updatedAt": "2025-03-03T11:03:41.866Z"
  },
  {
    "id": 12,
    "usdToUah": "41.41",
    "btcToUsd": "92522.00",
    "ethToUsd": "2358.29",
    "updatedAt": "2025-03-03T11:04:11.866Z"
  },
  {
    "id": 13,
    "usdToUah": "41.41",
    "btcToUsd": "92522.00",
    "ethToUsd": "2358.29",
    "updatedAt": "2025-03-03T11:04:41.866Z"
  },
  {
    "id": 14,
    "usdToUah": "41.41",
    "btcToUsd": "92522.00",
    "ethToUsd": "2358.29",
    "updatedAt": "2025-03-03T11:05:11.866Z"
  },
  {
    "id": 15,
    "usdToUah": "41.41",
    "btcToUsd": "92522.00",
    "ethToUsd": "2358.29",
    "updatedAt": "2025-03-03T11:05:41.867Z"
  },
  {
    "id": 16,
    "usdToUah": "41.41",
    "btcToUsd": "92522.00",
    "ethToUsd": "2358.29",
    "updatedAt": "2025-03-03T11:06:11.866Z"
  },
  {
    "id": 17,
    "usdToUah": "41.41",
    "btcToUsd": "92522.00",
    "ethToUsd": "2358.29",
    "updatedAt": "2025-03-03T11:06:41.868Z"
  },
  {
    "id": 18,
    "usdToUah": "41.41",
    "btcToUsd": "92522.00",
    "ethToUsd": "2358.29",
    "updatedAt": "2025-03-03T11:07:11.869Z"
  },
  {
    "id": 19,
    "usdToUah": "41.41",
    "btcToUsd": "92522.00",
    "ethToUsd": "2358.29",
    "updatedAt": "2025-03-03T11:07:41.870Z"
  },
  {
    "id": 20,
    "usdToUah": "41.41",
    "btcToUsd": "92465.00",
    "ethToUsd": "2354.77",
    "updatedAt": "2025-03-03T11:08:12.122Z"
  },
  {
    "id": 21,
    "usdToUah": "41.41",
    "btcToUsd": "92465.00",
    "ethToUsd": "2354.77",
    "updatedAt": "2025-03-03T11:08:41.872Z"
  },
  {
    "id": 22,
    "usdToUah": "41.41",
    "btcToUsd": "92444.00",
    "ethToUsd": "2355.12",
    "updatedAt": "2025-03-03T11:09:15.167Z"
  },
  {
    "id": 23,
    "usdToUah": "41.41",
    "btcToUsd": "92444.00",
    "ethToUsd": "2355.12",
    "updatedAt": "2025-03-03T11:09:44.392Z"
  },
  {
    "id": 24,
    "usdToUah": "41.41",
    "btcToUsd": "92444.00",
    "ethToUsd": "2355.12",
    "updatedAt": "2025-03-03T11:10:14.392Z"
  },
  {
    "id": 25,
    "usdToUah": "41.41",
    "btcToUsd": "92444.00",
    "ethToUsd": "2355.12",
    "updatedAt": "2025-03-03T11:10:44.393Z"
  },
  {
    "id": 26,
    "usdToUah": "41.41",
    "btcToUsd": "92444.00",
    "ethToUsd": "2355.12",
    "updatedAt": "2025-03-03T11:11:14.394Z"
  },
  {
    "id": 27,
    "usdToUah": "41.41",
    "btcToUsd": "92444.00",
    "ethToUsd": "2355.12",
    "updatedAt": "2025-03-03T11:11:44.396Z"
  },
  {
    "id": 28,
    "usdToUah": "41.41",
    "btcToUsd": "92444.00",
    "ethToUsd": "2355.12",
    "updatedAt": "2025-03-03T11:12:14.397Z"
  },
  {
    "id": 29,
    "usdToUah": "41.41",
    "btcToUsd": "92444.00",
    "ethToUsd": "2355.12",
    "updatedAt": "2025-03-03T11:12:44.397Z"
  },
  {
    "id": 30,
    "usdToUah": "41.41",
    "btcToUsd": "92444.00",
    "ethToUsd": "2355.12",
    "updatedAt": "2025-03-03T11:13:14.397Z"
  },
  {
    "id": 31,
    "usdToUah": "41.41",
    "btcToUsd": "92444.00",
    "ethToUsd": "2355.12",
    "updatedAt": "2025-03-03T11:13:44.398Z"
  },
  {
    "id": 32,
    "usdToUah": "41.41",
    "btcToUsd": "92444.00",
    "ethToUsd": "2355.12",
    "updatedAt": "2025-03-03T11:14:14.398Z"
  },
  {
    "id": 33,
    "usdToUah": "41.41",
    "btcToUsd": "92792.00",
    "ethToUsd": "2360.63",
    "updatedAt": "2025-03-03T11:14:44.603Z"
  },
  {
    "id": 34,
    "usdToUah": "41.41",
    "btcToUsd": "92792.00",
    "ethToUsd": "2360.63",
    "updatedAt": "2025-03-03T11:15:14.398Z"
  },
  {
    "id": 35,
    "usdToUah": "41.41",
    "btcToUsd": "92792.00",
    "ethToUsd": "2360.63",
    "updatedAt": "2025-03-03T11:15:44.399Z"
  },
  {
    "id": 36,
    "usdToUah": "41.41",
    "btcToUsd": "92792.00",
    "ethToUsd": "2360.63",
    "updatedAt": "2025-03-03T11:16:14.400Z"
  },
  {
    "id": 37,
    "usdToUah": "41.41",
    "btcToUsd": "92792.00",
    "ethToUsd": "2360.63",
    "updatedAt": "2025-03-03T11:16:44.399Z"
  },
  {
    "id": 38,
    "usdToUah": "41.41",
    "btcToUsd": "92792.00",
    "ethToUsd": "2360.63",
    "updatedAt": "2025-03-03T11:17:14.400Z"
  },
  {
    "id": 39,
    "usdToUah": "41.41",
    "btcToUsd": "92792.00",
    "ethToUsd": "2360.63",
    "updatedAt": "2025-03-03T11:17:44.399Z"
  },
  {
    "id": 40,
    "usdToUah": "41.41",
    "btcToUsd": "92792.00",
    "ethToUsd": "2360.63",
    "updatedAt": "2025-03-03T11:18:14.400Z"
  },
  {
    "id": 41,
    "usdToUah": "41.41",
    "btcToUsd": "92792.00",
    "ethToUsd": "2360.63",
    "updatedAt": "2025-03-03T11:18:44.399Z"
  },
  {
    "id": 42,
    "usdToUah": "41.41",
    "btcToUsd": "92792.00",
    "ethToUsd": "2360.63",
    "updatedAt": "2025-03-03T11:19:14.400Z"
  },
  {
    "id": 43,
    "usdToUah": "41.41",
    "btcToUsd": "92792.00",
    "ethToUsd": "2360.63",
    "updatedAt": "2025-03-03T11:19:44.400Z"
  },
  {
    "id": 44,
    "usdToUah": "41.41",
    "btcToUsd": "92639.00",
    "ethToUsd": "2353.24",
    "updatedAt": "2025-03-03T11:20:14.616Z"
  },
  {
    "id": 45,
    "usdToUah": "41.41",
    "btcToUsd": "92639.00",
    "ethToUsd": "2353.24",
    "updatedAt": "2025-03-03T11:20:44.401Z"
  },
  {
    "id": 46,
    "usdToUah": "41.41",
    "btcToUsd": "92592.00",
    "ethToUsd": "2350.91",
    "updatedAt": "2025-03-03T11:21:20.810Z"
  },
  {
    "id": 47,
    "usdToUah": "41.41",
    "btcToUsd": "92592.00",
    "ethToUsd": "2350.91",
    "updatedAt": "2025-03-03T11:21:50.312Z"
  },
  {
    "id": 48,
    "usdToUah": "41.41",
    "btcToUsd": "92592.00",
    "ethToUsd": "2350.91",
    "updatedAt": "2025-03-03T11:22:20.312Z"
  },
  {
    "id": 49,
    "usdToUah": "41.41",
    "btcToUsd": "92592.00",
    "ethToUsd": "2350.91",
    "updatedAt": "2025-03-03T11:22:50.313Z"
  },
  {
    "id": 50,
    "usdToUah": "41.41",
    "btcToUsd": "92592.00",
    "ethToUsd": "2350.91",
    "updatedAt": "2025-03-03T11:23:20.313Z"
  },
  {
    "id": 51,
    "usdToUah": "41.41",
    "btcToUsd": "92592.00",
    "ethToUsd": "2350.91",
    "updatedAt": "2025-03-03T11:23:50.314Z"
  },
  {
    "id": 52,
    "usdToUah": "41.41",
    "btcToUsd": "92592.00",
    "ethToUsd": "2350.91",
    "updatedAt": "2025-03-03T11:24:20.316Z"
  },
  {
    "id": 53,
    "usdToUah": "41.41",
    "btcToUsd": "92592.00",
    "ethToUsd": "2350.91",
    "updatedAt": "2025-03-03T11:24:50.316Z"
  },
  {
    "id": 54,
    "usdToUah": "41.41",
    "btcToUsd": "92592.00",
    "ethToUsd": "2350.91",
    "updatedAt": "2025-03-03T11:25:20.316Z"
  },
  {
    "id": 55,
    "usdToUah": "41.41",
    "btcToUsd": "92592.00",
    "ethToUsd": "2350.91",
    "updatedAt": "2025-03-03T11:25:50.317Z"
  },
  {
    "id": 56,
    "usdToUah": "41.41",
    "btcToUsd": "92592.00",
    "ethToUsd": "2350.91",
    "updatedAt": "2025-03-03T11:26:20.316Z"
  },
  {
    "id": 57,
    "usdToUah": "41.41",
    "btcToUsd": "92613.00",
    "ethToUsd": "2349.21",
    "updatedAt": "2025-03-03T11:26:50.534Z"
  },
  {
    "id": 58,
    "usdToUah": "41.41",
    "btcToUsd": "92613.00",
    "ethToUsd": "2349.21",
    "updatedAt": "2025-03-03T11:27:20.318Z"
  },
  {
    "id": 59,
    "usdToUah": "41.41",
    "btcToUsd": "92613.00",
    "ethToUsd": "2349.21",
    "updatedAt": "2025-03-03T11:27:50.319Z"
  },
  {
    "id": 60,
    "usdToUah": "41.41",
    "btcToUsd": "92613.00",
    "ethToUsd": "2349.21",
    "updatedAt": "2025-03-03T11:28:20.320Z"
  },
  {
    "id": 61,
    "usdToUah": "41.41",
    "btcToUsd": "92613.00",
    "ethToUsd": "2349.21",
    "updatedAt": "2025-03-03T11:28:50.321Z"
  },
  {
    "id": 62,
    "usdToUah": "41.41",
    "btcToUsd": "92613.00",
    "ethToUsd": "2349.21",
    "updatedAt": "2025-03-03T11:29:20.321Z"
  },
  {
    "id": 63,
    "usdToUah": "41.41",
    "btcToUsd": "92613.00",
    "ethToUsd": "2349.21",
    "updatedAt": "2025-03-03T11:29:50.322Z"
  },
  {
    "id": 64,
    "usdToUah": "41.41",
    "btcToUsd": "92613.00",
    "ethToUsd": "2349.21",
    "updatedAt": "2025-03-03T11:30:20.323Z"
  },
  {
    "id": 65,
    "usdToUah": "41.41",
    "btcToUsd": "92613.00",
    "ethToUsd": "2349.21",
    "updatedAt": "2025-03-03T11:30:50.324Z"
  },
  {
    "id": 66,
    "usdToUah": "41.41",
    "btcToUsd": "92699.00",
    "ethToUsd": "2353.40",
    "updatedAt": "2025-03-03T11:31:18.616Z"
  },
  {
    "id": 67,
    "usdToUah": "41.41",
    "btcToUsd": "92699.00",
    "ethToUsd": "2353.40",
    "updatedAt": "2025-03-03T11:31:47.763Z"
  },
  {
    "id": 68,
    "usdToUah": "41.41",
    "btcToUsd": "92699.00",
    "ethToUsd": "2353.40",
    "updatedAt": "2025-03-03T11:32:17.763Z"
  },
  {
    "id": 69,
    "usdToUah": "41.41",
    "btcToUsd": "92699.00",
    "ethToUsd": "2353.40",
    "updatedAt": "2025-03-03T11:32:47.763Z"
  },
  {
    "id": 70,
    "usdToUah": "41.41",
    "btcToUsd": "92699.00",
    "ethToUsd": "2353.40",
    "updatedAt": "2025-03-03T11:33:17.765Z"
  },
  {
    "id": 71,
    "usdToUah": "41.41",
    "btcToUsd": "92699.00",
    "ethToUsd": "2353.40",
    "updatedAt": "2025-03-03T11:33:47.765Z"
  },
  {
    "id": 72,
    "usdToUah": "41.41",
    "btcToUsd": "92699.00",
    "ethToUsd": "2353.40",
    "updatedAt": "2025-03-03T11:34:17.766Z"
  },
  {
    "id": 73,
    "usdToUah": "41.41",
    "btcToUsd": "92699.00",
    "ethToUsd": "2353.40",
    "updatedAt": "2025-03-03T11:34:47.768Z"
  },
  {
    "id": 74,
    "usdToUah": "41.41",
    "btcToUsd": "92699.00",
    "ethToUsd": "2353.40",
    "updatedAt": "2025-03-03T11:35:17.769Z"
  },
  {
    "id": 75,
    "usdToUah": "41.41",
    "btcToUsd": "92699.00",
    "ethToUsd": "2353.40",
    "updatedAt": "2025-03-03T11:35:47.769Z"
  },
  {
    "id": 76,
    "usdToUah": "41.41",
    "btcToUsd": "92699.00",
    "ethToUsd": "2353.40",
    "updatedAt": "2025-03-03T11:36:17.770Z"
  },
  {
    "id": 77,
    "usdToUah": "41.41",
    "btcToUsd": "92500.00",
    "ethToUsd": "2351.21",
    "updatedAt": "2025-03-03T11:36:47.990Z"
  },
  {
    "id": 78,
    "usdToUah": "41.41",
    "btcToUsd": "92500.00",
    "ethToUsd": "2351.21",
    "updatedAt": "2025-03-03T11:37:17.773Z"
  },
  {
    "id": 79,
    "usdToUah": "41.41",
    "btcToUsd": "92500.00",
    "ethToUsd": "2351.21",
    "updatedAt": "2025-03-03T11:37:47.773Z"
  },
  {
    "id": 80,
    "usdToUah": "41.41",
    "btcToUsd": "92500.00",
    "ethToUsd": "2351.21",
    "updatedAt": "2025-03-03T11:38:17.773Z"
  },
  {
    "id": 81,
    "usdToUah": "41.41",
    "btcToUsd": "92500.00",
    "ethToUsd": "2351.21",
    "updatedAt": "2025-03-03T11:38:47.774Z"
  },
  {
    "id": 82,
    "usdToUah": "41.41",
    "btcToUsd": "92500.00",
    "ethToUsd": "2351.21",
    "updatedAt": "2025-03-03T11:39:17.775Z"
  },
  {
    "id": 83,
    "usdToUah": "41.41",
    "btcToUsd": "92500.00",
    "ethToUsd": "2351.21",
    "updatedAt": "2025-03-03T11:39:47.775Z"
  },
  {
    "id": 84,
    "usdToUah": "41.41",
    "btcToUsd": "92500.00",
    "ethToUsd": "2351.21",
    "updatedAt": "2025-03-03T11:40:17.776Z"
  },
  {
    "id": 85,
    "usdToUah": "41.41",
    "btcToUsd": "92500.00",
    "ethToUsd": "2351.21",
    "updatedAt": "2025-03-03T11:40:47.776Z"
  },
  {
    "id": 86,
    "usdToUah": "41.41",
    "btcToUsd": "92500.00",
    "ethToUsd": "2351.21",
    "updatedAt": "2025-03-03T11:41:17.776Z"
  },
  {
    "id": 87,
    "usdToUah": "41.41",
    "btcToUsd": "92500.00",
    "ethToUsd": "2351.21",
    "updatedAt": "2025-03-03T11:41:47.776Z"
  },
  {
    "id": 88,
    "usdToUah": "41.41",
    "btcToUsd": "92482.00",
    "ethToUsd": "2352.60",
    "updatedAt": "2025-03-03T11:42:17.977Z"
  },
  {
    "id": 89,
    "usdToUah": "41.41",
    "btcToUsd": "92482.00",
    "ethToUsd": "2352.60",
    "updatedAt": "2025-03-03T11:42:47.776Z"
  },
  {
    "id": 90,
    "usdToUah": "41.41",
    "btcToUsd": "92482.00",
    "ethToUsd": "2352.60",
    "updatedAt": "2025-03-03T11:43:17.776Z"
  },
  {
    "id": 91,
    "usdToUah": "41.41",
    "btcToUsd": "92482.00",
    "ethToUsd": "2352.60",
    "updatedAt": "2025-03-03T11:43:47.775Z"
  },
  {
    "id": 92,
    "usdToUah": "41.41",
    "btcToUsd": "92482.00",
    "ethToUsd": "2352.60",
    "updatedAt": "2025-03-03T11:44:17.776Z"
  },
  {
    "id": 93,
    "usdToUah": "41.41",
    "btcToUsd": "92482.00",
    "ethToUsd": "2352.60",
    "updatedAt": "2025-03-03T11:44:47.775Z"
  },
  {
    "id": 94,
    "usdToUah": "41.41",
    "btcToUsd": "92482.00",
    "ethToUsd": "2352.60",
    "updatedAt": "2025-03-03T11:45:17.776Z"
  },
  {
    "id": 95,
    "usdToUah": "41.41",
    "btcToUsd": "92482.00",
    "ethToUsd": "2352.60",
    "updatedAt": "2025-03-03T11:45:47.777Z"
  },
  {
    "id": 96,
    "usdToUah": "41.41",
    "btcToUsd": "92482.00",
    "ethToUsd": "2352.60",
    "updatedAt": "2025-03-03T11:46:17.778Z"
  },
  {
    "id": 97,
    "usdToUah": "41.41",
    "btcToUsd": "92482.00",
    "ethToUsd": "2352.60",
    "updatedAt": "2025-03-03T11:46:47.779Z"
  },
  {
    "id": 98,
    "usdToUah": "41.41",
    "btcToUsd": "92482.00",
    "ethToUsd": "2352.60",
    "updatedAt": "2025-03-03T11:47:17.779Z"
  },
  {
    "id": 99,
    "usdToUah": "41.41",
    "btcToUsd": "92571.00",
    "ethToUsd": "2354.35",
    "updatedAt": "2025-03-03T11:47:39.103Z"
  },
  {
    "id": 100,
    "usdToUah": "41.41",
    "btcToUsd": "92571.00",
    "ethToUsd": "2354.35",
    "updatedAt": "2025-03-03T11:48:07.807Z"
  },
  {
    "id": 101,
    "usdToUah": "41.41",
    "btcToUsd": "92571.00",
    "ethToUsd": "2354.35",
    "updatedAt": "2025-03-03T11:48:37.807Z"
  },
  {
    "id": 102,
    "usdToUah": "41.41",
    "btcToUsd": "92571.00",
    "ethToUsd": "2354.35",
    "updatedAt": "2025-03-03T11:49:07.807Z"
  },
  {
    "id": 103,
    "usdToUah": "41.41",
    "btcToUsd": "92571.00",
    "ethToUsd": "2354.35",
    "updatedAt": "2025-03-03T11:49:37.808Z"
  },
  {
    "id": 104,
    "usdToUah": "41.41",
    "btcToUsd": "92571.00",
    "ethToUsd": "2354.35",
    "updatedAt": "2025-03-03T11:50:07.809Z"
  },
  {
    "id": 105,
    "usdToUah": "41.41",
    "btcToUsd": "92571.00",
    "ethToUsd": "2354.35",
    "updatedAt": "2025-03-03T11:50:37.810Z"
  },
  {
    "id": 106,
    "usdToUah": "41.41",
    "btcToUsd": "92571.00",
    "ethToUsd": "2354.35",
    "updatedAt": "2025-03-03T11:51:07.810Z"
  },
  {
    "id": 107,
    "usdToUah": "41.41",
    "btcToUsd": "92571.00",
    "ethToUsd": "2354.35",
    "updatedAt": "2025-03-03T11:51:37.812Z"
  },
  {
    "id": 108,
    "usdToUah": "41.41",
    "btcToUsd": "92571.00",
    "ethToUsd": "2354.35",
    "updatedAt": "2025-03-03T11:52:07.812Z"
  },
  {
    "id": 109,
    "usdToUah": "41.41",
    "btcToUsd": "92571.00",
    "ethToUsd": "2354.35",
    "updatedAt": "2025-03-03T11:52:37.812Z"
  },
  {
    "id": 110,
    "usdToUah": "41.41",
    "btcToUsd": "92607.00",
    "ethToUsd": "2354.57",
    "updatedAt": "2025-03-03T11:53:08.025Z"
  },
  {
    "id": 111,
    "usdToUah": "41.41",
    "btcToUsd": "92607.00",
    "ethToUsd": "2354.57",
    "updatedAt": "2025-03-03T11:53:37.812Z"
  },
  {
    "id": 112,
    "usdToUah": "41.41",
    "btcToUsd": "92607.00",
    "ethToUsd": "2354.57",
    "updatedAt": "2025-03-03T11:54:07.812Z"
  },
  {
    "id": 113,
    "usdToUah": "41.41",
    "btcToUsd": "92607.00",
    "ethToUsd": "2354.57",
    "updatedAt": "2025-03-03T11:54:37.812Z"
  },
  {
    "id": 114,
    "usdToUah": "41.41",
    "btcToUsd": "92607.00",
    "ethToUsd": "2354.57",
    "updatedAt": "2025-03-03T11:55:07.812Z"
  },
  {
    "id": 115,
    "usdToUah": "41.41",
    "btcToUsd": "92607.00",
    "ethToUsd": "2354.57",
    "updatedAt": "2025-03-03T11:55:37.813Z"
  },
  {
    "id": 116,
    "usdToUah": "41.41",
    "btcToUsd": "92607.00",
    "ethToUsd": "2354.57",
    "updatedAt": "2025-03-03T11:56:07.813Z"
  },
  {
    "id": 117,
    "usdToUah": "41.41",
    "btcToUsd": "92607.00",
    "ethToUsd": "2354.57",
    "updatedAt": "2025-03-03T11:56:37.815Z"
  },
  {
    "id": 118,
    "usdToUah": "41.41",
    "btcToUsd": "92607.00",
    "ethToUsd": "2354.57",
    "updatedAt": "2025-03-03T11:57:07.815Z"
  },
  {
    "id": 119,
    "usdToUah": "41.41",
    "btcToUsd": "92607.00",
    "ethToUsd": "2354.57",
    "updatedAt": "2025-03-03T11:57:37.817Z"
  },
  {
    "id": 120,
    "usdToUah": "41.41",
    "btcToUsd": "92607.00",
    "ethToUsd": "2354.57",
    "updatedAt": "2025-03-03T11:58:07.818Z"
  },
  {
    "id": 121,
    "usdToUah": "41.41",
    "btcToUsd": "92577.00",
    "ethToUsd": "2352.21",
    "updatedAt": "2025-03-03T11:58:38.019Z"
  },
  {
    "id": 122,
    "usdToUah": "41.41",
    "btcToUsd": "92577.00",
    "ethToUsd": "2352.21",
    "updatedAt": "2025-03-03T11:59:07.820Z"
  },
  {
    "id": 123,
    "usdToUah": "41.41",
    "btcToUsd": "92577.00",
    "ethToUsd": "2352.21",
    "updatedAt": "2025-03-03T11:59:37.820Z"
  },
  {
    "id": 124,
    "usdToUah": "41.41",
    "btcToUsd": "92577.00",
    "ethToUsd": "2352.21",
    "updatedAt": "2025-03-03T12:00:07.821Z"
  },
  {
    "id": 125,
    "usdToUah": "41.41",
    "btcToUsd": "92577.00",
    "ethToUsd": "2352.21",
    "updatedAt": "2025-03-03T12:00:37.821Z"
  },
  {
    "id": 126,
    "usdToUah": "41.41",
    "btcToUsd": "92577.00",
    "ethToUsd": "2352.21",
    "updatedAt": "2025-03-03T12:01:07.822Z"
  },
  {
    "id": 127,
    "usdToUah": "41.41",
    "btcToUsd": "92577.00",
    "ethToUsd": "2352.21",
    "updatedAt": "2025-03-03T12:01:37.822Z"
  },
  {
    "id": 128,
    "usdToUah": "41.41",
    "btcToUsd": "92577.00",
    "ethToUsd": "2352.21",
    "updatedAt": "2025-03-03T12:02:07.823Z"
  },
  {
    "id": 129,
    "usdToUah": "41.41",
    "btcToUsd": "92577.00",
    "ethToUsd": "2352.21",
    "updatedAt": "2025-03-03T12:02:37.825Z"
  },
  {
    "id": 130,
    "usdToUah": "41.41",
    "btcToUsd": "92577.00",
    "ethToUsd": "2352.21",
    "updatedAt": "2025-03-03T12:03:07.825Z"
  },
  {
    "id": 131,
    "usdToUah": "41.41",
    "btcToUsd": "92577.00",
    "ethToUsd": "2352.21",
    "updatedAt": "2025-03-03T12:03:37.825Z"
  },
  {
    "id": 132,
    "usdToUah": "41.41",
    "btcToUsd": "93007.00",
    "ethToUsd": "2361.87",
    "updatedAt": "2025-03-03T12:04:08.021Z"
  },
  {
    "id": 133,
    "usdToUah": "41.41",
    "btcToUsd": "93007.00",
    "ethToUsd": "2361.87",
    "updatedAt": "2025-03-03T12:04:37.826Z"
  },
  {
    "id": 134,
    "usdToUah": "41.41",
    "btcToUsd": "93007.00",
    "ethToUsd": "2361.87",
    "updatedAt": "2025-03-03T12:05:07.827Z"
  },
  {
    "id": 135,
    "usdToUah": "41.41",
    "btcToUsd": "93007.00",
    "ethToUsd": "2361.87",
    "updatedAt": "2025-03-03T12:05:37.827Z"
  },
  {
    "id": 136,
    "usdToUah": "41.41",
    "btcToUsd": "93007.00",
    "ethToUsd": "2361.87",
    "updatedAt": "2025-03-03T12:06:07.827Z"
  },
  {
    "id": 137,
    "usdToUah": "41.41",
    "btcToUsd": "93007.00",
    "ethToUsd": "2361.87",
    "updatedAt": "2025-03-03T12:06:37.827Z"
  },
  {
    "id": 138,
    "usdToUah": "41.41",
    "btcToUsd": "93007.00",
    "ethToUsd": "2361.87",
    "updatedAt": "2025-03-03T12:07:07.828Z"
  },
  {
    "id": 139,
    "usdToUah": "41.41",
    "btcToUsd": "93007.00",
    "ethToUsd": "2361.87",
    "updatedAt": "2025-03-03T12:07:37.828Z"
  },
  {
    "id": 140,
    "usdToUah": "41.41",
    "btcToUsd": "93007.00",
    "ethToUsd": "2361.87",
    "updatedAt": "2025-03-03T12:08:07.829Z"
  },
  {
    "id": 141,
    "usdToUah": "41.41",
    "btcToUsd": "93007.00",
    "ethToUsd": "2361.87",
    "updatedAt": "2025-03-03T12:08:37.829Z"
  },
  {
    "id": 142,
    "usdToUah": "41.41",
    "btcToUsd": "93007.00",
    "ethToUsd": "2361.87",
    "updatedAt": "2025-03-03T12:09:07.829Z"
  },
  {
    "id": 143,
    "usdToUah": "41.41",
    "btcToUsd": "93232.00",
    "ethToUsd": "2371.15",
    "updatedAt": "2025-03-03T12:09:38.050Z"
  },
  {
    "id": 144,
    "usdToUah": "41.41",
    "btcToUsd": "93232.00",
    "ethToUsd": "2371.15",
    "updatedAt": "2025-03-03T12:10:07.829Z"
  },
  {
    "id": 145,
    "usdToUah": "41.41",
    "btcToUsd": "93232.00",
    "ethToUsd": "2371.15",
    "updatedAt": "2025-03-03T12:10:37.830Z"
  },
  {
    "id": 146,
    "usdToUah": "41.41",
    "btcToUsd": "93232.00",
    "ethToUsd": "2371.15",
    "updatedAt": "2025-03-03T12:11:07.830Z"
  },
  {
    "id": 147,
    "usdToUah": "41.41",
    "btcToUsd": "93232.00",
    "ethToUsd": "2371.15",
    "updatedAt": "2025-03-03T12:11:37.831Z"
  },
  {
    "id": 148,
    "usdToUah": "41.41",
    "btcToUsd": "93232.00",
    "ethToUsd": "2371.15",
    "updatedAt": "2025-03-03T12:12:07.832Z"
  },
  {
    "id": 149,
    "usdToUah": "41.41",
    "btcToUsd": "93232.00",
    "ethToUsd": "2371.15",
    "updatedAt": "2025-03-03T12:12:37.833Z"
  },
  {
    "id": 150,
    "usdToUah": "41.41",
    "btcToUsd": "93232.00",
    "ethToUsd": "2371.15",
    "updatedAt": "2025-03-03T12:13:07.833Z"
  },
  {
    "id": 151,
    "usdToUah": "41.41",
    "btcToUsd": "93232.00",
    "ethToUsd": "2371.15",
    "updatedAt": "2025-03-03T12:13:37.834Z"
  },
  {
    "id": 152,
    "usdToUah": "41.41",
    "btcToUsd": "93232.00",
    "ethToUsd": "2371.15",
    "updatedAt": "2025-03-03T12:14:07.834Z"
  },
  {
    "id": 153,
    "usdToUah": "41.41",
    "btcToUsd": "93232.00",
    "ethToUsd": "2371.15",
    "updatedAt": "2025-03-03T12:14:37.835Z"
  },
  {
    "id": 154,
    "usdToUah": "41.41",
    "btcToUsd": "93075.00",
    "ethToUsd": "2365.01",
    "updatedAt": "2025-03-03T12:15:08.032Z"
  },
  {
    "id": 155,
    "usdToUah": "41.41",
    "btcToUsd": "93075.00",
    "ethToUsd": "2365.01",
    "updatedAt": "2025-03-03T12:15:37.838Z"
  },
  {
    "id": 156,
    "usdToUah": "41.41",
    "btcToUsd": "93075.00",
    "ethToUsd": "2365.01",
    "updatedAt": "2025-03-03T12:16:07.839Z"
  },
  {
    "id": 157,
    "usdToUah": "41.41",
    "btcToUsd": "93075.00",
    "ethToUsd": "2365.01",
    "updatedAt": "2025-03-03T12:16:37.840Z"
  },
  {
    "id": 158,
    "usdToUah": "41.41",
    "btcToUsd": "93075.00",
    "ethToUsd": "2365.01",
    "updatedAt": "2025-03-03T12:17:07.840Z"
  },
  {
    "id": 159,
    "usdToUah": "41.41",
    "btcToUsd": "93075.00",
    "ethToUsd": "2365.01",
    "updatedAt": "2025-03-03T12:17:37.841Z"
  },
  {
    "id": 160,
    "usdToUah": "41.41",
    "btcToUsd": "93075.00",
    "ethToUsd": "2365.01",
    "updatedAt": "2025-03-03T12:18:07.841Z"
  },
  {
    "id": 161,
    "usdToUah": "41.41",
    "btcToUsd": "93075.00",
    "ethToUsd": "2365.01",
    "updatedAt": "2025-03-03T12:18:37.842Z"
  },
  {
    "id": 162,
    "usdToUah": "41.41",
    "btcToUsd": "93075.00",
    "ethToUsd": "2365.01",
    "updatedAt": "2025-03-03T12:19:07.842Z"
  },
  {
    "id": 163,
    "usdToUah": "41.41",
    "btcToUsd": "93075.00",
    "ethToUsd": "2365.01",
    "updatedAt": "2025-03-03T12:19:37.842Z"
  },
  {
    "id": 164,
    "usdToUah": "41.41",
    "btcToUsd": "93075.00",
    "ethToUsd": "2365.01",
    "updatedAt": "2025-03-03T12:20:07.843Z"
  },
  {
    "id": 165,
    "usdToUah": "41.41",
    "btcToUsd": "92957.00",
    "ethToUsd": "2357.25",
    "updatedAt": "2025-03-03T12:20:38.075Z"
  },
  {
    "id": 166,
    "usdToUah": "41.41",
    "btcToUsd": "92957.00",
    "ethToUsd": "2357.25",
    "updatedAt": "2025-03-03T12:21:07.843Z"
  },
  {
    "id": 167,
    "usdToUah": "41.41",
    "btcToUsd": "92957.00",
    "ethToUsd": "2357.25",
    "updatedAt": "2025-03-03T12:21:37.843Z"
  },
  {
    "id": 168,
    "usdToUah": "41.41",
    "btcToUsd": "92957.00",
    "ethToUsd": "2357.25",
    "updatedAt": "2025-03-03T12:22:07.843Z"
  },
  {
    "id": 169,
    "usdToUah": "41.41",
    "btcToUsd": "92957.00",
    "ethToUsd": "2357.25",
    "updatedAt": "2025-03-03T12:22:37.844Z"
  },
  {
    "id": 170,
    "usdToUah": "41.41",
    "btcToUsd": "92957.00",
    "ethToUsd": "2357.25",
    "updatedAt": "2025-03-03T12:23:07.845Z"
  },
  {
    "id": 171,
    "usdToUah": "41.41",
    "btcToUsd": "92957.00",
    "ethToUsd": "2357.25",
    "updatedAt": "2025-03-03T12:23:37.844Z"
  },
  {
    "id": 172,
    "usdToUah": "41.41",
    "btcToUsd": "92957.00",
    "ethToUsd": "2357.25",
    "updatedAt": "2025-03-03T12:24:07.845Z"
  },
  {
    "id": 173,
    "usdToUah": "41.41",
    "btcToUsd": "92957.00",
    "ethToUsd": "2357.25",
    "updatedAt": "2025-03-03T12:24:37.845Z"
  },
  {
    "id": 174,
    "usdToUah": "41.41",
    "btcToUsd": "92957.00",
    "ethToUsd": "2357.25",
    "updatedAt": "2025-03-03T12:25:07.845Z"
  },
  {
    "id": 175,
    "usdToUah": "41.41",
    "btcToUsd": "92957.00",
    "ethToUsd": "2357.25",
    "updatedAt": "2025-03-03T12:25:37.845Z"
  },
  {
    "id": 176,
    "usdToUah": "41.41",
    "btcToUsd": "93068.00",
    "ethToUsd": "2360.74",
    "updatedAt": "2025-03-03T12:26:08.047Z"
  },
  {
    "id": 177,
    "usdToUah": "41.41",
    "btcToUsd": "93068.00",
    "ethToUsd": "2360.74",
    "updatedAt": "2025-03-03T12:26:37.847Z"
  },
  {
    "id": 178,
    "usdToUah": "41.41",
    "btcToUsd": "93068.00",
    "ethToUsd": "2360.74",
    "updatedAt": "2025-03-03T12:27:07.847Z"
  },
  {
    "id": 179,
    "usdToUah": "41.41",
    "btcToUsd": "93068.00",
    "ethToUsd": "2360.74",
    "updatedAt": "2025-03-03T12:27:37.848Z"
  },
  {
    "id": 180,
    "usdToUah": "41.41",
    "btcToUsd": "93068.00",
    "ethToUsd": "2360.74",
    "updatedAt": "2025-03-03T12:28:07.849Z"
  },
  {
    "id": 181,
    "usdToUah": "41.41",
    "btcToUsd": "93068.00",
    "ethToUsd": "2360.74",
    "updatedAt": "2025-03-03T12:28:37.850Z"
  },
  {
    "id": 182,
    "usdToUah": "41.41",
    "btcToUsd": "93068.00",
    "ethToUsd": "2360.74",
    "updatedAt": "2025-03-03T12:29:07.851Z"
  },
  {
    "id": 183,
    "usdToUah": "41.41",
    "btcToUsd": "93068.00",
    "ethToUsd": "2360.74",
    "updatedAt": "2025-03-03T12:29:37.852Z"
  },
  {
    "id": 184,
    "usdToUah": "41.41",
    "btcToUsd": "93068.00",
    "ethToUsd": "2360.74",
    "updatedAt": "2025-03-03T12:30:07.854Z"
  },
  {
    "id": 185,
    "usdToUah": "41.41",
    "btcToUsd": "93068.00",
    "ethToUsd": "2360.74",
    "updatedAt": "2025-03-03T12:30:37.854Z"
  },
  {
    "id": 186,
    "usdToUah": "41.41",
    "btcToUsd": "93068.00",
    "ethToUsd": "2360.74",
    "updatedAt": "2025-03-03T12:31:07.855Z"
  },
  {
    "id": 187,
    "usdToUah": "41.41",
    "btcToUsd": "92846.00",
    "ethToUsd": "2357.39",
    "updatedAt": "2025-03-03T12:31:38.054Z"
  },
  {
    "id": 188,
    "usdToUah": "41.41",
    "btcToUsd": "92846.00",
    "ethToUsd": "2357.39",
    "updatedAt": "2025-03-03T12:32:07.856Z"
  },
  {
    "id": 189,
    "usdToUah": "41.41",
    "btcToUsd": "92846.00",
    "ethToUsd": "2357.39",
    "updatedAt": "2025-03-03T12:32:37.858Z"
  },
  {
    "id": 190,
    "usdToUah": "41.41",
    "btcToUsd": "92846.00",
    "ethToUsd": "2357.39",
    "updatedAt": "2025-03-03T12:33:07.859Z"
  },
  {
    "id": 191,
    "usdToUah": "41.41",
    "btcToUsd": "92846.00",
    "ethToUsd": "2357.39",
    "updatedAt": "2025-03-03T12:33:37.859Z"
  },
  {
    "id": 192,
    "usdToUah": "41.41",
    "btcToUsd": "92846.00",
    "ethToUsd": "2357.39",
    "updatedAt": "2025-03-03T12:34:07.860Z"
  },
  {
    "id": 193,
    "usdToUah": "41.41",
    "btcToUsd": "92846.00",
    "ethToUsd": "2357.39",
    "updatedAt": "2025-03-03T12:34:37.860Z"
  },
  {
    "id": 194,
    "usdToUah": "41.41",
    "btcToUsd": "92656.00",
    "ethToUsd": "2353.40",
    "updatedAt": "2025-03-03T12:35:04.487Z"
  },
  {
    "id": 195,
    "usdToUah": "41.41",
    "btcToUsd": "92656.00",
    "ethToUsd": "2353.40",
    "updatedAt": "2025-03-03T12:35:33.125Z"
  },
  {
    "id": 196,
    "usdToUah": "41.41",
    "btcToUsd": "92656.00",
    "ethToUsd": "2353.40",
    "updatedAt": "2025-03-03T12:36:03.124Z"
  },
  {
    "id": 197,
    "usdToUah": "41.41",
    "btcToUsd": "92656.00",
    "ethToUsd": "2353.40",
    "updatedAt": "2025-03-03T12:36:33.125Z"
  },
  {
    "id": 198,
    "usdToUah": "41.41",
    "btcToUsd": "92656.00",
    "ethToUsd": "2353.40",
    "updatedAt": "2025-03-03T12:37:03.125Z"
  },
  {
    "id": 199,
    "usdToUah": "41.41",
    "btcToUsd": "92656.00",
    "ethToUsd": "2353.40",
    "updatedAt": "2025-03-03T12:37:33.126Z"
  },
  {
    "id": 200,
    "usdToUah": "41.41",
    "btcToUsd": "92656.00",
    "ethToUsd": "2353.40",
    "updatedAt": "2025-03-03T12:38:03.127Z"
  },
  {
    "id": 201,
    "usdToUah": "41.41",
    "btcToUsd": "92656.00",
    "ethToUsd": "2353.40",
    "updatedAt": "2025-03-03T12:38:33.127Z"
  },
  {
    "id": 202,
    "usdToUah": "41.41",
    "btcToUsd": "92656.00",
    "ethToUsd": "2353.40",
    "updatedAt": "2025-03-03T12:39:03.128Z"
  },
  {
    "id": 203,
    "usdToUah": "41.41",
    "btcToUsd": "92656.00",
    "ethToUsd": "2353.40",
    "updatedAt": "2025-03-03T12:39:33.127Z"
  },
  {
    "id": 204,
    "usdToUah": "41.41",
    "btcToUsd": "92656.00",
    "ethToUsd": "2353.40",
    "updatedAt": "2025-03-03T12:40:03.128Z"
  },
  {
    "id": 205,
    "usdToUah": "41.41",
    "btcToUsd": "92914.00",
    "ethToUsd": "2358.72",
    "updatedAt": "2025-03-03T12:40:31.383Z"
  },
  {
    "id": 206,
    "usdToUah": "41.41",
    "btcToUsd": "92914.00",
    "ethToUsd": "2358.72",
    "updatedAt": "2025-03-03T12:41:00.890Z"
  },
  {
    "id": 207,
    "usdToUah": "41.41",
    "btcToUsd": "92914.00",
    "ethToUsd": "2358.72",
    "updatedAt": "2025-03-03T12:41:30.890Z"
  },
  {
    "id": 208,
    "usdToUah": "41.41",
    "btcToUsd": "92914.00",
    "ethToUsd": "2358.72",
    "updatedAt": "2025-03-03T12:42:00.890Z"
  },
  {
    "id": 209,
    "usdToUah": "41.41",
    "btcToUsd": "92914.00",
    "ethToUsd": "2358.72",
    "updatedAt": "2025-03-03T12:42:30.891Z"
  },
  {
    "id": 210,
    "usdToUah": "41.41",
    "btcToUsd": "92914.00",
    "ethToUsd": "2358.72",
    "updatedAt": "2025-03-03T12:43:00.892Z"
  },
  {
    "id": 211,
    "usdToUah": "41.41",
    "btcToUsd": "92914.00",
    "ethToUsd": "2358.72",
    "updatedAt": "2025-03-03T12:43:30.892Z"
  },
  {
    "id": 212,
    "usdToUah": "41.41",
    "btcToUsd": "92914.00",
    "ethToUsd": "2358.72",
    "updatedAt": "2025-03-03T12:44:00.893Z"
  },
  {
    "id": 213,
    "usdToUah": "41.41",
    "btcToUsd": "92914.00",
    "ethToUsd": "2358.72",
    "updatedAt": "2025-03-03T12:44:30.893Z"
  },
  {
    "id": 214,
    "usdToUah": "41.41",
    "btcToUsd": "92914.00",
    "ethToUsd": "2358.72",
    "updatedAt": "2025-03-03T12:45:00.893Z"
  },
  {
    "id": 215,
    "usdToUah": "41.41",
    "btcToUsd": "92914.00",
    "ethToUsd": "2358.72",
    "updatedAt": "2025-03-03T12:45:30.893Z"
  },
  {
    "id": 216,
    "usdToUah": "41.41",
    "btcToUsd": "93030.00",
    "ethToUsd": "2366.47",
    "updatedAt": "2025-03-03T12:46:01.106Z"
  },
  {
    "id": 217,
    "usdToUah": "41.41",
    "btcToUsd": "93030.00",
    "ethToUsd": "2366.47",
    "updatedAt": "2025-03-03T12:46:30.893Z"
  },
  {
    "id": 218,
    "usdToUah": "41.41",
    "btcToUsd": "93030.00",
    "ethToUsd": "2366.47",
    "updatedAt": "2025-03-03T12:46:44.961Z"
  },
  {
    "id": 219,
    "usdToUah": "41.41",
    "btcToUsd": "93030.00",
    "ethToUsd": "2366.47",
    "updatedAt": "2025-03-03T12:47:14.424Z"
  },
  {
    "id": 220,
    "usdToUah": "41.41",
    "btcToUsd": "93030.00",
    "ethToUsd": "2366.47",
    "updatedAt": "2025-03-03T12:47:44.424Z"
  },
  {
    "id": 221,
    "usdToUah": "41.41",
    "btcToUsd": "93030.00",
    "ethToUsd": "2366.47",
    "updatedAt": "2025-03-03T12:48:14.424Z"
  },
  {
    "id": 222,
    "usdToUah": "41.41",
    "btcToUsd": "93030.00",
    "ethToUsd": "2366.47",
    "updatedAt": "2025-03-03T12:48:44.424Z"
  },
  {
    "id": 223,
    "usdToUah": "41.41",
    "btcToUsd": "93030.00",
    "ethToUsd": "2366.47",
    "updatedAt": "2025-03-03T12:49:14.424Z"
  },
  {
    "id": 224,
    "usdToUah": "41.41",
    "btcToUsd": "93030.00",
    "ethToUsd": "2366.47",
    "updatedAt": "2025-03-03T12:49:44.424Z"
  },
  {
    "id": 225,
    "usdToUah": "41.41",
    "btcToUsd": "93030.00",
    "ethToUsd": "2366.47",
    "updatedAt": "2025-03-03T12:50:14.426Z"
  },
  {
    "id": 226,
    "usdToUah": "41.41",
    "btcToUsd": "93030.00",
    "ethToUsd": "2366.47",
    "updatedAt": "2025-03-03T12:50:44.426Z"
  },
  {
    "id": 227,
    "usdToUah": "41.41",
    "btcToUsd": "93030.00",
    "ethToUsd": "2366.47",
    "updatedAt": "2025-03-03T12:51:14.426Z"
  },
  {
    "id": 228,
    "usdToUah": "41.41",
    "btcToUsd": "93030.00",
    "ethToUsd": "2366.47",
    "updatedAt": "2025-03-03T12:51:44.426Z"
  },
  {
    "id": 229,
    "usdToUah": "41.41",
    "btcToUsd": "93099.00",
    "ethToUsd": "2369.57",
    "updatedAt": "2025-03-03T12:52:14.666Z"
  },
  {
    "id": 230,
    "usdToUah": "41.41",
    "btcToUsd": "93099.00",
    "ethToUsd": "2369.57",
    "updatedAt": "2025-03-03T12:52:44.426Z"
  },
  {
    "id": 231,
    "usdToUah": "41.41",
    "btcToUsd": "93099.00",
    "ethToUsd": "2369.57",
    "updatedAt": "2025-03-03T12:53:14.426Z"
  },
  {
    "id": 232,
    "usdToUah": "41.41",
    "btcToUsd": "93099.00",
    "ethToUsd": "2369.57",
    "updatedAt": "2025-03-03T12:53:44.425Z"
  },
  {
    "id": 233,
    "usdToUah": "41.41",
    "btcToUsd": "93099.00",
    "ethToUsd": "2369.57",
    "updatedAt": "2025-03-03T12:54:14.425Z"
  },
  {
    "id": 234,
    "usdToUah": "41.41",
    "btcToUsd": "93099.00",
    "ethToUsd": "2369.57",
    "updatedAt": "2025-03-03T12:54:44.426Z"
  },
  {
    "id": 235,
    "usdToUah": "41.41",
    "btcToUsd": "93099.00",
    "ethToUsd": "2369.57",
    "updatedAt": "2025-03-03T12:55:14.426Z"
  },
  {
    "id": 236,
    "usdToUah": "41.41",
    "btcToUsd": "93099.00",
    "ethToUsd": "2369.57",
    "updatedAt": "2025-03-03T12:55:44.426Z"
  },
  {
    "id": 237,
    "usdToUah": "41.41",
    "btcToUsd": "93099.00",
    "ethToUsd": "2369.57",
    "updatedAt": "2025-03-03T12:56:14.426Z"
  },
  {
    "id": 238,
    "usdToUah": "41.41",
    "btcToUsd": "93099.00",
    "ethToUsd": "2369.57",
    "updatedAt": "2025-03-03T12:56:44.427Z"
  },
  {
    "id": 239,
    "usdToUah": "41.41",
    "btcToUsd": "93099.00",
    "ethToUsd": "2369.57",
    "updatedAt": "2025-03-03T12:57:14.427Z"
  },
  {
    "id": 240,
    "usdToUah": "41.41",
    "btcToUsd": "92941.00",
    "ethToUsd": "2364.58",
    "updatedAt": "2025-03-03T12:57:44.634Z"
  },
  {
    "id": 241,
    "usdToUah": "41.41",
    "btcToUsd": "92941.00",
    "ethToUsd": "2364.58",
    "updatedAt": "2025-03-03T12:58:14.427Z"
  },
  {
    "id": 242,
    "usdToUah": "41.41",
    "btcToUsd": "92941.00",
    "ethToUsd": "2364.58",
    "updatedAt": "2025-03-03T12:58:44.428Z"
  },
  {
    "id": 243,
    "usdToUah": "41.41",
    "btcToUsd": "92941.00",
    "ethToUsd": "2364.58",
    "updatedAt": "2025-03-03T12:59:14.429Z"
  },
  {
    "id": 244,
    "usdToUah": "41.41",
    "btcToUsd": "92941.00",
    "ethToUsd": "2364.58",
    "updatedAt": "2025-03-03T12:59:44.429Z"
  },
  {
    "id": 245,
    "usdToUah": "41.41",
    "btcToUsd": "92941.00",
    "ethToUsd": "2364.58",
    "updatedAt": "2025-03-03T13:00:14.430Z"
  },
  {
    "id": 246,
    "usdToUah": "41.41",
    "btcToUsd": "92941.00",
    "ethToUsd": "2364.58",
    "updatedAt": "2025-03-03T13:00:44.431Z"
  },
  {
    "id": 247,
    "usdToUah": "41.41",
    "btcToUsd": "92941.00",
    "ethToUsd": "2364.58",
    "updatedAt": "2025-03-03T13:01:14.431Z"
  },
  {
    "id": 248,
    "usdToUah": "41.41",
    "btcToUsd": "92941.00",
    "ethToUsd": "2364.58",
    "updatedAt": "2025-03-03T13:01:44.432Z"
  },
  {
    "id": 249,
    "usdToUah": "41.41",
    "btcToUsd": "92941.00",
    "ethToUsd": "2364.58",
    "updatedAt": "2025-03-03T13:02:14.433Z"
  },
  {
    "id": 250,
    "usdToUah": "41.41",
    "btcToUsd": "92941.00",
    "ethToUsd": "2364.58",
    "updatedAt": "2025-03-03T13:02:44.433Z"
  },
  {
    "id": 251,
    "usdToUah": "41.41",
    "btcToUsd": "93063.00",
    "ethToUsd": "2367.83",
    "updatedAt": "2025-03-03T13:03:14.629Z"
  },
  {
    "id": 252,
    "usdToUah": "41.41",
    "btcToUsd": "93063.00",
    "ethToUsd": "2367.83",
    "updatedAt": "2025-03-03T13:03:44.433Z"
  },
  {
    "id": 253,
    "usdToUah": "41.41",
    "btcToUsd": "93063.00",
    "ethToUsd": "2367.83",
    "updatedAt": "2025-03-03T13:04:14.434Z"
  },
  {
    "id": 254,
    "usdToUah": "41.41",
    "btcToUsd": "93063.00",
    "ethToUsd": "2367.83",
    "updatedAt": "2025-03-03T13:04:44.434Z"
  },
  {
    "id": 255,
    "usdToUah": "41.41",
    "btcToUsd": "93063.00",
    "ethToUsd": "2367.83",
    "updatedAt": "2025-03-03T13:05:14.435Z"
  },
  {
    "id": 256,
    "usdToUah": "41.41",
    "btcToUsd": "93063.00",
    "ethToUsd": "2367.83",
    "updatedAt": "2025-03-03T13:05:44.436Z"
  },
  {
    "id": 257,
    "usdToUah": "41.41",
    "btcToUsd": "93063.00",
    "ethToUsd": "2367.83",
    "updatedAt": "2025-03-03T13:06:14.436Z"
  },
  {
    "id": 258,
    "usdToUah": "41.41",
    "btcToUsd": "93063.00",
    "ethToUsd": "2367.83",
    "updatedAt": "2025-03-03T13:06:44.436Z"
  },
  {
    "id": 259,
    "usdToUah": "41.41",
    "btcToUsd": "93063.00",
    "ethToUsd": "2367.83",
    "updatedAt": "2025-03-03T13:07:14.436Z"
  },
  {
    "id": 260,
    "usdToUah": "41.41",
    "btcToUsd": "93063.00",
    "ethToUsd": "2367.83",
    "updatedAt": "2025-03-03T13:07:44.437Z"
  },
  {
    "id": 261,
    "usdToUah": "41.41",
    "btcToUsd": "93063.00",
    "ethToUsd": "2367.83",
    "updatedAt": "2025-03-03T13:08:14.437Z"
  },
  {
    "id": 262,
    "usdToUah": "41.41",
    "btcToUsd": "93191.00",
    "ethToUsd": "2373.04",
    "updatedAt": "2025-03-03T13:08:44.648Z"
  },
  {
    "id": 263,
    "usdToUah": "41.41",
    "btcToUsd": "93191.00",
    "ethToUsd": "2373.04",
    "updatedAt": "2025-03-03T13:09:14.437Z"
  },
  {
    "id": 264,
    "usdToUah": "41.41",
    "btcToUsd": "93191.00",
    "ethToUsd": "2373.04",
    "updatedAt": "2025-03-03T13:09:44.436Z"
  },
  {
    "id": 265,
    "usdToUah": "41.41",
    "btcToUsd": "93191.00",
    "ethToUsd": "2373.04",
    "updatedAt": "2025-03-03T13:10:14.437Z"
  },
  {
    "id": 266,
    "usdToUah": "41.41",
    "btcToUsd": "93191.00",
    "ethToUsd": "2373.04",
    "updatedAt": "2025-03-03T13:10:44.437Z"
  },
  {
    "id": 267,
    "usdToUah": "41.41",
    "btcToUsd": "93191.00",
    "ethToUsd": "2373.04",
    "updatedAt": "2025-03-03T13:11:14.438Z"
  },
  {
    "id": 268,
    "usdToUah": "41.41",
    "btcToUsd": "93191.00",
    "ethToUsd": "2373.04",
    "updatedAt": "2025-03-03T13:11:44.440Z"
  },
  {
    "id": 269,
    "usdToUah": "41.41",
    "btcToUsd": "93191.00",
    "ethToUsd": "2373.04",
    "updatedAt": "2025-03-03T13:12:14.441Z"
  },
  {
    "id": 270,
    "usdToUah": "41.41",
    "btcToUsd": "93191.00",
    "ethToUsd": "2373.04",
    "updatedAt": "2025-03-03T13:12:44.441Z"
  },
  {
    "id": 271,
    "usdToUah": "41.41",
    "btcToUsd": "93191.00",
    "ethToUsd": "2373.04",
    "updatedAt": "2025-03-03T13:13:14.442Z"
  },
  {
    "id": 272,
    "usdToUah": "41.41",
    "btcToUsd": "93191.00",
    "ethToUsd": "2373.04",
    "updatedAt": "2025-03-03T13:13:44.442Z"
  },
  {
    "id": 273,
    "usdToUah": "41.41",
    "btcToUsd": "92939.00",
    "ethToUsd": "2367.12",
    "updatedAt": "2025-03-03T13:14:14.627Z"
  },
  {
    "id": 274,
    "usdToUah": "41.41",
    "btcToUsd": "92939.00",
    "ethToUsd": "2367.12",
    "updatedAt": "2025-03-03T13:14:44.443Z"
  },
  {
    "id": 275,
    "usdToUah": "41.41",
    "btcToUsd": "92939.00",
    "ethToUsd": "2367.12",
    "updatedAt": "2025-03-03T13:15:14.443Z"
  },
  {
    "id": 276,
    "usdToUah": "41.41",
    "btcToUsd": "92939.00",
    "ethToUsd": "2367.12",
    "updatedAt": "2025-03-03T13:15:44.445Z"
  },
  {
    "id": 277,
    "usdToUah": "41.41",
    "btcToUsd": "92939.00",
    "ethToUsd": "2367.12",
    "updatedAt": "2025-03-03T13:16:14.445Z"
  },
  {
    "id": 278,
    "usdToUah": "41.41",
    "btcToUsd": "92939.00",
    "ethToUsd": "2367.12",
    "updatedAt": "2025-03-03T13:16:44.446Z"
  },
  {
    "id": 279,
    "usdToUah": "41.41",
    "btcToUsd": "92939.00",
    "ethToUsd": "2367.12",
    "updatedAt": "2025-03-03T13:17:14.446Z"
  },
  {
    "id": 280,
    "usdToUah": "41.41",
    "btcToUsd": "92939.00",
    "ethToUsd": "2367.12",
    "updatedAt": "2025-03-03T13:17:44.448Z"
  },
  {
    "id": 281,
    "usdToUah": "41.41",
    "btcToUsd": "92939.00",
    "ethToUsd": "2367.12",
    "updatedAt": "2025-03-03T13:18:14.448Z"
  },
  {
    "id": 282,
    "usdToUah": "41.41",
    "btcToUsd": "92939.00",
    "ethToUsd": "2367.12",
    "updatedAt": "2025-03-03T13:18:44.449Z"
  },
  {
    "id": 283,
    "usdToUah": "41.41",
    "btcToUsd": "92939.00",
    "ethToUsd": "2367.12",
    "updatedAt": "2025-03-03T13:19:14.449Z"
  },
  {
    "id": 284,
    "usdToUah": "41.41",
    "btcToUsd": "92969.00",
    "ethToUsd": "2364.96",
    "updatedAt": "2025-03-03T13:19:44.651Z"
  },
  {
    "id": 285,
    "usdToUah": "41.41",
    "btcToUsd": "92969.00",
    "ethToUsd": "2364.96",
    "updatedAt": "2025-03-03T13:20:14.451Z"
  },
  {
    "id": 286,
    "usdToUah": "41.41",
    "btcToUsd": "92969.00",
    "ethToUsd": "2364.96",
    "updatedAt": "2025-03-03T13:20:44.451Z"
  },
  {
    "id": 287,
    "usdToUah": "41.41",
    "btcToUsd": "92969.00",
    "ethToUsd": "2364.96",
    "updatedAt": "2025-03-03T13:21:14.452Z"
  },
  {
    "id": 288,
    "usdToUah": "41.41",
    "btcToUsd": "92969.00",
    "ethToUsd": "2364.96",
    "updatedAt": "2025-03-03T13:21:44.452Z"
  },
  {
    "id": 289,
    "usdToUah": "41.41",
    "btcToUsd": "92969.00",
    "ethToUsd": "2364.96",
    "updatedAt": "2025-03-03T13:22:14.452Z"
  },
  {
    "id": 290,
    "usdToUah": "41.41",
    "btcToUsd": "92969.00",
    "ethToUsd": "2364.96",
    "updatedAt": "2025-03-03T13:22:44.453Z"
  },
  {
    "id": 291,
    "usdToUah": "41.41",
    "btcToUsd": "92969.00",
    "ethToUsd": "2364.96",
    "updatedAt": "2025-03-03T13:23:14.456Z"
  },
  {
    "id": 292,
    "usdToUah": "41.41",
    "btcToUsd": "92969.00",
    "ethToUsd": "2364.96",
    "updatedAt": "2025-03-03T13:23:44.457Z"
  },
  {
    "id": 293,
    "usdToUah": "41.41",
    "btcToUsd": "92969.00",
    "ethToUsd": "2364.96",
    "updatedAt": "2025-03-03T13:24:14.457Z"
  },
  {
    "id": 294,
    "usdToUah": "41.41",
    "btcToUsd": "92969.00",
    "ethToUsd": "2364.96",
    "updatedAt": "2025-03-03T13:24:44.457Z"
  },
  {
    "id": 295,
    "usdToUah": "41.41",
    "btcToUsd": "93129.00",
    "ethToUsd": "2371.02",
    "updatedAt": "2025-03-03T13:25:14.653Z"
  },
  {
    "id": 296,
    "usdToUah": "41.41",
    "btcToUsd": "93129.00",
    "ethToUsd": "2371.02",
    "updatedAt": "2025-03-03T13:25:44.457Z"
  },
  {
    "id": 297,
    "usdToUah": "41.41",
    "btcToUsd": "93129.00",
    "ethToUsd": "2371.02",
    "updatedAt": "2025-03-03T13:26:14.458Z"
  },
  {
    "id": 298,
    "usdToUah": "41.41",
    "btcToUsd": "93129.00",
    "ethToUsd": "2371.02",
    "updatedAt": "2025-03-03T13:26:44.459Z"
  },
  {
    "id": 299,
    "usdToUah": "41.41",
    "btcToUsd": "93129.00",
    "ethToUsd": "2371.02",
    "updatedAt": "2025-03-03T13:27:14.460Z"
  },
  {
    "id": 300,
    "usdToUah": "41.41",
    "btcToUsd": "93129.00",
    "ethToUsd": "2371.02",
    "updatedAt": "2025-03-03T13:27:44.460Z"
  },
  {
    "id": 301,
    "usdToUah": "41.41",
    "btcToUsd": "93129.00",
    "ethToUsd": "2371.02",
    "updatedAt": "2025-03-03T13:28:14.461Z"
  },
  {
    "id": 302,
    "usdToUah": "41.41",
    "btcToUsd": "93129.00",
    "ethToUsd": "2371.02",
    "updatedAt": "2025-03-03T13:28:44.462Z"
  },
  {
    "id": 303,
    "usdToUah": "41.41",
    "btcToUsd": "93129.00",
    "ethToUsd": "2371.02",
    "updatedAt": "2025-03-03T13:29:14.462Z"
  },
  {
    "id": 304,
    "usdToUah": "41.41",
    "btcToUsd": "93129.00",
    "ethToUsd": "2371.02",
    "updatedAt": "2025-03-03T13:29:44.463Z"
  },
  {
    "id": 305,
    "usdToUah": "41.41",
    "btcToUsd": "93129.00",
    "ethToUsd": "2371.02",
    "updatedAt": "2025-03-03T13:30:14.464Z"
  },
  {
    "id": 306,
    "usdToUah": "41.41",
    "btcToUsd": "93119.00",
    "ethToUsd": "2369.05",
    "updatedAt": "2025-03-03T13:30:44.669Z"
  },
  {
    "id": 307,
    "usdToUah": "41.41",
    "btcToUsd": "93119.00",
    "ethToUsd": "2369.05",
    "updatedAt": "2025-03-03T13:31:14.465Z"
  },
  {
    "id": 308,
    "usdToUah": "41.41",
    "btcToUsd": "93119.00",
    "ethToUsd": "2369.05",
    "updatedAt": "2025-03-03T13:31:44.466Z"
  },
  {
    "id": 309,
    "usdToUah": "41.41",
    "btcToUsd": "93119.00",
    "ethToUsd": "2369.05",
    "updatedAt": "2025-03-03T13:32:14.467Z"
  },
  {
    "id": 310,
    "usdToUah": "41.41",
    "btcToUsd": "93119.00",
    "ethToUsd": "2369.05",
    "updatedAt": "2025-03-03T13:32:44.467Z"
  },
  {
    "id": 311,
    "usdToUah": "41.41",
    "btcToUsd": "93119.00",
    "ethToUsd": "2369.05",
    "updatedAt": "2025-03-03T13:33:14.467Z"
  },
  {
    "id": 312,
    "usdToUah": "41.41",
    "btcToUsd": "93119.00",
    "ethToUsd": "2369.05",
    "updatedAt": "2025-03-03T13:33:44.467Z"
  },
  {
    "id": 313,
    "usdToUah": "41.41",
    "btcToUsd": "93119.00",
    "ethToUsd": "2369.05",
    "updatedAt": "2025-03-03T13:34:14.467Z"
  },
  {
    "id": 314,
    "usdToUah": "41.41",
    "btcToUsd": "93119.00",
    "ethToUsd": "2369.05",
    "updatedAt": "2025-03-03T13:34:44.472Z"
  },
  {
    "id": 315,
    "usdToUah": "41.41",
    "btcToUsd": "93119.00",
    "ethToUsd": "2369.05",
    "updatedAt": "2025-03-03T13:35:14.472Z"
  },
  {
    "id": 316,
    "usdToUah": "41.41",
    "btcToUsd": "93119.00",
    "ethToUsd": "2369.05",
    "updatedAt": "2025-03-03T13:35:44.472Z"
  },
  {
    "id": 317,
    "usdToUah": "41.41",
    "btcToUsd": "93165.00",
    "ethToUsd": "2369.93",
    "updatedAt": "2025-03-03T13:36:14.663Z"
  },
  {
    "id": 318,
    "usdToUah": "41.41",
    "btcToUsd": "93165.00",
    "ethToUsd": "2369.93",
    "updatedAt": "2025-03-03T13:36:44.472Z"
  },
  {
    "id": 319,
    "usdToUah": "41.41",
    "btcToUsd": "93165.00",
    "ethToUsd": "2369.93",
    "updatedAt": "2025-03-03T13:37:14.472Z"
  },
  {
    "id": 320,
    "usdToUah": "41.41",
    "btcToUsd": "93165.00",
    "ethToUsd": "2369.93",
    "updatedAt": "2025-03-03T13:37:44.473Z"
  },
  {
    "id": 321,
    "usdToUah": "41.41",
    "btcToUsd": "93165.00",
    "ethToUsd": "2369.93",
    "updatedAt": "2025-03-03T13:38:14.472Z"
  },
  {
    "id": 322,
    "usdToUah": "41.41",
    "btcToUsd": "93165.00",
    "ethToUsd": "2369.93",
    "updatedAt": "2025-03-03T13:38:44.473Z"
  },
  {
    "id": 323,
    "usdToUah": "41.41",
    "btcToUsd": "93165.00",
    "ethToUsd": "2369.93",
    "updatedAt": "2025-03-03T13:39:14.473Z"
  },
  {
    "id": 324,
    "usdToUah": "41.41",
    "btcToUsd": "93165.00",
    "ethToUsd": "2369.93",
    "updatedAt": "2025-03-03T13:39:44.473Z"
  },
  {
    "id": 325,
    "usdToUah": "41.41",
    "btcToUsd": "93165.00",
    "ethToUsd": "2369.93",
    "updatedAt": "2025-03-03T13:40:14.473Z"
  },
  {
    "id": 326,
    "usdToUah": "41.41",
    "btcToUsd": "93165.00",
    "ethToUsd": "2369.93",
    "updatedAt": "2025-03-03T13:40:44.473Z"
  },
  {
    "id": 327,
    "usdToUah": "41.41",
    "btcToUsd": "93165.00",
    "ethToUsd": "2369.93",
    "updatedAt": "2025-03-03T13:41:14.473Z"
  },
  {
    "id": 328,
    "usdToUah": "41.41",
    "btcToUsd": "93228.00",
    "ethToUsd": "2372.33",
    "updatedAt": "2025-03-03T13:41:44.705Z"
  },
  {
    "id": 329,
    "usdToUah": "41.41",
    "btcToUsd": "93228.00",
    "ethToUsd": "2372.33",
    "updatedAt": "2025-03-03T13:42:14.475Z"
  },
  {
    "id": 330,
    "usdToUah": "41.41",
    "btcToUsd": "93228.00",
    "ethToUsd": "2372.33",
    "updatedAt": "2025-03-03T13:42:44.476Z"
  },
  {
    "id": 331,
    "usdToUah": "41.41",
    "btcToUsd": "93228.00",
    "ethToUsd": "2372.33",
    "updatedAt": "2025-03-03T13:43:14.476Z"
  },
  {
    "id": 332,
    "usdToUah": "41.41",
    "btcToUsd": "93228.00",
    "ethToUsd": "2372.33",
    "updatedAt": "2025-03-03T13:43:44.477Z"
  },
  {
    "id": 333,
    "usdToUah": "41.41",
    "btcToUsd": "93228.00",
    "ethToUsd": "2372.33",
    "updatedAt": "2025-03-03T13:44:14.478Z"
  },
  {
    "id": 334,
    "usdToUah": "41.41",
    "btcToUsd": "93228.00",
    "ethToUsd": "2372.33",
    "updatedAt": "2025-03-03T13:44:44.480Z"
  },
  {
    "id": 335,
    "usdToUah": "41.41",
    "btcToUsd": "93228.00",
    "ethToUsd": "2372.33",
    "updatedAt": "2025-03-03T13:45:14.485Z"
  },
  {
    "id": 336,
    "usdToUah": "41.41",
    "btcToUsd": "93228.00",
    "ethToUsd": "2372.33",
    "updatedAt": "2025-03-03T13:45:44.485Z"
  },
  {
    "id": 337,
    "usdToUah": "41.41",
    "btcToUsd": "93228.00",
    "ethToUsd": "2372.33",
    "updatedAt": "2025-03-03T13:46:14.486Z"
  },
  {
    "id": 338,
    "usdToUah": "41.41",
    "btcToUsd": "93228.00",
    "ethToUsd": "2372.33",
    "updatedAt": "2025-03-03T13:46:44.487Z"
  },
  {
    "id": 339,
    "usdToUah": "41.41",
    "btcToUsd": "93651.00",
    "ethToUsd": "2384.12",
    "updatedAt": "2025-03-03T13:47:14.693Z"
  },
  {
    "id": 340,
    "usdToUah": "41.41",
    "btcToUsd": "93651.00",
    "ethToUsd": "2384.12",
    "updatedAt": "2025-03-03T13:47:44.488Z"
  },
  {
    "id": 341,
    "usdToUah": "41.41",
    "btcToUsd": "93651.00",
    "ethToUsd": "2384.12",
    "updatedAt": "2025-03-03T13:48:14.488Z"
  },
  {
    "id": 342,
    "usdToUah": "41.41",
    "btcToUsd": "93651.00",
    "ethToUsd": "2384.12",
    "updatedAt": "2025-03-03T13:48:44.489Z"
  },
  {
    "id": 343,
    "usdToUah": "41.41",
    "btcToUsd": "93651.00",
    "ethToUsd": "2384.12",
    "updatedAt": "2025-03-03T13:49:14.489Z"
  },
  {
    "id": 344,
    "usdToUah": "41.41",
    "btcToUsd": "93651.00",
    "ethToUsd": "2384.12",
    "updatedAt": "2025-03-03T13:49:44.490Z"
  },
  {
    "id": 345,
    "usdToUah": "41.41",
    "btcToUsd": "93651.00",
    "ethToUsd": "2384.12",
    "updatedAt": "2025-03-03T13:50:14.490Z"
  },
  {
    "id": 346,
    "usdToUah": "41.41",
    "btcToUsd": "93651.00",
    "ethToUsd": "2384.12",
    "updatedAt": "2025-03-03T13:50:44.491Z"
  },
  {
    "id": 347,
    "usdToUah": "41.41",
    "btcToUsd": "93651.00",
    "ethToUsd": "2384.12",
    "updatedAt": "2025-03-03T13:51:14.491Z"
  },
  {
    "id": 348,
    "usdToUah": "41.41",
    "btcToUsd": "93651.00",
    "ethToUsd": "2384.12",
    "updatedAt": "2025-03-03T13:51:44.492Z"
  },
  {
    "id": 349,
    "usdToUah": "41.41",
    "btcToUsd": "93651.00",
    "ethToUsd": "2384.12",
    "updatedAt": "2025-03-03T13:52:14.492Z"
  },
  {
    "id": 350,
    "usdToUah": "41.41",
    "btcToUsd": "93405.00",
    "ethToUsd": "2378.42",
    "updatedAt": "2025-03-03T13:52:44.700Z"
  },
  {
    "id": 351,
    "usdToUah": "41.41",
    "btcToUsd": "93405.00",
    "ethToUsd": "2378.42",
    "updatedAt": "2025-03-03T13:53:14.492Z"
  },
  {
    "id": 352,
    "usdToUah": "41.41",
    "btcToUsd": "93405.00",
    "ethToUsd": "2378.42",
    "updatedAt": "2025-03-03T13:53:44.492Z"
  },
  {
    "id": 353,
    "usdToUah": "41.41",
    "btcToUsd": "93405.00",
    "ethToUsd": "2378.42",
    "updatedAt": "2025-03-03T13:54:14.492Z"
  },
  {
    "id": 354,
    "usdToUah": "41.41",
    "btcToUsd": "93405.00",
    "ethToUsd": "2378.42",
    "updatedAt": "2025-03-03T13:54:44.493Z"
  },
  {
    "id": 355,
    "usdToUah": "41.41",
    "btcToUsd": "93405.00",
    "ethToUsd": "2378.42",
    "updatedAt": "2025-03-03T13:55:14.493Z"
  },
  {
    "id": 356,
    "usdToUah": "41.41",
    "btcToUsd": "93405.00",
    "ethToUsd": "2378.42",
    "updatedAt": "2025-03-03T13:55:44.494Z"
  },
  {
    "id": 357,
    "usdToUah": "41.41",
    "btcToUsd": "93405.00",
    "ethToUsd": "2378.42",
    "updatedAt": "2025-03-03T13:56:14.495Z"
  },
  {
    "id": 358,
    "usdToUah": "41.41",
    "btcToUsd": "93405.00",
    "ethToUsd": "2378.42",
    "updatedAt": "2025-03-03T13:56:44.496Z"
  },
  {
    "id": 359,
    "usdToUah": "41.41",
    "btcToUsd": "93405.00",
    "ethToUsd": "2378.42",
    "updatedAt": "2025-03-03T13:57:14.497Z"
  },
  {
    "id": 360,
    "usdToUah": "41.41",
    "btcToUsd": "93405.00",
    "ethToUsd": "2378.42",
    "updatedAt": "2025-03-03T13:57:44.498Z"
  },
  {
    "id": 361,
    "usdToUah": "41.41",
    "btcToUsd": "93369.00",
    "ethToUsd": "2375.34",
    "updatedAt": "2025-03-03T13:58:14.704Z"
  },
  {
    "id": 362,
    "usdToUah": "41.41",
    "btcToUsd": "93369.00",
    "ethToUsd": "2375.34",
    "updatedAt": "2025-03-03T13:58:44.499Z"
  },
  {
    "id": 363,
    "usdToUah": "41.41",
    "btcToUsd": "93369.00",
    "ethToUsd": "2375.34",
    "updatedAt": "2025-03-03T13:59:14.500Z"
  },
  {
    "id": 364,
    "usdToUah": "41.41",
    "btcToUsd": "93369.00",
    "ethToUsd": "2375.34",
    "updatedAt": "2025-03-03T13:59:44.501Z"
  },
  {
    "id": 365,
    "usdToUah": "41.41",
    "btcToUsd": "93369.00",
    "ethToUsd": "2375.34",
    "updatedAt": "2025-03-03T14:00:14.503Z"
  },
  {
    "id": 366,
    "usdToUah": "41.41",
    "btcToUsd": "93369.00",
    "ethToUsd": "2375.34",
    "updatedAt": "2025-03-03T14:00:44.503Z"
  },
  {
    "id": 367,
    "usdToUah": "41.41",
    "btcToUsd": "93369.00",
    "ethToUsd": "2375.34",
    "updatedAt": "2025-03-03T14:01:14.504Z"
  },
  {
    "id": 368,
    "usdToUah": "41.41",
    "btcToUsd": "93369.00",
    "ethToUsd": "2375.34",
    "updatedAt": "2025-03-03T14:01:44.505Z"
  },
  {
    "id": 369,
    "usdToUah": "41.41",
    "btcToUsd": "93369.00",
    "ethToUsd": "2375.34",
    "updatedAt": "2025-03-03T14:02:14.506Z"
  },
  {
    "id": 370,
    "usdToUah": "41.41",
    "btcToUsd": "93369.00",
    "ethToUsd": "2375.34",
    "updatedAt": "2025-03-03T14:02:44.507Z"
  },
  {
    "id": 371,
    "usdToUah": "41.41",
    "btcToUsd": "93369.00",
    "ethToUsd": "2375.34",
    "updatedAt": "2025-03-03T14:03:14.509Z"
  },
  {
    "id": 372,
    "usdToUah": "41.41",
    "btcToUsd": "93454.00",
    "ethToUsd": "2375.48",
    "updatedAt": "2025-03-03T14:03:44.762Z"
  },
  {
    "id": 373,
    "usdToUah": "41.41",
    "btcToUsd": "93454.00",
    "ethToUsd": "2375.48",
    "updatedAt": "2025-03-03T14:04:14.510Z"
  },
  {
    "id": 374,
    "usdToUah": "41.41",
    "btcToUsd": "93454.00",
    "ethToUsd": "2375.48",
    "updatedAt": "2025-03-03T14:04:44.511Z"
  },
  {
    "id": 375,
    "usdToUah": "41.41",
    "btcToUsd": "93454.00",
    "ethToUsd": "2375.48",
    "updatedAt": "2025-03-03T14:05:14.511Z"
  },
  {
    "id": 376,
    "usdToUah": "41.41",
    "btcToUsd": "93454.00",
    "ethToUsd": "2375.48",
    "updatedAt": "2025-03-03T14:05:44.511Z"
  },
  {
    "id": 377,
    "usdToUah": "41.41",
    "btcToUsd": "93454.00",
    "ethToUsd": "2375.48",
    "updatedAt": "2025-03-03T14:06:14.512Z"
  },
  {
    "id": 378,
    "usdToUah": "41.41",
    "btcToUsd": "93454.00",
    "ethToUsd": "2375.48",
    "updatedAt": "2025-03-03T14:06:44.512Z"
  },
  {
    "id": 379,
    "usdToUah": "41.41",
    "btcToUsd": "93454.00",
    "ethToUsd": "2375.48",
    "updatedAt": "2025-03-03T14:07:14.511Z"
  },
  {
    "id": 380,
    "usdToUah": "41.41",
    "btcToUsd": "93454.00",
    "ethToUsd": "2375.48",
    "updatedAt": "2025-03-03T14:07:44.512Z"
  },
  {
    "id": 381,
    "usdToUah": "41.41",
    "btcToUsd": "93454.00",
    "ethToUsd": "2375.48",
    "updatedAt": "2025-03-03T14:08:14.512Z"
  },
  {
    "id": 382,
    "usdToUah": "41.41",
    "btcToUsd": "93454.00",
    "ethToUsd": "2375.48",
    "updatedAt": "2025-03-03T14:08:44.512Z"
  },
  {
    "id": 383,
    "usdToUah": "41.41",
    "btcToUsd": "93429.00",
    "ethToUsd": "2376.59",
    "updatedAt": "2025-03-03T14:09:14.721Z"
  },
  {
    "id": 384,
    "usdToUah": "41.41",
    "btcToUsd": "93429.00",
    "ethToUsd": "2376.59",
    "updatedAt": "2025-03-03T14:09:44.514Z"
  },
  {
    "id": 385,
    "usdToUah": "41.41",
    "btcToUsd": "93429.00",
    "ethToUsd": "2376.59",
    "updatedAt": "2025-03-03T14:10:14.514Z"
  },
  {
    "id": 386,
    "usdToUah": "41.41",
    "btcToUsd": "93429.00",
    "ethToUsd": "2376.59",
    "updatedAt": "2025-03-03T14:10:44.517Z"
  },
  {
    "id": 387,
    "usdToUah": "41.41",
    "btcToUsd": "93429.00",
    "ethToUsd": "2376.59",
    "updatedAt": "2025-03-03T14:11:14.518Z"
  },
  {
    "id": 388,
    "usdToUah": "41.41",
    "btcToUsd": "93429.00",
    "ethToUsd": "2376.59",
    "updatedAt": "2025-03-03T14:11:44.519Z"
  },
  {
    "id": 389,
    "usdToUah": "41.41",
    "btcToUsd": "93429.00",
    "ethToUsd": "2376.59",
    "updatedAt": "2025-03-03T14:12:14.519Z"
  },
  {
    "id": 390,
    "usdToUah": "41.41",
    "btcToUsd": "93429.00",
    "ethToUsd": "2376.59",
    "updatedAt": "2025-03-03T14:12:44.519Z"
  },
  {
    "id": 391,
    "usdToUah": "41.41",
    "btcToUsd": "93429.00",
    "ethToUsd": "2376.59",
    "updatedAt": "2025-03-03T14:13:14.520Z"
  },
  {
    "id": 392,
    "usdToUah": "41.41",
    "btcToUsd": "93429.00",
    "ethToUsd": "2376.59",
    "updatedAt": "2025-03-03T14:13:44.521Z"
  },
  {
    "id": 393,
    "usdToUah": "41.41",
    "btcToUsd": "93429.00",
    "ethToUsd": "2376.59",
    "updatedAt": "2025-03-03T14:14:14.520Z"
  },
  {
    "id": 394,
    "usdToUah": "41.41",
    "btcToUsd": "93593.00",
    "ethToUsd": "2377.75",
    "updatedAt": "2025-03-03T14:14:44.728Z"
  },
  {
    "id": 395,
    "usdToUah": "41.41",
    "btcToUsd": "93593.00",
    "ethToUsd": "2377.75",
    "updatedAt": "2025-03-03T14:15:14.522Z"
  },
  {
    "id": 396,
    "usdToUah": "41.41",
    "btcToUsd": "93593.00",
    "ethToUsd": "2377.75",
    "updatedAt": "2025-03-03T14:15:44.523Z"
  },
  {
    "id": 397,
    "usdToUah": "41.41",
    "btcToUsd": "93593.00",
    "ethToUsd": "2377.75",
    "updatedAt": "2025-03-03T14:16:14.525Z"
  },
  {
    "id": 398,
    "usdToUah": "41.41",
    "btcToUsd": "93593.00",
    "ethToUsd": "2377.75",
    "updatedAt": "2025-03-03T14:16:44.523Z"
  },
  {
    "id": 399,
    "usdToUah": "41.41",
    "btcToUsd": "93593.00",
    "ethToUsd": "2377.75",
    "updatedAt": "2025-03-03T14:17:14.523Z"
  },
  {
    "id": 400,
    "usdToUah": "41.41",
    "btcToUsd": "93593.00",
    "ethToUsd": "2377.75",
    "updatedAt": "2025-03-03T14:17:44.524Z"
  },
  {
    "id": 401,
    "usdToUah": "41.41",
    "btcToUsd": "93593.00",
    "ethToUsd": "2377.75",
    "updatedAt": "2025-03-03T14:18:14.524Z"
  },
  {
    "id": 402,
    "usdToUah": "41.41",
    "btcToUsd": "93593.00",
    "ethToUsd": "2377.75",
    "updatedAt": "2025-03-03T14:18:44.524Z"
  },
  {
    "id": 403,
    "usdToUah": "41.41",
    "btcToUsd": "93593.00",
    "ethToUsd": "2377.75",
    "updatedAt": "2025-03-03T14:19:14.524Z"
  },
  {
    "id": 404,
    "usdToUah": "41.41",
    "btcToUsd": "93593.00",
    "ethToUsd": "2377.75",
    "updatedAt": "2025-03-03T14:19:44.525Z"
  },
  {
    "id": 405,
    "usdToUah": "41.41",
    "btcToUsd": "93329.00",
    "ethToUsd": "2366.46",
    "updatedAt": "2025-03-03T14:20:14.743Z"
  },
  {
    "id": 406,
    "usdToUah": "41.41",
    "btcToUsd": "93329.00",
    "ethToUsd": "2366.46",
    "updatedAt": "2025-03-03T14:20:44.526Z"
  },
  {
    "id": 407,
    "usdToUah": "41.41",
    "btcToUsd": "93329.00",
    "ethToUsd": "2366.46",
    "updatedAt": "2025-03-03T14:21:14.526Z"
  },
  {
    "id": 408,
    "usdToUah": "41.41",
    "btcToUsd": "93329.00",
    "ethToUsd": "2366.46",
    "updatedAt": "2025-03-03T14:21:44.526Z"
  },
  {
    "id": 409,
    "usdToUah": "41.41",
    "btcToUsd": "93329.00",
    "ethToUsd": "2366.46",
    "updatedAt": "2025-03-03T14:22:14.527Z"
  },
  {
    "id": 410,
    "usdToUah": "41.41",
    "btcToUsd": "93329.00",
    "ethToUsd": "2366.46",
    "updatedAt": "2025-03-03T14:22:44.527Z"
  },
  {
    "id": 411,
    "usdToUah": "41.41",
    "btcToUsd": "93329.00",
    "ethToUsd": "2366.46",
    "updatedAt": "2025-03-03T14:23:14.527Z"
  },
  {
    "id": 412,
    "usdToUah": "41.41",
    "btcToUsd": "93329.00",
    "ethToUsd": "2366.46",
    "updatedAt": "2025-03-03T14:23:44.527Z"
  },
  {
    "id": 413,
    "usdToUah": "41.41",
    "btcToUsd": "93329.00",
    "ethToUsd": "2366.46",
    "updatedAt": "2025-03-03T14:24:14.526Z"
  },
  {
    "id": 414,
    "usdToUah": "41.41",
    "btcToUsd": "93329.00",
    "ethToUsd": "2366.46",
    "updatedAt": "2025-03-03T14:24:44.527Z"
  },
  {
    "id": 415,
    "usdToUah": "41.41",
    "btcToUsd": "93329.00",
    "ethToUsd": "2366.46",
    "updatedAt": "2025-03-03T14:25:14.528Z"
  },
  {
    "id": 416,
    "usdToUah": "41.41",
    "btcToUsd": "93006.00",
    "ethToUsd": "2357.94",
    "updatedAt": "2025-03-03T14:25:44.740Z"
  },
  {
    "id": 417,
    "usdToUah": "41.41",
    "btcToUsd": "93006.00",
    "ethToUsd": "2357.94",
    "updatedAt": "2025-03-03T14:26:14.530Z"
  },
  {
    "id": 418,
    "usdToUah": "41.41",
    "btcToUsd": "93006.00",
    "ethToUsd": "2357.94",
    "updatedAt": "2025-03-03T14:26:44.529Z"
  },
  {
    "id": 419,
    "usdToUah": "41.41",
    "btcToUsd": "93006.00",
    "ethToUsd": "2357.94",
    "updatedAt": "2025-03-03T14:27:14.530Z"
  },
  {
    "id": 420,
    "usdToUah": "41.41",
    "btcToUsd": "93006.00",
    "ethToUsd": "2357.94",
    "updatedAt": "2025-03-03T14:27:44.530Z"
  },
  {
    "id": 421,
    "usdToUah": "41.41",
    "btcToUsd": "93006.00",
    "ethToUsd": "2357.94",
    "updatedAt": "2025-03-03T14:28:14.532Z"
  },
  {
    "id": 422,
    "usdToUah": "41.41",
    "btcToUsd": "93006.00",
    "ethToUsd": "2357.94",
    "updatedAt": "2025-03-03T14:28:44.533Z"
  },
  {
    "id": 423,
    "usdToUah": "41.41",
    "btcToUsd": "93006.00",
    "ethToUsd": "2357.94",
    "updatedAt": "2025-03-03T14:29:14.534Z"
  },
  {
    "id": 424,
    "usdToUah": "41.41",
    "btcToUsd": "93006.00",
    "ethToUsd": "2357.94",
    "updatedAt": "2025-03-03T14:29:44.535Z"
  },
  {
    "id": 425,
    "usdToUah": "41.41",
    "btcToUsd": "93006.00",
    "ethToUsd": "2357.94",
    "updatedAt": "2025-03-03T14:30:14.536Z"
  },
  {
    "id": 426,
    "usdToUah": "41.41",
    "btcToUsd": "93006.00",
    "ethToUsd": "2357.94",
    "updatedAt": "2025-03-03T14:30:44.537Z"
  },
  {
    "id": 427,
    "usdToUah": "41.41",
    "btcToUsd": "93102.00",
    "ethToUsd": "2359.06",
    "updatedAt": "2025-03-03T14:31:14.745Z"
  },
  {
    "id": 428,
    "usdToUah": "41.41",
    "btcToUsd": "93102.00",
    "ethToUsd": "2359.06",
    "updatedAt": "2025-03-03T14:31:44.539Z"
  },
  {
    "id": 429,
    "usdToUah": "41.41",
    "btcToUsd": "93102.00",
    "ethToUsd": "2359.06",
    "updatedAt": "2025-03-03T14:32:14.539Z"
  },
  {
    "id": 430,
    "usdToUah": "41.41",
    "btcToUsd": "93102.00",
    "ethToUsd": "2359.06",
    "updatedAt": "2025-03-03T14:32:44.540Z"
  },
  {
    "id": 431,
    "usdToUah": "41.41",
    "btcToUsd": "93102.00",
    "ethToUsd": "2359.06",
    "updatedAt": "2025-03-03T14:33:14.540Z"
  },
  {
    "id": 432,
    "usdToUah": "41.41",
    "btcToUsd": "93102.00",
    "ethToUsd": "2359.06",
    "updatedAt": "2025-03-03T14:33:44.540Z"
  },
  {
    "id": 433,
    "usdToUah": "41.41",
    "btcToUsd": "93102.00",
    "ethToUsd": "2359.06",
    "updatedAt": "2025-03-03T14:34:14.541Z"
  },
  {
    "id": 434,
    "usdToUah": "41.41",
    "btcToUsd": "93102.00",
    "ethToUsd": "2359.06",
    "updatedAt": "2025-03-03T14:34:44.542Z"
  },
  {
    "id": 435,
    "usdToUah": "41.41",
    "btcToUsd": "93102.00",
    "ethToUsd": "2359.06",
    "updatedAt": "2025-03-03T14:35:14.542Z"
  },
  {
    "id": 436,
    "usdToUah": "41.41",
    "btcToUsd": "93102.00",
    "ethToUsd": "2359.06",
    "updatedAt": "2025-03-03T14:35:44.542Z"
  },
  {
    "id": 437,
    "usdToUah": "41.41",
    "btcToUsd": "93102.00",
    "ethToUsd": "2359.06",
    "updatedAt": "2025-03-03T14:36:14.542Z"
  },
  {
    "id": 438,
    "usdToUah": "41.41",
    "btcToUsd": "92649.00",
    "ethToUsd": "2350.86",
    "updatedAt": "2025-03-03T14:36:44.749Z"
  },
  {
    "id": 439,
    "usdToUah": "41.41",
    "btcToUsd": "92649.00",
    "ethToUsd": "2350.86",
    "updatedAt": "2025-03-03T14:37:14.542Z"
  },
  {
    "id": 440,
    "usdToUah": "41.41",
    "btcToUsd": "92649.00",
    "ethToUsd": "2350.86",
    "updatedAt": "2025-03-03T14:37:44.542Z"
  },
  {
    "id": 441,
    "usdToUah": "41.41",
    "btcToUsd": "92649.00",
    "ethToUsd": "2350.86",
    "updatedAt": "2025-03-03T14:38:14.543Z"
  },
  {
    "id": 442,
    "usdToUah": "41.41",
    "btcToUsd": "92649.00",
    "ethToUsd": "2350.86",
    "updatedAt": "2025-03-03T14:38:44.543Z"
  },
  {
    "id": 443,
    "usdToUah": "41.41",
    "btcToUsd": "92417.00",
    "ethToUsd": "2347.32",
    "updatedAt": "2025-03-03T14:39:19.846Z"
  },
  {
    "id": 444,
    "usdToUah": "41.41",
    "btcToUsd": "92417.00",
    "ethToUsd": "2347.32",
    "updatedAt": "2025-03-03T14:39:48.302Z"
  },
  {
    "id": 445,
    "usdToUah": "41.41",
    "btcToUsd": "92417.00",
    "ethToUsd": "2347.32",
    "updatedAt": "2025-03-03T14:40:18.302Z"
  },
  {
    "id": 446,
    "usdToUah": "41.41",
    "btcToUsd": "92417.00",
    "ethToUsd": "2347.32",
    "updatedAt": "2025-03-03T14:40:48.303Z"
  },
  {
    "id": 447,
    "usdToUah": "41.41",
    "btcToUsd": "92417.00",
    "ethToUsd": "2347.32",
    "updatedAt": "2025-03-03T14:41:18.304Z"
  },
  {
    "id": 448,
    "usdToUah": "41.41",
    "btcToUsd": "92417.00",
    "ethToUsd": "2347.32",
    "updatedAt": "2025-03-03T14:41:48.305Z"
  },
  {
    "id": 449,
    "usdToUah": "41.41",
    "btcToUsd": "92417.00",
    "ethToUsd": "2347.32",
    "updatedAt": "2025-03-03T14:42:18.306Z"
  },
  {
    "id": 450,
    "usdToUah": "41.41",
    "btcToUsd": "92417.00",
    "ethToUsd": "2347.32",
    "updatedAt": "2025-03-03T14:42:48.309Z"
  },
  {
    "id": 451,
    "usdToUah": "41.41",
    "btcToUsd": "92417.00",
    "ethToUsd": "2347.32",
    "updatedAt": "2025-03-03T14:43:18.311Z"
  },
  {
    "id": 452,
    "usdToUah": "41.41",
    "btcToUsd": "92417.00",
    "ethToUsd": "2347.32",
    "updatedAt": "2025-03-03T14:43:48.312Z"
  },
  {
    "id": 453,
    "usdToUah": "41.41",
    "btcToUsd": "92417.00",
    "ethToUsd": "2347.32",
    "updatedAt": "2025-03-03T14:44:18.311Z"
  },
  {
    "id": 454,
    "usdToUah": "41.41",
    "btcToUsd": "91599.00",
    "ethToUsd": "2327.36",
    "updatedAt": "2025-03-03T14:44:48.513Z"
  },
  {
    "id": 455,
    "usdToUah": "41.41",
    "btcToUsd": "91599.00",
    "ethToUsd": "2327.36",
    "updatedAt": "2025-03-03T14:45:18.313Z"
  },
  {
    "id": 456,
    "usdToUah": "41.41",
    "btcToUsd": "91599.00",
    "ethToUsd": "2327.36",
    "updatedAt": "2025-03-03T14:45:48.314Z"
  },
  {
    "id": 457,
    "usdToUah": "41.41",
    "btcToUsd": "91599.00",
    "ethToUsd": "2327.36",
    "updatedAt": "2025-03-03T14:46:18.317Z"
  },
  {
    "id": 458,
    "usdToUah": "41.41",
    "btcToUsd": "91599.00",
    "ethToUsd": "2327.36",
    "updatedAt": "2025-03-03T14:46:48.317Z"
  },
  {
    "id": 459,
    "usdToUah": "41.41",
    "btcToUsd": "91599.00",
    "ethToUsd": "2327.36",
    "updatedAt": "2025-03-03T14:47:18.318Z"
  },
  {
    "id": 460,
    "usdToUah": "41.41",
    "btcToUsd": "91599.00",
    "ethToUsd": "2327.36",
    "updatedAt": "2025-03-03T14:47:48.318Z"
  },
  {
    "id": 461,
    "usdToUah": "41.41",
    "btcToUsd": "91599.00",
    "ethToUsd": "2327.36",
    "updatedAt": "2025-03-03T14:48:18.318Z"
  },
  {
    "id": 462,
    "usdToUah": "41.41",
    "btcToUsd": "91599.00",
    "ethToUsd": "2327.36",
    "updatedAt": "2025-03-03T14:48:48.319Z"
  },
  {
    "id": 463,
    "usdToUah": "41.41",
    "btcToUsd": "91599.00",
    "ethToUsd": "2327.36",
    "updatedAt": "2025-03-03T14:49:18.320Z"
  },
  {
    "id": 464,
    "usdToUah": "41.41",
    "btcToUsd": "91599.00",
    "ethToUsd": "2327.36",
    "updatedAt": "2025-03-03T14:49:48.321Z"
  },
  {
    "id": 465,
    "usdToUah": "41.41",
    "btcToUsd": "91452.00",
    "ethToUsd": "2327.89",
    "updatedAt": "2025-03-03T14:50:18.532Z"
  },
  {
    "id": 466,
    "usdToUah": "41.41",
    "btcToUsd": "91452.00",
    "ethToUsd": "2327.89",
    "updatedAt": "2025-03-03T14:50:48.321Z"
  },
  {
    "id": 467,
    "usdToUah": "41.41",
    "btcToUsd": "91452.00",
    "ethToUsd": "2327.89",
    "updatedAt": "2025-03-03T14:51:18.322Z"
  },
  {
    "id": 468,
    "usdToUah": "41.41",
    "btcToUsd": "91452.00",
    "ethToUsd": "2327.89",
    "updatedAt": "2025-03-03T14:51:48.322Z"
  },
  {
    "id": 469,
    "usdToUah": "41.41",
    "btcToUsd": "91452.00",
    "ethToUsd": "2327.89",
    "updatedAt": "2025-03-03T14:52:18.322Z"
  },
  {
    "id": 470,
    "usdToUah": "41.41",
    "btcToUsd": "91452.00",
    "ethToUsd": "2327.89",
    "updatedAt": "2025-03-03T14:52:48.324Z"
  },
  {
    "id": 471,
    "usdToUah": "41.41",
    "btcToUsd": "91452.00",
    "ethToUsd": "2327.89",
    "updatedAt": "2025-03-03T14:53:18.324Z"
  },
  {
    "id": 472,
    "usdToUah": "41.41",
    "btcToUsd": "91452.00",
    "ethToUsd": "2327.89",
    "updatedAt": "2025-03-03T14:53:48.325Z"
  },
  {
    "id": 473,
    "usdToUah": "41.41",
    "btcToUsd": "91452.00",
    "ethToUsd": "2327.89",
    "updatedAt": "2025-03-03T14:54:18.326Z"
  },
  {
    "id": 474,
    "usdToUah": "41.41",
    "btcToUsd": "91452.00",
    "ethToUsd": "2327.89",
    "updatedAt": "2025-03-03T14:54:48.327Z"
  },
  {
    "id": 475,
    "usdToUah": "41.41",
    "btcToUsd": "91452.00",
    "ethToUsd": "2327.89",
    "updatedAt": "2025-03-03T14:55:18.328Z"
  },
  {
    "id": 476,
    "usdToUah": "41.41",
    "btcToUsd": "89985.00",
    "ethToUsd": "2297.46",
    "updatedAt": "2025-03-03T14:55:48.583Z"
  },
  {
    "id": 477,
    "usdToUah": "41.41",
    "btcToUsd": "89985.00",
    "ethToUsd": "2297.46",
    "updatedAt": "2025-03-03T14:56:18.330Z"
  },
  {
    "id": 478,
    "usdToUah": "41.41",
    "btcToUsd": "89985.00",
    "ethToUsd": "2297.46",
    "updatedAt": "2025-03-03T14:56:48.331Z"
  },
  {
    "id": 479,
    "usdToUah": "41.41",
    "btcToUsd": "89985.00",
    "ethToUsd": "2297.46",
    "updatedAt": "2025-03-03T14:57:18.331Z"
  },
  {
    "id": 480,
    "usdToUah": "41.41",
    "btcToUsd": "89985.00",
    "ethToUsd": "2297.46",
    "updatedAt": "2025-03-03T14:57:48.332Z"
  },
  {
    "id": 481,
    "usdToUah": "41.41",
    "btcToUsd": "89985.00",
    "ethToUsd": "2297.46",
    "updatedAt": "2025-03-03T14:58:18.333Z"
  },
  {
    "id": 482,
    "usdToUah": "41.41",
    "btcToUsd": "89985.00",
    "ethToUsd": "2297.46",
    "updatedAt": "2025-03-03T14:58:48.333Z"
  },
  {
    "id": 483,
    "usdToUah": "41.41",
    "btcToUsd": "89985.00",
    "ethToUsd": "2297.46",
    "updatedAt": "2025-03-03T14:59:18.334Z"
  },
  {
    "id": 484,
    "usdToUah": "41.41",
    "btcToUsd": "89985.00",
    "ethToUsd": "2297.46",
    "updatedAt": "2025-03-03T14:59:48.334Z"
  },
  {
    "id": 485,
    "usdToUah": "41.41",
    "btcToUsd": "89985.00",
    "ethToUsd": "2297.46",
    "updatedAt": "2025-03-03T15:00:18.335Z"
  },
  {
    "id": 486,
    "usdToUah": "41.41",
    "btcToUsd": "89985.00",
    "ethToUsd": "2297.46",
    "updatedAt": "2025-03-03T15:00:48.335Z"
  },
  {
    "id": 487,
    "usdToUah": "41.41",
    "btcToUsd": "89472.00",
    "ethToUsd": "2284.10",
    "updatedAt": "2025-03-03T15:01:18.533Z"
  },
  {
    "id": 488,
    "usdToUah": "41.41",
    "btcToUsd": "89472.00",
    "ethToUsd": "2284.10",
    "updatedAt": "2025-03-03T15:01:48.336Z"
  },
  {
    "id": 489,
    "usdToUah": "41.41",
    "btcToUsd": "89472.00",
    "ethToUsd": "2284.10",
    "updatedAt": "2025-03-03T15:02:18.338Z"
  },
  {
    "id": 490,
    "usdToUah": "41.41",
    "btcToUsd": "89472.00",
    "ethToUsd": "2284.10",
    "updatedAt": "2025-03-03T15:02:48.338Z"
  },
  {
    "id": 491,
    "usdToUah": "41.41",
    "btcToUsd": "89472.00",
    "ethToUsd": "2284.10",
    "updatedAt": "2025-03-03T15:03:18.339Z"
  },
  {
    "id": 492,
    "usdToUah": "41.41",
    "btcToUsd": "89472.00",
    "ethToUsd": "2284.10",
    "updatedAt": "2025-03-03T15:03:48.339Z"
  },
  {
    "id": 493,
    "usdToUah": "41.41",
    "btcToUsd": "89472.00",
    "ethToUsd": "2284.10",
    "updatedAt": "2025-03-03T15:04:18.340Z"
  },
  {
    "id": 494,
    "usdToUah": "41.41",
    "btcToUsd": "89472.00",
    "ethToUsd": "2284.10",
    "updatedAt": "2025-03-03T15:04:48.340Z"
  },
  {
    "id": 495,
    "usdToUah": "41.41",
    "btcToUsd": "89472.00",
    "ethToUsd": "2284.10",
    "updatedAt": "2025-03-03T15:05:18.340Z"
  },
  {
    "id": 496,
    "usdToUah": "41.41",
    "btcToUsd": "89472.00",
    "ethToUsd": "2284.10",
    "updatedAt": "2025-03-03T15:05:48.340Z"
  },
  {
    "id": 497,
    "usdToUah": "41.41",
    "btcToUsd": "89472.00",
    "ethToUsd": "2284.10",
    "updatedAt": "2025-03-03T15:06:18.339Z"
  },
  {
    "id": 498,
    "usdToUah": "41.41",
    "btcToUsd": "89962.00",
    "ethToUsd": "2291.22",
    "updatedAt": "2025-03-03T15:06:48.550Z"
  },
  {
    "id": 499,
    "usdToUah": "41.41",
    "btcToUsd": "89962.00",
    "ethToUsd": "2291.22",
    "updatedAt": "2025-03-03T15:07:18.342Z"
  },
  {
    "id": 500,
    "usdToUah": "41.41",
    "btcToUsd": "89962.00",
    "ethToUsd": "2291.22",
    "updatedAt": "2025-03-03T15:07:48.343Z"
  },
  {
    "id": 501,
    "usdToUah": "41.41",
    "btcToUsd": "89962.00",
    "ethToUsd": "2291.22",
    "updatedAt": "2025-03-03T15:08:18.343Z"
  },
  {
    "id": 502,
    "usdToUah": "41.41",
    "btcToUsd": "89962.00",
    "ethToUsd": "2291.22",
    "updatedAt": "2025-03-03T15:08:48.344Z"
  },
  {
    "id": 503,
    "usdToUah": "41.41",
    "btcToUsd": "89962.00",
    "ethToUsd": "2291.22",
    "updatedAt": "2025-03-03T15:09:18.345Z"
  },
  {
    "id": 504,
    "usdToUah": "41.41",
    "btcToUsd": "89962.00",
    "ethToUsd": "2291.22",
    "updatedAt": "2025-03-03T15:09:48.346Z"
  },
  {
    "id": 505,
    "usdToUah": "41.41",
    "btcToUsd": "89962.00",
    "ethToUsd": "2291.22",
    "updatedAt": "2025-03-03T15:10:18.347Z"
  },
  {
    "id": 506,
    "usdToUah": "41.41",
    "btcToUsd": "89962.00",
    "ethToUsd": "2291.22",
    "updatedAt": "2025-03-03T15:10:48.348Z"
  },
  {
    "id": 507,
    "usdToUah": "41.41",
    "btcToUsd": "89962.00",
    "ethToUsd": "2291.22",
    "updatedAt": "2025-03-03T15:11:18.348Z"
  },
  {
    "id": 508,
    "usdToUah": "41.41",
    "btcToUsd": "89962.00",
    "ethToUsd": "2291.22",
    "updatedAt": "2025-03-03T15:11:48.349Z"
  },
  {
    "id": 509,
    "usdToUah": "41.41",
    "btcToUsd": "89777.00",
    "ethToUsd": "2284.37",
    "updatedAt": "2025-03-03T15:12:18.558Z"
  },
  {
    "id": 510,
    "usdToUah": "41.41",
    "btcToUsd": "89777.00",
    "ethToUsd": "2284.37",
    "updatedAt": "2025-03-03T15:12:48.351Z"
  },
  {
    "id": 511,
    "usdToUah": "41.41",
    "btcToUsd": "89777.00",
    "ethToUsd": "2284.37",
    "updatedAt": "2025-03-03T15:13:18.352Z"
  },
  {
    "id": 512,
    "usdToUah": "41.41",
    "btcToUsd": "89777.00",
    "ethToUsd": "2284.37",
    "updatedAt": "2025-03-03T15:13:48.353Z"
  },
  {
    "id": 513,
    "usdToUah": "41.41",
    "btcToUsd": "89777.00",
    "ethToUsd": "2284.37",
    "updatedAt": "2025-03-03T15:14:18.353Z"
  },
  {
    "id": 514,
    "usdToUah": "41.41",
    "btcToUsd": "89777.00",
    "ethToUsd": "2284.37",
    "updatedAt": "2025-03-03T15:14:48.354Z"
  },
  {
    "id": 515,
    "usdToUah": "41.41",
    "btcToUsd": "89777.00",
    "ethToUsd": "2284.37",
    "updatedAt": "2025-03-03T15:15:18.354Z"
  },
  {
    "id": 516,
    "usdToUah": "41.41",
    "btcToUsd": "89777.00",
    "ethToUsd": "2284.37",
    "updatedAt": "2025-03-03T15:15:48.355Z"
  },
  {
    "id": 517,
    "usdToUah": "41.41",
    "btcToUsd": "89777.00",
    "ethToUsd": "2284.37",
    "updatedAt": "2025-03-03T15:16:18.355Z"
  },
  {
    "id": 518,
    "usdToUah": "41.41",
    "btcToUsd": "89777.00",
    "ethToUsd": "2284.37",
    "updatedAt": "2025-03-03T15:16:48.356Z"
  },
  {
    "id": 519,
    "usdToUah": "41.41",
    "btcToUsd": "89777.00",
    "ethToUsd": "2284.37",
    "updatedAt": "2025-03-03T15:17:18.356Z"
  },
  {
    "id": 520,
    "usdToUah": "41.41",
    "btcToUsd": "89945.00",
    "ethToUsd": "2285.96",
    "updatedAt": "2025-03-03T15:17:48.572Z"
  },
  {
    "id": 521,
    "usdToUah": "41.41",
    "btcToUsd": "89945.00",
    "ethToUsd": "2285.96",
    "updatedAt": "2025-03-03T15:18:18.355Z"
  },
  {
    "id": 522,
    "usdToUah": "41.41",
    "btcToUsd": "89945.00",
    "ethToUsd": "2285.96",
    "updatedAt": "2025-03-03T15:18:48.356Z"
  },
  {
    "id": 523,
    "usdToUah": "41.41",
    "btcToUsd": "89945.00",
    "ethToUsd": "2285.96",
    "updatedAt": "2025-03-03T15:19:18.356Z"
  },
  {
    "id": 524,
    "usdToUah": "41.41",
    "btcToUsd": "89945.00",
    "ethToUsd": "2285.96",
    "updatedAt": "2025-03-03T15:19:48.357Z"
  },
  {
    "id": 525,
    "usdToUah": "41.41",
    "btcToUsd": "89945.00",
    "ethToUsd": "2285.96",
    "updatedAt": "2025-03-03T15:20:18.358Z"
  },
  {
    "id": 526,
    "usdToUah": "41.41",
    "btcToUsd": "89945.00",
    "ethToUsd": "2285.96",
    "updatedAt": "2025-03-03T15:20:48.358Z"
  },
  {
    "id": 527,
    "usdToUah": "41.41",
    "btcToUsd": "89945.00",
    "ethToUsd": "2285.96",
    "updatedAt": "2025-03-03T15:21:18.358Z"
  },
  {
    "id": 528,
    "usdToUah": "41.41",
    "btcToUsd": "89945.00",
    "ethToUsd": "2285.96",
    "updatedAt": "2025-03-03T15:21:48.358Z"
  },
  {
    "id": 529,
    "usdToUah": "41.41",
    "btcToUsd": "89945.00",
    "ethToUsd": "2285.96",
    "updatedAt": "2025-03-03T15:22:18.359Z"
  },
  {
    "id": 530,
    "usdToUah": "41.41",
    "btcToUsd": "89945.00",
    "ethToUsd": "2285.96",
    "updatedAt": "2025-03-03T15:22:48.360Z"
  },
  {
    "id": 531,
    "usdToUah": "41.41",
    "btcToUsd": "90556.00",
    "ethToUsd": "2295.42",
    "updatedAt": "2025-03-03T15:23:18.579Z"
  },
  {
    "id": 532,
    "usdToUah": "41.41",
    "btcToUsd": "90556.00",
    "ethToUsd": "2295.42",
    "updatedAt": "2025-03-03T15:23:48.361Z"
  },
  {
    "id": 533,
    "usdToUah": "41.41",
    "btcToUsd": "90556.00",
    "ethToUsd": "2295.42",
    "updatedAt": "2025-03-03T15:24:18.363Z"
  },
  {
    "id": 534,
    "usdToUah": "41.41",
    "btcToUsd": "90556.00",
    "ethToUsd": "2295.42",
    "updatedAt": "2025-03-03T15:24:48.364Z"
  },
  {
    "id": 535,
    "usdToUah": "41.41",
    "btcToUsd": "90556.00",
    "ethToUsd": "2295.42",
    "updatedAt": "2025-03-03T15:25:18.365Z"
  },
  {
    "id": 536,
    "usdToUah": "41.41",
    "btcToUsd": "90556.00",
    "ethToUsd": "2295.42",
    "updatedAt": "2025-03-03T15:25:48.366Z"
  },
  {
    "id": 537,
    "usdToUah": "41.41",
    "btcToUsd": "90556.00",
    "ethToUsd": "2295.42",
    "updatedAt": "2025-03-03T15:26:18.367Z"
  },
  {
    "id": 538,
    "usdToUah": "41.41",
    "btcToUsd": "90556.00",
    "ethToUsd": "2295.42",
    "updatedAt": "2025-03-03T15:26:48.367Z"
  },
  {
    "id": 539,
    "usdToUah": "41.41",
    "btcToUsd": "90556.00",
    "ethToUsd": "2295.42",
    "updatedAt": "2025-03-03T15:27:18.368Z"
  },
  {
    "id": 540,
    "usdToUah": "41.41",
    "btcToUsd": "90556.00",
    "ethToUsd": "2295.42",
    "updatedAt": "2025-03-03T15:27:48.371Z"
  },
  {
    "id": 541,
    "usdToUah": "41.41",
    "btcToUsd": "90556.00",
    "ethToUsd": "2295.42",
    "updatedAt": "2025-03-03T15:28:18.371Z"
  },
  {
    "id": 542,
    "usdToUah": "41.41",
    "btcToUsd": "91016.00",
    "ethToUsd": "2302.99",
    "updatedAt": "2025-03-03T15:28:48.578Z"
  },
  {
    "id": 543,
    "usdToUah": "41.41",
    "btcToUsd": "91016.00",
    "ethToUsd": "2302.99",
    "updatedAt": "2025-03-03T15:29:18.372Z"
  },
  {
    "id": 544,
    "usdToUah": "41.41",
    "btcToUsd": "91016.00",
    "ethToUsd": "2302.99",
    "updatedAt": "2025-03-03T15:29:48.373Z"
  },
  {
    "id": 545,
    "usdToUah": "41.41",
    "btcToUsd": "91016.00",
    "ethToUsd": "2302.99",
    "updatedAt": "2025-03-03T15:30:18.373Z"
  },
  {
    "id": 546,
    "usdToUah": "41.41",
    "btcToUsd": "91016.00",
    "ethToUsd": "2302.99",
    "updatedAt": "2025-03-03T15:30:48.373Z"
  },
  {
    "id": 547,
    "usdToUah": "41.41",
    "btcToUsd": "91016.00",
    "ethToUsd": "2302.99",
    "updatedAt": "2025-03-03T15:31:18.375Z"
  },
  {
    "id": 548,
    "usdToUah": "41.41",
    "btcToUsd": "91016.00",
    "ethToUsd": "2302.99",
    "updatedAt": "2025-03-03T15:31:48.375Z"
  },
  {
    "id": 549,
    "usdToUah": "41.41",
    "btcToUsd": "91016.00",
    "ethToUsd": "2302.99",
    "updatedAt": "2025-03-03T15:32:18.376Z"
  },
  {
    "id": 550,
    "usdToUah": "41.41",
    "btcToUsd": "91016.00",
    "ethToUsd": "2302.99",
    "updatedAt": "2025-03-03T15:32:48.376Z"
  },
  {
    "id": 551,
    "usdToUah": "41.41",
    "btcToUsd": "91016.00",
    "ethToUsd": "2302.99",
    "updatedAt": "2025-03-03T15:33:18.376Z"
  },
  {
    "id": 552,
    "usdToUah": "41.41",
    "btcToUsd": "91016.00",
    "ethToUsd": "2302.99",
    "updatedAt": "2025-03-03T15:33:48.377Z"
  },
  {
    "id": 553,
    "usdToUah": "41.41",
    "btcToUsd": "90551.00",
    "ethToUsd": "2289.10",
    "updatedAt": "2025-03-03T15:34:40.185Z"
  },
  {
    "id": 554,
    "usdToUah": "41.41",
    "btcToUsd": "90551.00",
    "ethToUsd": "2289.10",
    "updatedAt": "2025-03-03T15:35:09.087Z"
  },
  {
    "id": 555,
    "usdToUah": "41.41",
    "btcToUsd": "90482.00",
    "ethToUsd": "2287.69",
    "updatedAt": "2025-03-03T15:35:56.916Z"
  },
  {
    "id": 556,
    "usdToUah": "41.41",
    "btcToUsd": "90482.00",
    "ethToUsd": "2287.69",
    "updatedAt": "2025-03-03T15:36:25.516Z"
  },
  {
    "id": 557,
    "usdToUah": "41.41",
    "btcToUsd": "90482.00",
    "ethToUsd": "2287.69",
    "updatedAt": "2025-03-03T15:36:55.516Z"
  },
  {
    "id": 558,
    "usdToUah": "41.41",
    "btcToUsd": "90482.00",
    "ethToUsd": "2287.69",
    "updatedAt": "2025-03-03T15:37:25.516Z"
  },
  {
    "id": 559,
    "usdToUah": "41.41",
    "btcToUsd": "90482.00",
    "ethToUsd": "2287.69",
    "updatedAt": "2025-03-03T15:37:55.517Z"
  },
  {
    "id": 560,
    "usdToUah": "41.41",
    "btcToUsd": "90482.00",
    "ethToUsd": "2287.69",
    "updatedAt": "2025-03-03T15:38:25.517Z"
  },
  {
    "id": 561,
    "usdToUah": "41.41",
    "btcToUsd": "90482.00",
    "ethToUsd": "2287.69",
    "updatedAt": "2025-03-03T15:38:55.518Z"
  },
  {
    "id": 562,
    "usdToUah": "41.41",
    "btcToUsd": "90482.00",
    "ethToUsd": "2287.69",
    "updatedAt": "2025-03-03T15:39:25.518Z"
  },
  {
    "id": 563,
    "usdToUah": "41.41",
    "btcToUsd": "90482.00",
    "ethToUsd": "2287.69",
    "updatedAt": "2025-03-03T15:39:55.520Z"
  },
  {
    "id": 564,
    "usdToUah": "41.41",
    "btcToUsd": "90496.00",
    "ethToUsd": "2288.47",
    "updatedAt": "2025-03-03T15:40:25.121Z"
  },
  {
    "id": 565,
    "usdToUah": "41.41",
    "btcToUsd": "90496.00",
    "ethToUsd": "2288.47",
    "updatedAt": "2025-03-03T15:40:54.180Z"
  },
  {
    "id": 566,
    "usdToUah": "41.41",
    "btcToUsd": "90574.00",
    "ethToUsd": "2292.28",
    "updatedAt": "2025-03-03T15:41:32.759Z"
  },
  {
    "id": 567,
    "usdToUah": "41.41",
    "btcToUsd": "90574.00",
    "ethToUsd": "2292.28",
    "updatedAt": "2025-03-03T15:42:01.395Z"
  },
  {
    "id": 568,
    "usdToUah": "41.41",
    "btcToUsd": "90574.00",
    "ethToUsd": "2292.28",
    "updatedAt": "2025-03-03T15:42:31.395Z"
  },
  {
    "id": 569,
    "usdToUah": "41.41",
    "btcToUsd": "90574.00",
    "ethToUsd": "2292.28",
    "updatedAt": "2025-03-03T15:43:01.396Z"
  },
  {
    "id": 570,
    "usdToUah": "41.41",
    "btcToUsd": "90574.00",
    "ethToUsd": "2292.28",
    "updatedAt": "2025-03-03T15:43:31.396Z"
  },
  {
    "id": 571,
    "usdToUah": "41.41",
    "btcToUsd": "90574.00",
    "ethToUsd": "2292.28",
    "updatedAt": "2025-03-03T15:44:01.396Z"
  },
  {
    "id": 572,
    "usdToUah": "41.41",
    "btcToUsd": "90574.00",
    "ethToUsd": "2292.28",
    "updatedAt": "2025-03-03T15:44:31.396Z"
  },
  {
    "id": 573,
    "usdToUah": "41.41",
    "btcToUsd": "90574.00",
    "ethToUsd": "2292.28",
    "updatedAt": "2025-03-03T15:45:01.396Z"
  },
  {
    "id": 574,
    "usdToUah": "41.41",
    "btcToUsd": "90574.00",
    "ethToUsd": "2292.28",
    "updatedAt": "2025-03-03T15:45:31.397Z"
  },
  {
    "id": 575,
    "usdToUah": "41.41",
    "btcToUsd": "90574.00",
    "ethToUsd": "2292.28",
    "updatedAt": "2025-03-03T15:46:01.398Z"
  },
  {
    "id": 576,
    "usdToUah": "41.41",
    "btcToUsd": "90574.00",
    "ethToUsd": "2292.28",
    "updatedAt": "2025-03-03T15:46:31.398Z"
  },
  {
    "id": 577,
    "usdToUah": "41.41",
    "btcToUsd": "90628.00",
    "ethToUsd": "2295.11",
    "updatedAt": "2025-03-03T15:47:01.638Z"
  },
  {
    "id": 578,
    "usdToUah": "41.41",
    "btcToUsd": "90628.00",
    "ethToUsd": "2295.11",
    "updatedAt": "2025-03-03T15:47:31.398Z"
  },
  {
    "id": 579,
    "usdToUah": "41.41",
    "btcToUsd": "90628.00",
    "ethToUsd": "2295.11",
    "updatedAt": "2025-03-03T15:48:01.399Z"
  },
  {
    "id": 580,
    "usdToUah": "41.41",
    "btcToUsd": "90628.00",
    "ethToUsd": "2295.11",
    "updatedAt": "2025-03-03T15:48:31.399Z"
  },
  {
    "id": 581,
    "usdToUah": "41.41",
    "btcToUsd": "90628.00",
    "ethToUsd": "2295.11",
    "updatedAt": "2025-03-03T15:49:01.399Z"
  },
  {
    "id": 582,
    "usdToUah": "41.41",
    "btcToUsd": "90628.00",
    "ethToUsd": "2295.11",
    "updatedAt": "2025-03-03T15:49:31.399Z"
  },
  {
    "id": 583,
    "usdToUah": "41.41",
    "btcToUsd": "90628.00",
    "ethToUsd": "2295.11",
    "updatedAt": "2025-03-03T15:50:01.401Z"
  },
  {
    "id": 584,
    "usdToUah": "41.41",
    "btcToUsd": "90628.00",
    "ethToUsd": "2295.11",
    "updatedAt": "2025-03-03T15:50:31.402Z"
  },
  {
    "id": 585,
    "usdToUah": "41.41",
    "btcToUsd": "90628.00",
    "ethToUsd": "2295.11",
    "updatedAt": "2025-03-03T15:51:01.403Z"
  },
  {
    "id": 586,
    "usdToUah": "41.41",
    "btcToUsd": "90628.00",
    "ethToUsd": "2295.11",
    "updatedAt": "2025-03-03T15:51:31.404Z"
  },
  {
    "id": 587,
    "usdToUah": "41.41",
    "btcToUsd": "90628.00",
    "ethToUsd": "2295.11",
    "updatedAt": "2025-03-03T15:52:01.405Z"
  },
  {
    "id": 588,
    "usdToUah": "41.41",
    "btcToUsd": "90484.00",
    "ethToUsd": "2292.29",
    "updatedAt": "2025-03-03T15:52:31.628Z"
  },
  {
    "id": 589,
    "usdToUah": "41.41",
    "btcToUsd": "90484.00",
    "ethToUsd": "2292.29",
    "updatedAt": "2025-03-03T15:53:01.406Z"
  },
  {
    "id": 590,
    "usdToUah": "41.41",
    "btcToUsd": "90690.00",
    "ethToUsd": "2299.25",
    "updatedAt": "2025-03-03T15:53:30.010Z"
  },
  {
    "id": 591,
    "usdToUah": "41.41",
    "btcToUsd": "90690.00",
    "ethToUsd": "2299.25",
    "updatedAt": "2025-03-03T15:53:58.386Z"
  },
  {
    "id": 592,
    "usdToUah": "41.41",
    "btcToUsd": "90731.00",
    "ethToUsd": "2298.86",
    "updatedAt": "2025-03-03T15:55:11.933Z"
  },
  {
    "id": 593,
    "usdToUah": "41.41",
    "btcToUsd": "90731.00",
    "ethToUsd": "2298.86",
    "updatedAt": "2025-03-03T15:55:40.509Z"
  },
  {
    "id": 594,
    "usdToUah": "41.41",
    "btcToUsd": "90731.00",
    "ethToUsd": "2298.86",
    "updatedAt": "2025-03-03T15:56:10.508Z"
  },
  {
    "id": 595,
    "usdToUah": "41.41",
    "btcToUsd": "90731.00",
    "ethToUsd": "2298.86",
    "updatedAt": "2025-03-03T15:56:40.510Z"
  }
]