{
  "users": [
    {
      "id": 1,
      "username": "admin",
      "password": "73992c62ca47be0e8d949ad8df64324bae8f542007c0f2ef886f1b39418963c8b4ccc9c63939340a0a0f9c96d170dd0705075c728a35c76e3c340650970417cc.32567ef87fc584ec22cea70d4dbd6f46",
      "is_regulator": true,
      "regulator_balance": "150.50000000",
      "last_nft_generation": "2025-03-04T10:00:00.000Z",
      "nft_generation_count": 5
    },
    {
      "id": 2,
      "username": "Kich32",
      "password": "dda845d60595df05ca8c90a32c72f721eaa6f73bfa8a25a063f1981fe45b87910c31bc45a7724ab945b1a9e33a0a68b08e2296fb73b960877d85c57b42ac5ff7.e307a6994d6eb04c87392ce530309630",
      "is_regulator": false,
      "regulator_balance": "0.00000000",
      "last_nft_generation": null,
      "nft_generation_count": 0
    },
    {
      "id": 3,
      "username": "Tod Kolinsk",
      "password": "5ef77cb19fc9406965acb4e028683a124ca1ebb17b338208661127275f108424d8af6b26dea963f3570d1d8939d2ec7a4a8b32fc191a9551832e611a90b4ac4d.a877e8fe8f6f620a3a7589d048534602",
      "is_regulator": false,
      "regulator_balance": "0.00000000",
      "last_nft_generation": null,
      "nft_generation_count": 0
    },
    {
      "id": 4,
      "username": "olektreyd@gmail.com",
      "password": "9187c19246b7ef132ba5cff07bf1a528b8e19c112dbdaea27045df3e77408c479bac1a59225e4aef6409f1aa337cd490cebbdf50866d478477d01aac95184c6e.440d8cd7817ef5d331a7345b64eb6b41",
      "is_regulator": false,
      "regulator_balance": "0.00000000",
      "last_nft_generation": null,
      "nft_generation_count": 0
    },
    {
      "id": 5,
      "username": "Nikita",
      "password": "c6e6ad1df7ccd60cb6d2948ae04ac83da3e8608a37f544f7650c52c5271c027e6aa6aa8cf5618cfd951ee33fd6a2a83b0badfc2ad2992d8e3e54ad5f0e110553.345c80e97a319d2a0a275f7031c672b3",
      "is_regulator": false,
      "regulator_balance": "0.00000000",
      "last_nft_generation": null,
      "nft_generation_count": 0
    },
    {
      "id": 6,
      "username": "Maksim4440432",
      "password": "07f040ac39b3254bcbf515cab85c28458bb1c85f31533340fae085449eddc73095dd1d37f1d5c132fdcf2df6d116aef9af57f511208936af7745c0ff87330d9c.3bc39831b34601ec4b225bb10900ea4c",
      "is_regulator": false,
      "regulator_balance": "0.00000000",
      "last_nft_generation": null,
      "nft_generation_count": 0
    }
  ],
  "cards": [
    {
      "id": 1,
      "userId": 1,
      "type": "crypto",
      "number": "4532015112830366",
      "expiry": "03/29",
      "cvv": "123",
      "balance": "0.00000000",
      "btcBalance": "2.50000000",
      "ethBalance": "5.00000000",
      "btcAddress": "bc1qxy2kgdygjrsqtzq2n0yrf2493p83kkfjhx0wlh",
      "ethAddress": "0x71C7656EC7ab88b098defB751B7401B5f6d8976F"
    },
    {
      "id": 2,
      "userId": 1,
      "type": "usd",
      "number": "4532015112830367",
      "expiry": "03/29",
      "cvv": "456",
      "balance": "15000.00000000",
      "btcBalance": "0.00000000",
      "ethBalance": "0.00000000",
      "btcAddress": null,
      "ethAddress": null
    },
    {
      "id": 3,
      "userId": 1,
      "type": "uah",
      "number": "4532015112830368",
      "expiry": "03/29",
      "cvv": "789",
      "balance": "350000.00000000",
      "btcBalance": "0.00000000",
      "ethBalance": "0.00000000",
      "btcAddress": null,
      "ethAddress": null
    },
    {
      "id": 4,
      "userId": 2,
      "type": "usd",
      "number": "4532015112830369",
      "expiry": "03/29",
      "cvv": "234",
      "balance": "2500.00000000",
      "btcBalance": "0.00000000",
      "ethBalance": "0.00000000",
      "btcAddress": null,
      "ethAddress": null
    },
    {
      "id": 5,
      "userId": 2,
      "type": "uah",
      "number": "4532015112830370",
      "expiry": "03/29",
      "cvv": "567",
      "balance": "75000.00000000",
      "btcBalance": "0.00000000",
      "ethBalance": "0.00000000",
      "btcAddress": null,
      "ethAddress": null
    },
    {
      "id": 6,
      "userId": 2,
      "type": "crypto",
      "number": "4532015112830371",
      "expiry": "03/29",
      "cvv": "890",
      "balance": "0.00000000",
      "btcBalance": "0.75000000",
      "ethBalance": "1.50000000",
      "btcAddress": "bc1qxy2kgdygjrsqtzq2n0yrf2493p83kkfjhx0wll",
      "ethAddress": "0x72C7656EC7ab88b098defB751B7401B5f6d8976F"
    },
    {
      "id": 7,
      "userId": 3,
      "type": "usd",
      "number": "4532015112830372",
      "expiry": "03/29",
      "cvv": "123",
      "balance": "5000.00000000",
      "btcBalance": "0.00000000",
      "ethBalance": "0.00000000",
      "btcAddress": null,
      "ethAddress": null
    },
    {
      "id": 8,
      "userId": 3,
      "type": "uah",
      "number": "4532015112830373",
      "expiry": "03/29",
      "cvv": "456",
      "balance": "150000.00000000",
      "btcBalance": "0.00000000",
      "ethBalance": "0.00000000",
      "btcAddress": null,
      "ethAddress": null
    },
    {
      "id": 9,
      "userId": 3,
      "type": "crypto",
      "number": "4532015112830374",
      "expiry": "03/29",
      "cvv": "789",
      "balance": "0.00000000",
      "btcBalance": "1.25000000",
      "ethBalance": "2.00000000",
      "btcAddress": "bc1qxy2kgdygjrsqtzq2n0yrf2493p83kkfjhx0wlm",
      "ethAddress": "0x73C7656EC7ab88b098defB751B7401B5f6d8976F"
    },
    {
      "id": 10,
      "userId": 4,
      "type": "usd",
      "number": "4532015112830375",
      "expiry": "03/29",
      "cvv": "234",
      "balance": "7500.00000000",
      "btcBalance": "0.00000000",
      "ethBalance": "0.00000000",
      "btcAddress": null,
      "ethAddress": null
    },
    {
      "id": 11,
      "userId": 4,
      "type": "uah",
      "number": "4532015112830376",
      "expiry": "03/29",
      "cvv": "567",
      "balance": "225000.00000000",
      "btcBalance": "0.00000000",
      "ethBalance": "0.00000000",
      "btcAddress": null,
      "ethAddress": null
    },
    {
      "id": 12,
      "userId": 4,
      "type": "crypto",
      "number": "4532015112830377",
      "expiry": "03/29",
      "cvv": "890",
      "balance": "0.00000000",
      "btcBalance": "1.75000000",
      "ethBalance": "3.00000000",
      "btcAddress": "bc1qxy2kgdygjrsqtzq2n0yrf2493p83kkfjhx0wln",
      "ethAddress": "0x74C7656EC7ab88b098defB751B7401B5f6d8976F"
    },
    {
      "id": 13,
      "userId": 5,
      "type": "usd",
      "number": "4532015112830378",
      "expiry": "03/29",
      "cvv": "123",
      "balance": "3500.00000000",
      "btcBalance": "0.00000000",
      "ethBalance": "0.00000000",
      "btcAddress": null,
      "ethAddress": null
    },
    {
      "id": 14,
      "userId": 5,
      "type": "uah",
      "number": "4532015112830379",
      "expiry": "03/29",
      "cvv": "456",
      "balance": "100000.00000000",
      "btcBalance": "0.00000000",
      "ethBalance": "0.00000000",
      "btcAddress": null,
      "ethAddress": null
    },
    {
      "id": 15,
      "userId": 5,
      "type": "crypto",
      "number": "4532015112830380",
      "expiry": "03/29",
      "cvv": "789",
      "balance": "0.00000000",
      "btcBalance": "0.50000000",
      "ethBalance": "1.00000000",
      "btcAddress": "bc1qxy2kgdygjrsqtzq2n0yrf2493p83kkfjhx0wlo",
      "ethAddress": "0x75C7656EC7ab88b098defB751B7401B5f6d8976F"
    },
    {
      "id": 16,
      "userId": 6,
      "type": "usd",
      "number": "4532015112830381",
      "expiry": "03/29",
      "cvv": "234",
      "balance": "4500.00000000",
      "btcBalance": "0.00000000",
      "ethBalance": "0.00000000",
      "btcAddress": null,
      "ethAddress": null
    },
    {
      "id": 17,
      "userId": 6,
      "type": "uah",
      "number": "4532015112830382",
      "expiry": "03/29",
      "cvv": "567",
      "balance": "125000.00000000",
      "btcBalance": "0.00000000",
      "ethBalance": "0.00000000",
      "btcAddress": null,
      "ethAddress": null
    },
    {
      "id": 18,
      "userId": 6,
      "type": "crypto",
      "number": "4532015112830383",
      "expiry": "03/29",
      "cvv": "890",
      "balance": "0.00000000",
      "btcBalance": "0.80000000",
      "ethBalance": "1.80000000",
      "btcAddress": "bc1qxy2kgdygjrsqtzq2n0yrf2493p83kkfjhx0wlp",
      "ethAddress": "0x76C7656EC7ab88b098defB751B7401B5f6d8976F"
    }
  ],
  "transactions": [
    {
      "id": 1,
      "fromCardId": 1,
      "toCardId": 2,
      "amount": "0.20000000",
      "convertedAmount": "12700.00000000",
      "type": "transfer",
      "wallet": null,
      "status": "completed",
      "createdAt": "2025-03-04T09:00:00.000Z",
      "description": "Перевод BTC в USD",
      "fromCardNumber": "4532015112830366",
      "toCardNumber": "4532015112830367"
    },
    {
      "id": 2,
      "fromCardId": 2,
      "toCardId": 3,
      "amount": "1000.00000000",
      "convertedAmount": "37500.00000000",
      "type": "transfer",
      "wallet": null,
      "status": "completed",
      "createdAt": "2025-03-04T09:30:00.000Z",
      "description": "Перевод USD в UAH",
      "fromCardNumber": "4532015112830367",
      "toCardNumber": "4532015112830368"
    },
    {
      "id": 3,
      "fromCardId": 1,
      "toCardId": null,
      "amount": "0.10000000",
      "convertedAmount": "0.10000000",
      "type": "transfer",
      "wallet": "bc1qxy2kgdygjrsqtzq2n0yrf2493p83kkfjhx0wlh",
      "status": "completed",
      "createdAt": "2025-03-04T10:00:00.000Z",
      "description": "Вывод BTC",
      "fromCardNumber": "4532015112830366",
      "toCardNumber": "EXTERNAL"
    },
    {
      "id": 4,
      "fromCardId": 4,
      "toCardId": 5,
      "amount": "500.00000000",
      "convertedAmount": "18750.00000000",
      "type": "transfer",
      "wallet": null,
      "status": "completed",
      "createdAt": "2025-03-04T10:30:00.000Z",
      "description": "Перевод USD в UAH",
      "fromCardNumber": "4532015112830369",
      "toCardNumber": "4532015112830370"
    },
    {
      "id": 5,
      "fromCardId": 6,
      "toCardId": null,
      "amount": "0.05000000",
      "convertedAmount": "0.05000000",
      "type": "transfer",
      "wallet": "bc1qxy2kgdygjrsqtzq2n0yrf2493p83kkfjhx0wll",
      "status": "completed",
      "createdAt": "2025-03-04T11:00:00.000Z",
      "description": "Вывод BTC",
      "fromCardNumber": "4532015112830371",
      "toCardNumber": "EXTERNAL"
    },
    {
      "id": 6,
      "fromCardId": 7,
      "toCardId": 8,
      "amount": "750.00000000",
      "convertedAmount": "28125.00000000",
      "type": "transfer",
      "wallet": null,
      "status": "completed",
      "createdAt": "2025-03-04T11:30:00.000Z",
      "description": "Перевод USD в UAH",
      "fromCardNumber": "4532015112830372",
      "toCardNumber": "4532015112830373"
    },
    {
      "id": 7,
      "fromCardId": 9,
      "toCardId": null,
      "amount": "0.15000000",
      "convertedAmount": "0.15000000",
      "type": "transfer",
      "wallet": "bc1qxy2kgdygjrsqtzq2n0yrf2493p83kkfjhx0wlm",
      "status": "completed",
      "createdAt": "2025-03-04T12:00:00.000Z",
      "description": "Вывод BTC",
      "fromCardNumber": "4532015112830374",
      "toCardNumber": "EXTERNAL"
    },
    {
      "id": 8,
      "fromCardId": 10,
      "toCardId": 11,
      "amount": "1000.00000000",
      "convertedAmount": "37500.00000000",
      "type": "transfer",
      "wallet": null,
      "status": "completed",
      "createdAt": "2025-03-04T12:30:00.000Z",
      "description": "Перевод USD в UAH",
      "fromCardNumber": "4532015112830375",
      "toCardNumber": "4532015112830376"
    },
    {
      "id": 9,
      "fromCardId": 12,
      "toCardId": null,
      "amount": "0.20000000",
      "convertedAmount": "0.20000000",
      "type": "transfer",
      "wallet": "bc1qxy2kgdygjrsqtzq2n0yrf2493p83kkfjhx0wln",
      "status": "completed",
      "createdAt": "2025-03-04T13:00:00.000Z",
      "description": "Вывод BTC",
      "fromCardNumber": "4532015112830377",
      "toCardNumber": "EXTERNAL"
    },
    {
      "id": 10,
      "fromCardId": 13,
      "toCardId": 14,
      "amount": "250.00000000",
      "convertedAmount": "9375.00000000",
      "type": "transfer",
      "wallet": null,
      "status": "completed",
      "createdAt": "2025-03-04T13:30:00.000Z",
      "description": "Перевод USD в UAH",
      "fromCardNumber": "4532015112830378",
      "toCardNumber": "4532015112830379"
    },
    {
      "id": 11,
      "fromCardId": 15,
      "toCardId": null,
      "amount": "0.08000000",
      "convertedAmount": "0.08000000",
      "type": "transfer",
      "wallet": "bc1qxy2kgdygjrsqtzq2n0yrf2493p83kkfjhx0wlo",
      "status": "completed",
      "createdAt": "2025-03-04T14:00:00.000Z",
      "description": "Вывод BTC",
      "fromCardNumber": "4532015112830380",
      "toCardNumber": "EXTERNAL"
    },
    {
      "id": 12,
      "fromCardId": 16,
      "toCardId": 17,
      "amount": "500.00000000",
      "convertedAmount": "18750.00000000",
      "type": "transfer",
      "wallet": null,
      "status": "completed",
      "createdAt": "2025-03-04T14:30:00.000Z",
      "description": "Перевод USD в UAH",
      "fromCardNumber": "4532015112830381",
      "toCardNumber": "4532015112830382"
    },
    {
      "id": 13,
      "fromCardId": 18,
      "toCardId": null,
      "amount": "0.10000000",
      "convertedAmount": "0.10000000",
      "type": "transfer",
      "wallet": "bc1qxy2kgdygjrsqtzq2n0yrf2493p83kkfjhx0wlp",
      "status": "completed",
      "createdAt": "2025-03-04T15:00:00.000Z",
      "description": "Вывод BTC",
      "fromCardNumber": "4532015112830383",
      "toCardNumber": "EXTERNAL"
    }
  ],
  "rates": [
    {
      "id": 1,
      "usdToUah": "37.50",
      "btcToUsd": "63500.00",
      "ethToUsd": "3500.00",
      "updatedAt": "2025-03-04T10:00:00.000Z"
    }
  ],
  "backupDate": "2025-03-05T17-47-19-393Z",
  "version": "1.0"
}