[
  {
    "id": 1,
    "userId": 1,
    "type": "crypto",
    "number": "4532015112830366",
    "expiry": "03/29",
    "cvv": "123",
    "balance": "0.00000000",
    "btcBalance": "2.50000000",
    "ethBalance": "5.00000000",
    "btcAddress": "bc1qxy2kgdygjrsqtzq2n0yrf2493p83kkfjhx0wlh",
    "ethAddress": "0x71C7656EC7ab88b098defB751B7401B5f6d8976F"
  },
  {
    "id": 2,
    "userId": 1,
    "type": "usd",
    "number": "4532015112830367",
    "expiry": "03/29",
    "cvv": "456",
    "balance": "15000.00000000",
    "btcBalance": "0.00000000",
    "ethBalance": "0.00000000",
    "btcAddress": null,
    "ethAddress": null
  },
  {
    "id": 3,
    "userId": 1,
    "type": "uah",
    "number": "4532015112830368",
    "expiry": "03/29",
    "cvv": "789",
    "balance": "350000.00000000",
    "btcBalance": "0.00000000",
    "ethBalance": "0.00000000",
    "btcAddress": null,
    "ethAddress": null
  },
  {
    "id": 4,
    "userId": 2,
    "type": "usd",
    "number": "4532015112830369",
    "expiry": "03/29",
    "cvv": "234",
    "balance": "2500.00000000",
    "btcBalance": "0.00000000",
    "ethBalance": "0.00000000",
    "btcAddress": null,
    "ethAddress": null
  },
  {
    "id": 5,
    "userId": 2,
    "type": "uah",
    "number": "4532015112830370",
    "expiry": "03/29",
    "cvv": "567",
    "balance": "75000.00000000",
    "btcBalance": "0.00000000",
    "ethBalance": "0.00000000",
    "btcAddress": null,
    "ethAddress": null
  },
  {
    "id": 6,
    "userId": 2,
    "type": "crypto",
    "number": "4532015112830371",
    "expiry": "03/29",
    "cvv": "890",
    "balance": "0.00000000",
    "btcBalance": "0.75000000",
    "ethBalance": "1.50000000",
    "btcAddress": "bc1qxy2kgdygjrsqtzq2n0yrf2493p83kkfjhx0wll",
    "ethAddress": "0x72C7656EC7ab88b098defB751B7401B5f6d8976F"
  },
  {
    "id": 7,
    "userId": 3,
    "type": "usd",
    "number": "4532015112830372",
    "expiry": "03/29",
    "cvv": "123",
    "balance": "5000.00000000",
    "btcBalance": "0.00000000",
    "ethBalance": "0.00000000",
    "btcAddress": null,
    "ethAddress": null
  },
  {
    "id": 8,
    "userId": 3,
    "type": "uah",
    "number": "4532015112830373",
    "expiry": "03/29",
    "cvv": "456",
    "balance": "150000.00000000",
    "btcBalance": "0.00000000",
    "ethBalance": "0.00000000",
    "btcAddress": null,
    "ethAddress": null
  },
  {
    "id": 9,
    "userId": 3,
    "type": "crypto",
    "number": "4532015112830374",
    "expiry": "03/29",
    "cvv": "789",
    "balance": "0.00000000",
    "btcBalance": "1.25000000",
    "ethBalance": "2.00000000",
    "btcAddress": "bc1qxy2kgdygjrsqtzq2n0yrf2493p83kkfjhx0wlm",
    "ethAddress": "0x73C7656EC7ab88b098defB751B7401B5f6d8976F"
  },
  {
    "id": 10,
    "userId": 4,
    "type": "usd",
    "number": "4532015112830375",
    "expiry": "03/29",
    "cvv": "234",
    "balance": "7500.00000000",
    "btcBalance": "0.00000000",
    "ethBalance": "0.00000000",
    "btcAddress": null,
    "ethAddress": null
  },
  {
    "id": 11,
    "userId": 4,
    "type": "uah",
    "number": "4532015112830376",
    "expiry": "03/29",
    "cvv": "567",
    "balance": "225000.00000000",
    "btcBalance": "0.00000000",
    "ethBalance": "0.00000000",
    "btcAddress": null,
    "ethAddress": null
  },
  {
    "id": 12,
    "userId": 4,
    "type": "crypto",
    "number": "4532015112830377",
    "expiry": "03/29",
    "cvv": "890",
    "balance": "0.00000000",
    "btcBalance": "1.75000000",
    "ethBalance": "3.00000000",
    "btcAddress": "bc1qxy2kgdygjrsqtzq2n0yrf2493p83kkfjhx0wln",
    "ethAddress": "0x74C7656EC7ab88b098defB751B7401B5f6d8976F"
  },
  {
    "id": 13,
    "userId": 5,
    "type": "usd",
    "number": "4532015112830378",
    "expiry": "03/29",
    "cvv": "123",
    "balance": "3500.00000000",
    "btcBalance": "0.00000000",
    "ethBalance": "0.00000000",
    "btcAddress": null,
    "ethAddress": null
  },
  {
    "id": 14,
    "userId": 5,
    "type": "uah",
    "number": "4532015112830379",
    "expiry": "03/29",
    "cvv": "456",
    "balance": "100000.00000000",
    "btcBalance": "0.00000000",
    "ethBalance": "0.00000000",
    "btcAddress": null,
    "ethAddress": null
  },
  {
    "id": 15,
    "userId": 5,
    "type": "crypto",
    "number": "4532015112830380",
    "expiry": "03/29",
    "cvv": "789",
    "balance": "0.00000000",
    "btcBalance": "0.50000000",
    "ethBalance": "1.00000000",
    "btcAddress": "bc1qxy2kgdygjrsqtzq2n0yrf2493p83kkfjhx0wlo",
    "ethAddress": "0x75C7656EC7ab88b098defB751B7401B5f6d8976F"
  },
  {
    "id": 16,
    "userId": 6,
    "type": "usd",
    "number": "4532015112830381",
    "expiry": "03/29",
    "cvv": "234",
    "balance": "4500.00000000",
    "btcBalance": "0.00000000",
    "ethBalance": "0.00000000",
    "btcAddress": null,
    "ethAddress": null
  },
  {
    "id": 17,
    "userId": 6,
    "type": "uah",
    "number": "4532015112830382",
    "expiry": "03/29",
    "cvv": "567",
    "balance": "125000.00000000",
    "btcBalance": "0.00000000",
    "ethBalance": "0.00000000",
    "btcAddress": null,
    "ethAddress": null
  },
  {
    "id": 18,
    "userId": 6,
    "type": "crypto",
    "number": "4532015112830383",
    "expiry": "03/29",
    "cvv": "890",
    "balance": "0.00000000",
    "btcBalance": "0.80000000",
    "ethBalance": "1.80000000",
    "btcAddress": "bc1qxy2kgdygjrsqtzq2n0yrf2493p83kkfjhx0wlp",
    "ethAddress": "0x76C7656EC7ab88b098defB751B7401B5f6d8976F"
  }
]