[
  {
    "id": 1,
    "userId": 1,
    "type": "crypto",
    "number": "4000656684230545",
    "expiry": "03/28",
    "cvv": "709",
    "balance": "0.00",
    "btcBalance": "0.00000000",
    "ethBalance": "0.00000000",
    "btcAddress": "1PBWkivAUBLP4PBbkZKBX75h8yeh49LpwH",
    "ethAddress": "0x586E803a94777286f7cA370983091Bb290303e41"
  },
  {
    "id": 2,
    "userId": 1,
    "type": "usd",
    "number": "4111891201988062",
    "expiry": "03/28",
    "cvv": "495",
    "balance": "0.00",
    "btcBalance": "0.00000000",
    "ethBalance": "0.00000000",
    "btcAddress": null,
    "ethAddress": null
  },
  {
    "id": 3,
    "userId": 1,
    "type": "uah",
    "number": "5555624368885501",
    "expiry": "03/28",
    "cvv": "989",
    "balance": "0.00",
    "btcBalance": "0.00000000",
    "ethBalance": "0.00000000",
    "btcAddress": null,
    "ethAddress": null
  },
  {
    "id": 4,
    "userId": 2,
    "type": "crypto",
    "number": "4000589306345761",
    "expiry": "06/28",
    "cvv": "863",
    "balance": "0",
    "btcBalance": "0.001",
    "ethBalance": "0.01",
    "btcAddress": "1EhLKWQokncBnpZM3RrxmuVeybbHM3RM8s",
    "ethAddress": "0xbCDcfD1014c0CD2eBF4facF058a553BA77b20F98"
  },
  {
    "id": 5,
    "userId": 2,
    "type": "usd",
    "number": "4111238058472974",
    "expiry": "09/28",
    "cvv": "919",
    "balance": "1000",
    "btcBalance": "0",
    "ethBalance": "0",
    "btcAddress": null,
    "ethAddress": null
  },
  {
    "id": 6,
    "userId": 2,
    "type": "uah",
    "number": "5555248950789491",
    "expiry": "08/28",
    "cvv": "823",
    "balance": "40000",
    "btcBalance": "0",
    "ethBalance": "0",
    "btcAddress": null,
    "ethAddress": null
  },
  {
    "id": 15,
    "userId": 5,
    "type": "uah",
    "number": "5555423163670631",
    "expiry": "12/28",
    "cvv": "349",
    "balance": "400000000",
    "btcBalance": "0",
    "ethBalance": "0",
    "btcAddress": null,
    "ethAddress": null
  },
  {
    "id": 16,
    "userId": 6,
    "type": "crypto",
    "number": "4111330535985631",
    "expiry": "03/28",
    "cvv": "696",
    "balance": "0.00",
    "btcBalance": "0.00000000",
    "ethBalance": "0.00000000",
    "btcAddress": "13X8tNp3vTK8oV9HMQx6T4YxDuquhgtTBW",
    "ethAddress": "0x9436CF533f2c3433806838b73aB2B5A6000bf6c9"
  },
  {
    "id": 17,
    "userId": 6,
    "type": "usd",
    "number": "4112185546212195",
    "expiry": "03/28",
    "cvv": "614",
    "balance": "0.00",
    "btcBalance": "0.00000000",
    "ethBalance": "0.00000000",
    "btcAddress": null,
    "ethAddress": null
  },
  {
    "id": 18,
    "userId": 6,
    "type": "uah",
    "number": "4113271946207582",
    "expiry": "03/28",
    "cvv": "338",
    "balance": "0.00",
    "btcBalance": "0.00000000",
    "ethBalance": "0.00000000",
    "btcAddress": null,
    "ethAddress": null
  },
  {
    "id": 19,
    "userId": 7,
    "type": "crypto",
    "number": "4111413957644346",
    "expiry": "03/28",
    "cvv": "960",
    "balance": "0.00",
    "btcBalance": "0.00000000",
    "ethBalance": "0.00000000",
    "btcAddress": "1E4HGQ8TiTEU3iK73VqNCjxSbwUMKGpMrj",
    "ethAddress": "0xd6e6A39977EA1b52B49924beCb81DB2f67Ee21Dc"
  },
  {
    "id": 20,
    "userId": 7,
    "type": "usd",
    "number": "4112818239176215",
    "expiry": "03/28",
    "cvv": "373",
    "balance": "0.00",
    "btcBalance": "0.00000000",
    "ethBalance": "0.00000000",
    "btcAddress": null,
    "ethAddress": null
  },
  {
    "id": 21,
    "userId": 7,
    "type": "uah",
    "number": "4113633308331620",
    "expiry": "03/28",
    "cvv": "630",
    "balance": "0.00",
    "btcBalance": "0.00000000",
    "ethBalance": "0.00000000",
    "btcAddress": null,
    "ethAddress": null
  },
  {
    "id": 22,
    "userId": 8,
    "type": "crypto",
    "number": "4111660863622836",
    "expiry": "03/28",
    "cvv": "940",
    "balance": "0.00",
    "btcBalance": "0.00000000",
    "ethBalance": "0.00000000",
    "btcAddress": "124cq2jhYTwjwy6awGg1hi4wsK8JxEcCpw",
    "ethAddress": "0x9419a912CDBBeF4983F667146Abe48864156c84b"
  },
  {
    "id": 23,
    "userId": 8,
    "type": "usd",
    "number": "4112473829066479",
    "expiry": "03/28",
    "cvv": "735",
    "balance": "0.00",
    "btcBalance": "0.00000000",
    "ethBalance": "0.00000000",
    "btcAddress": null,
    "ethAddress": null
  },
  {
    "id": 24,
    "userId": 8,
    "type": "uah",
    "number": "4113851669913815",
    "expiry": "03/28",
    "cvv": "766",
    "balance": "0.00",
    "btcBalance": "0.00000000",
    "ethBalance": "0.00000000",
    "btcAddress": null,
    "ethAddress": null
  },
  {
    "id": 25,
    "userId": 9,
    "type": "crypto",
    "number": "4111336238703704",
    "expiry": "03/28",
    "cvv": "269",
    "balance": "0.00",
    "btcBalance": "0.00",
    "ethBalance": "0.00",
    "btcAddress": null,
    "ethAddress": null
  },
  {
    "id": 26,
    "userId": 9,
    "type": "usd",
    "number": "4112054801321449",
    "expiry": "03/28",
    "cvv": "995",
    "balance": "0.00",
    "btcBalance": "0.00",
    "ethBalance": "0.00",
    "btcAddress": null,
    "ethAddress": null
  },
  {
    "id": 27,
    "userId": 9,
    "type": "uah",
    "number": "4113927624941486",
    "expiry": "03/28",
    "cvv": "338",
    "balance": "0.00",
    "btcBalance": "0.00",
    "ethBalance": "0.00",
    "btcAddress": null,
    "ethAddress": null
  },
  {
    "id": 28,
    "userId": 10,
    "type": "crypto",
    "number": "4111619791721415",
    "expiry": "03/28",
    "cvv": "577",
    "balance": "0.00",
    "btcBalance": "0.00",
    "ethBalance": "0.00",
    "btcAddress": null,
    "ethAddress": null
  },
  {
    "id": 29,
    "userId": 10,
    "type": "usd",
    "number": "4112221420670073",
    "expiry": "03/28",
    "cvv": "265",
    "balance": "0.00",
    "btcBalance": "0.00",
    "ethBalance": "0.00",
    "btcAddress": null,
    "ethAddress": null
  },
  {
    "id": 30,
    "userId": 10,
    "type": "uah",
    "number": "4113331149807020",
    "expiry": "03/28",
    "cvv": "131",
    "balance": "0.00",
    "btcBalance": "0.00",
    "ethBalance": "0.00",
    "btcAddress": null,
    "ethAddress": null
  },
  {
    "id": 31,
    "userId": 11,
    "type": "crypto",
    "number": "4111806775933316",
    "expiry": "03/28",
    "cvv": "124",
    "balance": "0.00",
    "btcBalance": "0.00",
    "ethBalance": "0.00",
    "btcAddress": null,
    "ethAddress": null
  },
  {
    "id": 32,
    "userId": 11,
    "type": "usd",
    "number": "4112288902688677",
    "expiry": "03/28",
    "cvv": "295",
    "balance": "0.00",
    "btcBalance": "0.00",
    "ethBalance": "0.00",
    "btcAddress": null,
    "ethAddress": null
  },
  {
    "id": 33,
    "userId": 11,
    "type": "uah",
    "number": "4113214354850143",
    "expiry": "03/28",
    "cvv": "955",
    "balance": "0.00",
    "btcBalance": "0.00",
    "ethBalance": "0.00",
    "btcAddress": null,
    "ethAddress": null
  },
  {
    "id": 34,
    "userId": 1,
    "type": "crypto",
    "number": "4111608844434692",
    "expiry": "03/28",
    "cvv": "142",
    "balance": "0.00",
    "btcBalance": "0.00",
    "ethBalance": "0.00",
    "btcAddress": null,
    "ethAddress": null
  },
  {
    "id": 35,
    "userId": 1,
    "type": "usd",
    "number": "4112387550332652",
    "expiry": "03/28",
    "cvv": "354",
    "balance": "82157.00",
    "btcBalance": "0.00",
    "ethBalance": "0.00",
    "btcAddress": null,
    "ethAddress": null
  },
  {
    "id": 91,
    "userId": 17,
    "type": "crypto",
    "number": "4111448008862359",
    "expiry": "03/28",
    "cvv": "989",
    "balance": "0",
    "btcBalance": "3.15584577",
    "ethBalance": "0",
    "btcAddress": "1ETADiiQQQUyQjwQiRrd6sn4PjfhnGZoY1",
    "ethAddress": "0xAd3a5F2C5d51a8AEe38988cDF7513d47F2D35dD7"
  },
  {
    "id": 92,
    "userId": 17,
    "type": "usd",
    "number": "4112967511269249",
    "expiry": "03/28",
    "cvv": "989",
    "balance": "69617.00",
    "btcBalance": "0",
    "ethBalance": "0",
    "btcAddress": null,
    "ethAddress": null
  },
  {
    "id": 93,
    "userId": 17,
    "type": "uah",
    "number": "4113516001378315",
    "expiry": "03/28",
    "cvv": "989",
    "balance": "3539414.91",
    "btcBalance": "0",
    "ethBalance": "0",
    "btcAddress": null,
    "ethAddress": null
  },
  {
    "id": 94,
    "userId": 18,
    "type": "crypto",
    "number": "4111151178490202",
    "expiry": "03/28",
    "cvv": "923",
    "balance": "0.00",
    "btcBalance": "3.56490000",
    "ethBalance": "17.98715755",
    "btcAddress": "1MhprVFAKXW5URUYK7xKLq7fk4ry8Cq851",
    "ethAddress": "0x9A28cD7272f0D3ED3272ECEA195c8762dE75708D"
  },
  {
    "id": 96,
    "userId": 18,
    "type": "uah",
    "number": "4113270183649032",
    "expiry": "03/28",
    "cvv": "787",
    "balance": "5422982.84",
    "btcBalance": "0.00000000",
    "ethBalance": "0.00000000",
    "btcAddress": null,
    "ethAddress": null
  },
  {
    "id": 13,
    "userId": 5,
    "type": "crypto",
    "number": "4000101461947771",
    "expiry": "10/28",
    "cvv": "240",
    "balance": "0",
    "btcBalance": "968342.38900000",
    "ethBalance": "179843.89000000",
    "btcAddress": "16L3S7YZ2SVaZjRn7wt1G2UE4aVW8vGpyb",
    "ethAddress": "0x8AFf45c3aE9F66fAc33EA042f3A7fC2C338E4b2E"
  },
  {
    "id": 14,
    "userId": 5,
    "type": "usd",
    "number": "4111323103306819",
    "expiry": "01/28",
    "cvv": "761",
    "balance": "200167975.00",
    "btcBalance": "0",
    "ethBalance": "0",
    "btcAddress": null,
    "ethAddress": null
  },
  {
    "id": 95,
    "userId": 18,
    "type": "usd",
    "number": "4112376747946500",
    "expiry": "03/28",
    "cvv": "821",
    "balance": "42376.74",
    "btcBalance": "0.00000000",
    "ethBalance": "0.00000000",
    "btcAddress": null,
    "ethAddress": null
  },
  {
    "id": 97,
    "userId": 19,
    "type": "crypto",
    "number": "4111476435185066",
    "expiry": "03/28",
    "cvv": "527",
    "balance": "0.00",
    "btcBalance": "0.00000000",
    "ethBalance": "0.00000000",
    "btcAddress": "1AKNBMHcjCtyG1kXK4eqQUxVjxYyVs8SrL",
    "ethAddress": "0xd5aBB0E3886e2be2158DdB1A3D9a1B55aaFbcf34"
  },
  {
    "id": 98,
    "userId": 19,
    "type": "usd",
    "number": "4112328296461587",
    "expiry": "03/28",
    "cvv": "847",
    "balance": "0.00",
    "btcBalance": "0.00000000",
    "ethBalance": "0.00000000",
    "btcAddress": null,
    "ethAddress": null
  },
  {
    "id": 99,
    "userId": 19,
    "type": "uah",
    "number": "4113543889015041",
    "expiry": "03/28",
    "cvv": "781",
    "balance": "0.00",
    "btcBalance": "0.00000000",
    "ethBalance": "0.00000000",
    "btcAddress": null,
    "ethAddress": null
  }
]