[
  {
    "id": 601,
    "fromCardId": 373,
    "toCardId": 364,
    "amount": "1.00086007",
    "convertedAmount": "1.00086007",
    "type": "transfer",
    "wallet": null,
    "status": "completed",
    "createdAt": "2025-03-05T18:19:24.330Z",
    "description": "Перевод user15 → Nikita 1.00086007 BTC",
    "fromCardNumber": "4532015112830012",
    "toCardNumber": "4532015112830003"
  },
  {
    "id": 602,
    "fromCardId": 416,
    "toCardId": 405,
    "amount": "10097.95589112",
    "convertedAmount": "10097.95589112",
    "type": "transfer",
    "wallet": null,
    "status": "completed",
    "createdAt": "2025-03-05T16:42:54.114Z",
    "description": "Перевод user18 → Tod Kolinsk 10097.95589112 USD",
    "fromCardNumber": "5375414128030015",
    "toCardNumber": "5375414128030004"
  },
  {
    "id": 603,
    "fromCardId": 404,
    "toCardId": 421,
    "amount": "10133.43676037",
    "convertedAmount": "10133.43676037",
    "type": "transfer",
    "wallet": null,
    "status": "completed",
    "createdAt": "2025-03-05T16:04:34.954Z",
    "description": "Перевод Nikita → user9 10133.43676037 USD",
    "fromCardNumber": "5375414128030003",
    "toCardNumber": "5375414128030020"
  },
  {
    "id": 604,
    "fromCardId": 414,
    "toCardId": 404,
    "amount": "10146.91503661",
    "convertedAmount": "10146.91503661",
    "type": "transfer",
    "wallet": null,
    "status": "completed",
    "createdAt": "2025-03-05T15:50:01.561Z",
    "description": "Перевод user16 → Nikita 10146.91503661 USD",
    "fromCardNumber": "5375414128030013",
    "toCardNumber": "5375414128030003"
  },
  {
    "id": 605,
    "fromCardId": 408,
    "toCardId": 421,
    "amount": "10149.63155206",
    "convertedAmount": "10149.63155206",
    "type": "transfer",
    "wallet": null,
    "status": "completed",
    "createdAt": "2025-03-05T15:47:05.531Z",
    "description": "Перевод user10 → user9 10149.63155206 USD",
    "fromCardNumber": "5375414128030007",
    "toCardNumber": "5375414128030020"
  },
  {
    "id": 606,
    "fromCardId": 367,
    "toCardId": 379,
    "amount": "1.02437995",
    "convertedAmount": "1.02437995",
    "type": "transfer",
    "wallet": null,
    "status": "completed",
    "createdAt": "2025-03-05T14:05:23.451Z",
    "description": "Перевод olektreyd@gmail.com → user7 1.02437995 BTC",
    "fromCardNumber": "4532015112830006",
    "toCardNumber": "4532015112830018"
  },
  {
    "id": 607,
    "fromCardId": 392,
    "toCardId": 384,
    "amount": "102588.94178411",
    "convertedAmount": "102588.94178411",
    "type": "transfer",
    "wallet": null,
    "status": "completed",
    "createdAt": "2025-03-05T13:49:05.313Z",
    "description": "Перевод user14 → Nikita 102588.94178411 UAH",
    "fromCardNumber": "4532015112836011",
    "toCardNumber": "4532015112836003"
  },
  {
    "id": 608,
    "fromCardId": 401,
    "toCardId": 385,
    "amount": "103856.28790206",
    "convertedAmount": "103856.28790206",
    "type": "transfer",
    "wallet": null,
    "status": "completed",
    "createdAt": "2025-03-05T11:32:12.910Z",
    "description": "Перевод user9 → Tod Kolinsk 103856.28790206 UAH",
    "fromCardNumber": "4532015112836020",
    "toCardNumber": "4532015112836004"
  },
  {
    "id": 609,
    "fromCardId": 385,
    "toCardId": 384,
    "amount": "104245.28433197",
    "convertedAmount": "104245.28433197",
    "type": "transfer",
    "wallet": null,
    "status": "completed",
    "createdAt": "2025-03-05T10:50:12.213Z",
    "description": "Перевод Tod Kolinsk → Nikita 104245.28433197 UAH",
    "fromCardNumber": "4532015112836004",
    "toCardNumber": "4532015112836003"
  },
  {
    "id": 610,
    "fromCardId": 376,
    "toCardId": 378,
    "amount": "1.04285825",
    "convertedAmount": "1.04285825",
    "type": "transfer",
    "wallet": null,
    "status": "completed",
    "createdAt": "2025-03-05T10:45:49.507Z",
    "description": "Перевод user18 → user20 1.04285825 BTC",
    "fromCardNumber": "4532015112830015",
    "toCardNumber": "4532015112830017"
  },
  {
    "id": 611,
    "fromCardId": 385,
    "toCardId": 392,
    "amount": "104367.54055483",
    "convertedAmount": "104367.54055483",
    "type": "transfer",
    "wallet": null,
    "status": "completed",
    "createdAt": "2025-03-05T10:36:59.993Z",
    "description": "Перевод Tod Kolinsk → user14 104367.54055483 UAH",
    "fromCardNumber": "4532015112836004",
    "toCardNumber": "4532015112836011"
  },
  {
    "id": 612,
    "fromCardId": 381,
    "toCardId": 380,
    "amount": "1.04681329",
    "convertedAmount": "1.04681329",
    "type": "transfer",
    "wallet": null,
    "status": "completed",
    "createdAt": "2025-03-05T10:03:06.645Z",
    "description": "Перевод user9 → user8 1.04681329 BTC",
    "fromCardNumber": "4532015112830020",
    "toCardNumber": "4532015112830019"
  },
  {
    "id": 613,
    "fromCardId": 404,
    "toCardId": 412,
    "amount": "10505.54649150",
    "convertedAmount": "10505.54649150",
    "type": "transfer",
    "wallet": null,
    "status": "completed",
    "createdAt": "2025-03-05T09:22:42.243Z",
    "description": "Перевод Nikita → user14 10505.54649150 USD",
    "fromCardNumber": "5375414128030003",
    "toCardNumber": "5375414128030011"
  },
  {
    "id": 614,
    "fromCardId": 365,
    "toCardId": 374,
    "amount": "1.05574681",
    "convertedAmount": "1.05574681",
    "type": "transfer",
    "wallet": null,
    "status": "completed",
    "createdAt": "2025-03-05T08:26:37.722Z",
    "description": "Перевод Tod Kolinsk → user16 1.05574681 BTC",
    "fromCardNumber": "4532015112830004",
    "toCardNumber": "4532015112830013"
  },
  {
    "id": 615,
    "fromCardId": 400,
    "toCardId": 388,
    "amount": "105787.84497013",
    "convertedAmount": "105787.84497013",
    "type": "transfer",
    "wallet": null,
    "status": "completed",
    "createdAt": "2025-03-05T08:03:36.420Z",
    "description": "Перевод user8 → user10 105787.84497013 UAH",
    "fromCardNumber": "4532015112836019",
    "toCardNumber": "4532015112836007"
  },
  {
    "id": 616,
    "fromCardId": 397,
    "toCardId": 395,
    "amount": "105915.88436647",
    "convertedAmount": "105915.88436647",
    "type": "transfer",
    "wallet": null,
    "status": "completed",
    "createdAt": "2025-03-05T07:49:46.725Z",
    "description": "Перевод user19 → user17 105915.88436647 UAH",
    "fromCardNumber": "4532015112836016",
    "toCardNumber": "4532015112836014"
  },
  {
    "id": 617,
    "fromCardId": 408,
    "toCardId": 413,
    "amount": "10593.14797692",
    "convertedAmount": "10593.14797692",
    "type": "transfer",
    "wallet": null,
    "status": "completed",
    "createdAt": "2025-03-05T07:48:05.667Z",
    "description": "Перевод user10 → user15 10593.14797692 USD",
    "fromCardNumber": "5375414128030007",
    "toCardNumber": "5375414128030012"
  },
  {
    "id": 618,
    "fromCardId": 420,
    "toCardId": 416,
    "amount": "10634.22405240",
    "convertedAmount": "10634.22405240",
    "type": "transfer",
    "wallet": null,
    "status": "completed",
    "createdAt": "2025-03-05T07:03:43.937Z",
    "description": "Перевод user8 → user18 10634.22405240 USD",
    "fromCardNumber": "5375414128030019",
    "toCardNumber": "5375414128030015"
  },
  {
    "id": 619,
    "fromCardId": 416,
    "toCardId": 413,
    "amount": "10637.59452692",
    "convertedAmount": "10637.59452692",
    "type": "transfer",
    "wallet": null,
    "status": "completed",
    "createdAt": "2025-03-05T07:00:05.530Z",
    "description": "Перевод user18 → user15 10637.59452692 USD",
    "fromCardNumber": "5375414128030015",
    "toCardNumber": "5375414128030012"
  },
  {
    "id": 620,
    "fromCardId": 410,
    "toCardId": 405,
    "amount": "10642.18057306",
    "convertedAmount": "10642.18057306",
    "type": "transfer",
    "wallet": null,
    "status": "completed",
    "createdAt": "2025-03-05T06:55:08.354Z",
    "description": "Перевод user12 → Tod Kolinsk 10642.18057306 USD",
    "fromCardNumber": "5375414128030009",
    "toCardNumber": "5375414128030004"
  },
  {
    "id": 621,
    "fromCardId": 394,
    "toCardId": 388,
    "amount": "106560.57548775",
    "convertedAmount": "106560.57548775",
    "type": "transfer",
    "wallet": null,
    "status": "completed",
    "createdAt": "2025-03-05T06:40:09.126Z",
    "description": "Перевод user16 → user10 106560.57548775 UAH",
    "fromCardNumber": "4532015112836013",
    "toCardNumber": "4532015112836007"
  },
  {
    "id": 622,
    "fromCardId": 398,
    "toCardId": 399,
    "amount": "106563.63527503",
    "convertedAmount": "106563.63527503",
    "type": "transfer",
    "wallet": null,
    "status": "completed",
    "createdAt": "2025-03-05T06:39:49.299Z",
    "description": "Перевод user20 → user7 106563.63527503 UAH",
    "fromCardNumber": "4532015112836017",
    "toCardNumber": "4532015112836018"
  },
  {
    "id": 623,
    "fromCardId": 387,
    "toCardId": 395,
    "amount": "106639.09484975",
    "convertedAmount": "106639.09484975",
    "type": "transfer",
    "wallet": null,
    "status": "completed",
    "createdAt": "2025-03-05T06:31:40.321Z",
    "description": "Перевод olektreyd@gmail.com → user17 106639.09484975 UAH",
    "fromCardNumber": "4532015112836006",
    "toCardNumber": "4532015112836014"
  },
  {
    "id": 624,
    "fromCardId": 395,
    "toCardId": 385,
    "amount": "107435.88036350",
    "convertedAmount": "107435.88036350",
    "type": "transfer",
    "wallet": null,
    "status": "completed",
    "createdAt": "2025-03-05T05:05:37.151Z",
    "description": "Перевод user17 → Tod Kolinsk 107435.88036350 UAH",
    "fromCardNumber": "4532015112836014",
    "toCardNumber": "4532015112836004"
  },
  {
    "id": 625,
    "fromCardId": 382,
    "toCardId": 392,
    "amount": "107896.36543866",
    "convertedAmount": "107896.36543866",
    "type": "transfer",
    "wallet": null,
    "status": "completed",
    "createdAt": "2025-03-05T04:15:53.208Z",
    "description": "Перевод Kich32 → user14 107896.36543866 UAH",
    "fromCardNumber": "4532015112836001",
    "toCardNumber": "4532015112836011"
  },
  {
    "id": 626,
    "fromCardId": 376,
    "toCardId": 367,
    "amount": "1.08002797",
    "convertedAmount": "1.08002797",
    "type": "transfer",
    "wallet": null,
    "status": "completed",
    "createdAt": "2025-03-05T04:04:23.532Z",
    "description": "Перевод user18 → olektreyd@gmail.com 1.08002797 BTC",
    "fromCardNumber": "4532015112830015",
    "toCardNumber": "4532015112830006"
  },
  {
    "id": 627,
    "fromCardId": 364,
    "toCardId": 380,
    "amount": "1.08468906",
    "convertedAmount": "1.08468906",
    "type": "transfer",
    "wallet": null,
    "status": "completed",
    "createdAt": "2025-03-05T03:14:03.147Z",
    "description": "Перевод Nikita → user8 1.08468906 BTC",
    "fromCardNumber": "4532015112830003",
    "toCardNumber": "4532015112830019"
  },
  {
    "id": 628,
    "fromCardId": 413,
    "toCardId": 419,
    "amount": "10887.02029288",
    "convertedAmount": "10887.02029288",
    "type": "transfer",
    "wallet": null,
    "status": "completed",
    "createdAt": "2025-03-05T02:30:42.741Z",
    "description": "Перевод user15 → user7 10887.02029288 USD",
    "fromCardNumber": "5375414128030012",
    "toCardNumber": "5375414128030018"
  },
  {
    "id": 629,
    "fromCardId": 363,
    "toCardId": 373,
    "amount": "1.09988989",
    "convertedAmount": "1.09988989",
    "type": "transfer",
    "wallet": null,
    "status": "completed",
    "createdAt": "2025-03-05T00:29:53.005Z",
    "description": "Перевод Maksim4440432 → user15 1.09988989 BTC",
    "fromCardNumber": "4532015112830002",
    "toCardNumber": "4532015112830012"
  },
  {
    "id": 630,
    "fromCardId": 417,
    "toCardId": 412,
    "amount": "11185.69081870",
    "convertedAmount": "11185.69081870",
    "type": "transfer",
    "wallet": null,
    "status": "completed",
    "createdAt": "2025-03-04T21:08:08.891Z",
    "description": "Перевод user19 → user14 11185.69081870 USD",
    "fromCardNumber": "5375414128030016",
    "toCardNumber": "5375414128030011"
  },
  {
    "id": 631,
    "fromCardId": 367,
    "toCardId": 377,
    "amount": "1.12536933",
    "convertedAmount": "1.12536933",
    "type": "transfer",
    "wallet": null,
    "status": "completed",
    "createdAt": "2025-03-04T19:54:42.327Z",
    "description": "Перевод olektreyd@gmail.com → user19 1.12536933 BTC",
    "fromCardNumber": "4532015112830006",
    "toCardNumber": "4532015112830016"
  },
  {
    "id": 632,
    "fromCardId": 414,
    "toCardId": 418,
    "amount": "11299.08851354",
    "convertedAmount": "11299.08851354",
    "type": "transfer",
    "wallet": null,
    "status": "completed",
    "createdAt": "2025-03-04T19:05:40.720Z",
    "description": "Перевод user16 → user20 11299.08851354 USD",
    "fromCardNumber": "5375414128030013",
    "toCardNumber": "5375414128030017"
  },
  {
    "id": 633,
    "fromCardId": 417,
    "toCardId": 406,
    "amount": "11317.16787294",
    "convertedAmount": "11317.16787294",
    "type": "transfer",
    "wallet": null,
    "status": "completed",
    "createdAt": "2025-03-04T18:46:09.177Z",
    "description": "Перевод user19 → admin 11317.16787294 USD",
    "fromCardNumber": "5375414128030016",
    "toCardNumber": "5375414128030005"
  },
  {
    "id": 634,
    "fromCardId": 365,
    "toCardId": 367,
    "amount": "1.13283026",
    "convertedAmount": "1.13283026",
    "type": "transfer",
    "wallet": null,
    "status": "completed",
    "createdAt": "2025-03-04T18:34:07.645Z",
    "description": "Перевод Tod Kolinsk → olektreyd@gmail.com 1.13283026 BTC",
    "fromCardNumber": "4532015112830004",
    "toCardNumber": "4532015112830006"
  },
  {
    "id": 635,
    "fromCardId": 394,
    "toCardId": 385,
    "amount": "113420.08576211",
    "convertedAmount": "113420.08576211",
    "type": "transfer",
    "wallet": null,
    "status": "completed",
    "createdAt": "2025-03-04T18:19:19.500Z",
    "description": "Перевод user16 → Tod Kolinsk 113420.08576211 UAH",
    "fromCardNumber": "4532015112836013",
    "toCardNumber": "4532015112836004"
  },
  {
    "id": 636,
    "fromCardId": 404,
    "toCardId": 414,
    "amount": "11366.21806128",
    "convertedAmount": "11366.21806128",
    "type": "transfer",
    "wallet": null,
    "status": "completed",
    "createdAt": "2025-03-04T17:53:10.725Z",
    "description": "Перевод Nikita → user16 11366.21806128 USD",
    "fromCardNumber": "5375414128030003",
    "toCardNumber": "5375414128030013"
  },
  {
    "id": 637,
    "fromCardId": 376,
    "toCardId": 362,
    "amount": "1.13827689",
    "convertedAmount": "1.13827689",
    "type": "transfer",
    "wallet": null,
    "status": "completed",
    "createdAt": "2025-03-04T17:35:18.233Z",
    "description": "Перевод user18 → Kich32 1.13827689 BTC",
    "fromCardNumber": "4532015112830015",
    "toCardNumber": "4532015112830001"
  },
  {
    "id": 638,
    "fromCardId": 368,
    "toCardId": 370,
    "amount": "1.14706579",
    "convertedAmount": "1.14706579",
    "type": "transfer",
    "wallet": null,
    "status": "completed",
    "createdAt": "2025-03-04T16:00:23.027Z",
    "description": "Перевод user10 → user12 1.14706579 BTC",
    "fromCardNumber": "4532015112830007",
    "toCardNumber": "4532015112830009"
  },
  {
    "id": 639,
    "fromCardId": 371,
    "toCardId": 377,
    "amount": "1.15072498",
    "convertedAmount": "1.15072498",
    "type": "transfer",
    "wallet": null,
    "status": "completed",
    "createdAt": "2025-03-04T15:20:51.869Z",
    "description": "Перевод user13 → user19 1.15072498 BTC",
    "fromCardNumber": "4532015112830010",
    "toCardNumber": "4532015112830016"
  },
  {
    "id": 640,
    "fromCardId": 417,
    "toCardId": 414,
    "amount": "11534.16769439",
    "convertedAmount": "11534.16769439",
    "type": "transfer",
    "wallet": null,
    "status": "completed",
    "createdAt": "2025-03-04T14:51:47.589Z",
    "description": "Перевод user19 → user16 11534.16769439 USD",
    "fromCardNumber": "5375414128030016",
    "toCardNumber": "5375414128030013"
  },
  {
    "id": 641,
    "fromCardId": 406,
    "toCardId": 413,
    "amount": "11572.61731910",
    "convertedAmount": "11572.61731910",
    "type": "transfer",
    "wallet": null,
    "status": "completed",
    "createdAt": "2025-03-04T14:10:16.053Z",
    "description": "Перевод admin → user15 11572.61731910 USD",
    "fromCardNumber": "5375414128030005",
    "toCardNumber": "5375414128030012"
  },
  {
    "id": 642,
    "fromCardId": 406,
    "toCardId": 404,
    "amount": "11600.70554066",
    "convertedAmount": "11600.70554066",
    "type": "transfer",
    "wallet": null,
    "status": "completed",
    "createdAt": "2025-03-04T13:39:55.937Z",
    "description": "Перевод admin → Nikita 11600.70554066 USD",
    "fromCardNumber": "5375414128030005",
    "toCardNumber": "5375414128030003"
  },
  {
    "id": 643,
    "fromCardId": 409,
    "toCardId": 402,
    "amount": "11787.44867373",
    "convertedAmount": "11787.44867373",
    "type": "transfer",
    "wallet": null,
    "status": "completed",
    "createdAt": "2025-03-04T10:18:14.982Z",
    "description": "Перевод user11 → Kich32 11787.44867373 USD",
    "fromCardNumber": "5375414128030008",
    "toCardNumber": "5375414128030001"
  },
  {
    "id": 644,
    "fromCardId": 378,
    "toCardId": 377,
    "amount": "1.18594810",
    "convertedAmount": "1.18594810",
    "type": "transfer",
    "wallet": null,
    "status": "completed",
    "createdAt": "2025-03-04T09:00:27.285Z",
    "description": "Перевод user20 → user19 1.18594810 BTC",
    "fromCardNumber": "4532015112830017",
    "toCardNumber": "4532015112830016"
  },
  {
    "id": 645,
    "fromCardId": 405,
    "toCardId": 418,
    "amount": "11864.57092916",
    "convertedAmount": "11864.57092916",
    "type": "transfer",
    "wallet": null,
    "status": "completed",
    "createdAt": "2025-03-04T08:54:57.459Z",
    "description": "Перевод Tod Kolinsk → user20 11864.57092916 USD",
    "fromCardNumber": "5375414128030004",
    "toCardNumber": "5375414128030017"
  },
  {
    "id": 646,
    "fromCardId": 369,
    "toCardId": 381,
    "amount": "1.19757670",
    "convertedAmount": "1.19757670",
    "type": "transfer",
    "wallet": null,
    "status": "completed",
    "createdAt": "2025-03-04T06:54:51.955Z",
    "description": "Перевод user11 → user9 1.19757670 BTC",
    "fromCardNumber": "4532015112830008",
    "toCardNumber": "4532015112830020"
  },
  {
    "id": 647,
    "fromCardId": 387,
    "toCardId": 388,
    "amount": "119792.66697905",
    "convertedAmount": "119792.66697905",
    "type": "transfer",
    "wallet": null,
    "status": "completed",
    "createdAt": "2025-03-04T06:51:05.174Z",
    "description": "Перевод olektreyd@gmail.com → user10 119792.66697905 UAH",
    "fromCardNumber": "4532015112836006",
    "toCardNumber": "4532015112836007"
  },
  {
    "id": 648,
    "fromCardId": 384,
    "toCardId": 394,
    "amount": "119915.19286245",
    "convertedAmount": "119915.19286245",
    "type": "transfer",
    "wallet": null,
    "status": "completed",
    "createdAt": "2025-03-04T06:37:51.206Z",
    "description": "Перевод Nikita → user16 119915.19286245 UAH",
    "fromCardNumber": "4532015112836003",
    "toCardNumber": "4532015112836013"
  },
  {
    "id": 649,
    "fromCardId": 379,
    "toCardId": 371,
    "amount": "1.20249810",
    "convertedAmount": "1.20249810",
    "type": "commission",
    "wallet": null,
    "status": "completed",
    "createdAt": "2025-03-04T06:01:42.887Z",
    "description": "Перевод user7 → user13 1.20249810 BTC",
    "fromCardNumber": "4532015112830018",
    "toCardNumber": "4532015112830010"
  },
  {
    "id": 650,
    "fromCardId": 364,
    "toCardId": 369,
    "amount": "1.20704377",
    "convertedAmount": "1.20704377",
    "type": "commission",
    "wallet": null,
    "status": "completed",
    "createdAt": "2025-03-04T05:12:37.296Z",
    "description": "Перевод Nikita → user11 1.20704377 BTC",
    "fromCardNumber": "4532015112830003",
    "toCardNumber": "4532015112830008"
  },
  {
    "id": 651,
    "fromCardId": 380,
    "toCardId": 368,
    "amount": "1.20972357",
    "convertedAmount": "1.20972357",
    "type": "commission",
    "wallet": null,
    "status": "completed",
    "createdAt": "2025-03-04T04:43:40.782Z",
    "description": "Перевод user8 → user10 1.20972357 BTC",
    "fromCardNumber": "4532015112830019",
    "toCardNumber": "4532015112830007"
  },
  {
    "id": 652,
    "fromCardId": 400,
    "toCardId": 389,
    "amount": "121053.40798855",
    "convertedAmount": "121053.40798855",
    "type": "commission",
    "wallet": null,
    "status": "completed",
    "createdAt": "2025-03-04T04:34:55.572Z",
    "description": "Перевод user8 → user11 121053.40798855 UAH",
    "fromCardNumber": "4532015112836019",
    "toCardNumber": "4532015112836008"
  },
  {
    "id": 653,
    "fromCardId": 368,
    "toCardId": 367,
    "amount": "1.21106120",
    "convertedAmount": "1.21106120",
    "type": "commission",
    "wallet": null,
    "status": "completed",
    "createdAt": "2025-03-04T04:29:13.998Z",
    "description": "Перевод user10 → olektreyd@gmail.com 1.21106120 BTC",
    "fromCardNumber": "4532015112830007",
    "toCardNumber": "4532015112830006"
  },
  {
    "id": 654,
    "fromCardId": 414,
    "toCardId": 402,
    "amount": "12235.29538065",
    "convertedAmount": "12235.29538065",
    "type": "commission",
    "wallet": null,
    "status": "completed",
    "createdAt": "2025-03-04T02:14:34.515Z",
    "description": "Перевод user16 → Kich32 12235.29538065 USD",
    "fromCardNumber": "5375414128030013",
    "toCardNumber": "5375414128030001"
  },
  {
    "id": 655,
    "fromCardId": 402,
    "toCardId": 417,
    "amount": "12245.01493975",
    "convertedAmount": "12245.01493975",
    "type": "commission",
    "wallet": null,
    "status": "completed",
    "createdAt": "2025-03-04T02:04:04.688Z",
    "description": "Перевод Kich32 → user19 12245.01493975 USD",
    "fromCardNumber": "5375414128030001",
    "toCardNumber": "5375414128030016"
  },
  {
    "id": 656,
    "fromCardId": 368,
    "toCardId": 366,
    "amount": "1.23047786",
    "convertedAmount": "1.23047786",
    "type": "commission",
    "wallet": null,
    "status": "completed",
    "createdAt": "2025-03-04T00:59:32.005Z",
    "description": "Перевод user10 → admin 1.23047786 BTC",
    "fromCardNumber": "4532015112830007",
    "toCardNumber": "4532015112830005"
  },
  {
    "id": 657,
    "fromCardId": 421,
    "toCardId": 402,
    "amount": "12333.20066095",
    "convertedAmount": "12333.20066095",
    "type": "commission",
    "wallet": null,
    "status": "completed",
    "createdAt": "2025-03-04T00:28:50.253Z",
    "description": "Перевод user9 → Kich32 12333.20066095 USD",
    "fromCardNumber": "5375414128030020",
    "toCardNumber": "5375414128030001"
  },
  {
    "id": 658,
    "fromCardId": 414,
    "toCardId": 410,
    "amount": "12351.15681820",
    "convertedAmount": "12351.15681820",
    "type": "commission",
    "wallet": null,
    "status": "completed",
    "createdAt": "2025-03-04T00:09:26.694Z",
    "description": "Перевод user16 → user12 12351.15681820 USD",
    "fromCardNumber": "5375414128030013",
    "toCardNumber": "5375414128030009"
  },
  {
    "id": 659,
    "fromCardId": 399,
    "toCardId": 384,
    "amount": "123787.31591994",
    "convertedAmount": "123787.31591994",
    "type": "commission",
    "wallet": null,
    "status": "completed",
    "createdAt": "2025-03-03T23:39:39.848Z",
    "description": "Перевод user7 → Nikita 123787.31591994 UAH",
    "fromCardNumber": "4532015112836018",
    "toCardNumber": "4532015112836003"
  },
  {
    "id": 660,
    "fromCardId": 367,
    "toCardId": 368,
    "amount": "1.24253774",
    "convertedAmount": "1.24253774",
    "type": "commission",
    "wallet": null,
    "status": "completed",
    "createdAt": "2025-03-03T22:49:17.201Z",
    "description": "Перевод olektreyd@gmail.com → user10 1.24253774 BTC",
    "fromCardNumber": "4532015112830006",
    "toCardNumber": "4532015112830007"
  },
  {
    "id": 661,
    "fromCardId": 372,
    "toCardId": 368,
    "amount": "1.24829233",
    "convertedAmount": "1.24829233",
    "type": "commission",
    "wallet": null,
    "status": "completed",
    "createdAt": "2025-03-03T21:47:08.226Z",
    "description": "Перевод user14 → user10 1.24829233 BTC",
    "fromCardNumber": "4532015112830011",
    "toCardNumber": "4532015112830007"
  },
  {
    "id": 662,
    "fromCardId": 414,
    "toCardId": 408,
    "amount": "12516.81463974",
    "convertedAmount": "12516.81463974",
    "type": "commission",
    "wallet": null,
    "status": "completed",
    "createdAt": "2025-03-03T21:10:32.067Z",
    "description": "Перевод user16 → user10 12516.81463974 USD",
    "fromCardNumber": "5375414128030013",
    "toCardNumber": "5375414128030007"
  },
  {
    "id": 663,
    "fromCardId": 374,
    "toCardId": 364,
    "amount": "1.25717082",
    "convertedAmount": "1.25717082",
    "type": "commission",
    "wallet": null,
    "status": "completed",
    "createdAt": "2025-03-03T20:11:14.965Z",
    "description": "Перевод user16 → Nikita 1.25717082 BTC",
    "fromCardNumber": "4532015112830013",
    "toCardNumber": "4532015112830003"
  },
  {
    "id": 664,
    "fromCardId": 362,
    "toCardId": 371,
    "amount": "1.26130298",
    "convertedAmount": "1.26130298",
    "type": "commission",
    "wallet": null,
    "status": "completed",
    "createdAt": "2025-03-03T19:26:37.323Z",
    "description": "Перевод Kich32 → user13 1.26130298 BTC",
    "fromCardNumber": "4532015112830001",
    "toCardNumber": "4532015112830010"
  },
  {
    "id": 665,
    "fromCardId": 378,
    "toCardId": 362,
    "amount": "1.26560688",
    "convertedAmount": "1.26560688",
    "type": "commission",
    "wallet": null,
    "status": "completed",
    "createdAt": "2025-03-03T18:40:08.400Z",
    "description": "Перевод user20 → Kich32 1.26560688 BTC",
    "fromCardNumber": "4532015112830017",
    "toCardNumber": "4532015112830001"
  },
  {
    "id": 666,
    "fromCardId": 410,
    "toCardId": 421,
    "amount": "12735.93756702",
    "convertedAmount": "12735.93756702",
    "type": "commission",
    "wallet": null,
    "status": "completed",
    "createdAt": "2025-03-03T17:13:52.901Z",
    "description": "Перевод user12 → user9 12735.93756702 USD",
    "fromCardNumber": "5375414128030009",
    "toCardNumber": "5375414128030020"
  },
  {
    "id": 667,
    "fromCardId": 404,
    "toCardId": 420,
    "amount": "12743.73204846",
    "convertedAmount": "12743.73204846",
    "type": "commission",
    "wallet": null,
    "status": "completed",
    "createdAt": "2025-03-03T17:05:27.819Z",
    "description": "Перевод Nikita → user8 12743.73204846 USD",
    "fromCardNumber": "5375414128030003",
    "toCardNumber": "5375414128030019"
  },
  {
    "id": 668,
    "fromCardId": 417,
    "toCardId": 415,
    "amount": "12775.64331255",
    "convertedAmount": "12775.64331255",
    "type": "commission",
    "wallet": null,
    "status": "completed",
    "createdAt": "2025-03-03T16:30:59.969Z",
    "description": "Перевод user19 → user17 12775.64331255 USD",
    "fromCardNumber": "5375414128030016",
    "toCardNumber": "5375414128030014"
  },
  {
    "id": 669,
    "fromCardId": 365,
    "toCardId": 375,
    "amount": "1.28512921",
    "convertedAmount": "1.28512921",
    "type": "commission",
    "wallet": null,
    "status": "completed",
    "createdAt": "2025-03-03T15:09:17.927Z",
    "description": "Перевод Tod Kolinsk → user17 1.28512921 BTC",
    "fromCardNumber": "4532015112830004",
    "toCardNumber": "4532015112830014"
  },
  {
    "id": 670,
    "fromCardId": 398,
    "toCardId": 392,
    "amount": "128588.86112994",
    "convertedAmount": "128588.86112994",
    "type": "commission",
    "wallet": null,
    "status": "completed",
    "createdAt": "2025-03-03T15:01:05.835Z",
    "description": "Перевод user20 → user14 128588.86112994 UAH",
    "fromCardNumber": "4532015112836017",
    "toCardNumber": "4532015112836011"
  },
  {
    "id": 671,
    "fromCardId": 380,
    "toCardId": 377,
    "amount": "1.28924718",
    "convertedAmount": "1.28924718",
    "type": "commission",
    "wallet": null,
    "status": "completed",
    "createdAt": "2025-03-03T14:24:49.485Z",
    "description": "Перевод user8 → user19 1.28924718 BTC",
    "fromCardNumber": "4532015112830019",
    "toCardNumber": "4532015112830016"
  },
  {
    "id": 672,
    "fromCardId": 413,
    "toCardId": 417,
    "amount": "12964.58519076",
    "convertedAmount": "12964.58519076",
    "type": "commission",
    "wallet": null,
    "status": "completed",
    "createdAt": "2025-03-03T13:06:56.535Z",
    "description": "Перевод user15 → user19 12964.58519076 USD",
    "fromCardNumber": "5375414128030012",
    "toCardNumber": "5375414128030016"
  },
  {
    "id": 673,
    "fromCardId": 363,
    "toCardId": 379,
    "amount": "1.29836601",
    "convertedAmount": "1.29836601",
    "type": "commission",
    "wallet": null,
    "status": "completed",
    "createdAt": "2025-03-03T12:46:20.484Z",
    "description": "Перевод Maksim4440432 → user7 1.29836601 BTC",
    "fromCardNumber": "4532015112830002",
    "toCardNumber": "4532015112830018"
  },
  {
    "id": 674,
    "fromCardId": 388,
    "toCardId": 396,
    "amount": "129993.27714449",
    "convertedAmount": "129993.27714449",
    "type": "commission",
    "wallet": null,
    "status": "completed",
    "createdAt": "2025-03-03T12:29:25.220Z",
    "description": "Перевод user10 → user18 129993.27714449 UAH",
    "fromCardNumber": "4532015112836007",
    "toCardNumber": "4532015112836015"
  },
  {
    "id": 675,
    "fromCardId": 396,
    "toCardId": 398,
    "amount": "131212.90105053",
    "convertedAmount": "131212.90105053",
    "type": "commission",
    "wallet": null,
    "status": "completed",
    "createdAt": "2025-03-03T10:17:42.057Z",
    "description": "Перевод user18 → user20 131212.90105053 UAH",
    "fromCardNumber": "4532015112836015",
    "toCardNumber": "4532015112836017"
  },
  {
    "id": 676,
    "fromCardId": 366,
    "toCardId": 367,
    "amount": "1.31787036",
    "convertedAmount": "1.31787036",
    "type": "commission",
    "wallet": null,
    "status": "completed",
    "createdAt": "2025-03-03T09:15:41.662Z",
    "description": "Перевод admin → olektreyd@gmail.com 1.31787036 BTC",
    "fromCardNumber": "4532015112830005",
    "toCardNumber": "4532015112830006"
  },
  {
    "id": 677,
    "fromCardId": 394,
    "toCardId": 391,
    "amount": "132601.16874813",
    "convertedAmount": "132601.16874813",
    "type": "commission",
    "wallet": null,
    "status": "completed",
    "createdAt": "2025-03-03T07:47:46.082Z",
    "description": "Перевод user16 → user13 132601.16874813 UAH",
    "fromCardNumber": "4532015112836013",
    "toCardNumber": "4532015112836010"
  },
  {
    "id": 678,
    "fromCardId": 393,
    "toCardId": 388,
    "amount": "133231.43370975",
    "convertedAmount": "133231.43370975",
    "type": "commission",
    "wallet": null,
    "status": "completed",
    "createdAt": "2025-03-03T06:39:41.965Z",
    "description": "Перевод user15 → user10 133231.43370975 UAH",
    "fromCardNumber": "4532015112836012",
    "toCardNumber": "4532015112836007"
  },
  {
    "id": 679,
    "fromCardId": 389,
    "toCardId": 399,
    "amount": "133253.57718376",
    "convertedAmount": "133253.57718376",
    "type": "commission",
    "wallet": null,
    "status": "completed",
    "createdAt": "2025-03-03T06:37:18.475Z",
    "description": "Перевод user11 → user7 133253.57718376 UAH",
    "fromCardNumber": "4532015112836008",
    "toCardNumber": "4532015112836018"
  },
  {
    "id": 680,
    "fromCardId": 368,
    "toCardId": 381,
    "amount": "1.33271612",
    "convertedAmount": "1.33271612",
    "type": "commission",
    "wallet": null,
    "status": "completed",
    "createdAt": "2025-03-03T06:35:21.611Z",
    "description": "Перевод user10 → user9 1.33271612 BTC",
    "fromCardNumber": "4532015112830007",
    "toCardNumber": "4532015112830020"
  },
  {
    "id": 681,
    "fromCardId": 394,
    "toCardId": 382,
    "amount": "133286.49000494",
    "convertedAmount": "133286.49000494",
    "type": "commission",
    "wallet": null,
    "status": "completed",
    "createdAt": "2025-03-03T06:33:45.200Z",
    "description": "Перевод user16 → Kich32 133286.49000494 UAH",
    "fromCardNumber": "4532015112836013",
    "toCardNumber": "4532015112836001"
  },
  {
    "id": 682,
    "fromCardId": 362,
    "toCardId": 378,
    "amount": "1.33431210",
    "convertedAmount": "1.33431210",
    "type": "commission",
    "wallet": null,
    "status": "completed",
    "createdAt": "2025-03-03T06:18:07.418Z",
    "description": "Перевод Kich32 → user20 1.33431210 BTC",
    "fromCardNumber": "4532015112830001",
    "toCardNumber": "4532015112830017"
  },
  {
    "id": 683,
    "fromCardId": 375,
    "toCardId": 376,
    "amount": "1.33831057",
    "convertedAmount": "1.33831057",
    "type": "commission",
    "wallet": null,
    "status": "completed",
    "createdAt": "2025-03-03T05:34:56.407Z",
    "description": "Перевод user17 → user18 1.33831057 BTC",
    "fromCardNumber": "4532015112830014",
    "toCardNumber": "4532015112830015"
  },
  {
    "id": 684,
    "fromCardId": 396,
    "toCardId": 386,
    "amount": "134367.85865325",
    "convertedAmount": "134367.85865325",
    "type": "commission",
    "wallet": null,
    "status": "completed",
    "createdAt": "2025-03-03T04:36:57.932Z",
    "description": "Перевод user18 → admin 134367.85865325 UAH",
    "fromCardNumber": "4532015112836015",
    "toCardNumber": "4532015112836005"
  },
  {
    "id": 685,
    "fromCardId": 392,
    "toCardId": 399,
    "amount": "134817.54727668",
    "convertedAmount": "134817.54727668",
    "type": "commission",
    "wallet": null,
    "status": "completed",
    "createdAt": "2025-03-03T03:48:23.949Z",
    "description": "Перевод user14 → user7 134817.54727668 UAH",
    "fromCardNumber": "4532015112836011",
    "toCardNumber": "4532015112836018"
  },
  {
    "id": 686,
    "fromCardId": 404,
    "toCardId": 415,
    "amount": "13482.96916119",
    "convertedAmount": "13482.96916119",
    "type": "commission",
    "wallet": null,
    "status": "completed",
    "createdAt": "2025-03-03T03:47:05.254Z",
    "description": "Перевод Nikita → user17 13482.96916119 USD",
    "fromCardNumber": "5375414128030003",
    "toCardNumber": "5375414128030014"
  },
  {
    "id": 687,
    "fromCardId": 398,
    "toCardId": 389,
    "amount": "134844.66305847",
    "convertedAmount": "134844.66305847",
    "type": "commission",
    "wallet": null,
    "status": "completed",
    "createdAt": "2025-03-03T03:45:28.239Z",
    "description": "Перевод user20 → user11 134844.66305847 UAH",
    "fromCardNumber": "4532015112836017",
    "toCardNumber": "4532015112836008"
  },
  {
    "id": 688,
    "fromCardId": 380,
    "toCardId": 370,
    "amount": "1.35058468",
    "convertedAmount": "1.35058468",
    "type": "commission",
    "wallet": null,
    "status": "completed",
    "createdAt": "2025-03-03T03:22:22.782Z",
    "description": "Перевод user8 → user12 1.35058468 BTC",
    "fromCardNumber": "4532015112830019",
    "toCardNumber": "4532015112830009"
  },
  {
    "id": 689,
    "fromCardId": 417,
    "toCardId": 420,
    "amount": "13594.93104272",
    "convertedAmount": "13594.93104272",
    "type": "commission",
    "wallet": null,
    "status": "completed",
    "createdAt": "2025-03-03T01:46:10.124Z",
    "description": "Перевод user19 → user8 13594.93104272 USD",
    "fromCardNumber": "5375414128030016",
    "toCardNumber": "5375414128030019"
  },
  {
    "id": 690,
    "fromCardId": 376,
    "toCardId": 366,
    "amount": "1.36299383",
    "convertedAmount": "1.36299383",
    "type": "commission",
    "wallet": null,
    "status": "completed",
    "createdAt": "2025-03-03T01:08:21.651Z",
    "description": "Перевод user18 → admin 1.36299383 BTC",
    "fromCardNumber": "4532015112830015",
    "toCardNumber": "4532015112830005"
  },
  {
    "id": 691,
    "fromCardId": 396,
    "toCardId": 393,
    "amount": "136487.46851843",
    "convertedAmount": "136487.46851843",
    "type": "commission",
    "wallet": null,
    "status": "completed",
    "createdAt": "2025-03-03T00:48:02.860Z",
    "description": "Перевод user18 → user15 136487.46851843 UAH",
    "fromCardNumber": "4532015112836015",
    "toCardNumber": "4532015112836012"
  },
  {
    "id": 692,
    "fromCardId": 417,
    "toCardId": 408,
    "amount": "13650.42860847",
    "convertedAmount": "13650.42860847",
    "type": "commission",
    "wallet": null,
    "status": "completed",
    "createdAt": "2025-03-03T00:46:13.882Z",
    "description": "Перевод user19 → user10 13650.42860847 USD",
    "fromCardNumber": "5375414128030016",
    "toCardNumber": "5375414128030007"
  },
  {
    "id": 693,
    "fromCardId": 367,
    "toCardId": 373,
    "amount": "1.36902428",
    "convertedAmount": "1.36902428",
    "type": "commission",
    "wallet": null,
    "status": "completed",
    "createdAt": "2025-03-03T00:03:13.923Z",
    "description": "Перевод olektreyd@gmail.com → user15 1.36902428 BTC",
    "fromCardNumber": "4532015112830006",
    "toCardNumber": "4532015112830012"
  },
  {
    "id": 694,
    "fromCardId": 416,
    "toCardId": 414,
    "amount": "13714.88136369",
    "convertedAmount": "13714.88136369",
    "type": "commission",
    "wallet": null,
    "status": "completed",
    "createdAt": "2025-03-02T23:36:37.343Z",
    "description": "Перевод user18 → user16 13714.88136369 USD",
    "fromCardNumber": "5375414128030015",
    "toCardNumber": "5375414128030013"
  },
  {
    "id": 695,
    "fromCardId": 383,
    "toCardId": 394,
    "amount": "137386.43269971",
    "convertedAmount": "137386.43269971",
    "type": "commission",
    "wallet": null,
    "status": "completed",
    "createdAt": "2025-03-02T23:10:57.572Z",
    "description": "Перевод Maksim4440432 → user16 137386.43269971 UAH",
    "fromCardNumber": "4532015112836002",
    "toCardNumber": "4532015112836013"
  },
  {
    "id": 696,
    "fromCardId": 366,
    "toCardId": 371,
    "amount": "1.37412596",
    "convertedAmount": "1.37412596",
    "type": "commission",
    "wallet": null,
    "status": "completed",
    "createdAt": "2025-03-02T23:08:08.034Z",
    "description": "Перевод admin → user13 1.37412596 BTC",
    "fromCardNumber": "4532015112830005",
    "toCardNumber": "4532015112830010"
  },
  {
    "id": 697,
    "fromCardId": 393,
    "toCardId": 391,
    "amount": "138515.55002691",
    "convertedAmount": "138515.55002691",
    "type": "commission",
    "wallet": null,
    "status": "completed",
    "createdAt": "2025-03-02T21:09:00.891Z",
    "description": "Перевод user15 → user13 138515.55002691 UAH",
    "fromCardNumber": "4532015112836012",
    "toCardNumber": "4532015112836010"
  },
  {
    "id": 698,
    "fromCardId": 399,
    "toCardId": 388,
    "amount": "138577.73244928",
    "convertedAmount": "138577.73244928",
    "type": "commission",
    "wallet": null,
    "status": "completed",
    "createdAt": "2025-03-02T21:02:17.949Z",
    "description": "Перевод user7 → user10 138577.73244928 UAH",
    "fromCardNumber": "4532015112836018",
    "toCardNumber": "4532015112836007"
  },
  {
    "id": 699,
    "fromCardId": 388,
    "toCardId": 389,
    "amount": "138638.33505500",
    "convertedAmount": "138638.33505500",
    "type": "commission",
    "wallet": null,
    "status": "completed",
    "createdAt": "2025-03-02T20:55:45.244Z",
    "description": "Перевод user10 → user11 138638.33505500 UAH",
    "fromCardNumber": "4532015112836007",
    "toCardNumber": "4532015112836008"
  },
  {
    "id": 700,
    "fromCardId": 373,
    "toCardId": 365,
    "amount": "1.38652725",
    "convertedAmount": "1.38652725",
    "type": "commission",
    "wallet": null,
    "status": "completed",
    "createdAt": "2025-03-02T20:54:11.996Z",
    "description": "Перевод user15 → Tod Kolinsk 1.38652725 BTC",
    "fromCardNumber": "4532015112830012",
    "toCardNumber": "4532015112830004"
  },
  {
    "id": 701,
    "fromCardId": 366,
    "toCardId": 386,
    "amount": "2.00000000",
    "convertedAmount": "7504000.52000000",
    "type": "transfer",
    "wallet": null,
    "status": "completed",
    "createdAt": "2025-03-05T22:16:06.285Z",
    "description": "Перевод 2.00000000 CRYPTO → 7504000.52 UAH (курс: 3752000.26)",
    "fromCardNumber": "4532015112830005",
    "toCardNumber": "4532015112836005"
  },
  {
    "id": 702,
    "fromCardId": 366,
    "toCardId": 141,
    "amount": "0.02000000",
    "convertedAmount": "0.00000022",
    "type": "commission",
    "wallet": null,
    "status": "completed",
    "createdAt": "2025-03-05T22:16:06.362Z",
    "description": "Комиссия за перевод (0.00000022 BTC)",
    "fromCardNumber": "4532015112830005",
    "toCardNumber": "REGULATOR"
  },
  {
    "id": 703,
    "fromCardId": 386,
    "toCardId": 406,
    "amount": "13000000.00000000",
    "convertedAmount": "314085.52790529",
    "type": "transfer",
    "wallet": null,
    "status": "completed",
    "createdAt": "2025-03-06T08:51:53.564Z",
    "description": "Перевод 13000000.00 UAH → 314085.53 USD (курс: 0.02)",
    "fromCardNumber": "4532015112836005",
    "toCardNumber": "5375414128030005"
  },
  {
    "id": 704,
    "fromCardId": 386,
    "toCardId": 141,
    "amount": "130000.00000000",
    "convertedAmount": "1.42475122",
    "type": "commission",
    "wallet": null,
    "status": "completed",
    "createdAt": "2025-03-06T08:51:53.695Z",
    "description": "Комиссия за перевод (1.42475122 BTC)",
    "fromCardNumber": "4532015112836005",
    "toCardNumber": "REGULATOR"
  },
  {
    "id": 705,
    "fromCardId": 366,
    "toCardId": 406,
    "amount": "12.00000000",
    "convertedAmount": "1070268.00000000",
    "type": "transfer",
    "wallet": null,
    "status": "completed",
    "createdAt": "2025-03-06T17:03:36.628Z",
    "description": "Перевод 12.00000000 CRYPTO → 1070268.00 USD (курс: 89189.00)",
    "fromCardNumber": "4532015112830005",
    "toCardNumber": "5375414128030005"
  },
  {
    "id": 706,
    "fromCardId": 366,
    "toCardId": 141,
    "amount": "0.12000000",
    "convertedAmount": "0.00000135",
    "type": "commission",
    "wallet": null,
    "status": "completed",
    "createdAt": "2025-03-06T17:03:36.750Z",
    "description": "Комиссия за перевод (0.00000135 BTC)",
    "fromCardNumber": "4532015112830005",
    "toCardNumber": "REGULATOR"
  },
  {
    "id": 707,
    "fromCardId": 366,
    "toCardId": 386,
    "amount": "45.00000000",
    "convertedAmount": "159879395.70000000",
    "type": "transfer",
    "wallet": null,
    "status": "completed",
    "createdAt": "2025-03-08T22:02:20.736Z",
    "description": "Перевод 45.00000000 CRYPTO → 159879395.70 UAH (курс: 3552875.46)",
    "fromCardNumber": "4532015112830005",
    "toCardNumber": "4532015112836005"
  },
  {
    "id": 708,
    "fromCardId": 366,
    "toCardId": 141,
    "amount": "0.45000000",
    "convertedAmount": "0.00000522",
    "type": "commission",
    "wallet": null,
    "status": "completed",
    "createdAt": "2025-03-08T22:02:20.855Z",
    "description": "Комиссия за перевод (0.00000522 BTC)",
    "fromCardNumber": "4532015112830005",
    "toCardNumber": "REGULATOR"
  },
  {
    "id": 709,
    "fromCardId": 366,
    "toCardId": 477,
    "amount": "13.00000000",
    "convertedAmount": "13.00000000",
    "type": "transfer",
    "wallet": null,
    "status": "completed",
    "createdAt": "2025-03-10T17:35:00.521Z",
    "description": "Перевод 13.00000000 BTC на адрес 1NS17iag9jJgTHD1VXjvLCEnZuQ3rJDE9L",
    "fromCardNumber": "4532015112830005",
    "toCardNumber": "4111099602014002"
  },
  {
    "id": 710,
    "fromCardId": 366,
    "toCardId": 141,
    "amount": "0.13000000",
    "convertedAmount": "0.13000000",
    "type": "commission",
    "wallet": null,
    "status": "completed",
    "createdAt": "2025-03-10T17:35:00.596Z",
    "description": "Комиссия за перевод (0.13000000 BTC)",
    "fromCardNumber": "4532015112830005",
    "toCardNumber": "REGULATOR"
  }
]