[
  {
    "id": 1,
    "usdToUah": "41.583626",
    "btcToUsd": "84413",
    "ethToUsd": "1967.75",
    "updatedAt": "2025-03-21T14:15:03.551Z"
  },
  {
    "id": 2,
    "usdToUah": "41.527912",
    "btcToUsd": "84195",
    "ethToUsd": "1994.33",
    "updatedAt": "2025-03-22T18:40:51.517Z"
  },
  {
    "id": 3,
    "usdToUah": "41.527912",
    "btcToUsd": "84195",
    "ethToUsd": "1994.33",
    "updatedAt": "2025-03-22T18:41:20.210Z"
  },
  {
    "id": 4,
    "usdToUah": "41.527912",
    "btcToUsd": "84195",
    "ethToUsd": "1994.33",
    "updatedAt": "2025-03-22T18:41:50.210Z"
  },
  {
    "id": 5,
    "usdToUah": "41.527912",
    "btcToUsd": "84195",
    "ethToUsd": "1994.33",
    "updatedAt": "2025-03-22T18:42:20.210Z"
  },
  {
    "id": 6,
    "usdToUah": "41.527912",
    "btcToUsd": "84195",
    "ethToUsd": "1994.33",
    "updatedAt": "2025-03-22T18:42:50.211Z"
  },
  {
    "id": 7,
    "usdToUah": "41.527912",
    "btcToUsd": "84195",
    "ethToUsd": "1994.33",
    "updatedAt": "2025-03-22T18:43:20.212Z"
  },
  {
    "id": 8,
    "usdToUah": "41.527912",
    "btcToUsd": "84195",
    "ethToUsd": "1994.33",
    "updatedAt": "2025-03-22T18:43:50.213Z"
  },
  {
    "id": 9,
    "usdToUah": "41.527912",
    "btcToUsd": "84195",
    "ethToUsd": "1994.33",
    "updatedAt": "2025-03-22T18:44:20.214Z"
  },
  {
    "id": 10,
    "usdToUah": "41.527912",
    "btcToUsd": "84195",
    "ethToUsd": "1994.33",
    "updatedAt": "2025-03-22T18:44:50.215Z"
  },
  {
    "id": 11,
    "usdToUah": "41.527912",
    "btcToUsd": "84195",
    "ethToUsd": "1994.33",
    "updatedAt": "2025-03-22T18:45:20.216Z"
  },
  {
    "id": 12,
    "usdToUah": "41.527912",
    "btcToUsd": "84195",
    "ethToUsd": "1994.33",
    "updatedAt": "2025-03-22T18:45:50.217Z"
  },
  {
    "id": 13,
    "usdToUah": "41.527912",
    "btcToUsd": "84258",
    "ethToUsd": "1996.47",
    "updatedAt": "2025-03-22T18:46:20.381Z"
  },
  {
    "id": 14,
    "usdToUah": "41.527912",
    "btcToUsd": "84258",
    "ethToUsd": "1996.47",
    "updatedAt": "2025-03-22T18:46:50.219Z"
  },
  {
    "id": 15,
    "usdToUah": "41.527912",
    "btcToUsd": "84258",
    "ethToUsd": "1996.47",
    "updatedAt": "2025-03-22T18:47:20.220Z"
  },
  {
    "id": 16,
    "usdToUah": "41.527912",
    "btcToUsd": "84258",
    "ethToUsd": "1996.47",
    "updatedAt": "2025-03-22T18:47:50.221Z"
  },
  {
    "id": 17,
    "usdToUah": "41.527912",
    "btcToUsd": "84258",
    "ethToUsd": "1996.47",
    "updatedAt": "2025-03-22T18:48:20.222Z"
  },
  {
    "id": 18,
    "usdToUah": "41.527912",
    "btcToUsd": "84258",
    "ethToUsd": "1996.47",
    "updatedAt": "2025-03-22T18:48:50.223Z"
  },
  {
    "id": 19,
    "usdToUah": "41.527912",
    "btcToUsd": "84258",
    "ethToUsd": "1996.47",
    "updatedAt": "2025-03-22T18:49:20.224Z"
  },
  {
    "id": 20,
    "usdToUah": "41.527912",
    "btcToUsd": "84258",
    "ethToUsd": "1996.47",
    "updatedAt": "2025-03-22T18:49:50.225Z"
  },
  {
    "id": 21,
    "usdToUah": "41.527912",
    "btcToUsd": "84258",
    "ethToUsd": "1996.47",
    "updatedAt": "2025-03-22T18:50:20.225Z"
  },
  {
    "id": 22,
    "usdToUah": "41.527912",
    "btcToUsd": "84258",
    "ethToUsd": "1996.47",
    "updatedAt": "2025-03-22T18:50:50.225Z"
  },
  {
    "id": 23,
    "usdToUah": "41.527912",
    "btcToUsd": "84258",
    "ethToUsd": "1996.47",
    "updatedAt": "2025-03-22T18:51:20.226Z"
  },
  {
    "id": 24,
    "usdToUah": "41.527912",
    "btcToUsd": "84303",
    "ethToUsd": "1997.08",
    "updatedAt": "2025-03-22T18:51:50.388Z"
  },
  {
    "id": 25,
    "usdToUah": "41.527912",
    "btcToUsd": "84303",
    "ethToUsd": "1997.08",
    "updatedAt": "2025-03-22T18:52:20.226Z"
  },
  {
    "id": 26,
    "usdToUah": "41.527912",
    "btcToUsd": "84303",
    "ethToUsd": "1997.08",
    "updatedAt": "2025-03-22T18:52:50.227Z"
  },
  {
    "id": 27,
    "usdToUah": "41.527912",
    "btcToUsd": "84303",
    "ethToUsd": "1997.08",
    "updatedAt": "2025-03-22T18:53:20.227Z"
  },
  {
    "id": 28,
    "usdToUah": "41.527912",
    "btcToUsd": "84303",
    "ethToUsd": "1997.08",
    "updatedAt": "2025-03-22T18:53:50.227Z"
  },
  {
    "id": 29,
    "usdToUah": "41.527912",
    "btcToUsd": "84303",
    "ethToUsd": "1997.08",
    "updatedAt": "2025-03-22T18:54:20.227Z"
  },
  {
    "id": 30,
    "usdToUah": "41.527912",
    "btcToUsd": "84303",
    "ethToUsd": "1997.08",
    "updatedAt": "2025-03-22T18:54:50.227Z"
  },
  {
    "id": 31,
    "usdToUah": "41.527912",
    "btcToUsd": "84303",
    "ethToUsd": "1997.08",
    "updatedAt": "2025-03-22T18:55:20.228Z"
  },
  {
    "id": 32,
    "usdToUah": "41.527912",
    "btcToUsd": "84303",
    "ethToUsd": "1997.08",
    "updatedAt": "2025-03-22T18:55:50.228Z"
  },
  {
    "id": 33,
    "usdToUah": "41.527912",
    "btcToUsd": "84303",
    "ethToUsd": "1997.08",
    "updatedAt": "2025-03-22T18:56:20.228Z"
  },
  {
    "id": 34,
    "usdToUah": "41.527912",
    "btcToUsd": "84303",
    "ethToUsd": "1997.08",
    "updatedAt": "2025-03-22T18:56:50.228Z"
  },
  {
    "id": 35,
    "usdToUah": "41.527912",
    "btcToUsd": "84263",
    "ethToUsd": "1996.95",
    "updatedAt": "2025-03-22T18:57:20.382Z"
  },
  {
    "id": 36,
    "usdToUah": "41.527912",
    "btcToUsd": "84263",
    "ethToUsd": "1996.95",
    "updatedAt": "2025-03-22T18:57:50.228Z"
  },
  {
    "id": 37,
    "usdToUah": "41.527912",
    "btcToUsd": "84263",
    "ethToUsd": "1996.95",
    "updatedAt": "2025-03-22T18:58:20.229Z"
  },
  {
    "id": 38,
    "usdToUah": "41.527912",
    "btcToUsd": "84263",
    "ethToUsd": "1996.95",
    "updatedAt": "2025-03-22T18:58:50.230Z"
  },
  {
    "id": 39,
    "usdToUah": "41.527912",
    "btcToUsd": "84263",
    "ethToUsd": "1996.95",
    "updatedAt": "2025-03-22T18:59:20.231Z"
  },
  {
    "id": 40,
    "usdToUah": "41.527912",
    "btcToUsd": "84263",
    "ethToUsd": "1996.95",
    "updatedAt": "2025-03-22T18:59:50.232Z"
  },
  {
    "id": 41,
    "usdToUah": "41.527912",
    "btcToUsd": "84263",
    "ethToUsd": "1996.95",
    "updatedAt": "2025-03-22T19:00:20.233Z"
  },
  {
    "id": 42,
    "usdToUah": "41.527912",
    "btcToUsd": "84263",
    "ethToUsd": "1996.95",
    "updatedAt": "2025-03-22T19:00:50.234Z"
  },
  {
    "id": 43,
    "usdToUah": "41.527912",
    "btcToUsd": "84263",
    "ethToUsd": "1996.95",
    "updatedAt": "2025-03-22T19:01:20.235Z"
  },
  {
    "id": 44,
    "usdToUah": "41.527912",
    "btcToUsd": "84263",
    "ethToUsd": "1996.95",
    "updatedAt": "2025-03-22T19:01:50.236Z"
  },
  {
    "id": 45,
    "usdToUah": "41.527912",
    "btcToUsd": "84263",
    "ethToUsd": "1996.95",
    "updatedAt": "2025-03-22T19:02:20.236Z"
  },
  {
    "id": 46,
    "usdToUah": "41.527912",
    "btcToUsd": "84224",
    "ethToUsd": "1995.43",
    "updatedAt": "2025-03-22T19:02:50.397Z"
  },
  {
    "id": 47,
    "usdToUah": "41.527912",
    "btcToUsd": "84224",
    "ethToUsd": "1995.43",
    "updatedAt": "2025-03-22T19:03:20.238Z"
  },
  {
    "id": 48,
    "usdToUah": "41.527912",
    "btcToUsd": "84224",
    "ethToUsd": "1995.43",
    "updatedAt": "2025-03-22T19:03:50.239Z"
  },
  {
    "id": 49,
    "usdToUah": "41.527912",
    "btcToUsd": "84224",
    "ethToUsd": "1995.43",
    "updatedAt": "2025-03-22T19:04:20.240Z"
  },
  {
    "id": 50,
    "usdToUah": "41.527912",
    "btcToUsd": "84224",
    "ethToUsd": "1995.43",
    "updatedAt": "2025-03-22T19:04:50.241Z"
  },
  {
    "id": 51,
    "usdToUah": "41.527912",
    "btcToUsd": "84224",
    "ethToUsd": "1995.43",
    "updatedAt": "2025-03-22T19:05:20.241Z"
  },
  {
    "id": 52,
    "usdToUah": "41.527912",
    "btcToUsd": "84224",
    "ethToUsd": "1995.43",
    "updatedAt": "2025-03-22T19:05:50.241Z"
  },
  {
    "id": 53,
    "usdToUah": "41.527912",
    "btcToUsd": "84224",
    "ethToUsd": "1995.43",
    "updatedAt": "2025-03-22T19:06:20.242Z"
  },
  {
    "id": 54,
    "usdToUah": "41.527912",
    "btcToUsd": "84224",
    "ethToUsd": "1995.43",
    "updatedAt": "2025-03-22T19:06:50.242Z"
  },
  {
    "id": 55,
    "usdToUah": "41.527912",
    "btcToUsd": "84224",
    "ethToUsd": "1995.43",
    "updatedAt": "2025-03-22T19:07:20.242Z"
  },
  {
    "id": 56,
    "usdToUah": "41.527912",
    "btcToUsd": "84224",
    "ethToUsd": "1995.43",
    "updatedAt": "2025-03-22T19:07:50.242Z"
  },
  {
    "id": 57,
    "usdToUah": "41.527912",
    "btcToUsd": "84221",
    "ethToUsd": "1995.11",
    "updatedAt": "2025-03-22T19:08:20.386Z"
  },
  {
    "id": 58,
    "usdToUah": "41.527912",
    "btcToUsd": "84221",
    "ethToUsd": "1995.11",
    "updatedAt": "2025-03-22T19:08:50.243Z"
  },
  {
    "id": 59,
    "usdToUah": "41.527912",
    "btcToUsd": "84221",
    "ethToUsd": "1995.11",
    "updatedAt": "2025-03-22T19:09:20.243Z"
  },
  {
    "id": 60,
    "usdToUah": "41.527912",
    "btcToUsd": "84221",
    "ethToUsd": "1995.11",
    "updatedAt": "2025-03-22T19:09:50.244Z"
  },
  {
    "id": 61,
    "usdToUah": "41.527912",
    "btcToUsd": "84221",
    "ethToUsd": "1995.11",
    "updatedAt": "2025-03-22T19:10:20.244Z"
  },
  {
    "id": 62,
    "usdToUah": "41.527912",
    "btcToUsd": "84221",
    "ethToUsd": "1995.11",
    "updatedAt": "2025-03-22T19:10:50.245Z"
  },
  {
    "id": 63,
    "usdToUah": "41.527912",
    "btcToUsd": "84221",
    "ethToUsd": "1995.11",
    "updatedAt": "2025-03-22T19:11:20.245Z"
  },
  {
    "id": 64,
    "usdToUah": "41.527912",
    "btcToUsd": "84221",
    "ethToUsd": "1995.11",
    "updatedAt": "2025-03-22T19:11:50.245Z"
  },
  {
    "id": 65,
    "usdToUah": "41.527912",
    "btcToUsd": "84221",
    "ethToUsd": "1995.11",
    "updatedAt": "2025-03-22T19:12:20.245Z"
  },
  {
    "id": 66,
    "usdToUah": "41.527912",
    "btcToUsd": "84221",
    "ethToUsd": "1995.11",
    "updatedAt": "2025-03-22T19:12:50.245Z"
  },
  {
    "id": 67,
    "usdToUah": "41.527912",
    "btcToUsd": "84221",
    "ethToUsd": "1995.11",
    "updatedAt": "2025-03-22T19:13:20.245Z"
  },
  {
    "id": 68,
    "usdToUah": "41.527912",
    "btcToUsd": "84239",
    "ethToUsd": "1996.54",
    "updatedAt": "2025-03-22T19:13:50.401Z"
  },
  {
    "id": 69,
    "usdToUah": "41.527912",
    "btcToUsd": "84239",
    "ethToUsd": "1996.54",
    "updatedAt": "2025-03-22T19:14:20.246Z"
  },
  {
    "id": 70,
    "usdToUah": "41.527912",
    "btcToUsd": "84239",
    "ethToUsd": "1996.54",
    "updatedAt": "2025-03-22T19:14:50.246Z"
  },
  {
    "id": 71,
    "usdToUah": "41.527912",
    "btcToUsd": "84239",
    "ethToUsd": "1996.54",
    "updatedAt": "2025-03-22T19:15:20.247Z"
  },
  {
    "id": 72,
    "usdToUah": "41.527912",
    "btcToUsd": "84239",
    "ethToUsd": "1996.54",
    "updatedAt": "2025-03-22T19:15:50.248Z"
  },
  {
    "id": 73,
    "usdToUah": "41.527912",
    "btcToUsd": "84239",
    "ethToUsd": "1996.54",
    "updatedAt": "2025-03-22T19:16:20.249Z"
  },
  {
    "id": 74,
    "usdToUah": "41.527912",
    "btcToUsd": "84239",
    "ethToUsd": "1996.54",
    "updatedAt": "2025-03-22T19:16:50.249Z"
  },
  {
    "id": 75,
    "usdToUah": "41.527912",
    "btcToUsd": "84239",
    "ethToUsd": "1996.54",
    "updatedAt": "2025-03-22T19:17:20.250Z"
  },
  {
    "id": 76,
    "usdToUah": "41.527912",
    "btcToUsd": "84239",
    "ethToUsd": "1996.54",
    "updatedAt": "2025-03-22T19:17:50.250Z"
  },
  {
    "id": 77,
    "usdToUah": "41.527912",
    "btcToUsd": "84239",
    "ethToUsd": "1996.54",
    "updatedAt": "2025-03-22T19:18:20.251Z"
  },
  {
    "id": 78,
    "usdToUah": "41.527912",
    "btcToUsd": "84239",
    "ethToUsd": "1996.54",
    "updatedAt": "2025-03-22T19:18:50.252Z"
  },
  {
    "id": 79,
    "usdToUah": "41.527912",
    "btcToUsd": "84198",
    "ethToUsd": "1994.89",
    "updatedAt": "2025-03-22T19:19:20.425Z"
  },
  {
    "id": 80,
    "usdToUah": "41.527912",
    "btcToUsd": "84198",
    "ethToUsd": "1994.89",
    "updatedAt": "2025-03-22T19:19:50.254Z"
  },
  {
    "id": 81,
    "usdToUah": "41.527912",
    "btcToUsd": "84198",
    "ethToUsd": "1994.89",
    "updatedAt": "2025-03-22T19:20:20.254Z"
  },
  {
    "id": 82,
    "usdToUah": "41.527912",
    "btcToUsd": "84188",
    "ethToUsd": "1994.98",
    "updatedAt": "2025-03-22T19:30:38.843Z"
  },
  {
    "id": 83,
    "usdToUah": "41.527912",
    "btcToUsd": "84188",
    "ethToUsd": "1994.98",
    "updatedAt": "2025-03-22T19:31:07.751Z"
  },
  {
    "id": 84,
    "usdToUah": "41.527912",
    "btcToUsd": "84188",
    "ethToUsd": "1994.98",
    "updatedAt": "2025-03-22T19:31:37.751Z"
  },
  {
    "id": 85,
    "usdToUah": "41.527912",
    "btcToUsd": "84188",
    "ethToUsd": "1994.98",
    "updatedAt": "2025-03-22T19:32:07.751Z"
  },
  {
    "id": 86,
    "usdToUah": "41.527912",
    "btcToUsd": "84188",
    "ethToUsd": "1994.98",
    "updatedAt": "2025-03-22T19:32:37.751Z"
  },
  {
    "id": 87,
    "usdToUah": "41.527912",
    "btcToUsd": "84188",
    "ethToUsd": "1994.98",
    "updatedAt": "2025-03-22T19:33:07.751Z"
  },
  {
    "id": 88,
    "usdToUah": "41.527912",
    "btcToUsd": "84188",
    "ethToUsd": "1994.98",
    "updatedAt": "2025-03-22T19:33:37.751Z"
  },
  {
    "id": 89,
    "usdToUah": "41.527912",
    "btcToUsd": "84188",
    "ethToUsd": "1994.98",
    "updatedAt": "2025-03-22T19:34:07.752Z"
  },
  {
    "id": 90,
    "usdToUah": "41.527912",
    "btcToUsd": "84188",
    "ethToUsd": "1994.98",
    "updatedAt": "2025-03-22T19:34:37.752Z"
  },
  {
    "id": 91,
    "usdToUah": "41.527912",
    "btcToUsd": "84188",
    "ethToUsd": "1994.98",
    "updatedAt": "2025-03-22T19:35:07.752Z"
  },
  {
    "id": 92,
    "usdToUah": "41.527912",
    "btcToUsd": "84188",
    "ethToUsd": "1994.98",
    "updatedAt": "2025-03-22T19:35:37.752Z"
  },
  {
    "id": 93,
    "usdToUah": "41.527912",
    "btcToUsd": "84217",
    "ethToUsd": "1995.15",
    "updatedAt": "2025-03-22T19:36:07.910Z"
  },
  {
    "id": 94,
    "usdToUah": "41.527912",
    "btcToUsd": "84217",
    "ethToUsd": "1995.15",
    "updatedAt": "2025-03-22T19:36:37.753Z"
  },
  {
    "id": 95,
    "usdToUah": "41.527912",
    "btcToUsd": "84217",
    "ethToUsd": "1995.15",
    "updatedAt": "2025-03-22T19:37:07.752Z"
  },
  {
    "id": 96,
    "usdToUah": "41.527912",
    "btcToUsd": "84217",
    "ethToUsd": "1995.15",
    "updatedAt": "2025-03-22T19:37:37.753Z"
  },
  {
    "id": 97,
    "usdToUah": "41.527912",
    "btcToUsd": "84217",
    "ethToUsd": "1995.15",
    "updatedAt": "2025-03-22T19:38:07.752Z"
  },
  {
    "id": 98,
    "usdToUah": "41.527912",
    "btcToUsd": "84217",
    "ethToUsd": "1995.15",
    "updatedAt": "2025-03-22T19:38:37.752Z"
  },
  {
    "id": 99,
    "usdToUah": "41.527912",
    "btcToUsd": "84217",
    "ethToUsd": "1995.15",
    "updatedAt": "2025-03-22T19:39:07.752Z"
  },
  {
    "id": 100,
    "usdToUah": "41.527912",
    "btcToUsd": "84217",
    "ethToUsd": "1995.15",
    "updatedAt": "2025-03-22T19:39:37.752Z"
  },
  {
    "id": 101,
    "usdToUah": "41.527912",
    "btcToUsd": "84217",
    "ethToUsd": "1995.15",
    "updatedAt": "2025-03-22T19:40:07.753Z"
  },
  {
    "id": 102,
    "usdToUah": "41.527912",
    "btcToUsd": "84217",
    "ethToUsd": "1995.15",
    "updatedAt": "2025-03-22T19:40:37.753Z"
  },
  {
    "id": 103,
    "usdToUah": "41.527912",
    "btcToUsd": "84217",
    "ethToUsd": "1995.15",
    "updatedAt": "2025-03-22T19:41:07.752Z"
  },
  {
    "id": 104,
    "usdToUah": "41.527912",
    "btcToUsd": "84213",
    "ethToUsd": "1995.51",
    "updatedAt": "2025-03-22T19:41:37.906Z"
  },
  {
    "id": 105,
    "usdToUah": "41.527912",
    "btcToUsd": "84213",
    "ethToUsd": "1995.51",
    "updatedAt": "2025-03-22T19:42:07.752Z"
  },
  {
    "id": 106,
    "usdToUah": "41.527912",
    "btcToUsd": "84213",
    "ethToUsd": "1995.51",
    "updatedAt": "2025-03-22T19:42:37.752Z"
  },
  {
    "id": 107,
    "usdToUah": "41.527912",
    "btcToUsd": "84213",
    "ethToUsd": "1995.51",
    "updatedAt": "2025-03-22T19:43:07.752Z"
  },
  {
    "id": 108,
    "usdToUah": "41.527912",
    "btcToUsd": "84213",
    "ethToUsd": "1995.51",
    "updatedAt": "2025-03-22T19:43:37.752Z"
  },
  {
    "id": 109,
    "usdToUah": "41.527912",
    "btcToUsd": "84213",
    "ethToUsd": "1995.51",
    "updatedAt": "2025-03-22T19:44:07.752Z"
  },
  {
    "id": 110,
    "usdToUah": "41.527912",
    "btcToUsd": "84213",
    "ethToUsd": "1995.51",
    "updatedAt": "2025-03-22T19:44:37.752Z"
  },
  {
    "id": 111,
    "usdToUah": "41.527912",
    "btcToUsd": "84213",
    "ethToUsd": "1995.51",
    "updatedAt": "2025-03-22T19:45:07.753Z"
  },
  {
    "id": 112,
    "usdToUah": "41.527912",
    "btcToUsd": "84213",
    "ethToUsd": "1995.51",
    "updatedAt": "2025-03-22T19:45:37.755Z"
  },
  {
    "id": 113,
    "usdToUah": "41.527912",
    "btcToUsd": "84213",
    "ethToUsd": "1995.51",
    "updatedAt": "2025-03-22T19:46:07.754Z"
  },
  {
    "id": 114,
    "usdToUah": "41.527912",
    "btcToUsd": "84213",
    "ethToUsd": "1995.51",
    "updatedAt": "2025-03-22T19:46:37.754Z"
  },
  {
    "id": 115,
    "usdToUah": "41.527912",
    "btcToUsd": "84203",
    "ethToUsd": "1995.37",
    "updatedAt": "2025-03-22T19:47:07.910Z"
  },
  {
    "id": 116,
    "usdToUah": "41.527912",
    "btcToUsd": "84203",
    "ethToUsd": "1995.37",
    "updatedAt": "2025-03-22T19:47:37.755Z"
  },
  {
    "id": 117,
    "usdToUah": "41.527912",
    "btcToUsd": "84203",
    "ethToUsd": "1995.37",
    "updatedAt": "2025-03-22T19:48:07.756Z"
  },
  {
    "id": 118,
    "usdToUah": "41.527912",
    "btcToUsd": "84203",
    "ethToUsd": "1995.37",
    "updatedAt": "2025-03-22T19:48:37.755Z"
  },
  {
    "id": 119,
    "usdToUah": "41.527912",
    "btcToUsd": "84203",
    "ethToUsd": "1995.37",
    "updatedAt": "2025-03-22T19:49:07.755Z"
  },
  {
    "id": 120,
    "usdToUah": "41.527912",
    "btcToUsd": "84203",
    "ethToUsd": "1995.37",
    "updatedAt": "2025-03-22T19:49:37.755Z"
  },
  {
    "id": 121,
    "usdToUah": "41.527912",
    "btcToUsd": "84203",
    "ethToUsd": "1995.37",
    "updatedAt": "2025-03-22T19:50:07.755Z"
  },
  {
    "id": 122,
    "usdToUah": "41.527912",
    "btcToUsd": "84203",
    "ethToUsd": "1995.37",
    "updatedAt": "2025-03-22T19:50:37.755Z"
  },
  {
    "id": 124,
    "usdToUah": "41.527912",
    "btcToUsd": "84203",
    "ethToUsd": "1995.37",
    "updatedAt": "2025-03-22T19:51:37.755Z"
  },
  {
    "id": 128,
    "usdToUah": "41.527912",
    "btcToUsd": "84164",
    "ethToUsd": "1994.06",
    "updatedAt": "2025-03-22T19:53:37.755Z"
  },
  {
    "id": 129,
    "usdToUah": "41.527912",
    "btcToUsd": "84164",
    "ethToUsd": "1994.06",
    "updatedAt": "2025-03-22T19:54:07.755Z"
  },
  {
    "id": 131,
    "usdToUah": "41.527912",
    "btcToUsd": "84164",
    "ethToUsd": "1994.06",
    "updatedAt": "2025-03-22T19:55:07.755Z"
  },
  {
    "id": 132,
    "usdToUah": "41.527912",
    "btcToUsd": "84164",
    "ethToUsd": "1994.06",
    "updatedAt": "2025-03-22T19:55:37.756Z"
  },
  {
    "id": 133,
    "usdToUah": "41.527912",
    "btcToUsd": "84164",
    "ethToUsd": "1994.06",
    "updatedAt": "2025-03-22T19:56:07.756Z"
  },
  {
    "id": 134,
    "usdToUah": "41.527912",
    "btcToUsd": "84164",
    "ethToUsd": "1994.06",
    "updatedAt": "2025-03-22T19:56:37.756Z"
  },
  {
    "id": 135,
    "usdToUah": "41.527912",
    "btcToUsd": "84164",
    "ethToUsd": "1994.06",
    "updatedAt": "2025-03-22T19:57:07.756Z"
  },
  {
    "id": 136,
    "usdToUah": "41.527912",
    "btcToUsd": "84164",
    "ethToUsd": "1994.06",
    "updatedAt": "2025-03-22T19:57:37.756Z"
  },
  {
    "id": 138,
    "usdToUah": "41.527912",
    "btcToUsd": "84151",
    "ethToUsd": "1993.99",
    "updatedAt": "2025-03-22T19:58:37.756Z"
  },
  {
    "id": 123,
    "usdToUah": "41.527912",
    "btcToUsd": "84203",
    "ethToUsd": "1995.37",
    "updatedAt": "2025-03-22T19:51:07.755Z"
  },
  {
    "id": 125,
    "usdToUah": "41.527912",
    "btcToUsd": "84203",
    "ethToUsd": "1995.37",
    "updatedAt": "2025-03-22T19:52:07.756Z"
  },
  {
    "id": 130,
    "usdToUah": "41.527912",
    "btcToUsd": "84164",
    "ethToUsd": "1994.06",
    "updatedAt": "2025-03-22T19:54:37.755Z"
  },
  {
    "id": 137,
    "usdToUah": "41.527912",
    "btcToUsd": "84151",
    "ethToUsd": "1993.99",
    "updatedAt": "2025-03-22T19:58:07.918Z"
  },
  {
    "id": 126,
    "usdToUah": "41.527912",
    "btcToUsd": "84164",
    "ethToUsd": "1994.06",
    "updatedAt": "2025-03-22T19:52:37.906Z"
  },
  {
    "id": 127,
    "usdToUah": "41.527912",
    "btcToUsd": "84164",
    "ethToUsd": "1994.06",
    "updatedAt": "2025-03-22T19:53:07.755Z"
  },
  {
    "id": 139,
    "usdToUah": "41.527912",
    "btcToUsd": "84151",
    "ethToUsd": "1993.99",
    "updatedAt": "2025-03-22T19:59:07.757Z"
  },
  {
    "id": 140,
    "usdToUah": "41.527912",
    "btcToUsd": "84151",
    "ethToUsd": "1993.99",
    "updatedAt": "2025-03-22T19:59:37.757Z"
  },
  {
    "id": 141,
    "usdToUah": "41.527912",
    "btcToUsd": "84151",
    "ethToUsd": "1993.99",
    "updatedAt": "2025-03-22T20:00:07.757Z"
  },
  {
    "id": 142,
    "usdToUah": "41.527912",
    "btcToUsd": "84151",
    "ethToUsd": "1993.99",
    "updatedAt": "2025-03-22T20:00:37.757Z"
  },
  {
    "id": 143,
    "usdToUah": "41.527912",
    "btcToUsd": "84151",
    "ethToUsd": "1993.99",
    "updatedAt": "2025-03-22T20:01:07.757Z"
  },
  {
    "id": 144,
    "usdToUah": "41.527912",
    "btcToUsd": "84151",
    "ethToUsd": "1993.99",
    "updatedAt": "2025-03-22T20:01:37.758Z"
  },
  {
    "id": 145,
    "usdToUah": "41.527912",
    "btcToUsd": "84151",
    "ethToUsd": "1993.99",
    "updatedAt": "2025-03-22T20:02:07.757Z"
  },
  {
    "id": 146,
    "usdToUah": "41.527912",
    "btcToUsd": "84151",
    "ethToUsd": "1993.99",
    "updatedAt": "2025-03-22T20:02:37.757Z"
  },
  {
    "id": 147,
    "usdToUah": "41.527912",
    "btcToUsd": "84151",
    "ethToUsd": "1993.99",
    "updatedAt": "2025-03-22T20:03:07.757Z"
  },
  {
    "id": 148,
    "usdToUah": "41.527912",
    "btcToUsd": "84170",
    "ethToUsd": "1995.65",
    "updatedAt": "2025-03-22T20:03:37.917Z"
  },
  {
    "id": 149,
    "usdToUah": "41.527912",
    "btcToUsd": "84170",
    "ethToUsd": "1995.65",
    "updatedAt": "2025-03-22T20:04:07.757Z"
  },
  {
    "id": 150,
    "usdToUah": "41.527912",
    "btcToUsd": "84170",
    "ethToUsd": "1995.65",
    "updatedAt": "2025-03-22T20:04:37.757Z"
  },
  {
    "id": 151,
    "usdToUah": "41.527912",
    "btcToUsd": "84170",
    "ethToUsd": "1995.65",
    "updatedAt": "2025-03-22T20:05:07.757Z"
  },
  {
    "id": 152,
    "usdToUah": "41.527912",
    "btcToUsd": "84170",
    "ethToUsd": "1995.65",
    "updatedAt": "2025-03-22T20:05:37.758Z"
  },
  {
    "id": 153,
    "usdToUah": "41.527912",
    "btcToUsd": "84170",
    "ethToUsd": "1995.65",
    "updatedAt": "2025-03-22T20:06:07.757Z"
  },
  {
    "id": 154,
    "usdToUah": "41.527912",
    "btcToUsd": "84170",
    "ethToUsd": "1995.65",
    "updatedAt": "2025-03-22T20:06:37.757Z"
  },
  {
    "id": 155,
    "usdToUah": "41.527912",
    "btcToUsd": "84170",
    "ethToUsd": "1995.65",
    "updatedAt": "2025-03-22T20:07:07.757Z"
  },
  {
    "id": 156,
    "usdToUah": "41.527912",
    "btcToUsd": "84170",
    "ethToUsd": "1995.65",
    "updatedAt": "2025-03-22T20:07:37.757Z"
  },
  {
    "id": 157,
    "usdToUah": "41.527912",
    "btcToUsd": "84170",
    "ethToUsd": "1995.65",
    "updatedAt": "2025-03-22T20:08:07.757Z"
  },
  {
    "id": 158,
    "usdToUah": "41.527912",
    "btcToUsd": "84170",
    "ethToUsd": "1995.65",
    "updatedAt": "2025-03-22T20:08:37.757Z"
  },
  {
    "id": 159,
    "usdToUah": "41.527912",
    "btcToUsd": "84153",
    "ethToUsd": "1996.15",
    "updatedAt": "2025-03-22T20:09:07.907Z"
  },
  {
    "id": 160,
    "usdToUah": "41.527912",
    "btcToUsd": "84153",
    "ethToUsd": "1996.15",
    "updatedAt": "2025-03-22T20:09:37.757Z"
  },
  {
    "id": 161,
    "usdToUah": "41.527912",
    "btcToUsd": "84153",
    "ethToUsd": "1996.15",
    "updatedAt": "2025-03-22T20:10:07.758Z"
  },
  {
    "id": 162,
    "usdToUah": "41.527912",
    "btcToUsd": "84153",
    "ethToUsd": "1996.15",
    "updatedAt": "2025-03-22T20:10:37.757Z"
  },
  {
    "id": 163,
    "usdToUah": "41.527912",
    "btcToUsd": "84153",
    "ethToUsd": "1996.15",
    "updatedAt": "2025-03-22T20:11:07.758Z"
  },
  {
    "id": 164,
    "usdToUah": "41.527912",
    "btcToUsd": "84153",
    "ethToUsd": "1996.15",
    "updatedAt": "2025-03-22T20:11:37.758Z"
  },
  {
    "id": 165,
    "usdToUah": "41.527912",
    "btcToUsd": "84153",
    "ethToUsd": "1996.15",
    "updatedAt": "2025-03-22T20:12:07.760Z"
  },
  {
    "id": 166,
    "usdToUah": "41.527912",
    "btcToUsd": "84153",
    "ethToUsd": "1996.15",
    "updatedAt": "2025-03-22T20:12:37.761Z"
  },
  {
    "id": 167,
    "usdToUah": "41.527912",
    "btcToUsd": "84153",
    "ethToUsd": "1996.15",
    "updatedAt": "2025-03-22T20:13:07.760Z"
  },
  {
    "id": 168,
    "usdToUah": "41.527912",
    "btcToUsd": "84153",
    "ethToUsd": "1996.15",
    "updatedAt": "2025-03-22T20:13:37.760Z"
  },
  {
    "id": 169,
    "usdToUah": "41.527912",
    "btcToUsd": "84153",
    "ethToUsd": "1996.15",
    "updatedAt": "2025-03-22T20:14:07.760Z"
  },
  {
    "id": 170,
    "usdToUah": "41.527912",
    "btcToUsd": "84196",
    "ethToUsd": "2000.07",
    "updatedAt": "2025-03-22T20:14:37.926Z"
  },
  {
    "id": 171,
    "usdToUah": "41.527912",
    "btcToUsd": "84196",
    "ethToUsd": "2000.07",
    "updatedAt": "2025-03-22T20:15:07.761Z"
  },
  {
    "id": 172,
    "usdToUah": "41.527912",
    "btcToUsd": "84196",
    "ethToUsd": "2000.07",
    "updatedAt": "2025-03-22T20:15:37.762Z"
  },
  {
    "id": 173,
    "usdToUah": "41.527912",
    "btcToUsd": "84196",
    "ethToUsd": "2000.07",
    "updatedAt": "2025-03-22T20:16:07.761Z"
  },
  {
    "id": 174,
    "usdToUah": "41.527912",
    "btcToUsd": "84196",
    "ethToUsd": "2000.07",
    "updatedAt": "2025-03-22T20:16:37.761Z"
  },
  {
    "id": 175,
    "usdToUah": "41.527912",
    "btcToUsd": "84196",
    "ethToUsd": "2000.07",
    "updatedAt": "2025-03-22T20:17:07.762Z"
  },
  {
    "id": 176,
    "usdToUah": "41.527912",
    "btcToUsd": "84196",
    "ethToUsd": "2000.07",
    "updatedAt": "2025-03-22T20:17:37.761Z"
  },
  {
    "id": 177,
    "usdToUah": "41.527912",
    "btcToUsd": "84196",
    "ethToUsd": "2000.07",
    "updatedAt": "2025-03-22T20:18:07.761Z"
  },
  {
    "id": 178,
    "usdToUah": "41.527912",
    "btcToUsd": "84196",
    "ethToUsd": "2000.07",
    "updatedAt": "2025-03-22T20:18:37.761Z"
  },
  {
    "id": 179,
    "usdToUah": "41.527912",
    "btcToUsd": "84196",
    "ethToUsd": "2000.07",
    "updatedAt": "2025-03-22T20:19:07.762Z"
  },
  {
    "id": 180,
    "usdToUah": "41.527912",
    "btcToUsd": "84196",
    "ethToUsd": "2000.07",
    "updatedAt": "2025-03-22T20:19:37.763Z"
  },
  {
    "id": 181,
    "usdToUah": "41.527912",
    "btcToUsd": "84139",
    "ethToUsd": "1998.43",
    "updatedAt": "2025-03-22T20:20:07.933Z"
  },
  {
    "id": 182,
    "usdToUah": "41.527912",
    "btcToUsd": "84139",
    "ethToUsd": "1998.43",
    "updatedAt": "2025-03-22T20:20:37.765Z"
  },
  {
    "id": 183,
    "usdToUah": "41.527912",
    "btcToUsd": "84139",
    "ethToUsd": "1998.43",
    "updatedAt": "2025-03-22T20:21:07.765Z"
  },
  {
    "id": 184,
    "usdToUah": "41.527912",
    "btcToUsd": "84139",
    "ethToUsd": "1998.43",
    "updatedAt": "2025-03-22T20:21:37.765Z"
  },
  {
    "id": 185,
    "usdToUah": "41.527912",
    "btcToUsd": "84139",
    "ethToUsd": "1998.43",
    "updatedAt": "2025-03-22T20:22:07.765Z"
  },
  {
    "id": 186,
    "usdToUah": "41.527912",
    "btcToUsd": "84139",
    "ethToUsd": "1998.43",
    "updatedAt": "2025-03-22T20:22:37.765Z"
  },
  {
    "id": 187,
    "usdToUah": "41.527912",
    "btcToUsd": "84139",
    "ethToUsd": "1998.43",
    "updatedAt": "2025-03-22T20:23:07.765Z"
  },
  {
    "id": 188,
    "usdToUah": "41.527912",
    "btcToUsd": "84139",
    "ethToUsd": "1998.43",
    "updatedAt": "2025-03-22T20:23:37.766Z"
  },
  {
    "id": 189,
    "usdToUah": "41.527912",
    "btcToUsd": "84139",
    "ethToUsd": "1998.43",
    "updatedAt": "2025-03-22T20:24:07.766Z"
  },
  {
    "id": 190,
    "usdToUah": "41.527912",
    "btcToUsd": "84139",
    "ethToUsd": "1998.43",
    "updatedAt": "2025-03-22T20:24:37.766Z"
  },
  {
    "id": 191,
    "usdToUah": "41.527912",
    "btcToUsd": "84139",
    "ethToUsd": "1998.43",
    "updatedAt": "2025-03-22T20:25:07.766Z"
  },
  {
    "id": 192,
    "usdToUah": "41.527912",
    "btcToUsd": "84140",
    "ethToUsd": "1998.12",
    "updatedAt": "2025-03-22T20:25:37.928Z"
  },
  {
    "id": 193,
    "usdToUah": "41.527912",
    "btcToUsd": "84140",
    "ethToUsd": "1998.12",
    "updatedAt": "2025-03-22T20:26:07.766Z"
  },
  {
    "id": 194,
    "usdToUah": "41.527912",
    "btcToUsd": "84140",
    "ethToUsd": "1998.12",
    "updatedAt": "2025-03-22T20:26:37.766Z"
  },
  {
    "id": 195,
    "usdToUah": "41.527912",
    "btcToUsd": "84140",
    "ethToUsd": "1998.12",
    "updatedAt": "2025-03-22T20:27:07.766Z"
  },
  {
    "id": 196,
    "usdToUah": "41.527912",
    "btcToUsd": "84140",
    "ethToUsd": "1998.12",
    "updatedAt": "2025-03-22T20:27:37.766Z"
  },
  {
    "id": 197,
    "usdToUah": "41.527912",
    "btcToUsd": "84140",
    "ethToUsd": "1998.12",
    "updatedAt": "2025-03-22T20:28:07.766Z"
  },
  {
    "id": 198,
    "usdToUah": "41.527912",
    "btcToUsd": "84140",
    "ethToUsd": "1998.12",
    "updatedAt": "2025-03-22T20:28:37.766Z"
  },
  {
    "id": 199,
    "usdToUah": "41.527912",
    "btcToUsd": "84140",
    "ethToUsd": "1998.12",
    "updatedAt": "2025-03-22T20:29:07.766Z"
  },
  {
    "id": 200,
    "usdToUah": "41.527912",
    "btcToUsd": "84140",
    "ethToUsd": "1998.12",
    "updatedAt": "2025-03-22T20:29:37.766Z"
  },
  {
    "id": 201,
    "usdToUah": "41.527912",
    "btcToUsd": "84140",
    "ethToUsd": "1998.12",
    "updatedAt": "2025-03-22T20:30:07.766Z"
  },
  {
    "id": 202,
    "usdToUah": "41.527912",
    "btcToUsd": "84140",
    "ethToUsd": "1998.12",
    "updatedAt": "2025-03-22T20:30:37.767Z"
  },
  {
    "id": 203,
    "usdToUah": "41.527912",
    "btcToUsd": "84161",
    "ethToUsd": "1999.49",
    "updatedAt": "2025-03-22T20:31:07.934Z"
  },
  {
    "id": 204,
    "usdToUah": "41.527912",
    "btcToUsd": "84161",
    "ethToUsd": "1999.49",
    "updatedAt": "2025-03-22T20:31:37.767Z"
  },
  {
    "id": 205,
    "usdToUah": "41.527912",
    "btcToUsd": "84161",
    "ethToUsd": "1999.49",
    "updatedAt": "2025-03-22T20:32:07.767Z"
  },
  {
    "id": 206,
    "usdToUah": "41.527912",
    "btcToUsd": "84161",
    "ethToUsd": "1999.49",
    "updatedAt": "2025-03-22T20:32:37.768Z"
  },
  {
    "id": 207,
    "usdToUah": "41.527912",
    "btcToUsd": "84161",
    "ethToUsd": "1999.49",
    "updatedAt": "2025-03-22T20:33:07.768Z"
  },
  {
    "id": 208,
    "usdToUah": "41.527912",
    "btcToUsd": "84161",
    "ethToUsd": "1999.49",
    "updatedAt": "2025-03-22T20:33:37.767Z"
  },
  {
    "id": 209,
    "usdToUah": "41.527912",
    "btcToUsd": "84161",
    "ethToUsd": "1999.49",
    "updatedAt": "2025-03-22T20:34:07.767Z"
  },
  {
    "id": 210,
    "usdToUah": "41.527912",
    "btcToUsd": "84161",
    "ethToUsd": "1999.49",
    "updatedAt": "2025-03-22T20:34:37.767Z"
  },
  {
    "id": 211,
    "usdToUah": "41.527912",
    "btcToUsd": "84161",
    "ethToUsd": "1999.49",
    "updatedAt": "2025-03-22T20:35:07.767Z"
  },
  {
    "id": 212,
    "usdToUah": "41.527912",
    "btcToUsd": "84161",
    "ethToUsd": "1999.49",
    "updatedAt": "2025-03-22T20:35:37.767Z"
  },
  {
    "id": 213,
    "usdToUah": "41.527912",
    "btcToUsd": "84161",
    "ethToUsd": "1999.49",
    "updatedAt": "2025-03-22T20:36:07.768Z"
  },
  {
    "id": 214,
    "usdToUah": "41.527912",
    "btcToUsd": "84182",
    "ethToUsd": "2000.18",
    "updatedAt": "2025-03-22T20:36:37.928Z"
  },
  {
    "id": 215,
    "usdToUah": "41.527912",
    "btcToUsd": "84182",
    "ethToUsd": "2000.18",
    "updatedAt": "2025-03-22T20:37:07.768Z"
  },
  {
    "id": 216,
    "usdToUah": "41.527912",
    "btcToUsd": "84182",
    "ethToUsd": "2000.18",
    "updatedAt": "2025-03-22T20:37:37.768Z"
  },
  {
    "id": 217,
    "usdToUah": "41.527912",
    "btcToUsd": "84182",
    "ethToUsd": "2000.18",
    "updatedAt": "2025-03-22T20:38:07.768Z"
  },
  {
    "id": 218,
    "usdToUah": "41.527912",
    "btcToUsd": "84182",
    "ethToUsd": "2000.18",
    "updatedAt": "2025-03-22T20:38:37.768Z"
  },
  {
    "id": 219,
    "usdToUah": "41.527912",
    "btcToUsd": "84182",
    "ethToUsd": "2000.18",
    "updatedAt": "2025-03-22T20:39:07.768Z"
  },
  {
    "id": 220,
    "usdToUah": "41.527912",
    "btcToUsd": "84182",
    "ethToUsd": "2000.18",
    "updatedAt": "2025-03-22T20:39:37.768Z"
  },
  {
    "id": 221,
    "usdToUah": "41.527912",
    "btcToUsd": "84182",
    "ethToUsd": "2000.18",
    "updatedAt": "2025-03-22T20:40:07.768Z"
  },
  {
    "id": 222,
    "usdToUah": "41.527912",
    "btcToUsd": "84182",
    "ethToUsd": "2000.18",
    "updatedAt": "2025-03-22T20:40:37.768Z"
  },
  {
    "id": 223,
    "usdToUah": "41.527912",
    "btcToUsd": "84182",
    "ethToUsd": "2000.18",
    "updatedAt": "2025-03-22T20:41:07.768Z"
  },
  {
    "id": 224,
    "usdToUah": "41.527912",
    "btcToUsd": "84182",
    "ethToUsd": "2000.18",
    "updatedAt": "2025-03-22T20:41:37.768Z"
  },
  {
    "id": 225,
    "usdToUah": "41.527912",
    "btcToUsd": "84146",
    "ethToUsd": "2000.31",
    "updatedAt": "2025-03-22T20:42:07.958Z"
  },
  {
    "id": 226,
    "usdToUah": "41.527912",
    "btcToUsd": "84146",
    "ethToUsd": "2000.31",
    "updatedAt": "2025-03-22T20:42:37.769Z"
  },
  {
    "id": 227,
    "usdToUah": "41.527912",
    "btcToUsd": "84146",
    "ethToUsd": "2000.31",
    "updatedAt": "2025-03-22T20:43:07.770Z"
  },
  {
    "id": 228,
    "usdToUah": "41.527912",
    "btcToUsd": "84146",
    "ethToUsd": "2000.31",
    "updatedAt": "2025-03-22T20:43:37.770Z"
  },
  {
    "id": 229,
    "usdToUah": "41.527912",
    "btcToUsd": "84146",
    "ethToUsd": "2000.31",
    "updatedAt": "2025-03-22T20:44:07.769Z"
  },
  {
    "id": 230,
    "usdToUah": "41.527912",
    "btcToUsd": "84146",
    "ethToUsd": "2000.31",
    "updatedAt": "2025-03-22T20:44:37.770Z"
  },
  {
    "id": 231,
    "usdToUah": "41.527912",
    "btcToUsd": "84146",
    "ethToUsd": "2000.31",
    "updatedAt": "2025-03-22T20:45:07.769Z"
  },
  {
    "id": 232,
    "usdToUah": "41.527912",
    "btcToUsd": "84146",
    "ethToUsd": "2000.31",
    "updatedAt": "2025-03-22T20:45:37.769Z"
  },
  {
    "id": 233,
    "usdToUah": "41.527912",
    "btcToUsd": "84146",
    "ethToUsd": "2000.31",
    "updatedAt": "2025-03-22T20:46:07.769Z"
  },
  {
    "id": 234,
    "usdToUah": "41.527912",
    "btcToUsd": "84146",
    "ethToUsd": "2000.31",
    "updatedAt": "2025-03-22T20:46:37.770Z"
  },
  {
    "id": 235,
    "usdToUah": "41.527912",
    "btcToUsd": "84146",
    "ethToUsd": "2000.31",
    "updatedAt": "2025-03-22T20:47:07.770Z"
  },
  {
    "id": 236,
    "usdToUah": "41.527912",
    "btcToUsd": "84147",
    "ethToUsd": "1999.81",
    "updatedAt": "2025-03-22T20:47:37.927Z"
  },
  {
    "id": 237,
    "usdToUah": "41.527912",
    "btcToUsd": "84147",
    "ethToUsd": "1999.81",
    "updatedAt": "2025-03-22T20:48:07.769Z"
  },
  {
    "id": 238,
    "usdToUah": "41.527912",
    "btcToUsd": "84147",
    "ethToUsd": "1999.81",
    "updatedAt": "2025-03-22T20:48:37.769Z"
  },
  {
    "id": 239,
    "usdToUah": "41.527912",
    "btcToUsd": "84147",
    "ethToUsd": "1999.81",
    "updatedAt": "2025-03-22T20:49:07.769Z"
  },
  {
    "id": 240,
    "usdToUah": "41.527912",
    "btcToUsd": "84147",
    "ethToUsd": "1999.81",
    "updatedAt": "2025-03-22T20:49:37.769Z"
  },
  {
    "id": 241,
    "usdToUah": "41.527912",
    "btcToUsd": "84147",
    "ethToUsd": "1999.81",
    "updatedAt": "2025-03-22T20:50:07.770Z"
  },
  {
    "id": 242,
    "usdToUah": "41.527912",
    "btcToUsd": "84147",
    "ethToUsd": "1999.81",
    "updatedAt": "2025-03-22T20:50:37.770Z"
  },
  {
    "id": 243,
    "usdToUah": "41.527912",
    "btcToUsd": "84147",
    "ethToUsd": "1999.81",
    "updatedAt": "2025-03-22T20:51:07.770Z"
  },
  {
    "id": 244,
    "usdToUah": "41.527912",
    "btcToUsd": "84147",
    "ethToUsd": "1999.81",
    "updatedAt": "2025-03-22T20:51:37.770Z"
  },
  {
    "id": 245,
    "usdToUah": "41.527912",
    "btcToUsd": "84147",
    "ethToUsd": "1999.81",
    "updatedAt": "2025-03-22T20:52:07.770Z"
  },
  {
    "id": 246,
    "usdToUah": "41.527912",
    "btcToUsd": "84147",
    "ethToUsd": "1999.81",
    "updatedAt": "2025-03-22T20:52:37.771Z"
  },
  {
    "id": 247,
    "usdToUah": "41.527912",
    "btcToUsd": "84049",
    "ethToUsd": "1997.3",
    "updatedAt": "2025-03-22T20:53:07.938Z"
  },
  {
    "id": 248,
    "usdToUah": "41.527912",
    "btcToUsd": "84049",
    "ethToUsd": "1997.3",
    "updatedAt": "2025-03-22T20:53:37.771Z"
  },
  {
    "id": 249,
    "usdToUah": "41.527912",
    "btcToUsd": "84049",
    "ethToUsd": "1997.3",
    "updatedAt": "2025-03-22T20:54:07.772Z"
  },
  {
    "id": 250,
    "usdToUah": "41.527912",
    "btcToUsd": "84049",
    "ethToUsd": "1997.3",
    "updatedAt": "2025-03-22T20:54:37.771Z"
  },
  {
    "id": 251,
    "usdToUah": "41.527912",
    "btcToUsd": "84049",
    "ethToUsd": "1997.3",
    "updatedAt": "2025-03-22T20:55:07.771Z"
  },
  {
    "id": 252,
    "usdToUah": "41.527912",
    "btcToUsd": "84049",
    "ethToUsd": "1997.3",
    "updatedAt": "2025-03-22T20:55:37.771Z"
  },
  {
    "id": 253,
    "usdToUah": "41.527912",
    "btcToUsd": "84049",
    "ethToUsd": "1997.3",
    "updatedAt": "2025-03-22T20:56:07.771Z"
  },
  {
    "id": 254,
    "usdToUah": "41.527912",
    "btcToUsd": "84049",
    "ethToUsd": "1997.3",
    "updatedAt": "2025-03-22T20:56:37.772Z"
  },
  {
    "id": 255,
    "usdToUah": "41.527912",
    "btcToUsd": "84049",
    "ethToUsd": "1997.3",
    "updatedAt": "2025-03-22T20:57:07.771Z"
  },
  {
    "id": 256,
    "usdToUah": "41.527912",
    "btcToUsd": "84049",
    "ethToUsd": "1997.3",
    "updatedAt": "2025-03-22T20:57:37.771Z"
  },
  {
    "id": 257,
    "usdToUah": "41.527912",
    "btcToUsd": "84049",
    "ethToUsd": "1997.3",
    "updatedAt": "2025-03-22T20:58:07.772Z"
  },
  {
    "id": 261,
    "usdToUah": "41.527912",
    "btcToUsd": "84007",
    "ethToUsd": "1995.35",
    "updatedAt": "2025-03-22T21:00:07.773Z"
  },
  {
    "id": 262,
    "usdToUah": "41.527912",
    "btcToUsd": "84007",
    "ethToUsd": "1995.35",
    "updatedAt": "2025-03-22T21:00:37.773Z"
  },
  {
    "id": 263,
    "usdToUah": "41.527912",
    "btcToUsd": "84007",
    "ethToUsd": "1995.35",
    "updatedAt": "2025-03-22T21:01:07.773Z"
  },
  {
    "id": 266,
    "usdToUah": "41.527912",
    "btcToUsd": "84007",
    "ethToUsd": "1995.35",
    "updatedAt": "2025-03-22T21:02:37.775Z"
  },
  {
    "id": 258,
    "usdToUah": "41.527912",
    "btcToUsd": "84007",
    "ethToUsd": "1995.35",
    "updatedAt": "2025-03-22T20:58:37.931Z"
  },
  {
    "id": 259,
    "usdToUah": "41.527912",
    "btcToUsd": "84007",
    "ethToUsd": "1995.35",
    "updatedAt": "2025-03-22T20:59:07.773Z"
  },
  {
    "id": 260,
    "usdToUah": "41.527912",
    "btcToUsd": "84007",
    "ethToUsd": "1995.35",
    "updatedAt": "2025-03-22T20:59:37.772Z"
  },
  {
    "id": 264,
    "usdToUah": "41.527912",
    "btcToUsd": "84007",
    "ethToUsd": "1995.35",
    "updatedAt": "2025-03-22T21:01:37.774Z"
  },
  {
    "id": 265,
    "usdToUah": "41.527912",
    "btcToUsd": "84007",
    "ethToUsd": "1995.35",
    "updatedAt": "2025-03-22T21:02:07.774Z"
  },
  {
    "id": 267,
    "usdToUah": "41.527912",
    "btcToUsd": "84007",
    "ethToUsd": "1995.35",
    "updatedAt": "2025-03-22T21:03:07.775Z"
  },
  {
    "id": 268,
    "usdToUah": "41.527912",
    "btcToUsd": "84007",
    "ethToUsd": "1995.35",
    "updatedAt": "2025-03-22T21:03:37.776Z"
  },
  {
    "id": 269,
    "usdToUah": "41.527912",
    "btcToUsd": "83873",
    "ethToUsd": "1991.05",
    "updatedAt": "2025-03-22T21:04:07.926Z"
  },
  {
    "id": 270,
    "usdToUah": "41.527912",
    "btcToUsd": "83873",
    "ethToUsd": "1991.05",
    "updatedAt": "2025-03-22T21:04:37.777Z"
  },
  {
    "id": 271,
    "usdToUah": "41.527912",
    "btcToUsd": "83873",
    "ethToUsd": "1991.05",
    "updatedAt": "2025-03-22T21:05:07.777Z"
  },
  {
    "id": 272,
    "usdToUah": "41.527912",
    "btcToUsd": "83873",
    "ethToUsd": "1991.05",
    "updatedAt": "2025-03-22T21:05:37.776Z"
  },
  {
    "id": 273,
    "usdToUah": "41.527912",
    "btcToUsd": "83873",
    "ethToUsd": "1991.05",
    "updatedAt": "2025-03-22T21:06:07.776Z"
  },
  {
    "id": 274,
    "usdToUah": "41.527912",
    "btcToUsd": "83873",
    "ethToUsd": "1991.05",
    "updatedAt": "2025-03-22T21:06:37.776Z"
  },
  {
    "id": 275,
    "usdToUah": "41.527912",
    "btcToUsd": "83873",
    "ethToUsd": "1991.05",
    "updatedAt": "2025-03-22T21:07:07.776Z"
  },
  {
    "id": 276,
    "usdToUah": "41.527912",
    "btcToUsd": "83873",
    "ethToUsd": "1991.05",
    "updatedAt": "2025-03-22T21:07:37.777Z"
  },
  {
    "id": 277,
    "usdToUah": "41.527912",
    "btcToUsd": "83873",
    "ethToUsd": "1991.05",
    "updatedAt": "2025-03-22T21:08:07.776Z"
  },
  {
    "id": 278,
    "usdToUah": "41.527912",
    "btcToUsd": "83873",
    "ethToUsd": "1991.05",
    "updatedAt": "2025-03-22T21:08:37.776Z"
  },
  {
    "id": 279,
    "usdToUah": "41.527912",
    "btcToUsd": "83924",
    "ethToUsd": "1991.81",
    "updatedAt": "2025-03-22T21:09:08.160Z"
  },
  {
    "id": 280,
    "usdToUah": "41.527912",
    "btcToUsd": "83935",
    "ethToUsd": "1992.04",
    "updatedAt": "2025-03-22T21:09:41.056Z"
  },
  {
    "id": 281,
    "usdToUah": "41.527912",
    "btcToUsd": "83935",
    "ethToUsd": "1992.04",
    "updatedAt": "2025-03-22T21:10:10.467Z"
  },
  {
    "id": 282,
    "usdToUah": "41.527912",
    "btcToUsd": "83935",
    "ethToUsd": "1992.04",
    "updatedAt": "2025-03-22T21:10:40.466Z"
  },
  {
    "id": 283,
    "usdToUah": "41.527912",
    "btcToUsd": "83935",
    "ethToUsd": "1992.04",
    "updatedAt": "2025-03-22T21:11:10.466Z"
  },
  {
    "id": 284,
    "usdToUah": "41.527912",
    "btcToUsd": "83964",
    "ethToUsd": "1993.3",
    "updatedAt": "2025-03-22T21:11:42.111Z"
  },
  {
    "id": 285,
    "usdToUah": "41.527912",
    "btcToUsd": "83964",
    "ethToUsd": "1993.3",
    "updatedAt": "2025-03-22T21:12:11.199Z"
  },
  {
    "id": 286,
    "usdToUah": "41.527912",
    "btcToUsd": "83964",
    "ethToUsd": "1993.3",
    "updatedAt": "2025-03-22T21:12:33.169Z"
  },
  {
    "id": 287,
    "usdToUah": "41.527912",
    "btcToUsd": "83964",
    "ethToUsd": "1993.3",
    "updatedAt": "2025-03-22T21:13:02.678Z"
  },
  {
    "id": 288,
    "usdToUah": "41.527912",
    "btcToUsd": "83964",
    "ethToUsd": "1993.3",
    "updatedAt": "2025-03-22T21:13:32.679Z"
  },
  {
    "id": 289,
    "usdToUah": "41.527912",
    "btcToUsd": "83964",
    "ethToUsd": "1993.3",
    "updatedAt": "2025-03-22T21:14:02.679Z"
  },
  {
    "id": 290,
    "usdToUah": "41.527912",
    "btcToUsd": "83964",
    "ethToUsd": "1993.3",
    "updatedAt": "2025-03-22T21:14:32.679Z"
  },
  {
    "id": 291,
    "usdToUah": "41.527912",
    "btcToUsd": "83964",
    "ethToUsd": "1993.3",
    "updatedAt": "2025-03-22T21:15:02.678Z"
  },
  {
    "id": 292,
    "usdToUah": "41.527912",
    "btcToUsd": "83964",
    "ethToUsd": "1993.3",
    "updatedAt": "2025-03-22T21:15:32.678Z"
  },
  {
    "id": 293,
    "usdToUah": "41.527912",
    "btcToUsd": "83964",
    "ethToUsd": "1993.3",
    "updatedAt": "2025-03-22T21:16:02.678Z"
  },
  {
    "id": 294,
    "usdToUah": "41.527912",
    "btcToUsd": "84074",
    "ethToUsd": "1994.72",
    "updatedAt": "2025-03-22T21:16:23.459Z"
  },
  {
    "id": 295,
    "usdToUah": "41.527912",
    "btcToUsd": "84074",
    "ethToUsd": "1994.72",
    "updatedAt": "2025-03-22T21:16:52.621Z"
  },
  {
    "id": 296,
    "usdToUah": "41.527912",
    "btcToUsd": "84074",
    "ethToUsd": "1994.72",
    "updatedAt": "2025-03-22T21:17:22.621Z"
  },
  {
    "id": 297,
    "usdToUah": "41.527912",
    "btcToUsd": "84074",
    "ethToUsd": "1994.72",
    "updatedAt": "2025-03-22T21:17:52.622Z"
  },
  {
    "id": 298,
    "usdToUah": "41.527912",
    "btcToUsd": "84074",
    "ethToUsd": "1994.72",
    "updatedAt": "2025-03-22T21:18:22.622Z"
  },
  {
    "id": 299,
    "usdToUah": "41.527912",
    "btcToUsd": "84074",
    "ethToUsd": "1994.72",
    "updatedAt": "2025-03-22T21:18:52.622Z"
  },
  {
    "id": 300,
    "usdToUah": "41.527912",
    "btcToUsd": "84074",
    "ethToUsd": "1994.72",
    "updatedAt": "2025-03-22T21:19:22.623Z"
  },
  {
    "id": 301,
    "usdToUah": "41.527912",
    "btcToUsd": "84074",
    "ethToUsd": "1994.72",
    "updatedAt": "2025-03-22T21:19:52.623Z"
  },
  {
    "id": 302,
    "usdToUah": "41.527912",
    "btcToUsd": "84074",
    "ethToUsd": "1994.72",
    "updatedAt": "2025-03-22T21:20:22.624Z"
  },
  {
    "id": 303,
    "usdToUah": "41.527912",
    "btcToUsd": "84074",
    "ethToUsd": "1994.72",
    "updatedAt": "2025-03-22T21:20:52.624Z"
  },
  {
    "id": 304,
    "usdToUah": "41.527912",
    "btcToUsd": "84074",
    "ethToUsd": "1994.72",
    "updatedAt": "2025-03-22T21:21:22.623Z"
  },
  {
    "id": 305,
    "usdToUah": "41.527912",
    "btcToUsd": "84034",
    "ethToUsd": "1992.14",
    "updatedAt": "2025-03-22T21:21:52.782Z"
  },
  {
    "id": 306,
    "usdToUah": "41.527912",
    "btcToUsd": "84034",
    "ethToUsd": "1992.14",
    "updatedAt": "2025-03-22T21:22:22.624Z"
  },
  {
    "id": 307,
    "usdToUah": "41.527912",
    "btcToUsd": "84034",
    "ethToUsd": "1992.14",
    "updatedAt": "2025-03-22T21:22:52.623Z"
  },
  {
    "id": 308,
    "usdToUah": "41.527912",
    "btcToUsd": "84034",
    "ethToUsd": "1992.14",
    "updatedAt": "2025-03-22T21:23:22.623Z"
  },
  {
    "id": 309,
    "usdToUah": "41.527912",
    "btcToUsd": "84034",
    "ethToUsd": "1992.14",
    "updatedAt": "2025-03-22T21:23:52.623Z"
  },
  {
    "id": 310,
    "usdToUah": "41.527912",
    "btcToUsd": "84034",
    "ethToUsd": "1992.14",
    "updatedAt": "2025-03-22T21:24:22.624Z"
  },
  {
    "id": 311,
    "usdToUah": "41.527912",
    "btcToUsd": "84034",
    "ethToUsd": "1992.14",
    "updatedAt": "2025-03-22T21:24:52.625Z"
  },
  {
    "id": 312,
    "usdToUah": "41.527912",
    "btcToUsd": "84034",
    "ethToUsd": "1992.14",
    "updatedAt": "2025-03-22T21:25:22.624Z"
  },
  {
    "id": 313,
    "usdToUah": "41.527912",
    "btcToUsd": "84034",
    "ethToUsd": "1992.14",
    "updatedAt": "2025-03-22T21:25:52.624Z"
  },
  {
    "id": 314,
    "usdToUah": "41.527912",
    "btcToUsd": "84034",
    "ethToUsd": "1992.14",
    "updatedAt": "2025-03-22T21:26:22.624Z"
  },
  {
    "id": 315,
    "usdToUah": "41.527912",
    "btcToUsd": "84034",
    "ethToUsd": "1992.14",
    "updatedAt": "2025-03-22T21:26:52.624Z"
  },
  {
    "id": 316,
    "usdToUah": "41.527912",
    "btcToUsd": "84006",
    "ethToUsd": "1990.8",
    "updatedAt": "2025-03-22T21:27:22.787Z"
  },
  {
    "id": 317,
    "usdToUah": "41.527912",
    "btcToUsd": "84006",
    "ethToUsd": "1990.8",
    "updatedAt": "2025-03-22T21:27:52.624Z"
  },
  {
    "id": 318,
    "usdToUah": "41.527912",
    "btcToUsd": "84006",
    "ethToUsd": "1990.8",
    "updatedAt": "2025-03-22T21:28:22.625Z"
  }
]