[
  {
    "id": 1,
    "fromCardId": 1,
    "toCardId": 2,
    "amount": "0.20000000",
    "convertedAmount": "12700.00000000",
    "type": "transfer",
    "wallet": null,
    "status": "completed",
    "createdAt": "2025-03-04T09:00:00.000Z",
    "description": "Перевод BTC в USD",
    "fromCardNumber": "4532015112830366",
    "toCardNumber": "4532015112830367"
  },
  {
    "id": 2,
    "fromCardId": 2,
    "toCardId": 3,
    "amount": "1000.00000000",
    "convertedAmount": "37500.00000000",
    "type": "transfer",
    "wallet": null,
    "status": "completed",
    "createdAt": "2025-03-04T09:30:00.000Z",
    "description": "Перевод USD в UAH",
    "fromCardNumber": "4532015112830367",
    "toCardNumber": "4532015112830368"
  },
  {
    "id": 3,
    "fromCardId": 1,
    "toCardId": null,
    "amount": "0.10000000",
    "convertedAmount": "0.10000000",
    "type": "transfer",
    "wallet": "bc1qxy2kgdygjrsqtzq2n0yrf2493p83kkfjhx0wlh",
    "status": "completed",
    "createdAt": "2025-03-04T10:00:00.000Z",
    "description": "Вывод BTC",
    "fromCardNumber": "4532015112830366",
    "toCardNumber": "EXTERNAL"
  },
  {
    "id": 4,
    "fromCardId": 4,
    "toCardId": 5,
    "amount": "500.00000000",
    "convertedAmount": "18750.00000000",
    "type": "transfer",
    "wallet": null,
    "status": "completed",
    "createdAt": "2025-03-04T10:30:00.000Z",
    "description": "Перевод USD в UAH",
    "fromCardNumber": "4532015112830369",
    "toCardNumber": "4532015112830370"
  },
  {
    "id": 5,
    "fromCardId": 6,
    "toCardId": null,
    "amount": "0.05000000",
    "convertedAmount": "0.05000000",
    "type": "transfer",
    "wallet": "bc1qxy2kgdygjrsqtzq2n0yrf2493p83kkfjhx0wll",
    "status": "completed",
    "createdAt": "2025-03-04T11:00:00.000Z",
    "description": "Вывод BTC",
    "fromCardNumber": "4532015112830371",
    "toCardNumber": "EXTERNAL"
  },
  {
    "id": 6,
    "fromCardId": 7,
    "toCardId": 8,
    "amount": "750.00000000",
    "convertedAmount": "28125.00000000",
    "type": "transfer",
    "wallet": null,
    "status": "completed",
    "createdAt": "2025-03-04T11:30:00.000Z",
    "description": "Перевод USD в UAH",
    "fromCardNumber": "4532015112830372",
    "toCardNumber": "4532015112830373"
  },
  {
    "id": 7,
    "fromCardId": 9,
    "toCardId": null,
    "amount": "0.15000000",
    "convertedAmount": "0.15000000",
    "type": "transfer",
    "wallet": "bc1qxy2kgdygjrsqtzq2n0yrf2493p83kkfjhx0wlm",
    "status": "completed",
    "createdAt": "2025-03-04T12:00:00.000Z",
    "description": "Вывод BTC",
    "fromCardNumber": "4532015112830374",
    "toCardNumber": "EXTERNAL"
  },
  {
    "id": 8,
    "fromCardId": 10,
    "toCardId": 11,
    "amount": "1000.00000000",
    "convertedAmount": "37500.00000000",
    "type": "transfer",
    "wallet": null,
    "status": "completed",
    "createdAt": "2025-03-04T12:30:00.000Z",
    "description": "Перевод USD в UAH",
    "fromCardNumber": "4532015112830375",
    "toCardNumber": "4532015112830376"
  },
  {
    "id": 9,
    "fromCardId": 12,
    "toCardId": null,
    "amount": "0.20000000",
    "convertedAmount": "0.20000000",
    "type": "transfer",
    "wallet": "bc1qxy2kgdygjrsqtzq2n0yrf2493p83kkfjhx0wln",
    "status": "completed",
    "createdAt": "2025-03-04T13:00:00.000Z",
    "description": "Вывод BTC",
    "fromCardNumber": "4532015112830377",
    "toCardNumber": "EXTERNAL"
  },
  {
    "id": 10,
    "fromCardId": 13,
    "toCardId": 14,
    "amount": "250.00000000",
    "convertedAmount": "9375.00000000",
    "type": "transfer",
    "wallet": null,
    "status": "completed",
    "createdAt": "2025-03-04T13:30:00.000Z",
    "description": "Перевод USD в UAH",
    "fromCardNumber": "4532015112830378",
    "toCardNumber": "4532015112830379"
  },
  {
    "id": 11,
    "fromCardId": 15,
    "toCardId": null,
    "amount": "0.08000000",
    "convertedAmount": "0.08000000",
    "type": "transfer",
    "wallet": "bc1qxy2kgdygjrsqtzq2n0yrf2493p83kkfjhx0wlo",
    "status": "completed",
    "createdAt": "2025-03-04T14:00:00.000Z",
    "description": "Вывод BTC",
    "fromCardNumber": "4532015112830380",
    "toCardNumber": "EXTERNAL"
  },
  {
    "id": 12,
    "fromCardId": 16,
    "toCardId": 17,
    "amount": "500.00000000",
    "convertedAmount": "18750.00000000",
    "type": "transfer",
    "wallet": null,
    "status": "completed",
    "createdAt": "2025-03-04T14:30:00.000Z",
    "description": "Перевод USD в UAH",
    "fromCardNumber": "4532015112830381",
    "toCardNumber": "4532015112830382"
  },
  {
    "id": 13,
    "fromCardId": 18,
    "toCardId": null,
    "amount": "0.10000000",
    "convertedAmount": "0.10000000",
    "type": "transfer",
    "wallet": "bc1qxy2kgdygjrsqtzq2n0yrf2493p83kkfjhx0wlp",
    "status": "completed",
    "createdAt": "2025-03-04T15:00:00.000Z",
    "description": "Вывод BTC",
    "fromCardNumber": "4532015112830383",
    "toCardNumber": "EXTERNAL"
  }
]