[
  {
    "id": 1,
    "username": "admin",
    "password": "73992c62ca47be0e8d949ad8df64324bae8f542007c0f2ef886f1b39418963c8b4ccc9c63939340a0a0f9c96d170dd0705075c728a35c76e3c340650970417cc.32567ef87fc584ec22cea70d4dbd6f46",
    "is_regulator": true,
    "regulator_balance": "150.50000000",
    "last_nft_generation": "2025-03-04T10:00:00.000Z",
    "nft_generation_count": 5
  },
  {
    "id": 2,
    "username": "Kich32",
    "password": "5d41402abc4b2a76b9719d911017c592.abcdef0123456789",
    "is_regulator": false,
    "regulator_balance": "0.00000000",
    "last_nft_generation": null,
    "nft_generation_count": 0
  },
  {
    "id": 3,
    "username": "Tod Kolinsk",
    "password": "5d41402abc4b2a76b9719d911017c592.abcdef0123456789",
    "is_regulator": false,
    "regulator_balance": "0.00000000",
    "last_nft_generation": null,
    "nft_generation_count": 0
  },
  {
    "id": 4,
    "username": "olektreyd@gmail.com",
    "password": "5d41402abc4b2a76b9719d911017c592.abcdef0123456789",
    "is_regulator": false,
    "regulator_balance": "0.00000000",
    "last_nft_generation": null,
    "nft_generation_count": 0
  },
  {
    "id": 5,
    "username": "Nikita",
    "password": "5d41402abc4b2a76b9719d911017c592.abcdef0123456789",
    "is_regulator": false,
    "regulator_balance": "0.00000000",
    "last_nft_generation": null,
    "nft_generation_count": 0
  },
  {
    "id": 6,
    "username": "Maksim4440432",
    "password": "5d41402abc4b2a76b9719d911017c592.abcdef0123456789",
    "is_regulator": false,
    "regulator_balance": "0.00000000",
    "last_nft_generation": null,
    "nft_generation_count": 0
  }
]