[
  {
    "id": 1,
    "usdToUah": "37.00",
    "btcToUsd": "50000.00",
    "ethToUsd": "3000.00",
    "updatedAt": "2025-03-04T23:00:00.000Z"
  },
  {
    "id": 431,
    "usdToUah": "41.59",
    "btcToUsd": "89502.00",
    "ethToUsd": "2189.58",
    "updatedAt": "2025-03-05T17:52:28.718Z"
  },
  {
    "id": 432,
    "usdToUah": "41.59",
    "btcToUsd": "89804.00",
    "ethToUsd": "2195.53",
    "updatedAt": "2025-03-05T17:52:56.201Z"
  },
  {
    "id": 433,
    "usdToUah": "41.59",
    "btcToUsd": "89804.00",
    "ethToUsd": "2195.53",
    "updatedAt": "2025-03-05T17:53:23.652Z"
  },
  {
    "id": 434,
    "usdToUah": "41.59",
    "btcToUsd": "89804.00",
    "ethToUsd": "2195.53",
    "updatedAt": "2025-03-05T17:53:53.653Z"
  },
  {
    "id": 435,
    "usdToUah": "41.59",
    "btcToUsd": "89804.00",
    "ethToUsd": "2195.53",
    "updatedAt": "2025-03-05T17:54:23.654Z"
  },
  {
    "id": 436,
    "usdToUah": "41.59",
    "btcToUsd": "89804.00",
    "ethToUsd": "2195.53",
    "updatedAt": "2025-03-05T17:54:53.654Z"
  },
  {
    "id": 437,
    "usdToUah": "41.59",
    "btcToUsd": "89804.00",
    "ethToUsd": "2195.53",
    "updatedAt": "2025-03-05T17:55:23.654Z"
  },
  {
    "id": 438,
    "usdToUah": "41.59",
    "btcToUsd": "89804.00",
    "ethToUsd": "2195.53",
    "updatedAt": "2025-03-05T17:55:53.655Z"
  },
  {
    "id": 439,
    "usdToUah": "41.59",
    "btcToUsd": "89804.00",
    "ethToUsd": "2195.53",
    "updatedAt": "2025-03-05T17:56:23.655Z"
  },
  {
    "id": 440,
    "usdToUah": "41.59",
    "btcToUsd": "89804.00",
    "ethToUsd": "2195.53",
    "updatedAt": "2025-03-05T17:56:53.656Z"
  },
  {
    "id": 441,
    "usdToUah": "41.59",
    "btcToUsd": "89804.00",
    "ethToUsd": "2195.53",
    "updatedAt": "2025-03-05T17:57:23.656Z"
  },
  {
    "id": 442,
    "usdToUah": "41.59",
    "btcToUsd": "89804.00",
    "ethToUsd": "2195.53",
    "updatedAt": "2025-03-05T17:57:53.657Z"
  },
  {
    "id": 443,
    "usdToUah": "41.59",
    "btcToUsd": "89836.00",
    "ethToUsd": "2191.40",
    "updatedAt": "2025-03-05T17:58:23.962Z"
  },
  {
    "id": 444,
    "usdToUah": "41.59",
    "btcToUsd": "89836.00",
    "ethToUsd": "2191.40",
    "updatedAt": "2025-03-05T17:58:53.658Z"
  },
  {
    "id": 445,
    "usdToUah": "41.59",
    "btcToUsd": "89836.00",
    "ethToUsd": "2191.40",
    "updatedAt": "2025-03-05T17:59:23.658Z"
  },
  {
    "id": 446,
    "usdToUah": "41.59",
    "btcToUsd": "89552.00",
    "ethToUsd": "2188.86",
    "updatedAt": "2025-03-05T17:59:47.174Z"
  },
  {
    "id": 447,
    "usdToUah": "41.59",
    "btcToUsd": "89552.00",
    "ethToUsd": "2188.86",
    "updatedAt": "2025-03-05T18:00:16.472Z"
  },
  {
    "id": 448,
    "usdToUah": "41.59",
    "btcToUsd": "89552.00",
    "ethToUsd": "2188.86",
    "updatedAt": "2025-03-05T18:00:46.472Z"
  },
  {
    "id": 449,
    "usdToUah": "41.59",
    "btcToUsd": "89552.00",
    "ethToUsd": "2188.86",
    "updatedAt": "2025-03-05T18:01:16.472Z"
  },
  {
    "id": 450,
    "usdToUah": "41.59",
    "btcToUsd": "89552.00",
    "ethToUsd": "2188.86",
    "updatedAt": "2025-03-05T18:01:46.472Z"
  },
  {
    "id": 451,
    "usdToUah": "41.59",
    "btcToUsd": "89552.00",
    "ethToUsd": "2188.86",
    "updatedAt": "2025-03-05T18:02:16.472Z"
  },
  {
    "id": 452,
    "usdToUah": "41.59",
    "btcToUsd": "89552.00",
    "ethToUsd": "2188.86",
    "updatedAt": "2025-03-05T18:02:46.472Z"
  },
  {
    "id": 453,
    "usdToUah": "41.59",
    "btcToUsd": "89552.00",
    "ethToUsd": "2188.86",
    "updatedAt": "2025-03-05T18:03:16.473Z"
  },
  {
    "id": 454,
    "usdToUah": "41.59",
    "btcToUsd": "89552.00",
    "ethToUsd": "2188.86",
    "updatedAt": "2025-03-05T18:03:46.474Z"
  },
  {
    "id": 455,
    "usdToUah": "41.59",
    "btcToUsd": "89552.00",
    "ethToUsd": "2188.86",
    "updatedAt": "2025-03-05T18:04:16.475Z"
  },
  {
    "id": 456,
    "usdToUah": "41.59",
    "btcToUsd": "89552.00",
    "ethToUsd": "2188.86",
    "updatedAt": "2025-03-05T18:04:46.476Z"
  },
  {
    "id": 457,
    "usdToUah": "41.59",
    "btcToUsd": "89530.00",
    "ethToUsd": "2190.29",
    "updatedAt": "2025-03-05T18:05:16.807Z"
  },
  {
    "id": 458,
    "usdToUah": "41.59",
    "btcToUsd": "89530.00",
    "ethToUsd": "2190.29",
    "updatedAt": "2025-03-05T18:05:46.477Z"
  },
  {
    "id": 459,
    "usdToUah": "41.59",
    "btcToUsd": "89530.00",
    "ethToUsd": "2190.29",
    "updatedAt": "2025-03-05T18:06:16.478Z"
  },
  {
    "id": 460,
    "usdToUah": "41.59",
    "btcToUsd": "89530.00",
    "ethToUsd": "2190.29",
    "updatedAt": "2025-03-05T18:06:46.478Z"
  },
  {
    "id": 461,
    "usdToUah": "41.59",
    "btcToUsd": "89530.00",
    "ethToUsd": "2190.29",
    "updatedAt": "2025-03-05T18:07:16.479Z"
  },
  {
    "id": 462,
    "usdToUah": "41.59",
    "btcToUsd": "89530.00",
    "ethToUsd": "2190.29",
    "updatedAt": "2025-03-05T18:07:46.479Z"
  },
  {
    "id": 463,
    "usdToUah": "41.59",
    "btcToUsd": "89530.00",
    "ethToUsd": "2190.29",
    "updatedAt": "2025-03-05T18:08:16.480Z"
  },
  {
    "id": 464,
    "usdToUah": "41.59",
    "btcToUsd": "89530.00",
    "ethToUsd": "2190.29",
    "updatedAt": "2025-03-05T18:08:46.480Z"
  },
  {
    "id": 465,
    "usdToUah": "41.59",
    "btcToUsd": "89530.00",
    "ethToUsd": "2190.29",
    "updatedAt": "2025-03-05T18:09:16.481Z"
  },
  {
    "id": 466,
    "usdToUah": "41.59",
    "btcToUsd": "89530.00",
    "ethToUsd": "2190.29",
    "updatedAt": "2025-03-05T18:09:46.482Z"
  },
  {
    "id": 467,
    "usdToUah": "41.59",
    "btcToUsd": "89530.00",
    "ethToUsd": "2190.29",
    "updatedAt": "2025-03-05T18:10:16.482Z"
  },
  {
    "id": 468,
    "usdToUah": "41.59",
    "btcToUsd": "88859.00",
    "ethToUsd": "2172.61",
    "updatedAt": "2025-03-05T18:10:46.778Z"
  },
  {
    "id": 469,
    "usdToUah": "41.59",
    "btcToUsd": "88859.00",
    "ethToUsd": "2172.61",
    "updatedAt": "2025-03-05T18:11:16.483Z"
  },
  {
    "id": 470,
    "usdToUah": "41.59",
    "btcToUsd": "88859.00",
    "ethToUsd": "2172.61",
    "updatedAt": "2025-03-05T18:11:46.482Z"
  },
  {
    "id": 471,
    "usdToUah": "41.59",
    "btcToUsd": "88859.00",
    "ethToUsd": "2172.61",
    "updatedAt": "2025-03-05T18:12:16.483Z"
  },
  {
    "id": 472,
    "usdToUah": "41.59",
    "btcToUsd": "88859.00",
    "ethToUsd": "2172.61",
    "updatedAt": "2025-03-05T18:12:46.483Z"
  },
  {
    "id": 473,
    "usdToUah": "41.59",
    "btcToUsd": "88859.00",
    "ethToUsd": "2172.61",
    "updatedAt": "2025-03-05T18:13:16.483Z"
  },
  {
    "id": 474,
    "usdToUah": "41.59",
    "btcToUsd": "88859.00",
    "ethToUsd": "2172.61",
    "updatedAt": "2025-03-05T18:13:46.484Z"
  },
  {
    "id": 475,
    "usdToUah": "41.59",
    "btcToUsd": "88859.00",
    "ethToUsd": "2172.61",
    "updatedAt": "2025-03-05T18:14:16.485Z"
  },
  {
    "id": 476,
    "usdToUah": "41.59",
    "btcToUsd": "88859.00",
    "ethToUsd": "2172.61",
    "updatedAt": "2025-03-05T18:14:46.486Z"
  },
  {
    "id": 477,
    "usdToUah": "41.59",
    "btcToUsd": "88859.00",
    "ethToUsd": "2172.61",
    "updatedAt": "2025-03-05T18:15:16.486Z"
  },
  {
    "id": 478,
    "usdToUah": "41.59",
    "btcToUsd": "88859.00",
    "ethToUsd": "2172.61",
    "updatedAt": "2025-03-05T18:15:46.485Z"
  },
  {
    "id": 479,
    "usdToUah": "41.59",
    "btcToUsd": "89286.00",
    "ethToUsd": "2184.61",
    "updatedAt": "2025-03-05T18:16:16.786Z"
  },
  {
    "id": 480,
    "usdToUah": "41.59",
    "btcToUsd": "89286.00",
    "ethToUsd": "2184.61",
    "updatedAt": "2025-03-05T18:16:46.486Z"
  },
  {
    "id": 481,
    "usdToUah": "41.59",
    "btcToUsd": "89286.00",
    "ethToUsd": "2184.61",
    "updatedAt": "2025-03-05T18:17:16.486Z"
  },
  {
    "id": 482,
    "usdToUah": "41.59",
    "btcToUsd": "89286.00",
    "ethToUsd": "2184.61",
    "updatedAt": "2025-03-05T18:17:46.486Z"
  },
  {
    "id": 483,
    "usdToUah": "41.59",
    "btcToUsd": "89286.00",
    "ethToUsd": "2184.61",
    "updatedAt": "2025-03-05T18:18:16.487Z"
  },
  {
    "id": 484,
    "usdToUah": "41.59",
    "btcToUsd": "89286.00",
    "ethToUsd": "2184.61",
    "updatedAt": "2025-03-05T18:18:46.487Z"
  },
  {
    "id": 485,
    "usdToUah": "41.59",
    "btcToUsd": "89286.00",
    "ethToUsd": "2184.61",
    "updatedAt": "2025-03-05T18:19:16.488Z"
  },
  {
    "id": 486,
    "usdToUah": "41.59",
    "btcToUsd": "89286.00",
    "ethToUsd": "2184.61",
    "updatedAt": "2025-03-05T18:19:46.489Z"
  },
  {
    "id": 487,
    "usdToUah": "41.59",
    "btcToUsd": "89286.00",
    "ethToUsd": "2184.61",
    "updatedAt": "2025-03-05T18:20:16.490Z"
  },
  {
    "id": 488,
    "usdToUah": "41.59",
    "btcToUsd": "89286.00",
    "ethToUsd": "2184.61",
    "updatedAt": "2025-03-05T18:20:46.490Z"
  },
  {
    "id": 489,
    "usdToUah": "41.59",
    "btcToUsd": "89286.00",
    "ethToUsd": "2184.61",
    "updatedAt": "2025-03-05T18:21:16.492Z"
  },
  {
    "id": 490,
    "usdToUah": "41.59",
    "btcToUsd": "89089.00",
    "ethToUsd": "2183.32",
    "updatedAt": "2025-03-05T18:21:46.813Z"
  },
  {
    "id": 491,
    "usdToUah": "41.59",
    "btcToUsd": "89089.00",
    "ethToUsd": "2183.32",
    "updatedAt": "2025-03-05T18:22:16.494Z"
  },
  {
    "id": 492,
    "usdToUah": "41.59",
    "btcToUsd": "89089.00",
    "ethToUsd": "2183.32",
    "updatedAt": "2025-03-05T18:22:46.495Z"
  },
  {
    "id": 493,
    "usdToUah": "41.59",
    "btcToUsd": "89089.00",
    "ethToUsd": "2183.32",
    "updatedAt": "2025-03-05T18:23:16.496Z"
  },
  {
    "id": 494,
    "usdToUah": "41.59",
    "btcToUsd": "89089.00",
    "ethToUsd": "2183.32",
    "updatedAt": "2025-03-05T18:23:46.496Z"
  },
  {
    "id": 495,
    "usdToUah": "41.59",
    "btcToUsd": "89089.00",
    "ethToUsd": "2183.32",
    "updatedAt": "2025-03-05T18:24:16.497Z"
  },
  {
    "id": 496,
    "usdToUah": "41.59",
    "btcToUsd": "89089.00",
    "ethToUsd": "2183.32",
    "updatedAt": "2025-03-05T18:24:46.497Z"
  },
  {
    "id": 497,
    "usdToUah": "41.59",
    "btcToUsd": "89089.00",
    "ethToUsd": "2183.32",
    "updatedAt": "2025-03-05T18:25:16.497Z"
  },
  {
    "id": 498,
    "usdToUah": "41.59",
    "btcToUsd": "89089.00",
    "ethToUsd": "2183.32",
    "updatedAt": "2025-03-05T18:25:46.497Z"
  },
  {
    "id": 499,
    "usdToUah": "41.59",
    "btcToUsd": "89089.00",
    "ethToUsd": "2183.32",
    "updatedAt": "2025-03-05T18:26:16.497Z"
  },
  {
    "id": 500,
    "usdToUah": "41.59",
    "btcToUsd": "89089.00",
    "ethToUsd": "2183.32",
    "updatedAt": "2025-03-05T18:26:46.498Z"
  },
  {
    "id": 501,
    "usdToUah": "41.59",
    "btcToUsd": "89344.00",
    "ethToUsd": "2191.72",
    "updatedAt": "2025-03-05T18:27:16.801Z"
  },
  {
    "id": 502,
    "usdToUah": "41.59",
    "btcToUsd": "89344.00",
    "ethToUsd": "2191.72",
    "updatedAt": "2025-03-05T18:27:46.498Z"
  },
  {
    "id": 503,
    "usdToUah": "41.59",
    "btcToUsd": "89344.00",
    "ethToUsd": "2191.72",
    "updatedAt": "2025-03-05T18:28:16.499Z"
  },
  {
    "id": 504,
    "usdToUah": "41.59",
    "btcToUsd": "89344.00",
    "ethToUsd": "2191.72",
    "updatedAt": "2025-03-05T18:28:46.500Z"
  },
  {
    "id": 505,
    "usdToUah": "41.59",
    "btcToUsd": "89353.00",
    "ethToUsd": "2193.00",
    "updatedAt": "2025-03-05T18:29:13.721Z"
  },
  {
    "id": 506,
    "usdToUah": "41.59",
    "btcToUsd": "89353.00",
    "ethToUsd": "2193.00",
    "updatedAt": "2025-03-05T18:29:42.854Z"
  },
  {
    "id": 507,
    "usdToUah": "41.59",
    "btcToUsd": "89353.00",
    "ethToUsd": "2193.00",
    "updatedAt": "2025-03-05T18:30:12.856Z"
  },
  {
    "id": 508,
    "usdToUah": "41.59",
    "btcToUsd": "89353.00",
    "ethToUsd": "2193.00",
    "updatedAt": "2025-03-05T18:30:42.856Z"
  },
  {
    "id": 509,
    "usdToUah": "41.59",
    "btcToUsd": "89353.00",
    "ethToUsd": "2193.00",
    "updatedAt": "2025-03-05T18:31:12.857Z"
  },
  {
    "id": 510,
    "usdToUah": "41.59",
    "btcToUsd": "89353.00",
    "ethToUsd": "2193.00",
    "updatedAt": "2025-03-05T18:31:42.857Z"
  },
  {
    "id": 511,
    "usdToUah": "41.59",
    "btcToUsd": "89353.00",
    "ethToUsd": "2193.00",
    "updatedAt": "2025-03-05T18:32:12.857Z"
  },
  {
    "id": 512,
    "usdToUah": "41.59",
    "btcToUsd": "89353.00",
    "ethToUsd": "2193.00",
    "updatedAt": "2025-03-05T18:32:42.857Z"
  },
  {
    "id": 513,
    "usdToUah": "41.59",
    "btcToUsd": "89353.00",
    "ethToUsd": "2193.00",
    "updatedAt": "2025-03-05T18:33:12.858Z"
  },
  {
    "id": 514,
    "usdToUah": "41.59",
    "btcToUsd": "89353.00",
    "ethToUsd": "2193.00",
    "updatedAt": "2025-03-05T18:33:42.859Z"
  },
  {
    "id": 515,
    "usdToUah": "41.59",
    "btcToUsd": "89353.00",
    "ethToUsd": "2193.00",
    "updatedAt": "2025-03-05T18:34:12.860Z"
  },
  {
    "id": 516,
    "usdToUah": "41.59",
    "btcToUsd": "89072.00",
    "ethToUsd": "2184.99",
    "updatedAt": "2025-03-05T18:34:43.155Z"
  },
  {
    "id": 517,
    "usdToUah": "41.59",
    "btcToUsd": "89072.00",
    "ethToUsd": "2184.99",
    "updatedAt": "2025-03-05T18:35:12.862Z"
  },
  {
    "id": 518,
    "usdToUah": "41.59",
    "btcToUsd": "89072.00",
    "ethToUsd": "2184.99",
    "updatedAt": "2025-03-05T18:35:42.863Z"
  },
  {
    "id": 519,
    "usdToUah": "41.59",
    "btcToUsd": "89072.00",
    "ethToUsd": "2184.99",
    "updatedAt": "2025-03-05T18:36:12.863Z"
  },
  {
    "id": 520,
    "usdToUah": "41.59",
    "btcToUsd": "89072.00",
    "ethToUsd": "2184.99",
    "updatedAt": "2025-03-05T18:36:42.863Z"
  },
  {
    "id": 521,
    "usdToUah": "41.59",
    "btcToUsd": "89072.00",
    "ethToUsd": "2184.99",
    "updatedAt": "2025-03-05T18:37:12.862Z"
  },
  {
    "id": 522,
    "usdToUah": "41.59",
    "btcToUsd": "89072.00",
    "ethToUsd": "2184.99",
    "updatedAt": "2025-03-05T18:37:42.863Z"
  },
  {
    "id": 523,
    "usdToUah": "41.59",
    "btcToUsd": "89072.00",
    "ethToUsd": "2184.99",
    "updatedAt": "2025-03-05T18:38:12.863Z"
  },
  {
    "id": 524,
    "usdToUah": "41.59",
    "btcToUsd": "89072.00",
    "ethToUsd": "2184.99",
    "updatedAt": "2025-03-05T18:38:42.863Z"
  },
  {
    "id": 525,
    "usdToUah": "41.59",
    "btcToUsd": "89072.00",
    "ethToUsd": "2184.99",
    "updatedAt": "2025-03-05T18:39:12.865Z"
  },
  {
    "id": 526,
    "usdToUah": "41.59",
    "btcToUsd": "89072.00",
    "ethToUsd": "2184.99",
    "updatedAt": "2025-03-05T18:39:42.865Z"
  },
  {
    "id": 527,
    "usdToUah": "41.59",
    "btcToUsd": "89221.00",
    "ethToUsd": "2188.79",
    "updatedAt": "2025-03-05T18:40:13.170Z"
  },
  {
    "id": 528,
    "usdToUah": "41.59",
    "btcToUsd": "89221.00",
    "ethToUsd": "2188.79",
    "updatedAt": "2025-03-05T18:40:42.866Z"
  },
  {
    "id": 529,
    "usdToUah": "41.59",
    "btcToUsd": "89221.00",
    "ethToUsd": "2188.79",
    "updatedAt": "2025-03-05T18:41:12.868Z"
  },
  {
    "id": 530,
    "usdToUah": "41.59",
    "btcToUsd": "89221.00",
    "ethToUsd": "2188.79",
    "updatedAt": "2025-03-05T18:41:42.868Z"
  },
  {
    "id": 531,
    "usdToUah": "41.59",
    "btcToUsd": "89221.00",
    "ethToUsd": "2188.79",
    "updatedAt": "2025-03-05T18:42:12.869Z"
  },
  {
    "id": 532,
    "usdToUah": "41.59",
    "btcToUsd": "89221.00",
    "ethToUsd": "2188.79",
    "updatedAt": "2025-03-05T18:42:42.870Z"
  },
  {
    "id": 533,
    "usdToUah": "41.59",
    "btcToUsd": "89221.00",
    "ethToUsd": "2188.79",
    "updatedAt": "2025-03-05T18:43:12.871Z"
  },
  {
    "id": 534,
    "usdToUah": "41.59",
    "btcToUsd": "89221.00",
    "ethToUsd": "2188.79",
    "updatedAt": "2025-03-05T18:43:42.872Z"
  },
  {
    "id": 535,
    "usdToUah": "41.59",
    "btcToUsd": "89221.00",
    "ethToUsd": "2188.79",
    "updatedAt": "2025-03-05T18:44:12.873Z"
  },
  {
    "id": 536,
    "usdToUah": "41.59",
    "btcToUsd": "89221.00",
    "ethToUsd": "2188.79",
    "updatedAt": "2025-03-05T18:44:42.874Z"
  },
  {
    "id": 537,
    "usdToUah": "41.59",
    "btcToUsd": "89221.00",
    "ethToUsd": "2188.79",
    "updatedAt": "2025-03-05T18:45:12.875Z"
  },
  {
    "id": 538,
    "usdToUah": "41.59",
    "btcToUsd": "89217.00",
    "ethToUsd": "2188.27",
    "updatedAt": "2025-03-05T18:45:43.181Z"
  },
  {
    "id": 539,
    "usdToUah": "41.59",
    "btcToUsd": "89217.00",
    "ethToUsd": "2188.27",
    "updatedAt": "2025-03-05T18:46:12.876Z"
  },
  {
    "id": 540,
    "usdToUah": "41.59",
    "btcToUsd": "89217.00",
    "ethToUsd": "2188.27",
    "updatedAt": "2025-03-05T18:46:42.877Z"
  },
  {
    "id": 541,
    "usdToUah": "41.59",
    "btcToUsd": "89217.00",
    "ethToUsd": "2188.27",
    "updatedAt": "2025-03-05T18:47:12.878Z"
  },
  {
    "id": 542,
    "usdToUah": "41.59",
    "btcToUsd": "89217.00",
    "ethToUsd": "2188.27",
    "updatedAt": "2025-03-05T18:47:42.879Z"
  },
  {
    "id": 543,
    "usdToUah": "41.59",
    "btcToUsd": "89217.00",
    "ethToUsd": "2188.27",
    "updatedAt": "2025-03-05T18:48:12.879Z"
  },
  {
    "id": 544,
    "usdToUah": "41.59",
    "btcToUsd": "89217.00",
    "ethToUsd": "2188.27",
    "updatedAt": "2025-03-05T18:48:42.879Z"
  },
  {
    "id": 545,
    "usdToUah": "41.59",
    "btcToUsd": "89217.00",
    "ethToUsd": "2188.27",
    "updatedAt": "2025-03-05T18:49:12.880Z"
  },
  {
    "id": 546,
    "usdToUah": "41.59",
    "btcToUsd": "89217.00",
    "ethToUsd": "2188.27",
    "updatedAt": "2025-03-05T18:49:42.880Z"
  },
  {
    "id": 547,
    "usdToUah": "41.59",
    "btcToUsd": "89217.00",
    "ethToUsd": "2188.27",
    "updatedAt": "2025-03-05T18:50:12.881Z"
  },
  {
    "id": 548,
    "usdToUah": "41.59",
    "btcToUsd": "89217.00",
    "ethToUsd": "2188.27",
    "updatedAt": "2025-03-05T18:50:42.881Z"
  },
  {
    "id": 549,
    "usdToUah": "41.59",
    "btcToUsd": "89222.00",
    "ethToUsd": "2193.05",
    "updatedAt": "2025-03-05T18:51:13.179Z"
  },
  {
    "id": 550,
    "usdToUah": "41.59",
    "btcToUsd": "89222.00",
    "ethToUsd": "2193.05",
    "updatedAt": "2025-03-05T18:51:42.883Z"
  },
  {
    "id": 551,
    "usdToUah": "41.59",
    "btcToUsd": "89222.00",
    "ethToUsd": "2193.05",
    "updatedAt": "2025-03-05T18:52:12.883Z"
  },
  {
    "id": 552,
    "usdToUah": "41.59",
    "btcToUsd": "89222.00",
    "ethToUsd": "2193.05",
    "updatedAt": "2025-03-05T18:52:42.883Z"
  },
  {
    "id": 553,
    "usdToUah": "41.59",
    "btcToUsd": "89222.00",
    "ethToUsd": "2193.05",
    "updatedAt": "2025-03-05T18:53:12.882Z"
  },
  {
    "id": 554,
    "usdToUah": "41.59",
    "btcToUsd": "89222.00",
    "ethToUsd": "2193.05",
    "updatedAt": "2025-03-05T18:53:42.883Z"
  },
  {
    "id": 555,
    "usdToUah": "41.59",
    "btcToUsd": "89222.00",
    "ethToUsd": "2193.05",
    "updatedAt": "2025-03-05T18:54:12.883Z"
  },
  {
    "id": 556,
    "usdToUah": "41.59",
    "btcToUsd": "89222.00",
    "ethToUsd": "2193.05",
    "updatedAt": "2025-03-05T18:54:42.886Z"
  },
  {
    "id": 557,
    "usdToUah": "41.59",
    "btcToUsd": "89222.00",
    "ethToUsd": "2193.05",
    "updatedAt": "2025-03-05T18:55:12.887Z"
  },
  {
    "id": 558,
    "usdToUah": "41.59",
    "btcToUsd": "89222.00",
    "ethToUsd": "2193.05",
    "updatedAt": "2025-03-05T18:55:42.888Z"
  },
  {
    "id": 559,
    "usdToUah": "41.59",
    "btcToUsd": "89222.00",
    "ethToUsd": "2193.05",
    "updatedAt": "2025-03-05T18:56:12.890Z"
  },
  {
    "id": 560,
    "usdToUah": "41.59",
    "btcToUsd": "89537.00",
    "ethToUsd": "2199.80",
    "updatedAt": "2025-03-05T18:56:43.200Z"
  },
  {
    "id": 561,
    "usdToUah": "41.59",
    "btcToUsd": "89537.00",
    "ethToUsd": "2199.80",
    "updatedAt": "2025-03-05T18:57:12.891Z"
  },
  {
    "id": 562,
    "usdToUah": "41.59",
    "btcToUsd": "89537.00",
    "ethToUsd": "2199.80",
    "updatedAt": "2025-03-05T18:57:42.892Z"
  },
  {
    "id": 563,
    "usdToUah": "41.59",
    "btcToUsd": "89537.00",
    "ethToUsd": "2199.80",
    "updatedAt": "2025-03-05T18:58:12.893Z"
  },
  {
    "id": 564,
    "usdToUah": "41.59",
    "btcToUsd": "89537.00",
    "ethToUsd": "2199.80",
    "updatedAt": "2025-03-05T18:58:42.894Z"
  },
  {
    "id": 565,
    "usdToUah": "41.59",
    "btcToUsd": "89537.00",
    "ethToUsd": "2199.80",
    "updatedAt": "2025-03-05T18:59:12.895Z"
  },
  {
    "id": 566,
    "usdToUah": "41.59",
    "btcToUsd": "89537.00",
    "ethToUsd": "2199.80",
    "updatedAt": "2025-03-05T18:59:42.896Z"
  },
  {
    "id": 567,
    "usdToUah": "41.59",
    "btcToUsd": "89537.00",
    "ethToUsd": "2199.80",
    "updatedAt": "2025-03-05T19:00:12.897Z"
  },
  {
    "id": 568,
    "usdToUah": "41.59",
    "btcToUsd": "89537.00",
    "ethToUsd": "2199.80",
    "updatedAt": "2025-03-05T19:00:42.898Z"
  },
  {
    "id": 569,
    "usdToUah": "41.59",
    "btcToUsd": "89537.00",
    "ethToUsd": "2199.80",
    "updatedAt": "2025-03-05T19:01:12.899Z"
  },
  {
    "id": 570,
    "usdToUah": "41.59",
    "btcToUsd": "89537.00",
    "ethToUsd": "2199.80",
    "updatedAt": "2025-03-05T19:01:42.901Z"
  },
  {
    "id": 571,
    "usdToUah": "41.59",
    "btcToUsd": "89744.00",
    "ethToUsd": "2204.67",
    "updatedAt": "2025-03-05T19:02:13.237Z"
  },
  {
    "id": 572,
    "usdToUah": "41.59",
    "btcToUsd": "89744.00",
    "ethToUsd": "2204.67",
    "updatedAt": "2025-03-05T19:02:42.902Z"
  },
  {
    "id": 573,
    "usdToUah": "41.59",
    "btcToUsd": "89744.00",
    "ethToUsd": "2204.67",
    "updatedAt": "2025-03-05T19:03:12.902Z"
  },
  {
    "id": 574,
    "usdToUah": "41.59",
    "btcToUsd": "89744.00",
    "ethToUsd": "2204.67",
    "updatedAt": "2025-03-05T19:03:42.903Z"
  },
  {
    "id": 575,
    "usdToUah": "41.59",
    "btcToUsd": "89744.00",
    "ethToUsd": "2204.67",
    "updatedAt": "2025-03-05T19:04:12.903Z"
  },
  {
    "id": 576,
    "usdToUah": "41.59",
    "btcToUsd": "89744.00",
    "ethToUsd": "2204.67",
    "updatedAt": "2025-03-05T19:04:42.904Z"
  },
  {
    "id": 577,
    "usdToUah": "41.59",
    "btcToUsd": "89744.00",
    "ethToUsd": "2204.67",
    "updatedAt": "2025-03-05T19:05:12.904Z"
  },
  {
    "id": 578,
    "usdToUah": "41.59",
    "btcToUsd": "89744.00",
    "ethToUsd": "2204.67",
    "updatedAt": "2025-03-05T19:05:42.904Z"
  },
  {
    "id": 579,
    "usdToUah": "41.59",
    "btcToUsd": "89744.00",
    "ethToUsd": "2204.67",
    "updatedAt": "2025-03-05T19:06:12.904Z"
  },
  {
    "id": 580,
    "usdToUah": "41.59",
    "btcToUsd": "89744.00",
    "ethToUsd": "2204.67",
    "updatedAt": "2025-03-05T19:06:42.904Z"
  },
  {
    "id": 581,
    "usdToUah": "41.59",
    "btcToUsd": "89744.00",
    "ethToUsd": "2204.67",
    "updatedAt": "2025-03-05T19:07:12.904Z"
  },
  {
    "id": 582,
    "usdToUah": "41.59",
    "btcToUsd": "90166.00",
    "ethToUsd": "2216.38",
    "updatedAt": "2025-03-05T19:07:43.217Z"
  },
  {
    "id": 583,
    "usdToUah": "41.59",
    "btcToUsd": "90166.00",
    "ethToUsd": "2216.38",
    "updatedAt": "2025-03-05T19:08:12.906Z"
  },
  {
    "id": 584,
    "usdToUah": "41.59",
    "btcToUsd": "90166.00",
    "ethToUsd": "2216.38",
    "updatedAt": "2025-03-05T19:08:42.906Z"
  },
  {
    "id": 585,
    "usdToUah": "41.59",
    "btcToUsd": "89825.00",
    "ethToUsd": "2216.41",
    "updatedAt": "2025-03-05T19:56:53.176Z"
  },
  {
    "id": 586,
    "usdToUah": "41.59",
    "btcToUsd": "89825.00",
    "ethToUsd": "2216.41",
    "updatedAt": "2025-03-05T19:57:20.868Z"
  },
  {
    "id": 587,
    "usdToUah": "41.59",
    "btcToUsd": "89825.00",
    "ethToUsd": "2216.41",
    "updatedAt": "2025-03-05T19:57:50.869Z"
  },
  {
    "id": 588,
    "usdToUah": "41.59",
    "btcToUsd": "89825.00",
    "ethToUsd": "2216.41",
    "updatedAt": "2025-03-05T19:58:20.870Z"
  },
  {
    "id": 589,
    "usdToUah": "41.59",
    "btcToUsd": "89825.00",
    "ethToUsd": "2216.41",
    "updatedAt": "2025-03-05T19:58:50.869Z"
  },
  {
    "id": 590,
    "usdToUah": "41.59",
    "btcToUsd": "89825.00",
    "ethToUsd": "2216.41",
    "updatedAt": "2025-03-05T19:59:20.870Z"
  },
  {
    "id": 591,
    "usdToUah": "41.59",
    "btcToUsd": "89893.00",
    "ethToUsd": "2219.68",
    "updatedAt": "2025-03-05T19:59:44.172Z"
  },
  {
    "id": 592,
    "usdToUah": "41.59",
    "btcToUsd": "89893.00",
    "ethToUsd": "2219.68",
    "updatedAt": "2025-03-05T20:00:13.385Z"
  },
  {
    "id": 593,
    "usdToUah": "41.59",
    "btcToUsd": "89893.00",
    "ethToUsd": "2219.68",
    "updatedAt": "2025-03-05T20:00:43.386Z"
  },
  {
    "id": 594,
    "usdToUah": "41.59",
    "btcToUsd": "89893.00",
    "ethToUsd": "2219.68",
    "updatedAt": "2025-03-05T20:01:13.387Z"
  },
  {
    "id": 595,
    "usdToUah": "41.59",
    "btcToUsd": "89893.00",
    "ethToUsd": "2219.68",
    "updatedAt": "2025-03-05T20:01:43.386Z"
  },
  {
    "id": 596,
    "usdToUah": "41.59",
    "btcToUsd": "89893.00",
    "ethToUsd": "2219.68",
    "updatedAt": "2025-03-05T20:02:13.386Z"
  },
  {
    "id": 597,
    "usdToUah": "41.59",
    "btcToUsd": "89893.00",
    "ethToUsd": "2219.68",
    "updatedAt": "2025-03-05T20:02:43.387Z"
  },
  {
    "id": 598,
    "usdToUah": "41.59",
    "btcToUsd": "89893.00",
    "ethToUsd": "2219.68",
    "updatedAt": "2025-03-05T20:03:13.387Z"
  },
  {
    "id": 599,
    "usdToUah": "41.59",
    "btcToUsd": "89893.00",
    "ethToUsd": "2219.68",
    "updatedAt": "2025-03-05T20:03:43.388Z"
  },
  {
    "id": 600,
    "usdToUah": "41.59",
    "btcToUsd": "89893.00",
    "ethToUsd": "2219.68",
    "updatedAt": "2025-03-05T20:04:13.388Z"
  },
  {
    "id": 601,
    "usdToUah": "41.59",
    "btcToUsd": "89893.00",
    "ethToUsd": "2219.68",
    "updatedAt": "2025-03-05T20:04:43.387Z"
  },
  {
    "id": 602,
    "usdToUah": "41.59",
    "btcToUsd": "89989.00",
    "ethToUsd": "2222.59",
    "updatedAt": "2025-03-05T20:05:13.621Z"
  },
  {
    "id": 603,
    "usdToUah": "41.59",
    "btcToUsd": "89989.00",
    "ethToUsd": "2222.59",
    "updatedAt": "2025-03-05T20:05:43.388Z"
  },
  {
    "id": 604,
    "usdToUah": "41.59",
    "btcToUsd": "89989.00",
    "ethToUsd": "2222.59",
    "updatedAt": "2025-03-05T20:06:13.390Z"
  },
  {
    "id": 605,
    "usdToUah": "41.59",
    "btcToUsd": "89989.00",
    "ethToUsd": "2222.59",
    "updatedAt": "2025-03-05T20:06:43.390Z"
  },
  {
    "id": 606,
    "usdToUah": "41.59",
    "btcToUsd": "89989.00",
    "ethToUsd": "2222.59",
    "updatedAt": "2025-03-05T20:07:13.391Z"
  },
  {
    "id": 607,
    "usdToUah": "41.59",
    "btcToUsd": "89989.00",
    "ethToUsd": "2222.59",
    "updatedAt": "2025-03-05T20:07:43.392Z"
  },
  {
    "id": 608,
    "usdToUah": "41.59",
    "btcToUsd": "89989.00",
    "ethToUsd": "2222.59",
    "updatedAt": "2025-03-05T20:08:13.393Z"
  },
  {
    "id": 609,
    "usdToUah": "41.59",
    "btcToUsd": "89989.00",
    "ethToUsd": "2222.59",
    "updatedAt": "2025-03-05T20:08:43.394Z"
  }
]