{
  "users": [
    {
      "id": 1,
      "username": "admin",
      "password": "73992c62ca47be0e8d949ad8df64324bae8f542007c0f2ef886f1b39418963c8b4ccc9c63939340a0a0f9c96d170dd0705075c728a35c76e3c340650970417cc.32567ef87fc584ec22cea70d4dbd6f46",
      "is_regulator": true,
      "regulator_balance": "1.50000000",
      "last_nft_generation": null,
      "nft_generation_count": 0
    },
    {
      "id": 2,
      "username": "Kich32",
      "password": "dda845d60595df05ca8c90a32c72f721eaa6f73bfa8a25a063f1981fe45b87910c31bc45a7724ab945b1a9e33a0a68b08e2296fb73b960877d85c57b42ac5ff7.e307a6994d6eb04c87392ce530309630",
      "is_regulator": false,
      "regulator_balance": "0.00000000",
      "last_nft_generation": null,
      "nft_generation_count": 0
    },
    {
      "id": 3,
      "username": "Tod Kolinsk",
      "password": "5ef77cb19fc9406965acb4e028683a124ca1ebb17b338208661127275f108424d8af6b26dea963f3570d1d8939d2ec7a4a8b32fc191a9551832e611a90b4ac4d.a877e8fe8f6f620a3a7589d048534602",
      "is_regulator": false,
      "regulator_balance": "0.00000000",
      "last_nft_generation": null,
      "nft_generation_count": 0
    },
    {
      "id": 4,
      "username": "olektreyd@gmail.com",
      "password": "9187c19246b7ef132ba5cff07bf1a528b8e19c112dbdaea27045df3e77408c479bac1a59225e4aef6409f1aa337cd490cebbdf50866d478477d01aac95184c6e.440d8cd7817ef5d331a7345b64eb6b41",
      "is_regulator": false,
      "regulator_balance": "0.00000000",
      "last_nft_generation": null,
      "nft_generation_count": 0
    },
    {
      "id": 5,
      "username": "Nikita",
      "password": "c6e6ad1df7ccd60cb6d2948ae04ac83da3e8608a37f544f7650c52c5271c027e6aa6aa8cf5618cfd951ee33fd6a2a83b0badfc2ad2992d8e3e54ad5f0e110553.345c80e97a319d2a0a275f7031c672b3",
      "is_regulator": false,
      "regulator_balance": "0.00000000",
      "last_nft_generation": null,
      "nft_generation_count": 0
    },
    {
      "id": 6,
      "username": "Maksim4440432",
      "password": "07f040ac39b3254bcbf515cab85c28458bb1c85f31533340fae085449eddc73095dd1d37f1d5c132fdcf2df6d116aef9af57f511208936af7745c0ff87330d9c.3bc39831b34601ec4b225bb10900ea4c",
      "is_regulator": false,
      "regulator_balance": "0.00000000",
      "last_nft_generation": null,
      "nft_generation_count": 0
    }
  ],
  "cards": [
    {
      "id": 1,
      "userId": 1,
      "type": "crypto",
      "number": "4532015112830366",
      "expiry": "12/27",
      "cvv": "123",
      "balance": "0.00000000",
      "btcBalance": "1.23456789",
      "ethBalance": "0.50000000",
      "btcAddress": "bc1q123...",
      "ethAddress": "0x123..."
    },
    {
      "id": 2,
      "userId": 1,
      "type": "usd",
      "number": "4532015112830367",
      "expiry": "12/27",
      "cvv": "124",
      "balance": "1000.00000000",
      "btcBalance": "0.00000000",
      "ethBalance": "0.00000000",
      "btcAddress": null,
      "ethAddress": null
    },
    {
      "id": 3,
      "userId": 1,
      "type": "uah",
      "number": "4532015112830368",
      "expiry": "12/27",
      "cvv": "125",
      "balance": "25000.00000000",
      "btcBalance": "0.00000000",
      "ethBalance": "0.00000000",
      "btcAddress": null,
      "ethAddress": null
    },
    {
      "id": 4,
      "userId": 2,
      "type": "crypto",
      "number": "4532015112830369",
      "expiry": "12/27",
      "cvv": "126",
      "balance": "0.00000000",
      "btcBalance": "0.50000000",
      "ethBalance": "0.10000000",
      "btcAddress": "bc1q456...",
      "ethAddress": "0x456..."
    },
    {
      "id": 5,
      "userId": 2,
      "type": "usd",
      "number": "4532015112830370",
      "expiry": "12/27",
      "cvv": "127",
      "balance": "500.00000000",
      "btcBalance": "0.00000000",
      "ethBalance": "0.00000000",
      "btcAddress": null,
      "ethAddress": null
    },
    {
      "id": 6,
      "userId": 2,
      "type": "uah",
      "number": "4532015112830371",
      "expiry": "12/27",
      "cvv": "128",
      "balance": "15000.00000000",
      "btcBalance": "0.00000000",
      "ethBalance": "0.00000000",
      "btcAddress": null,
      "ethAddress": null
    },
    {
      "id": 7,
      "userId": 3,
      "type": "crypto",
      "number": "4532015112830372",
      "expiry": "12/27",
      "cvv": "129",
      "balance": "0.00000000",
      "btcBalance": "0.30000000",
      "ethBalance": "0.05000000",
      "btcAddress": "bc1q789...",
      "ethAddress": "0x789..."
    },
    {
      "id": 8,
      "userId": 3,
      "type": "usd",
      "number": "4532015112830373",
      "expiry": "12/27",
      "cvv": "130",
      "balance": "300.00000000",
      "btcBalance": "0.00000000",
      "ethBalance": "0.00000000",
      "btcAddress": null,
      "ethAddress": null
    },
    {
      "id": 9,
      "userId": 3,
      "type": "uah",
      "number": "4532015112830374",
      "expiry": "12/27",
      "cvv": "131",
      "balance": "9000.00000000",
      "btcBalance": "0.00000000",
      "ethBalance": "0.00000000",
      "btcAddress": null,
      "ethAddress": null
    },
    {
      "id": 10,
      "userId": 4,
      "type": "crypto",
      "number": "4532015112830375",
      "expiry": "12/27",
      "cvv": "132",
      "balance": "0.00000000",
      "btcBalance": "0.15000000",
      "ethBalance": "0.02000000",
      "btcAddress": "bc1qabc...",
      "ethAddress": "0xabc..."
    },
    {
      "id": 11,
      "userId": 4,
      "type": "usd",
      "number": "4532015112830376",
      "expiry": "12/27",
      "cvv": "133",
      "balance": "200.00000000",
      "btcBalance": "0.00000000",
      "ethBalance": "0.00000000",
      "btcAddress": null,
      "ethAddress": null
    },
    {
      "id": 12,
      "userId": 4,
      "type": "uah",
      "number": "4532015112830377",
      "expiry": "12/27",
      "cvv": "134",
      "balance": "6000.00000000",
      "btcBalance": "0.00000000",
      "ethBalance": "0.00000000",
      "btcAddress": null,
      "ethAddress": null
    },
    {
      "id": 13,
      "userId": 5,
      "type": "crypto",
      "number": "4532015112830378",
      "expiry": "12/27",
      "cvv": "135",
      "balance": "0.00000000",
      "btcBalance": "0.25000000",
      "ethBalance": "0.03000000",
      "btcAddress": "bc1qdef...",
      "ethAddress": "0xdef..."
    },
    {
      "id": 14,
      "userId": 5,
      "type": "usd",
      "number": "4532015112830379",
      "expiry": "12/27",
      "cvv": "136",
      "balance": "400.00000000",
      "btcBalance": "0.00000000",
      "ethBalance": "0.00000000",
      "btcAddress": null,
      "ethAddress": null
    },
    {
      "id": 15,
      "userId": 5,
      "type": "uah",
      "number": "4532015112830380",
      "expiry": "12/27",
      "cvv": "137",
      "balance": "12000.00000000",
      "btcBalance": "0.00000000",
      "ethBalance": "0.00000000",
      "btcAddress": null,
      "ethAddress": null
    },
    {
      "id": 16,
      "userId": 6,
      "type": "crypto",
      "number": "4532015112830381",
      "expiry": "12/27",
      "cvv": "138",
      "balance": "0.00000000",
      "btcBalance": "0.35000000",
      "ethBalance": "0.04000000",
      "btcAddress": "bc1qghi...",
      "ethAddress": "0xghi..."
    },
    {
      "id": 17,
      "userId": 6,
      "type": "usd",
      "number": "4532015112830382",
      "expiry": "12/27",
      "cvv": "139",
      "balance": "600.00000000",
      "btcBalance": "0.00000000",
      "ethBalance": "0.00000000",
      "btcAddress": null,
      "ethAddress": null
    },
    {
      "id": 18,
      "userId": 6,
      "type": "uah",
      "number": "4532015112830383",
      "expiry": "12/27",
      "cvv": "140",
      "balance": "18000.00000000",
      "btcBalance": "0.00000000",
      "ethBalance": "0.00000000",
      "btcAddress": null,
      "ethAddress": null
    }
  ],
  "transactions": [
    {
      "id": 1,
      "fromCardId": 1,
      "toCardId": 2,
      "amount": "0.10000000",
      "convertedAmount": "5000.00000000",
      "type": "transfer",
      "wallet": null,
      "status": "completed",
      "createdAt": "2025-03-04T10:00:00.000Z",
      "description": "Перевод BTC в USD",
      "fromCardNumber": "4532015112830366",
      "toCardNumber": "4532015112830367"
    },
    {
      "id": 2,
      "fromCardId": 2,
      "toCardId": 3,
      "amount": "100.00000000",
      "convertedAmount": "3700.00000000",
      "type": "transfer",
      "wallet": null,
      "status": "completed",
      "createdAt": "2025-03-04T11:00:00.000Z",
      "description": "Перевод USD в UAH",
      "fromCardNumber": "4532015112830367",
      "toCardNumber": "4532015112830368"
    },
    {
      "id": 3,
      "fromCardId": 4,
      "toCardId": 5,
      "amount": "0.05000000",
      "convertedAmount": "2500.00000000",
      "type": "transfer",
      "wallet": null,
      "status": "completed",
      "createdAt": "2025-03-04T12:00:00.000Z",
      "description": "Перевод BTC в USD",
      "fromCardNumber": "4532015112830369",
      "toCardNumber": "4532015112830370"
    },
    {
      "id": 4,
      "fromCardId": 5,
      "toCardId": 6,
      "amount": "50.00000000",
      "convertedAmount": "1850.00000000",
      "type": "transfer",
      "wallet": null,
      "status": "completed",
      "createdAt": "2025-03-04T13:00:00.000Z",
      "description": "Перевод USD в UAH",
      "fromCardNumber": "4532015112830370",
      "toCardNumber": "4532015112830371"
    },
    {
      "id": 5,
      "fromCardId": 7,
      "toCardId": 8,
      "amount": "0.03000000",
      "convertedAmount": "1500.00000000",
      "type": "transfer",
      "wallet": null,
      "status": "completed",
      "createdAt": "2025-03-04T14:00:00.000Z",
      "description": "Перевод BTC в USD",
      "fromCardNumber": "4532015112830372",
      "toCardNumber": "4532015112830373"
    },
    {
      "id": 6,
      "fromCardId": 8,
      "toCardId": 9,
      "amount": "30.00000000",
      "convertedAmount": "1110.00000000",
      "type": "transfer",
      "wallet": null,
      "status": "completed",
      "createdAt": "2025-03-04T15:00:00.000Z",
      "description": "Перевод USD в UAH",
      "fromCardNumber": "4532015112830373",
      "toCardNumber": "4532015112830374"
    },
    {
      "id": 7,
      "fromCardId": 10,
      "toCardId": 11,
      "amount": "0.02000000",
      "convertedAmount": "1000.00000000",
      "type": "transfer",
      "wallet": null,
      "status": "completed",
      "createdAt": "2025-03-04T16:00:00.000Z",
      "description": "Перевод BTC в USD",
      "fromCardNumber": "4532015112830375",
      "toCardNumber": "4532015112830376"
    },
    {
      "id": 8,
      "fromCardId": 11,
      "toCardId": 12,
      "amount": "20.00000000",
      "convertedAmount": "740.00000000",
      "type": "transfer",
      "wallet": null,
      "status": "completed",
      "createdAt": "2025-03-04T17:00:00.000Z",
      "description": "Перевод USD в UAH",
      "fromCardNumber": "4532015112830376",
      "toCardNumber": "4532015112830377"
    },
    {
      "id": 9,
      "fromCardId": 13,
      "toCardId": 14,
      "amount": "0.02500000",
      "convertedAmount": "1250.00000000",
      "type": "transfer",
      "wallet": null,
      "status": "completed",
      "createdAt": "2025-03-04T18:00:00.000Z",
      "description": "Перевод BTC в USD",
      "fromCardNumber": "4532015112830378",
      "toCardNumber": "4532015112830379"
    },
    {
      "id": 10,
      "fromCardId": 14,
      "toCardId": 15,
      "amount": "25.00000000",
      "convertedAmount": "925.00000000",
      "type": "transfer",
      "wallet": null,
      "status": "completed",
      "createdAt": "2025-03-04T19:00:00.000Z",
      "description": "Перевод USD в UAH",
      "fromCardNumber": "4532015112830379",
      "toCardNumber": "4532015112830380"
    },
    {
      "id": 11,
      "fromCardId": 16,
      "toCardId": 17,
      "amount": "0.03500000",
      "convertedAmount": "1750.00000000",
      "type": "transfer",
      "wallet": null,
      "status": "completed",
      "createdAt": "2025-03-04T20:00:00.000Z",
      "description": "Перевод BTC в USD",
      "fromCardNumber": "4532015112830381",
      "toCardNumber": "4532015112830382"
    },
    {
      "id": 12,
      "fromCardId": 17,
      "toCardId": 18,
      "amount": "35.00000000",
      "convertedAmount": "1295.00000000",
      "type": "transfer",
      "wallet": null,
      "status": "completed",
      "createdAt": "2025-03-04T21:00:00.000Z",
      "description": "Перевод USD в UAH",
      "fromCardNumber": "4532015112830382",
      "toCardNumber": "4532015112830383"
    },
    {
      "id": 13,
      "fromCardId": 1,
      "toCardId": null,
      "amount": "0.01000000",
      "convertedAmount": "0.01000000",
      "type": "transfer",
      "wallet": "bc1qexternal...",
      "status": "completed",
      "createdAt": "2025-03-04T22:00:00.000Z",
      "description": "Перевод BTC на внешний адрес",
      "fromCardNumber": "4532015112830366",
      "toCardNumber": "EXTERNAL"
    }
  ],
  "rates": [
    {
      "id": 1,
      "usdToUah": "37.00",
      "btcToUsd": "50000.00",
      "ethToUsd": "3000.00",
      "updatedAt": "2025-03-04T23:00:00.000Z"
    },
    {
      "id": 431,
      "usdToUah": "41.59",
      "btcToUsd": "89502.00",
      "ethToUsd": "2189.58",
      "updatedAt": "2025-03-05T17:52:28.718Z"
    }
  ],
  "backupDate": "2025-03-05T17-52-54-498Z",
  "version": "1.0"
}