[
  {
    "id": 1,
    "userId": 1,
    "type": "crypto",
    "number": "4532015112830366",
    "expiry": "12/27",
    "cvv": "123",
    "balance": "0.00000000",
    "btcBalance": "1.23456789",
    "ethBalance": "0.50000000",
    "btcAddress": "bc1q123...",
    "ethAddress": "0x123..."
  },
  {
    "id": 2,
    "userId": 1,
    "type": "usd",
    "number": "4532015112830367",
    "expiry": "12/27",
    "cvv": "124",
    "balance": "1000.00000000",
    "btcBalance": "0.00000000",
    "ethBalance": "0.00000000",
    "btcAddress": null,
    "ethAddress": null
  },
  {
    "id": 3,
    "userId": 1,
    "type": "uah",
    "number": "4532015112830368",
    "expiry": "12/27",
    "cvv": "125",
    "balance": "25000.00000000",
    "btcBalance": "0.00000000",
    "ethBalance": "0.00000000",
    "btcAddress": null,
    "ethAddress": null
  },
  {
    "id": 4,
    "userId": 2,
    "type": "crypto",
    "number": "4532015112830369",
    "expiry": "12/27",
    "cvv": "126",
    "balance": "0.00000000",
    "btcBalance": "0.50000000",
    "ethBalance": "0.10000000",
    "btcAddress": "bc1q456...",
    "ethAddress": "0x456..."
  },
  {
    "id": 5,
    "userId": 2,
    "type": "usd",
    "number": "4532015112830370",
    "expiry": "12/27",
    "cvv": "127",
    "balance": "500.00000000",
    "btcBalance": "0.00000000",
    "ethBalance": "0.00000000",
    "btcAddress": null,
    "ethAddress": null
  },
  {
    "id": 6,
    "userId": 2,
    "type": "uah",
    "number": "4532015112830371",
    "expiry": "12/27",
    "cvv": "128",
    "balance": "15000.00000000",
    "btcBalance": "0.00000000",
    "ethBalance": "0.00000000",
    "btcAddress": null,
    "ethAddress": null
  },
  {
    "id": 7,
    "userId": 3,
    "type": "crypto",
    "number": "4532015112830372",
    "expiry": "12/27",
    "cvv": "129",
    "balance": "0.00000000",
    "btcBalance": "0.30000000",
    "ethBalance": "0.05000000",
    "btcAddress": "bc1q789...",
    "ethAddress": "0x789..."
  },
  {
    "id": 8,
    "userId": 3,
    "type": "usd",
    "number": "4532015112830373",
    "expiry": "12/27",
    "cvv": "130",
    "balance": "300.00000000",
    "btcBalance": "0.00000000",
    "ethBalance": "0.00000000",
    "btcAddress": null,
    "ethAddress": null
  },
  {
    "id": 9,
    "userId": 3,
    "type": "uah",
    "number": "4532015112830374",
    "expiry": "12/27",
    "cvv": "131",
    "balance": "9000.00000000",
    "btcBalance": "0.00000000",
    "ethBalance": "0.00000000",
    "btcAddress": null,
    "ethAddress": null
  },
  {
    "id": 10,
    "userId": 4,
    "type": "crypto",
    "number": "4532015112830375",
    "expiry": "12/27",
    "cvv": "132",
    "balance": "0.00000000",
    "btcBalance": "0.15000000",
    "ethBalance": "0.02000000",
    "btcAddress": "bc1qabc...",
    "ethAddress": "0xabc..."
  },
  {
    "id": 11,
    "userId": 4,
    "type": "usd",
    "number": "4532015112830376",
    "expiry": "12/27",
    "cvv": "133",
    "balance": "200.00000000",
    "btcBalance": "0.00000000",
    "ethBalance": "0.00000000",
    "btcAddress": null,
    "ethAddress": null
  },
  {
    "id": 12,
    "userId": 4,
    "type": "uah",
    "number": "4532015112830377",
    "expiry": "12/27",
    "cvv": "134",
    "balance": "6000.00000000",
    "btcBalance": "0.00000000",
    "ethBalance": "0.00000000",
    "btcAddress": null,
    "ethAddress": null
  },
  {
    "id": 13,
    "userId": 5,
    "type": "crypto",
    "number": "4532015112830378",
    "expiry": "12/27",
    "cvv": "135",
    "balance": "0.00000000",
    "btcBalance": "0.25000000",
    "ethBalance": "0.03000000",
    "btcAddress": "bc1qdef...",
    "ethAddress": "0xdef..."
  },
  {
    "id": 14,
    "userId": 5,
    "type": "usd",
    "number": "4532015112830379",
    "expiry": "12/27",
    "cvv": "136",
    "balance": "400.00000000",
    "btcBalance": "0.00000000",
    "ethBalance": "0.00000000",
    "btcAddress": null,
    "ethAddress": null
  },
  {
    "id": 15,
    "userId": 5,
    "type": "uah",
    "number": "4532015112830380",
    "expiry": "12/27",
    "cvv": "137",
    "balance": "12000.00000000",
    "btcBalance": "0.00000000",
    "ethBalance": "0.00000000",
    "btcAddress": null,
    "ethAddress": null
  },
  {
    "id": 16,
    "userId": 6,
    "type": "crypto",
    "number": "4532015112830381",
    "expiry": "12/27",
    "cvv": "138",
    "balance": "0.00000000",
    "btcBalance": "0.35000000",
    "ethBalance": "0.04000000",
    "btcAddress": "bc1qghi...",
    "ethAddress": "0xghi..."
  },
  {
    "id": 17,
    "userId": 6,
    "type": "usd",
    "number": "4532015112830382",
    "expiry": "12/27",
    "cvv": "139",
    "balance": "600.00000000",
    "btcBalance": "0.00000000",
    "ethBalance": "0.00000000",
    "btcAddress": null,
    "ethAddress": null
  },
  {
    "id": 18,
    "userId": 6,
    "type": "uah",
    "number": "4532015112830383",
    "expiry": "12/27",
    "cvv": "140",
    "balance": "18000.00000000",
    "btcBalance": "0.00000000",
    "ethBalance": "0.00000000",
    "btcAddress": null,
    "ethAddress": null
  }
]