[
  {
    "id": 1,
    "fromCardId": 1,
    "toCardId": 2,
    "amount": "0.10000000",
    "convertedAmount": "5000.00000000",
    "type": "transfer",
    "wallet": null,
    "status": "completed",
    "createdAt": "2025-03-04T10:00:00.000Z",
    "description": "Перевод BTC в USD",
    "fromCardNumber": "4532015112830366",
    "toCardNumber": "4532015112830367"
  },
  {
    "id": 2,
    "fromCardId": 2,
    "toCardId": 3,
    "amount": "100.00000000",
    "convertedAmount": "3700.00000000",
    "type": "transfer",
    "wallet": null,
    "status": "completed",
    "createdAt": "2025-03-04T11:00:00.000Z",
    "description": "Перевод USD в UAH",
    "fromCardNumber": "4532015112830367",
    "toCardNumber": "4532015112830368"
  },
  {
    "id": 3,
    "fromCardId": 4,
    "toCardId": 5,
    "amount": "0.05000000",
    "convertedAmount": "2500.00000000",
    "type": "transfer",
    "wallet": null,
    "status": "completed",
    "createdAt": "2025-03-04T12:00:00.000Z",
    "description": "Перевод BTC в USD",
    "fromCardNumber": "4532015112830369",
    "toCardNumber": "4532015112830370"
  },
  {
    "id": 4,
    "fromCardId": 5,
    "toCardId": 6,
    "amount": "50.00000000",
    "convertedAmount": "1850.00000000",
    "type": "transfer",
    "wallet": null,
    "status": "completed",
    "createdAt": "2025-03-04T13:00:00.000Z",
    "description": "Перевод USD в UAH",
    "fromCardNumber": "4532015112830370",
    "toCardNumber": "4532015112830371"
  },
  {
    "id": 5,
    "fromCardId": 7,
    "toCardId": 8,
    "amount": "0.03000000",
    "convertedAmount": "1500.00000000",
    "type": "transfer",
    "wallet": null,
    "status": "completed",
    "createdAt": "2025-03-04T14:00:00.000Z",
    "description": "Перевод BTC в USD",
    "fromCardNumber": "4532015112830372",
    "toCardNumber": "4532015112830373"
  },
  {
    "id": 6,
    "fromCardId": 8,
    "toCardId": 9,
    "amount": "30.00000000",
    "convertedAmount": "1110.00000000",
    "type": "transfer",
    "wallet": null,
    "status": "completed",
    "createdAt": "2025-03-04T15:00:00.000Z",
    "description": "Перевод USD в UAH",
    "fromCardNumber": "4532015112830373",
    "toCardNumber": "4532015112830374"
  },
  {
    "id": 7,
    "fromCardId": 10,
    "toCardId": 11,
    "amount": "0.02000000",
    "convertedAmount": "1000.00000000",
    "type": "transfer",
    "wallet": null,
    "status": "completed",
    "createdAt": "2025-03-04T16:00:00.000Z",
    "description": "Перевод BTC в USD",
    "fromCardNumber": "4532015112830375",
    "toCardNumber": "4532015112830376"
  },
  {
    "id": 8,
    "fromCardId": 11,
    "toCardId": 12,
    "amount": "20.00000000",
    "convertedAmount": "740.00000000",
    "type": "transfer",
    "wallet": null,
    "status": "completed",
    "createdAt": "2025-03-04T17:00:00.000Z",
    "description": "Перевод USD в UAH",
    "fromCardNumber": "4532015112830376",
    "toCardNumber": "4532015112830377"
  },
  {
    "id": 9,
    "fromCardId": 13,
    "toCardId": 14,
    "amount": "0.02500000",
    "convertedAmount": "1250.00000000",
    "type": "transfer",
    "wallet": null,
    "status": "completed",
    "createdAt": "2025-03-04T18:00:00.000Z",
    "description": "Перевод BTC в USD",
    "fromCardNumber": "4532015112830378",
    "toCardNumber": "4532015112830379"
  },
  {
    "id": 10,
    "fromCardId": 14,
    "toCardId": 15,
    "amount": "25.00000000",
    "convertedAmount": "925.00000000",
    "type": "transfer",
    "wallet": null,
    "status": "completed",
    "createdAt": "2025-03-04T19:00:00.000Z",
    "description": "Перевод USD в UAH",
    "fromCardNumber": "4532015112830379",
    "toCardNumber": "4532015112830380"
  },
  {
    "id": 11,
    "fromCardId": 16,
    "toCardId": 17,
    "amount": "0.03500000",
    "convertedAmount": "1750.00000000",
    "type": "transfer",
    "wallet": null,
    "status": "completed",
    "createdAt": "2025-03-04T20:00:00.000Z",
    "description": "Перевод BTC в USD",
    "fromCardNumber": "4532015112830381",
    "toCardNumber": "4532015112830382"
  },
  {
    "id": 12,
    "fromCardId": 17,
    "toCardId": 18,
    "amount": "35.00000000",
    "convertedAmount": "1295.00000000",
    "type": "transfer",
    "wallet": null,
    "status": "completed",
    "createdAt": "2025-03-04T21:00:00.000Z",
    "description": "Перевод USD в UAH",
    "fromCardNumber": "4532015112830382",
    "toCardNumber": "4532015112830383"
  },
  {
    "id": 13,
    "fromCardId": 1,
    "toCardId": null,
    "amount": "0.01000000",
    "convertedAmount": "0.01000000",
    "type": "transfer",
    "wallet": "bc1qexternal...",
    "status": "completed",
    "createdAt": "2025-03-04T22:00:00.000Z",
    "description": "Перевод BTC на внешний адрес",
    "fromCardNumber": "4532015112830366",
    "toCardNumber": "EXTERNAL"
  }
]