[
  {
    "id": 1,
    "username": "maksim88",
    "password": "zh5S4n7CmpDFBpn",
    "is_regulator": false,
    "regulator_balance": "0.00000000",
    "last_nft_generation": null,
    "nft_generation_count": 0
  },
  {
    "id": 4,
    "username": "Durov1",
    "password": "sxy8Mnm3jxiFaVT",
    "is_regulator": false,
    "regulator_balance": "0.00000000",
    "last_nft_generation": null,
    "nft_generation_count": 0
  },
  {
    "id": 5,
    "username": "DianaTomkina",
    "password": "A12345678",
    "is_regulator": false,
    "regulator_balance": "0.00000000",
    "last_nft_generation": null,
    "nft_generation_count": 0
  },
  {
    "id": 3,
    "username": "regulator",
    "password": "Regulator123",
    "is_regulator": true,
    "regulator_balance": "500000.00000003",
    "last_nft_generation": null,
    "nft_generation_count": 0
  },
  {
    "id": 2,
    "username": "admin",
    "password": "admin123",
    "is_regulator": true,
    "regulator_balance": "45684744.35841934",
    "last_nft_generation": null,
    "nft_generation_count": 0
  }
]