[
  {
    "id": 1,
    "usdToUah": "40.5",
    "btcToUsd": "65000",
    "ethToUsd": "3500",
    "updatedAt": "2025-03-10T18:10:45.000Z"
  },
  {
    "id": 2,
    "usdToUah": "40.5",
    "btcToUsd": "65000",
    "ethToUsd": "3500",
    "updatedAt": "2025-03-10T18:13:59.000Z"
  },
  {
    "id": 3,
    "usdToUah": "41.237005",
    "btcToUsd": "79163",
    "ethToUsd": "1936.41",
    "updatedAt": "2025-03-10T18:14:00.000Z"
  },
  {
    "id": 4,
    "usdToUah": "40.5",
    "btcToUsd": "65000",
    "ethToUsd": "3500",
    "updatedAt": "2025-03-10T18:14:27.000Z"
  }
]